candidate_id	length_nt	gc_content_rnafold	mfe	mfe_per_nt	structure_or_error
Adalimumab_HC_topk_41	1416	0.4484463276836158	-406.9	-0.28735875706214686	..(((..((((......)))).............(((((((((((((((((((.......(((.(((((((((..((....((((((.(((((((.(((.(((((((((...(((...((((((((.(((.((((....)))))))...)))))))))))...))).).))))).))).((..((((((((.(((...(((.....))).))).))))))))..))..(((((....((.(((((.(((((((((((((.......(((..((.(.((((.....(((((............)))))..((((((((((.((.((.(((.(((.......(((((....)))))...))))))...)).))))))).))))).((((((((.....))))))))..)))).).))..))).......)))))))..))))))...))))).))....)))))..........))))))).))))))...)).))))))))).)))(((((....)))))(((((((((((..(((...)))..)).....((((((.(((...((((.((((((((...(((((((((.(((((((((......(((((((((((.((((......((((.(..(((((......((((...((((........))))....((((.(((((((.....(((((.(((((((((((((((((((...((((.......((((((((......)))).))))..)))))))))).(((......))).(((((((((((...((((((............)))))).((((...))))...........))))))))))).......((((........))))(((....)))))))................)))))..)))).))).))....))))))).))))))))......)))))..).))))..(((((((((....)))))))))(((((((((((.(((...))))))))))))))..)))))))))))................(((......)))...))))...((.((((((......)))))).))....)))).))))).)))))....))))...))))...))))))))((((((......((((........))))))))))..(((((((....((((((...))))))))))))).))).)))))))))))))))((((((((....((((.......(((((..........)))))((((((....))))))...........))))...)))))))).......)).)))))))))))))))))(((........)))(((((((((.....)))))))))....................))).((((((....)))))).. (-406.90)
Adalimumab_HC_topk_108	1416	0.4519774011299435	-400.2	-0.2826271186440678	....((((..(((((((.(((((......(..((((((((((.(((((....((((((.(((....))).)))))))))))...))))))))))..).......))))).))))))).((((((((...(((..(((((...................)))))))))))))))).(((..((((.(((......))).))))..)))((((((.......((....))((((.....)))).)))))).(((.((((((((......)))..))))).)))........((((((((((((....))).))))))))).))))..((.(((((..((.((((((..((((((((((.(((..(((((.((((...((((((.(((..(((.....(((((..(((...))).((((.((((((...(((((..((...(((((..(((((.....((.(((((.(((((((.....((((.((((.((((....)))).)))).))))......))))))).......))))).)))))))...((((((((.(.(((((((((.....)))))))).).)))).)))))......(((......)))((..(((((.(((.((((((.((((((.((((((...........)))))).((((......))))........((((((((..(((((..(((....(((((......))))).....)))..)).))).(((((((...(.((((.(((.((.(((...))).))....))).)))))...)))))))....(((.((.......)).)))....))))))))..)))..))).))))))))).))))).))(((((((....)).))))))))))...))..))))).....))))))))))..((..(((...((((...))))....)))..))....(((((...(((((((((........)))))))))...)))))...)))))..)))))))))))))))).))))).........((((((.(.(((((((((((((.(((((((.......(((..((((...............))))...)))..((((((..(((......))).....(((((((((((((.(((.........))).)).)))))...)).))))(((((((......))))))).........((.((((((...(((..(((...............)))..))))))))).))(((((...)))))...))))))..((((..((.((((........)))).)).))))(((...))).)))))))..))))))..)))))))).))))))....)))))))))))))...))))))))......((.......))))))).))... (-400.20)
Adalimumab_HC_topk_87	1416	0.4533898305084746	-404.1	-0.28538135593220343	..((((((((......................))))))))((((......(((((..(((.(((..(((((((((((.((.(((((.(((((((.((((((...((((((((.((.(((.((((((.(.(.(((((.............((((((..((((...)))).....))))))(((.((((((((...((((....)))).(((((((((..((((........))))...)))).(((((((((....(((((........((.......)).((((.((((....)))))))).)))))....)))...)))))).)))))......(((((((...)))))))....(((((((((.((......)).)))))))))...))))))))))).)))))).)))))))))).)).))))))))........((..((((((......))))))..)).........((((((((.(((((((..((((((((..((...(((((..((......))..))))).)).))).)))))....(((((((((((((.((((((.((((((..((((((........)))).))....)))).))...........))))))))))))))...))))).))))))).))...))))))..........(((((.(((..............))).)))))((((((((......)))).)))).....((((((......)))))).)))..)))..))))).))))))).))..(((((((((.....)))))))))((((....))))......(((((((((((((.(((((((((((((.((((........(((.(((((.(((.(((((.....((((((...(((.((.........)).))).))))))))))).)))))))).)))......)))).))).))..........)))))......)))))))))))))))).)))).))))))).....))))))..))))).((((.....(((((((((((((((....(((((......(((((((((((((((((..((((...(((((..((((((((((((((((...))))).....))))(((......)))..).)))))).......(((((((((.((((.......)))).......((.(((((.(((((....))))).)))))))......))))).)))).............((((..((((((((..(((((.......((((.....)))).....))))).)))...)))))....)))).)))))...))))...)))))))))).)))).)))......).)))).))).))))).)))))))..((((....))))......)))))))).. (-404.10)
Adalimumab_HC_topk_286	1416	0.4569209039548023	-401.6	-0.28361581920903955	......((((((....)).)))).........((.((((((((((....(((((((....).)))))).....)))))))))).)).(((((..((((.......((((..((((.((......((((((.((((((.(((...)))...)))).)).))).))).....)).))))..))))(((.....)))........((((((..((((((....((((..((((((((............((((((((((((((((((((((.....((((.(((((((.((((..(((((.(((....)))..))))).......((((((.(((...((((((.....)))))).................))).)))))).....)))))))))))))))..(((((.((((((..((((..((((((.....(((((((((((.((((......))))))))))))........))).....)))))).))))..)))...))))))))......(((.....))).)))))))))).))...))))))))))((((((......))))))))))))))....)))).....))))))..))))))(((((...((((((.((((...((((((........)))))).((..((((..(((.(((......)))..)))..))))...)).(((((.........))))))))))))))))))))..(((((((((...((((......)))).((((((..(((.(((...((((((..((((((..((.(((((((((((((....)))))..)))))))).))............((((.(((..(((((.(((((........))))).))))).......))).))))...(((.((((((.((..(.(((((((...(((.((..((((...(((..((((.(((.((((........)))).)))...))))))).(((((((.(((((..((......))..)))))))))))).................)))).)))))..)))))))).)).)))))).)))..))))))...))))))....))))))..)))))).....((((......))))......)))))))))...((((.......((((((((((((((((((((.(((...((((....))))))).)))))....)).))))))..(((....))).))))))).........))))))))..)))))..(.((((((((....((((.....(((((((.......((((..((((((....((...(((((((((((((((....)))))))))..))))))....))...))))))))))........))))))).....))))..)))))))).)... (-401.60)
Adalimumab_HC_topk_197	1416	0.4576271186440678	-389.9	-0.27535310734463275	...(((................(((.((((((((((((((.............((((((((.(((((....((((((.....((((((((((((..((((.....)))))))))))........)))))...))))))..)))))...))))))))...((((..(.(((((((((((((((((((((...(((((.((.((((((((((((.((........)).))))))..........((..(((..(((((.((((((((.(((.....)))((((((.................))))))...(((((...((((((.((((...((((....))))....)))).)))))).))))))))))))).)))))..)))..))((((.(((((.((((((..((((((((...((.......))...))))))))..)).((((........)))).............((((((((.(((((((((.(((......)))...((((....(((......))))))).(((.......)))..(((((.((((((..((....((.((((((..((((..((((((((.....))).))...))).))))..))))))))..)).)))))).)))))..))))))))).))))))))..(((......)))..................((.(((......)))))........)))).))))).))))((((......))))....)))))))).)))))...))))((((((((((((((......(((((.(((((((((..............((((((((((((((((.((((((.(((.(((.((.((((((....)))))).)).))).....))).)))......))).)))))).)))...)))))))..((((.....))))............))))))))).)))))...))))))....))))))))..)).)))...)))))))).)))))..)))).....)))))))))).)))).))).((((((....((((((.((((((((.(((((....((((..((((((..((..(((.....))).))((((.....)))).........(((((.(((((...((.(((((..........)))))))..))).)).)))))...(((..................))).(((((((((((......(((.(((((.........((((.((.......)).))))...........))))))))...))).)))))))).........)))))).)))).))))).))).))))).))))))....((.((((((........)))))).)).............(((......))).....)))))).)))... (-389.90)
Adalimumab_HC_topk_166	1416	0.4569209039548023	-398.0	-0.2810734463276836	.(((......))).....((((..(((((((.......((((((((((((....((((((((((((((((.....((((((.((((.(((((((.((...((((..((......))..))))..)).)).))))).))))))))))..(((.((....)))))(((.(((((((.....))).))))))).)))))))((((.((((((((((............)))))))...........))).))))....(((((((((((........(((((.(((..((........)).))).)))))))))))...)))))..))))))))).(((...(((((....)))))...))).......((((((((.((((..((((.(((((.(((((((((((((..((..((....((((((((((((....((((((((...........))))))))..................((((((.(((.....)))))))))..((((((.(...(((((((((((((((....((((.(((..(((((....)))))))).)))).))))))(((((((.(......).)))).)))........(((((....)))))..((((((..(((((...........)))))..))))))...(((((((....)).)))))...........))))))).))..).))))))....(((...)))....)))))......)))))))))..))..)))))))))....)))))))))..))))))))....((((((((.(((((((..(((((((..((((.((....)))))).....((((...((((......((.(((((((..(((.(((........((.((((((.........(((((..((((.((((.......)))))))))))))......)))))).)))))))).)))))))))))))...))))((((((....))))))((.(((...))).))))))))).))))))))))...)))))....((.....)).......(((((((((...((((((......)))))).(((((.(((((((..((((((((.....((((.(((...........))).))))...((((.......))))))))).)))..)))))))....((((((...))))))......)))))...)))))))))......((((((.....(((((.....(((((...((.(((((((...))))).)).))..)))))......)))))....)))))))))))))).....))))))))))))(((((.......)))))...((((((((........))))))))........)))))))..................)))).. (-398.00)
Adalimumab_HC_topk_36	1416	0.4555084745762712	-428.6	-0.30268361581920905	.(((......)))..............((((((....((((((((.((((.(((((....(((((...)))))((((...(((((((((.(((...(((((.((((.....((((..((((((((...(((.(((((((((((...((((((((....(((((.((..(((((((....(((((........)))))(((((((..........))))))))))))))((((((......((((.(((.(((((.....))))).))).)))).(((((.....(((((................(((((((.((((.(((((((((((.(((((((((((.....))))).....))))))...))))).....(((((.(((((......((((((....(((((((((....)))))).)))..))))))...))))).)))))(((........))).....)))))).)))).))))))))))))..((((..((.(((((((((((..((((......))))..))))).....)))))).))..))))(((((....((..((((((.........))))))..)))))))......)))))((((((.((((.((((.(((((((.((((...((((........))))..)))).)))...(((((((((....((.((.((((((.........(((((((...((((((((.....((((.((...)).))))........))))))))......((((..........))))((.(((((((((.((((((..(......)..)))))).))))))))).)).))).))))((((...((((((.((...((((.(((....))))))).....)).)))))).......))))......)))))).))))....)))..)))))).....))))..)))).)))).))))))...........(((((.((((((((....((((((((...))))))))....))))))))..))))).........))))))......)).))).))....)).)))))))))))))))))...)))....)))))))).))))....)))))))))...))))))))).)))...)))).(((((((((...(((......))).....)))))))))((((((((((.((.(((......))).)).))))))))))...((....))..(((((((....((((....((((.(((.........))).))))....))))...))))))).....)))))..)))).))))))))((..(((((((...((((...(((((..(((...((.....)))))..)))))....)))).............)))))))..)).)))))) (-428.60)
Adalimumab_HC_topk_90	1416	0.4597457627118644	-399.6	-0.28220338983050847	...(((((((((....(((((((...(((((((....((..(((((..((((((((((..(((..((((((((((((....((((((((((..(((((...)))))..))))...(((((((..((.(((((...((((((((..........)))).)))).)))))..))..))))..)))(((.....))))))))))))))))...........(((((.(((((.((.(((((((.(((((((((((.((((((...((....)).)))))).)))..((((.......(((((.........)))))..((((((.....))))))...(((((((.((...((((((....)).))))...)).)))))))....((((((((..((((((((((((((.....(((((.(((((.((((((((((((.((((..((((.(......).))))..))))......((((((..(((((.((((((((((.....((((((..((.(((((....)))))..(..((((...(((....))).....))))..)))..))))))((((....))))....)))))))))))))))....)))))).......((((.(((((.(((((.((((...))))..)))))))))).)))).....((((((...((((...))))...)))))).......))))))......))))))...)))).)..)))))..(((........))).....))))))))))))))...))))))))(((((((((.(.((((..................(((((((....)).))))))))).).)))))).)))..))))((((.((.(((.....))))).)))).((((......))))))))))))))))))))).))))).))))).((((((.........((((..(((.((.(((((((((........)))))))))..)).)))..))))))))))..))))))))...))))))))))..))))).....)).....)))))))........((((((.((.....))......(((((.((...((((..........)))).)).))))).(((((((((((((.((((((..................(((((...))))))))))).))))((((...))))..(((....)))......)))))))))(((((((.(((..(((..........((((...((((.(((.........))).)))).)))).........)))...))).)))))))........))).))).....))))))))))))))..)).(((((((((.....)))))))))........................((((((....)))))).. (-399.60)
Adalimumab_HC_topk_99	1416	0.4590395480225989	-405.5	-0.2863700564971751	.(((((............(((((...(((......(((((((((((((((((.(....)))))).)))...((((((.....(((((((.(((((.(((((((((((..(((((((((.....))).).))))).))))))).((((((((((((((((((...((((((((((...((((....(((((.((((((((((.(((((........)))))((((((..((((.....)))).....))))))...((((.(((.....)))))))(((.((((..((((((....((..(((((((((...(.((((..((((.(((((((((((..............(((((.(((((...))))).))))).((.(((............))).))(((((...))))).....))))))))))).......((((.(((...((.....))...))).)))).))))..)))).)...))))))))).))....)))))))))).)))...........)))))).)))).)).)))...)))).)))))).))))..((((((((((.((((.(((((.((.(((.(((((((..((..((((((((.............(((((.((.(.((((((...........))))))))))))))......................(((((((................)))))))))))))..))..))..).))))))))).....(((((.(..((((......)).)).).)))))(((...)))....(((((((((....)))))...)))).........)).))))))))).))))))))))...))))))))))))).((((((((...........((((..((((..((((.(.(.((..((((((...((((((...)))....)))..)))))).)).)).))))..))))..))))...(((((((..((((....)).)))))))))......))))).))).(((...........))).)))))..)))).)))))))).))))))))))..)))))))))......)))...)))))..........)))))...(((((.(((((....((((((.((..((..(((((.........((((.((((((...((((......))))..(((.(((.(......).))).)))((.((((((((((.....(((((((...................))))))))))))))))).))(((((...))))).....))))))..)))))))))))..)).))))))...((((((((....))))))))....(((((((.....)))))))..................))))).)))))((((((...)))))) (-405.50)
Adalimumab_HC_topk_293	1416	0.4576271186440678	-407.2	-0.28757062146892653	...((((.(((.........((((..((......((((((((((.(((...(((..(((.(((((...))))))))..)))..))).))))))))))....(((((((.(..(((.((((((((((.(((..((.....))..)))))))))).....))).)))))))))))((((((((((((......)))))))).))))(.((((((.((((.(((..((....))..)))))))...)))))).)))..))))(((.......(((((..(((.((((((.((....)))))))).)))..)))))....)))((((.((.((((((..(((.....((.((((.(..((((((((....(((((.((((.(((..(((((.(....).)))))...)))...)))))))))..(((...((((((((....((((...(((((........))).......))...))))....))))))))...)))(((((((((....((......)).....)))))))))((.((((((((((((..((((.(((((((((((..((((((...(((((.....((((...))))(((.(((.((((((((.....(((((((.(.(((((.........(((((((....)))))))...((........))..((((...))))..........))))).).)))))))....))))).))))))..))).((..(((...(((((((.(((((((((...))))(((.....))))))))..)))))))...)))..))((((.((((((..(((....(((..........)))...)))..)))...))).)))).(((((((((((....((....(((...(((...(((...(((((..((((.((((.......))))))))))))))))...)))...)))....)))))))..))))))....)))))...))))))..)).))))))...))).))))))).))))))))))).......(((((((.(.((((((..((((((((((.((......(((((((.(((((((((((.((((((...((((.(((...))))))).....))))))...))).))))))))...........((((((((.(((...))).))))))))..(((((((((((((.....(((....)))....))))......)))).)))))............................(((((........)))))....)))))))...((......)).((((....)))).)).)))))..........)))))..)))))).).)).))))))))))))).).)))).)).....)))...))))))..))))))))).))))... (-407.20)
Adalimumab_HC_topk_180	1416	0.4604519774011299	-418.1	-0.29526836158192094	.((((...(((..((((..(((((.((((.....(((((.(((((((((...))))))))).))))).(((.((.(((..(((..(((...(((.((((.(((((((((((.(((............)))))).)))))))).))))...))).....)))))).))).)).)))(.(((....))).)..)))).))))).))))((((((((((((((((.(((((((.....(((((((..((((.(((((((((((((((((....(((((...(((((((((((........)))))(((.....(((((.(.(((((((((((((....((((((.....))))))......)))))..(((((((.(((.((((.....))))...))))))))))(((((........)))))(((.((......)).)))((((...))))........((((...(((((((..........)))))))..))))))))))))).)))))....))).......(((((((((.((((((((.....((((.....((((((........)).)))).....))))..))))))..)).).))))))))......((((...(((.(((......((((..((((.........)))))))).................((((((.......(((.(((......)))))).....))))))))).)))....))))...(((........)))....))))))....(((((...))))))))))..))))))))))))....(((..........)))))))).))).)..)))))))...)))).)))...))))))))))))))))))).))))((.((((.(((.(.(((((((((((((..(((((((.(((.(((((((((((...(((...(((((((((((((((((((((((((...((((.......))))....)))....)))))))))).))....))))))...))))....)))....)))))...))))))...(((((((((.(((...((((((........))))))..)))..(((((..(....)..)))))(((((((...((((.(.....).)))).))))))).......((((((((.((...)).)))))))))))))))))...))).)).)))))..)))))))))..(((((((..((((((..((((................))))..))))))))))))).(((((((.(((((..........))))).)))))))((((..((((..........))))..)))).((((((((........)))))))).((((...............)))).....)))).)))).))))))..... (-418.10)
Adalimumab_HC_topk_1	1416	0.4604519774011299	-406.3	-0.2869350282485876	..((..((((....))))..))..((((((............((((((.((((((((((((((..((((((...((((((((((((((((.((((.(......).)))).).((.(((((...))))).))..))))))))))).))))...))....)))).))))))))((((((...((.((((((((...(((((((((((((........)))))(((((.((((((..(((..((((((.....))))))..)))..)))))).)))))(((((...((((.(((....))).((((...(((((((..(((((....(((((.((((((....)))))).))).))..)))))..))))))).)))).)))).....))))).....(((((.((((.(((((((((.....((((.((......((((((.(((((.((((...((((((((((...((........))...))))))))))..))))....))))).))))))...))))))....((((((..((...((((...((((.(((((((((((..((((.(((((((....)))...)))).)))).((((......)))).................)))).))))))).)))))))))).))))))........(((((..(((......)))..)))))........))))))))).(((......)))..(((......).))((((((.......))))))..))))))))))))))))).))))))))..))))))))(((((((((..((((((((..........((((((((((......))))....)).)))).((((((...............))))))...(((....)))..........(((((.((((((.........))))))..)))))..........))))).)))(((.(((((((((......)))))))).).))).((((((((((((...)))))).)))))).....)))))))))....)))))).)))))).((((((...(((((..(((((((((.((((.(((((...(((((((((.......(((((((((((((((((((.(((((((((......((((..((((............(((((((((.....)))))))))............)))).))))....))).).))))).)).))))))........................((((...)))).......)))).)))))))))))))))).......))))).))))......)))))))))..)).)))...)))))).(((((((......))))))).((((((.(((((.(((.........))).)))))))..))))..)))))). (-406.30)
Adalimumab_HC_topk_157	1416	0.4604519774011299	-392.4	-0.27711864406779657	..(((..((((((((((................(((((.(((((.((..(((((.(((((((((((((.....((((((((((((((....)))......(((((((..((.((((((.....))).)))..))..))))))).)))))))))))...((((....(((((((.(.....).)))))))...((((((((((((((.((((........)))).(((((((.............((((..(((((((.((........)).)))))))(((..(((((((......))))))).)))....((((((((....((((((((.....(((((.....)))))((..((((.....))))..))...(((((((((.........)))))...))))......((((((..((.(((.(((......(((((.............))))))))..)))..))..)))).)).....(((((...)))))))))))))..((((((..(((.....)))...))))))...((......))((..((((.....))))..))(((((........)))))))))))))...(((((((((...((((((((.....(((.(.((..((((..((.((.(((((((..(((.((.....((((((.....))))))......)))))........(((((((((((.....(((((..((..(((....))).))..)).))).)))))))))))..((((......))))..))))))).))..)).....))))..)).).))).....)))))))))))))))))..))))..)))))))......((((((.((((((.(((.(((((.........(((((((((((.((..((((.(.(((.((((((...........)))))).......(((((...((...((((((.....(((.(((...))))))...)))))).(((((((.....))))))).......(((((((.......((((...)))).........)))))))((((...((((......)))).))))...))..)))))...))).)..))))....))...))))))))))).....((((((((....(((((((......)))))))....(((((....))))).)))))))).(((....)))(((((.((.(........).))))))))))))))).))))))))).)))..))))))))).)))))(((.(((.......))))))..)))).)))).))))))))..).))))).)).)))))))))).(((.(((((((((......)))))))))...)))...................))))..))))))..)))........ (-392.40)
Adalimumab_HC_topk_145	1416	0.4597457627118644	-392.0	-0.2768361581920904	.(((......)))((((((((...........((((((..................(((....)))(((((((((((((((.(((((..(((.(((...)))))).)))))...))).))).)))))))))(((((((((((((.....(((((.(........))))))((((((((.((...((((..((((((((((((((((((......))))))...))))))).........(((((.......))))).((((((((......((((..((((((..((........))...))))))..)))).((.(((((.((((((.((((((....)))).)).))))))))))).))((((((((((...((((.((.............)))))).(((.((.(((....))).))))).))))))))))..((((..((((((((((...((((..(((((......((((((((...((((((((((.(((((((((((((.((((..(((.....(((((((((........))))..))))).)))..))))..))))))))).))))...........)))))))))).(.((((.(((.....))))))).)((((((......(((.........((((((((.((.............)).))).)))))......))).....))))))))))))))..))))).))))...))).)))).)))...))))..)))))))).....)))))...)))).....)).))))))))........(((((...............))))).((((...(((((((.((.....)))))))))...)))).(((((((....)))))))))))..)))))))))..(((((((((..(((((((.(((((.(((.(((.....((..(((((.((((((.(((((.........(((((......)))))(((((((.(((((((((((((.....))))))).......(((((((................(((......)))))))))).......)))))))))).))).((...))...(((((((......(((((...))))).....)))))))))))).)))....)))..((((((........))))))...))))).))....)))))).))))))).)))))..)))))))))))))))...((((......((((.((((....((((.....(((((((((...)))).)).))).....)))).)))).)))).......))))))))))))(..((.(((((((((((...((((((((.(((...((((((...(((...)))))))))....))))).)))))).))))).)))..)))))..)... (-392.00)
Adalimumab_HC_topk_232	1416	0.4611581920903955	-397.9	-0.28100282485875705	........(((.(((((.(((((..(((((.........(((((((((((......))))))))))).........)))))..)))))(((((((..(((......)))..)))))))((.......))((((((...((((((....((((((.....((..((((.((((((((((.((((((((..............)))))))).))).....(((....((((......)))).....)))..(((((.((((((.(.(((....((((((.......)))))))))).))))...)).))))).))))))).)))).))(((((((((((((((.....))))))..........)))))).))).((((((((...((.(((.(((((((...((((.(..((((...(((((...)))))...))))..)..))))(((((((((((((...(((....((......))....)))...(((((((((((((((.(..((((((((..(((.(((((.((((((.........((((.((..((((((..(((((((..((((((.........))))))..))......(((((..((.((((.........((((((.(((...(((.(((((.......))))).)))...)))(((((.....)))))....((..(((((........)))))..)).......))))))....(.((((((..........))))))).....(((........)))........(((((...(((.(....))))...)))))))))))..)))))....)))))....))))))..))))))((((..((((((......))))))..))))....((((((((((..((((..((((.(.(((((....((((...((.......))...))))...))))).....).))))..))))..)))).))))))(((((.((((.(((.....))))))).)))))))))))..)))))..)))......(((((((((..(((.((((((((..(((......(((........))).....))).(((.....))).))))))))...))).)))))))))(((......))).....))))))))..)))))))))(((((((.......)))))))((((......)))).....))))))).))))))))...))))).............................)))))))))).))...))).)))))........................)))))).)))))).))))))..((((((..(((((....(((......))))))))..))))))....................))))).))).((((((...)))))) (-397.90)
Adalimumab_HC_topk_30	1416	0.4611581920903955	-414.2	-0.2925141242937853	((((.(((((......))))))))).........(((((..(((((((..(((..(((((.(((........))).)))))..)))((((((((((((((((((((((.(((......)))..))))).)))))).)))))))).)))..((((((((((.(((((.((..((((((..((((((((((...((((((((((((((((((.......((((.....)))).......((((...(((((((((.((((((.(((((((((.((((((.((.(((((......(((((((((.(((((...(((......)))....)))))))).)))))).))))))).))))))))))...........)))))..)))))).))))..))))))))).)))))))).....))).))))))).))))).......)))))((((((..((((((.(((((...((((...))))..)))))))))))...(((((((.((..(((((((((...((((((((((.(..(((.(..(((((((((((......(((((((((....((((....((..((..(((((..((((.(((.((((((((.......))))).((((((.(((....((((((.............))))))..(((((((....)).)))))..(((((.(((...(((.(((..(((.(((......)))..)))...(((....)))((((...((((((((((.(((((...((((....))))..)))))))))..)).)))).))))...........(((..(((((.((.((((((((.(((..((((((.........)).).))).))))))......))))))))))))..)))..))))))...))).)))))(((((.......)))))...((.........))))).))))))(((((((.((((........)))).))).))))..)))...))).))))))))).))..))...(((((((.(((..(((((...(((...)))...)))))((((((.(((.(((((((......))))....))).)))))......))))(((...))).))).))))))).......(((((.(.(((.((..........)).)))))))))...))))...)))))))))...)))).))))))).).)))..).))))))))))((.....))........)))))))))....))...))))))).......))))))...........(((((........)))))..........(((((.((((.(((((....))))).))))))))))))))).))))).)))))))))))).....))))))).)))))(((........)))... (-414.20)
Adalimumab_HC_topk_64	1416	0.4611581920903955	-389.3	-0.27492937853107347	..((..((((......)))))).(((((((.......((((((...((((((..((((.((((((...))))))(((.(((((((((((((((..(((.((((.(((((.(.....).))))).)))).))))))))))...)))))))).)))...((((.(((((.((((...(((..(((((((((((((..(..(.((((((.....((...((((((...(((.(......).)))((((.....)))).((((((((((.(((((((.(..((((((...((((...(((((..((((...........((.((((((((.((((((((....(((((....)))))...(((((.(((....(((.((((.((...............)).)))))))....)))))))))))))))).(((((.(((...(..((...............))..)))))))))....)).)))))))))))).)))))...)))).))))))..)..(((((((...(((((((..((((.(.((....((((..(.(((((((((.....)))))))).).)..))))..)).).))))...))))))).....)))))))......)))))))))))))))))....((((.....((((....(((((..(((......)))..)))))...))))...))))..(((((......)))))..))))))....)).....)))))).)..)....)))))))..(((((((((((((..((((((.((((......))))...))))))..((((.....((((....(((((((..........)))))))..)))))))).((((((((.((.............................)).))))))))......))))))).....(((.......)))......)))))).((((....))))........))))))..))))))).))))).)))).))))..))))))..))...)))).....(((((.(((((........)))))((((.(((.((((..........((((((..((((...(((((.....(((((((................(((......)))....(((((((........))))))).(((((.....))))).)))).)))......))))).))))(((.(((((((((((....(((...)))((((((.(((((........((((.......))))..))))).)))))).))))).))))))...))).....))))))))))))).)))).(((((((...((((...((.....))....))))...)))))))........)))))..........((((...))))..))))))). (-389.30)
Adalimumab_HC_topk_118	1416	0.4625706214689266	-398.9	-0.28170903954802257	.........(((((....(((((((...((((((((((.((((.((((((..(((((.((((((((((.....(((((...(((.(((((((((((((.((((..((((.((((....((((((((((((..(((...)))..))))..))))))))(((....(((..(((.(((((.((((((...(((((((((((...(((((..((((......((.(((((((((((......((..(((...(((.((((((............)))))).)))...)))..))...((..(((.(((((((.........))))))).))).))......))))))))))).))....)).))..)))))........))))))))))).......))))))((((..((((((((..(((.......)))..))))))))..))))..))))).)))..)))..)))................)))).).))))))).))))))))))))).)))..)))))..((((((((...((((..((((((........))))))..))))))))))))....((((....(((((((........)))))))..))))..))))))))..((((.....((((((.((.......)).))))))..))))((((((...)))))).......................)).))))).)))))))))).)))))..(((((((((((..(((((.((...(((..((((((((....)))...)))))))).)).))))).)))))))(((((((.((......((..((((....(((((((((..(((((((.(.((((.((...((((((.(....))))))).....)).))))..).))))...)))...)))).)))))))))..)).....(((.......))))).))))))).....................(((((((((((..(((((.((((...((((....)))).))))(((((........(((((((((((.((.....(((...))))))))))........((((.(((((...))))).)))).((((.(((...))))))).)))))))))))(((.....))).(((.(((.(((..(((((((((((...)))..))))))))(((((......)))))(((......))).....)))))))))....))))).))))).)))))).(((((((........)))))))..(((((.((.(.((((.(((.(((((............))))).)))..)))).).)).).)))).......((((((((........))))))))....)))))))))......)))))))..))))).(((((....))))).. (-398.90)
Adalimumab_HC_topk_59	1416	0.4632768361581921	-407.2	-0.28757062146892653	((((((..(((......)))((((((((((((((...........(((((.(........).)))))...........))))))))))).)))...(((.(((((((..(((...(((((...))))).)))...))))))).)))............))))))(((.((((.(((((((((((.......))))))(((..((((.((.((.((.(((.(((....(((((((((..(((.(((((..(((.((((.(((((.....))))))))).)))....(((...((((((((((((((.(((((.....)))))))).((..((.(..((((...((((((.(((((....((((((((((((((...((((..(((...((((((.((((..(((((.((((............((((......))))))))))))).(((......)))((..((.(((((((((((((...((((((((((((((((.(((((((.(((((....(((((.((.((.......)).)).))))).)))))))))))).))).......((((((..........))))))((.(..(((((................)))))..)))))))))...((((((((.......))))))))(((((......))))).(((.....)))..................((((.(((((((((...))))...)))))))))....(((....))).)))))).)...))))).....)))))))).))..))...((((((..((((......))))..)))))).)))).))))))...))))))).))))...(((((((((.((((((.......)))))).))).....(((........))).))))))))))))))))..)))))))))))...)).))..)))..)).......(((((....)))))))))))).))))....)))...((((((((...))))))))((((.((((((((((.(....((((..((((((......)))...))).)))).((((((........)))))).((((..((((..(((..(((...))).)))....))))))))(((((((.(.(.(((((.(((..........)))..))))))).)))))))...((((....))))...........(((((.....((((((.((.((((.....(((................))).....))))))))))))))))).).)))))))).)).)))).......(((.((........)).)))))))).))).)))))))))....)))))).))))..)).)))))))...................))))).)))).)))........... (-407.20)
Adalimumab_HC_topk_116	1416	0.4639830508474576	-394.2	-0.27838983050847455	.......................((((((..(((((((...((....(((((.....(((((((.((((((..(((......))).(((((..(((((....((((..((((((.(((...((((.((((.(((.....))).)))).))))...))).))))))..)))).....))))))))))(((((((((((.(((.((((.((((.(((.((((((..(((((((((...)))))(((((...))))).....(((((.............))))).((((.(((((.(((((((....))))).)).))))).))))((((.........)))).......((((((...((.....))...))))))((((...((((((.(((.(((((((..((..(.((((((.(((......)))....)))))).)..))..((.(((((((..((((((((((((....((((((((((((((((((((..((((((((...))))))...(((......)))(((((((.(...(((((....))))).).)))))))((((...(((((..(((.....((((.((.........)).))))....)))..)))))....))))))..))))))))))....(((((((((..(((((......)))))...(((((((...................)))))))......((((.............)))).........(((((.....)))))...((......))...(((((((....((((......)))).))))))).)))))))))(((((...(((((((.(((...))))))))))...)))))(((((((((((.((...((((..(((....).))..))))...)).)))))))))))..))))))...........))))......)))).))))))))....(((((((..((((((((.(((........))).)))))......)))..)))))))))))))).))......(((.(((((......))))).))).))))))).))).((........))))))))....))))......))))..).)))))..)))))))))).).)))..(((.....))).......((((((.(..........)))))))...)))))))))))....)).)))).)))))))..)))))......)).......)))))))............(((.....)))...(((((((.((((......((((((.......((.(((..(((((....((...(((((((((((((((...)))).))))))..)))))....)).....)))))..))))).....)))))).....))))))))))).)))))). (-394.20)
Adalimumab_HC_topk_241	1416	0.4646892655367232	-411.8	-0.29081920903954805	.((((....(((...((((.(((((((((.......(((((.((((((((..(((((.....)))))...........)))))))).)))))....(((((((.(((((.........))))).)))))))..(((((((.......)))))))...((((...)))).(((.((.....)).))))))))))))..))))..)))....))))(((((((((.......((((.((((..(((((((((((((((....((((((......)))).))..))))....))))...)))))))..))))))))....((((((((((.((.................)).))))..(((((..........((..((((((.((..(((((...(((((((((((((....))).(((......)))..........((((.(......).))))))))))))))...((((((((...((((((((((((((((......)))))))..(.((((......)))))(((((((..........((..(((((((((((......)).)))))))))..))((((.((((.(((((((((.(..((((..(((((.......(((.(((((((..(((.((.(((....).)).)).)))..))).)))).)))....)))))))))..).)).)))))))....)))).......((((........((.(((.(((..(((((...((((.....))))..((((((.((.(((((((((((((((...)))))....(((((....)))))....(((((.((....)))))))...)).))))))))..)).)))))).(((((((((..((((.(((..(((....).))..)))...))))))))))))))))))...)))))).)).....))))...((.((((((((.(((((((....(((((.....((((((((((((((..(((((.....(((....)))...)))))...))))))........((((((((.....(((((.....))))).((((......)))).............)))).)))).))).)))))))))))))))..))..))).)))))))..))))((((((((..((((......))))....))))))))..)))))))..)))))))))...(((.(((((((.(((..(((.(((((..(((((..(((..((...............))..))).))))).)))))..)))..))).))))))))))........((((..((((.((....)).))))..))))..)))))))).))))).)).))))))..))..)))))......))))))................))))))))). (-411.80)
Adalimumab_HC_topk_195	1416	0.4646892655367232	-415.3	-0.2932909604519774	..(((.(((....((((.....((((.(.((((((..(...(((((((((.((((((((((((((.((((((.((.((((....((((((..(((((((((((..(.((.(((((((.((((((.((.((.(((((...(((((((((..(((((((....))).)))))))))))))))))).)).)).)))).....(((((....)))))....(((((...(((.((((((.....)))))).)))...)))))((((((.......((((....))))..((((..............))))..(((((((............(((.(((((.((.((((.(((((.((((.(((((....(((((((((((((((..(((.((((.....)))))))))))....(((((((........((((((.(((((((.((((..(.....)..)))).))))))))).)))).....(((((((((((..((......))..)))))(((...))).....))))))..)))))))........((((...((((((((.......)))))).))....))))..)))))))).)))....)))))........)))).))))))))).))))))))))))))))).(((((...(((..(((((((((((((.(.((.((((..((((......(((....)))........((((.........))))(((......))).................((((.....((((((((((((((((.((((((((..(((((((..((....(((((.((((((..(.((((((((........))))))))).)))))).))).)).((..(((.....)))..))..((((.((((..((((((((.(((((...))))).)))).)))).....)))).))))..))..)))))))...........)))))))).)))))))....))))))))).....))))...))))...)))).)).).))))))))).)))))))...))))).))))))(((((((.((.....))..........((((..(((....)))...).)))..(((((....))))).(((((((((((((.((.((((.......)))).))))))).....)))))))).)))))))....))))))))).)).).)))))))))))......(((.....)))...............)).)))))))).)))))))))))).))))))...............))))))))..)))))...)..))))))).)))))))).......((((.(((........))).))))...................(((((....)))))..))).)))........ (-415.30)
Adalimumab_HC_topk_135	1416	0.4646892655367232	-397.8	-0.2809322033898305	.......(((((....)))))......((((((((....((((.(((.................))).)))).....))))))))(((((((((((.(((((((((((.(((((((((((((((((.(((((...(((.((.......)).).))...)))...))))))))))..))))))))).(((....)))....((((((.((((((.(((((.((....(((((..((((((..........))))))...(((((....((((((((..(((.....((......(((...(((((((....))))))).)))...((((((((...(((((((.((..(((((.(((((((...))))))).))))).....((((((......)))))).(((....))).)))))))))))))))))...((((((((((...........)))))))).))......)).....)))..))))))))....))))))))))...)).))))).)).........))))))))))...(((((.(((((((((.(((......))).).))).))))))))))..((((..............)))).............))).))))))))((((.((((((((((...(((((((..((((......))))....(((...))).((((((((.((((....))..)).))))))))...........(((((......)))))(((((.....)))))..))).))))....))))))))))....))))...(((.((((((....((((((.......(((..((((..(((((((..((...((((...((((((....)))))).))))....)).((((..............(((((...(((.((((((((.......))))))))...))).)))))))))((((((..(((((((........)))))))...))))))....))))))))))))))))))))...)))))).))).....(((((((.(.((((((..(((((((...(((....(((.(((.....))).)))))).)))))))...((((((((....(((...........)))..))))))))....................((((((((....((((.(((((((...)))))))............((((((((((((((..(((.(((...(((.(((((...((((.............))))....)))))..))).))).)))))).)))))))..))))(((.((((....)))))))))))..)))))))).......)))))).).)).)))))))))).))))))........................((((((....)))))).. (-397.80)
Adalimumab_HC_topk_125	1416	0.4646892655367232	-382.5	-0.2701271186440678	........((((...(((((.......(((.(((((((..........(((((..(((((((((.(((((((((......((((...((.((((((..(((...))))))))).))...)))))))))))))((.((((((((....((((.((((.((((((((((((((.(((.((((((.(((....))))))).)).((((..(((((((.(.((((((...((((((((..((((..(((((.(((((.((((((((...((((........))))...))).....(((((((.........)))))))...))))))))))...........(((((..((((.((....))))))....)))))..((((...))))(((((((((((((((..(((((....))).)))))))))))).)))))...((((............)))).)))))..))))((((((((((..((((((......))))))..)))((((((..............((((.((..(((...)))..))..))))...))))))))))))).((((((.((..............)).))))))......((.(((((((.(((((.(((((((((..((((...........(((((.(((............))).)))))..........)))).))))))))).))......))).))))))))).......((.((((.(........)))))))..))))))))(((((((....)))))))............((((((.............))))))...)).))))).)))))))..))))))).))).)))))))).......)))))))..)))))))))))).))..........(((((.((((((.........))))))..)))))....(((((..(((..(((((...((.((((((....)))))).))....)))))..))).)))))........)))))))))...)))))..(((.((((..((.((........)).))....)))).))).)))))))))).......)))))..))))...(((((((.....(((((((....((((......((((((((......((((.....(((((.......)))))..)))).....))))))))...((((((.((.((((...)))).))....(((((.((((.....................(((..(((((((((.((.(((.(((((...))))).))).))))))..))))).)))...((((((((....((((((..........))))))))))))))......)))).))))).)))))).......))))....))).))))..)))))))... (-382.50)
Adalimumab_HC_topk_147	1416	0.4646892655367232	-390.3	-0.275635593220339	.............(((((.........................((((((..((((((((((..........((((((.((.(((((((((.(.((((......)))).).)))))((((((((((((.(((((..(((.(((...(((((((((..(.....)..))))))))).)))..)))..)))))..))))(((.((((((.....(((((.((((.....))))...)))))...(((((...)))))..((((((.......((((((..((((.((((((..(((((((((........))).))))))..(((((.((.......)).)))))..............(((((....((((((..(((.(((.......)))..)))..))))))((((((((.((((...))).).)).))))))....))))).)))))).)))).((((..(((((((((((.(((.......(((((((.(((((.....)))))...(((..(((......)))..)))..(((.(((.....))))))..(((.((((.((((.((((((.........)))))).))))((((((.(((.((.(((((..(((((((...((((((((((((....((((...(((...)))....))))......)))))(((.....))).......))))))).)))).)))..))).....)).)).)))..))))))............)))))))....)))))))...))).)))))))))))..))))(((((((.((((((((..((((((((.((((........(((.((((..((((..(((....)))..).)))..)))).)))..........)))).(((((...(((...((((..(((..(((((......).)))).))))))))))...)))))(((((((((((((((...((((.......))))....))))))....))))))))).....))))))))..)))))...))).)))))))......)))))).)))))))))))).)))...((((......))))...(((.((((...((((.(((...)))..))))....)))))))........)))))))).((((.(((...(((((((...)))))))))).))))((((.......))))..(((((((.(((...((.((((((((.((((.....((....................))))))....)))))))).))....))).....))))))).......)))).)).)))))).)))))))))).))))))......((((.(((........))).))))............................(((((...))))).)))))... (-390.30)
Adalimumab_HC_topk_137	1416	0.4646892655367232	-401.4	-0.28347457627118644	..........(((((((..(((((((.(.(((((((......(((((((((((....)).)))))...))))......))))))))))))))).((((((((....((((((.((((((((((((((((((((((((((((((..........)))).)))).))).((.(((((((((((((((((((((..(.((.((.......)))))..)))))))))....(.((((((.....)))))).)....(((((((((.((((.......))))(((....))).............(((((((....................)))))))..(((((.....((((.(.((((....)))).).)))))))))....)))))))))...((((((.(((((.((((((((((((....))))).....)))))))))))).))....(((((((((......(((....))).....)))))))))((((.(((((..(((..((((((..(((.....)))..).))))).)))))))).)))).....((((((..((((..((((.(..............((((..((((...)))))))).............).))))..))))..)))))).((((......)))).))))(((((.........)))))........))))((((.........)))).......)))))))).))....((((......))))((((((((..........)))..((((....))))((((((((.(((((((((..((((....))))..)))))))))....(((((..(((.(..(((...)))..).))))))))(((((.......))))))))))))).)))))..........))))))))...))))))))))).(((...((.........))...)))(((((((((((.............)))))))))))..))))))....))))))))))))))).(((((.....(((((((((((((...((.....))...))))....((((....((((((......)))))).)))).(((((((((((.((...((((.........((((((...((((....))))........(((((......)))))....((((((((.....(((....)))..)))))))).))))))..))))...))...)))).....((((...................)))))))))))(((((....))))).......)))))))))..)))))(((.(((((......((((((..(.(((....(((....(((((...((...((.....))...))))))))))....))).)..)))))).....))))).)))..... (-401.40)
Adalimumab_HC_topk_2	1416	0.4646892655367232	-421.6	-0.2977401129943503	...((..((((((((........)))).....(((((((((...((((((((((((((((((.(.(((((....(((((((.(.(((((..((((((.((((((((((..(((((...))))).((((.((..((((((......)))))).((((..((((((((..(((((...(((((.....((..(((((.(((((((((.(((((((.((((((.....(((((((.....)))....))))..))).))).))))))).).)))).))))((((((..((........))...))))))((((((((.(((((((..(((((((((((((..(((((....)))))....(((.((....))..))).(((.((((((.........))))))..)))..........))))))))))))).))))...(((((((.(.((((((...(((((((..........))))))).....(((((((((((((((..(((...(((((..((((......))))..)))))..))))))))((((((((.(((...........))).))))).))).......)))))))))))))))).))))))))....)))))))))))..........)))))...))...))))).)))))...)))))...)))..)))).......)).))))...))).)))))))....((((((((...((...((.(((......)))))...))))))))))(((((.(............).))))).)))).)).)))))).)))))))((((((.....(((((.((((((.(((((...(((((....((((....)))))))))..))))).)))))).(((((((((((..((((..((((.....(((.(((.(((....((((...))))..)))......))))))....))))..))))..)))).)))))))((((((.(((((.((((((((...)))))).))).....)))).)))).)).)))))..)))))).......)))))..).))).)))))))).)))))))((((.(((((.......))))).).)))....(((((....))))).....((((((.((..((((...((....)).)))))))))))).((((..((((((((.......)))).))))..))))....))))))))).......(((((..(((((((.............((((.(((((((.((((.((((((((((((.............)))))).))))))...))))..))).)))).))))...))))))).)))))(((((.(((.(((........)))...))).))))).....))))..))(((((....)))))... (-421.60)
Adalimumab_HC_topk_123	1416	0.4653954802259887	-404.8	-0.2858757062146893	..(((((((...............(((((...........(((...((((((.(((((((((((((.(((.((((.....))))....))).)))))))((((((.((......)).))))))..(((((..((((....(((.......)))....))))..))))).((((((....)).))))((((..(((..(((((((......(.(((....(((....((((((((.((((((.((((....((((....((((((((...))))))))...((((((((....(((((((........)).)))))(((((((((((((((((.((((...........((.((((((((.....(((((.....(.(((((((......))))))).)..))))))))))))))))))).)))))))).........((((((((..(((((.(((((((...(((.....)))....))))))).)))))(((((..(((((.....(((((...)))))...)))))...))))).(((.....)))((((((((((((.......((((((..((.........(((......)))...((((((.((....))))))))...(((((((.((.(((((((((((((((((((((((((((......)))))...))..))).)))))((((......)))).))))..)))))))).)).....(((....)))....))).))))))..))))))....))))))))))))...))).))))).(((((((.(((.................)))))))))).................)))))))))..))))))))((((.((((...))))...))))((((((((((((((..((.((.(((.((.(((((((.((((....((((...(((((..(((((((((...........))).))))...)).))))).))))((((((((((.....(((....)))...))))))))))..(((....))).(((((.(((..((((.(.....).)))).)))...))))).........(((.(((.((........)).)))..)))...))))))))))).)).)))..)).)).((((((((...((.(((.....))).))))))))))..))))))))..)))))).....))))...))))..)))))))))))))))))....))).).......))))))))))..)))).......)))))).(((..((..(((((.((......)).)))))..))..))))))))))))))))).((((...((((((........)))))).....))))......................))))))).............. (-404.80)
Adalimumab_HC_topk_60	1416	0.4646892655367232	-384.5	-0.2715395480225989	.(((((((..............................)))))))....(((((((((((((.(((......)))))))))..)))))))(((((.(((..((((((..((((.(((((((.((.((((.......)))).)).))).)))).)))).(((...)))))))))..))))))))(((((...(((.(((...((((((((((.........((((((((((.(.(((((((..((((.....(((((((((.((.(((.(..((((....))))..)...))).))))))))))))))).......((((....))))(((((..(((.((.....(((.((((....)))).))).....)).)))..)))))...((.(((.(((((((((((..((.((((...(((.......)))...)))).))..))..)))))..)))).))).)).(((((((.((((((...((((.((((..((((((...)))))).((((..((((......))))..))))((((..(((.((((.....)))))))..)))).((((((((((((......(((((((.........)).))))).................((((.((.((((((...((........))((((......))))........((((...)))).(((...(((((((..(((((((((((..((((.((((......((((........))))..(((...((((((.......(((((.((((...))))..))))).((((.(((((..((((.(((((...(((((((...(((((((..(....)..))))))).)))))))(..((...((((((...((((.(((((.....((((((.(((((...(((...(..(((.(((((((.....)).........))))))))..).)))...))))).))))))...)).)))))))...))))))..))..)........)))))....))))..))))).))))))))))...)))...)))).))))..((((.(((.((((......)))).........(((((((....(((((.((..((((.......))))..((((..(((.....)))..)))).........)).)))))))))))))))..))))))))))))))))).))))).))).)))))))).)))))))))).))))))..................))))))))...)))))).))).))))........((((....))))......))))))).).))...(((.((((......)))).)))))))))))((((.((.....)).)))).....))))).)))))...))))))..........))))).... (-384.50)
Adalimumab_HC_topk_214	1416	0.4653954802259887	-413.5	-0.2920197740112994	.((((.................................((((............((((((((((.............(((..(((((.(((...........))).))))))))...))))))))))((((.(((((.(((((((..((((......((((...))))(((((.......)).))).......(((((((((((((((......))))))...)))))))))..((((.......))))((.((.((((((.(((((........(((........)))))))))))))).)))).)))))))))))))))))))).)))).((((((((((((((((.(((((((((((...)))))(((((.(((.....))))))))(((((..((((((.....)))))).)))))(((..(((.(((......)))....))).))).....)))))).))..)))))))).....))))))....((..(((..(((.(((((((((..(((((........((((.((..((..((((((((((((.((((.....((..(((((((..........)))))))..)).....)))).(((........)))..))))))...))))))))..)).))))....((((((..((((((((((....)))).)))........((((((......))))))............))))))))).(((((((((((...(((((((.(((((((..((.(((...))).)).....)))))))(((((((((((.....(((..(......)..))).................))))).)))))).....)))))))...))).....))))))))...((((.(((((..((((...((((.((((.((.........)).))))..))))))))..)))))))))...............((((((...(((((.((((.(((....((((((((...))))))))....))).))))..)))))))))))..)))))..))))))))))))..))).))....((((......))))..((((((((((((......(((...((((..(((((.(((...(((......)))..))).((((...((..((((((.....))))))..))))))(((((....)))))((((....))))))))).)))).(((((.(((((((..((((......(((((..........(((((.((......))))))).........)))))))))...))))))))))))....((..(..(((....((.((((((....))))))))....)))..)..)).................)))....))))))))))))...))))...... (-413.50)
Adalimumab_HC_topk_92	1416	0.4661016949152542	-413.7	-0.29216101694915253	..(((((((........................)))))))..((((((((....((((.(((....))).))))....))))))))(((((((.(((.(..((.((((((((((((((((((((.((((...)))).)))))...)))..))))))).))))).))...(((.(.((((((.((((..(((.(((((((..(((((((((.........)))))))))...((((.....)))))))).))).))).))))..........(((((((((((....(((((((((((..(..(((((.((((.......((((((((...(.(((((..........))))))...)).))))))((((..(((......)))..))))(((.(((((.((((((.(((((((....((((...))))....))))))).)))..............))))))))..)))........)))).)))))....(((((.....)))))..(((..(((........)))..))).)..))))))).)))).((((((((.(((.......(((.(((((...........(((............)))...))))).)))........)))))))))))((((((...((((((.((((..........(((((((..............).)))))).)))).))))))....)))))).........))))))))))).........)))))).)))).).))))))))))...(((((((((((..(((((((((.((((.(((..((((((...((....))....(((((..((((....)))))))))..(((...((((((((.((((..(((..((.(((((.(((.....(((((......)))))....(((..(((.......)))..))).....(((((..((((((((((.((((........)))).)))).))))))..))))).....(((....)))((((((((((.(..(.......(((.(((((......))))).))))..))))))))))).(((.....)))..((((...)))).))))))))..))....))).))))))))))))...))).((((..((((..........))))..)))).....))))))....)))(((((.((((..((((......))))..)))))))))..(((....)))(((.........(((((....(((.((.(((...))).)).)))..)))))........)))))))..)))).)))))..((((((.(((.((((......)))).))).))))))(((((((((.((...)))))))))))......((((((....))))))...))))))))))).. (-413.70)
Adalimumab_HC_topk_299	1416	0.4661016949152542	-431.1	-0.3044491525423729	.............(((((((.................((((((.((.(((((.(((((..((....))..)))))...))))).)).))))))((((...((((((((((.((...((((.((((.((((((((((.(((.(((((((((.((((((.(((..((((....(((((......((((((.....(((..(((.....))).)))....))))))..(((.((...(((((..(((((..((....))..)).)))..).)))).)).))).....(((.((((((((...............)))))))).))).((((((((((..((((((....((((((....(((..((..(((((((.(((.((((((...)))))).))))))))))))..)))...))))))...(((((((((..((((((.((((((((((((..........((((...(((((.((((((..((((((...))))))..)))))))))))..))))..........)))))...))))))).))))))......)))))))))...(((((((((((((((........)))).)))...))))))))...)))))).))))))))))......((((((((((.....))))))..))))..)))))...))))..))))))))).((((((........)))))).....))))).))))))).)).))))).))).))))....))))..)).)).)))))))))))).((((..(((((((.((((......)))).))))))).)))).))))))).(((((.(((..(((.(((....(((.(....((((((.(((((((.((((((((.((...((((((((((((..(((((((((((((.((.(((.(((((.((...((.((((....((.......))....)))).))..)))))))...))))).)))))).((((..........)))).......)))))))))))...((((..((((((...((.....))...))))))...)))).(((((......))))).((..(((.........)))..))....(((((((......((((..(((.....)))..))))((((((((...(((((.......)))))))))))))..........(((((..(((.((.((......)).)))))..)))))..)))))))...(((.(((..(((..((((((((..(((...(.((.(((((.((...........))..))))).)).)...)))...)))))))).....)))..))))))......))))).)))...)).)))...))))).)))))))))))))....)))))))))).))).)))))... (-431.10)
Adalimumab_HC_topk_165	1416	0.4661016949152542	-392.7	-0.27733050847457624	.............((((........(((((((((..((....(((........)))(((((((((.......)))))))))..(((((((((..(((((.......((((.....(((((((((((.((..........(((((.((((((((.....(((((((.....(((((.....)))))(((((.(.((((((.((((((((((((((((((((((((((.(((.......(..((((.((((..((((((((((((((...........(((((((..(((....(((.(((((.(((................)))))))).)))..)))))))).))...((((...((((.((....))..))))))))..((((((..((....))..))))))...(((((.(((((((...(.(((.(((((...((((.((...(((......(((.((((((..((..(((.......((((((...)))))))))..))..))))....)).)))......)))...)).))))..(((((((((((((((((......))))).)))))).........((.((..(((((((......((........)).......)))))))..)).))...((((((....))))))............(((((.((....)).))))).....((((......)))).)))))))))))))))...))))))).)))))......))))))))........((((......))))...(((((((.....)))))))(((.(((............))).)))))))))))))..))))..)))).)))).)).)))))))))).((((((.(((.((..((((....)))).......((((((((.(((((...))))).)))).))))...((((((....((((.((.......(((....))).........)).))))))))))..))))).)))))).............(((.((((.........(((...))).........)))).)))(((.((((((......)))).))...)))....)))).)))).....)).)))))).).)))))......((((....))))..............((((((.....))))))..(((..(((((......))))).)))))))))))))))))).)))))..)))))))))))))......))))..)))))...)))))))))..(((((....))))).................((((...)))))).))))))))).((.((.(((.(((.(((.((((((((........)))))))).(((((................)))))))).))).))).))))))))... (-392.70)
Adalimumab_HC_topk_88	1416	0.4668079096045198	-404.8	-0.2858757062146893	..((..(((((.....(((((((((.((((.....((((((((((((.((((..(((...((((((((((..(((((.(((((((((((((((((((.(((...))))))))))))....))))...((((.....(((((((((....))).)))))).....)))).)))))).)))))..((((((...((((.(((.....))).))))...))))))......((((.......(((.(((((..(((((((.(((.(((((((.......(((((.............))))).....((((((((((((((....((((....).))))).))))))))..)))).....))))))).))).)))))))..)).))).)))..((((.(((((..(((((....))).))))))).))))....))))...))))).))))).....((..((((((.(((((((....((((((((((.((....)).))))))))))..(((..((((....))))..)))..(((.......))).)))))))..)))))).))((((((((((((.(((((........)))))))))((((.(((((.....(((.(((((((.(((((((..(((.((.((.......)).)).)))..)))).))).)))....(((.(((...................))).)))........)))).)))..))))))))).((((((((.(.((.(((((((...((((((((((((((((((((((.(((((((((((..((....))..)))))))))))...).)))....))))))..))))...)))))..))).)))))))))))))))))).........))))))))(((((......(((..(((..((((((...........)))))).)))...))).((((((.(...((((.((((........)))).))))...).))).))).)))))....)))..)))).))))))))))))..))))...)))).))))).(((.(((((((..(((((...((((..(((.....((...)).....)))...))))))))).)))))...((((.(((((((((((((((((((..(((.........))).))))))...((((((((((((..((.....(((((((.((...(((((....(((((.((((..((((...))))............))))...))))))))))......)).)))))))...............))....))))))..)))))).).)))))).....)))))).)))).(((((((........))))))))).)))......................)))))..)).............. (-404.80)
Adalimumab_HC_topk_142	1416	0.4668079096045198	-407.9	-0.28806497175141244	.(((......))).(((((..((((((........(((.(((((..(((((((.(((((((((..((((((......)))))).)))))))))..((((((...((((...((...(((.(((((.(.(((((...(((((...(((((((((((..((.(((.....)))))))..(((((.((......)))))))..((.(((((.((((((...((((....))))....)))).))))))).))...)))))))))...)))))...))))).)))))))))...)).)))).))))))(((....)))....(((((.((...((((((((((.((((((((((......((((...))))(((((...((((..((((((..((((.((...((((.....))))...))...........((((((.........))))))....((((..((((((((..(((((.((...(((((((((....)).))))))).)))))))....((((((..(((((((((........))))..)))))...)))).)).((((((((((.((((.........(((((.((...(((((((.(..((((....((((((.......((((((.(((...(((((((....)))))))..)))........))))))......)))))).))))....).)))))))....)).)))))........((.(((((((.(((.(((.((((((((((.(((((.((.(.((.....)).)))((((..((((((....((((((.((....)).))))))))))))...))))....)))))..)).)).)))))).)))))).......))))))).)))))))))))))))).................)))))))).))))...))))..))))))..))))..)))))............))))).))))).))))))))))...((((((((((((...)))))).)).))))(((((..(.(((((..(((..(((((((.....((((..(((.....(..((((((......))))))..).....))).)))).)))).))))))..))))).)..))))).((.(((((.(((((((.(((........))).))))...))).))))))).((((((...))))))........)))))))))))))).))))).)))........))))))..)))))........(((((....((((((.((.(((.((((((((.(((((.....((((.(((((((...((((..((....))..))..))....)))))))))))...))))).))))......................))))..))).)).)))))).)))))... (-407.90)
Adalimumab_HC_topk_271	1416	0.4668079096045198	-383.7	-0.27097457627118643	..((..(((......)))..))......((((((((..((.(((((((((......(((((((((.......)))))))))(((((((((((..((((((.....)))))))))))..(((........)))..((.(((((((((((.((((......((...)).(((((((.(((...(((((....))).......((((...(((..((((((.(((((((((.((.....((...(((.(((....((((((..(((((.......((((((.((..(((((....(((((((.(((((((..(((..(((.....)))..(((((...((((((..((.......................))..)))))))))))..(((((((((((((((((((......((((...(.((((..............)))).).)))).....)).)))))))))....)).)))))))))..))))))).)))..(((.(((((.(...(.((((......)))))).)))))))).(((((..((((....))))..)))))..))))))))).........))))))))..........)))))..))))))....)))))).))..)).)))))))))...((((((...)))))).............))))))))).))))...(((.((........)))))...))...))).))))))))))).))).))))))))))...((((((..((..(((((((.........((((((((....(((.....))).....)))...)))))((((...)))).((((((((.((.(((..((((.(((((.((.......)))))))))))..).)).)).)))))))).....(((((.(((((((..(((.(((..(((...)))..))).)))((((((..((((((.......(((((((((........)))).))))).......)))).).....)..))))))...(((((.(.(((((..(((....((.........(((((...((.((...((((..........))))..))))))))).........))...)))..))))).).)))))......(((((.((((..((((...(((((.(((.........))).)))))...)))))))).)))))))))))).))))))))))))..))...)))))))))))).........(((((((........)))))))......((((((((((.(((.....((.....)).......))).)))))))))))))))))))))...((((.(((((((........)))))))))))..................))))))))(((((.((......))))))) (-383.70)
Adalimumab_HC_topk_140	1416	0.4668079096045198	-408.3	-0.28834745762711866	....(((.((((((......)))))).)))........(((((......((((((...(((.((..((((((((((((..((((((..(((......)))..))))).(((((((.(((..((((..((((......((((...((((((..((((...(((.((...((((((((((.(((((((......))......((((((((.....(((((((((......((((((.((.....((((.........((((((.......(((..(((((((((..((((((((.((((.............)))).))))))))(((((((((((.((((...(((....)))....))))...))))))....)))))..)))))..))))..)))((((..(((((..((((((........))).))))))))....))))..((.((((((((((((((((.(((.(..(((((.(.......))))))...).)))..)))))(((((...(((......)))...)))))...)))))....)))))).))(((((((......(((((((....))))))))).)))))...((((.....))))..((((((.((((((((((......((((((((.......))))))))...)))))....))).)).)))))).....)))))).........)))).....))..).)).)))....))))))))).))))))))..))))).)))))).))))...)).))).))))))))))))))))))(((((..........))))).....))))..))))))))))(((((((.......))).)))).((((((...((((((((...((((((((....))))...))))...)))))))).....((((..(((.......)))..)))).))))))((((((((((((((.(((.(((((...))))).)))..))....)))))))))))))..))))))))))))((((((((((...((.(((((((((.((....((.((((..(((((((.......((.((........))))...))).))))..)))).)).....)).))))))))))).((((....))))..(((((..........)))))((((((.......)))..)))......(((((((((.(((.((((((.((.(........).))))).)))...........((((((........)))))).)))))))))))).))))))))))...((((..(((..(((((((....))).))))..)))..)))).(((((..((((..(((........)))))))..))))).......))))).))))))((((....))))...))))).. (-408.30)
Adalimumab_HC_topk_29	1416	0.4668079096045198	-417.3	-0.2947033898305085	....((..(((((((((.(((((((.((.(((((....((((((((.((((((....((((((...(((.((((...(((((.(((((((.((.(((.((((((((((....)))..))))))).))).)).))))))).)))))....((((((((....))).))))))))).)))..).)))))....))))))))))))))...(((((((..(((((....)))))...))))....)))))))).)).)))))))))))).......(((.((((((....(((...)))....)))))).))).(((((((.((..(((.((((((...((((((.((((.((((((..(((((((.....(((....(((....)))..)))...)))))))..)))))).))))))))))...)))((((...........(((((.(((((((..(((.((.....)))))..))))))).)))))(((.((((.((((((((((((((((((...........(((((((.(((...))).)))).)))(((((((...........)))))))...((((........)))).((((((((.((((((((........)))))))).((((((.(......)))))))(((((....)))))...)).))))))............))))))))))).)))))))..........)))).)))((((((((((....((((..(((((...(((((..((...((......)).))..)))))......((((((((..(((((....(((((.........(.(((.((((((((..(((.((.(((...))).)).)))..))))))))..))).).((.((((((.(((((......)))(((((((..(.((((.(.(.(((.............))).)))))).)..))).)))).((((........))))((((........)))).....)).)))))))))))))...))))))))))))))))))...))))...)))))))))).(((....((.((((((......)))))).))....)))...((((.(((...))).(((....))).((((((.(((((((((((.(((.............(((((...))))).((....)).((((....)))).)))..)))))).))))))))))).......))))))))....................))).)))..)).)))))))(((((((.(((((..............((((((..(.....)..))))))....((((((.((....)).)))))).((((((((..((((....))))....))))))))..))))).))).))))...))))..)).... (-417.30)
Adalimumab_HC_topk_8	1416	0.4675141242937853	-417.9	-0.29512711864406777	..(((........((((.((((.(((((((..............((((.((((((((...)))).))))))))...))))))).)))).))))..(((((((...(((((((((((((.((......))((((((..(((.(((((.(((............((.((((((((((((((((((.((((((((((((((((((((((..........))))...))))))))).......((((((.....))))))..((((.((((..........(((((..(((((((..(((((((.((((.(((.....(((.(((((((.((((((..(((((((.....))))))....)..)))))))))).))))))..(((.....)))...)))))))))))))).)))))))...)))))............)))).))))((((..((....))..))))...(((.(((.((((((..((((((((.....((((.((((.(((((....)))))....)))).)))).))))))))..)).)))).)))))).((((((.....)))))).....))))))))).)).)))..((((((...))))))..(((((((((((((.((....((......))....)).)))).)))))))))....(((((.((....)).)))))..))))))).))..)))).))..))).))))).)))...))))))(((((((((((((...((((((((.....(((......)))...))))))))....)))....(((((((.((((.......))))....((((((.((.(((((((((.((.......))))).)))))).))))))))((((.((...((((.............))))....)).)))).(((....)))....(((((.(......).))))).)))))))..(((((((.....(((((....(((((((((((......))....)))))))))...((((...((((.....(((((((((((........(((((((((......((((......)))).....))))...)))))........))))))......)))))..)))).))))..))))))))))))((((((...(((((.......)))))))))))...))).))))))).(((((((...((((((((((....((((...(((.............)))...)))).)))))).))))))))))).)))).)))))))))...))))))).(((((((.(((((((......)))))))......((((((.......)))))).((((((((.....))))))))..................)))))))........)))....... (-417.90)
Adalimumab_HC_topk_229	1416	0.4675141242937853	-392.6	-0.27725988700564974	.(((......)))..((((.........(((((((......((((((((((((...(((((((.((......)))))))))))))))))))))........((.(((...((((.(((((((((((((.(((((((...(((((((...(((((......(((((...(((((((((((((((.........)))))...(((((((((((((......((((((((((((((((.....))))....((((....))))....)))))))).)))).......)))..))))..)))))).((((((..((.(((((.((((.((((......))))(((((......((((..(((((...)))))..))))...((((.....))))(((((.((((....(((((.((((..(((.(((...(((((.((..(((((((...............))).))))............((((((((((..((.(((.(((((((((.((((((..(((......)))..)))))).....(((((((.(....).)))))))......((((((((...(((((..(((.(((...((((....)))).........((((.((.....))))))((((((.............)))))).......))).))).)))))....)))..)))))....(((....)))(((((..((((((....)))...((((......))))........)))..))))))))).))))).)....)).))..))))))(((((((.(((((....))))).))))))).....)))).....((((...)))).......(((.((..((((((.......))))))..)).)))..))))))).....))).)))..)))))))))...)))).)))))...)))))((((...((..((.((((((((((((........))))))))).))).))..))..))))..((((......)))).))))..))))).))..))))))((.....))...))))))))))....))))).......))))))))))))...))).))))))))))))))))).))))...))).)).........))))))).......(((((((((((((((.......(((((....)))))(((((((.((((......))))..).)))))).......))))).))))..........................))))))((((((...(((.((((.(((((((...((((((((...........))))..))))..))))))))))))))...))))))..((((((.(.((...)).))))))).........(((.(.(((.......))).).))))))). (-392.60)
Adalimumab_HC_topk_16	1416	0.4682203389830508	-403.8	-0.28516949152542376	.......((((((........))))))........(((((((.....(((((((((((((((((.(((((((((((.(..(..(((..(((......)))..)))..)..).))....)))))))))...)))).((((......))))((((((((....))).))))))).))))))))))).((((((((((.....(((((((((((((..(((.((((..((((..((((.....)))))))))))))))(((.((..((((((((....((((((.............))))))...)))....))))))).)))..))))))).....(((((((...)))))))...(((((...)))))...(((((((..((((((((((...((((((((((.(((....)))..(((((.(((.(((((.......(.(((((((.(((.((..((((((...((((((...........))))))...))))((((.((((.((..((((...)))))).)))).))))..((.(.((((.((((.....)))))))).).))...(((((....))))).(((((.((.........)).)))))........(((((((.((...(((((............)))))...))))))))).(((..((((..((....))..))))..))).........))..)).))).))))))).)......)))))))).)))))....))))))).))).))))))))..))........))))))).))))))...))))))))))(((.......)))...(((((.((((((((........))))))))....(.(((((((((....))))))))).)...)))))(((((.(((((((.((......))..))))))).)))))...((.........))((((...(((((.((((.((((........)))).))))..)))))..(((((((.....)))))))......))))..(((((.(..(((((............((((...))))((((....(((((((((.........(((.........)))..((((((((((((((((..(((((((........)))).)))............((((....))))..(((((((((((..(..(((...((((.((((......)))).)))).........(((...))))))..)..)))))))))))............))))).))).))))))))...........(((..(.((.(((((..(....)..))))))).)..)))...)))))))))....))))..)))))..)..))))).............((((............))))...))))))). (-403.80)
Adalimumab_HC_topk_217	1416	0.4689265536723164	-405.2	-0.28615819209039545	..((((((((((....)))))).......(((..((((((((((((((((((((((..((((....)))).((..(((((.((.((((((.((((.((((((.((((((((((.....))))))))))((((....(((...((((....).)))...)))..)))))))))).))))..))))))(((....(((((((((((.......)))))....((((.((((..((((.....))))))))))))(((((.(((......))).)))))))))))...))).......)).)))))..)).......((((((((((((((..((((.(((((.((.(((......))))).)))))...))))..)))).(((.....)))...((((((((((((....((((((((((.............(((..(((((.((((((......)))))).))))).)))....(((((.....)))))((((..(((((.(((.(((((....))))).....))))))))))))..((.((((((((((.((((.....)))).))))((((.........))))((((...............))))......((((......)))))))))).)))))))).))))))))))...((((.(((.((((((....(((.......)))...))))))...))))))).....((((...))))..(((((.......)))))(((((((.(((((.......(((....))).....)))))..)))))))...........))))))..((...(((((.((....))))))).))...))))))))))(((((((((....)))))))))((....))..(..((((((........((((((((((.((.........)).))).))))))).....))))))..).(((((.((((.((((........)))).))))..)))))(((((((..((.......((((......((((((((.............((.....)).((((((((..((((..(((.((........)).))).))))..)))..)))))...(((((((((((((((((((((((.((((..((.((((.(((((((........)))))))......)))).))..)))).(((((((...............))))))))))))(((...((....))..)))......................)))).))))).))).)))))).)))))))).....)))))).))))))))))))....))))))))))))))))).)))...((((((........))))))))))..............((((........................)))).. (-405.20)
Adalimumab_HC_topk_171	1416	0.4689265536723164	-412.6	-0.29138418079096046	...(((.....(((.(((((....(((((((((....((((.(((((..((..(.((.((((....)))))))..))..)))).).)))).(((((((.(....).)))))))(((.((((((....((((...(((((...((((....).)))...))))).)))))))))).))).((((((......))))))((((((((((..(((....((((((((..(..(((.((((.....(((((((...(((((...))))).....)))))))..))))..))).....((((((((((((((((.(((......)))...))))))))))(((((((.((..........((((.....)))))).))))))).....(((((((.((.(((((.((((((....((..((((((((((.((((((..((..(((.......((((((..((((((......))))))))))))..((((.(((.(((.((((((.(((..(((((.((..((((...((.(((...))).)).)))))))))))..))))))))))))))).))))(((....)))..))))).))))))..)).))))))))))...)))))).))))).)).)))).)))....((((((....))))))...............((((((((((((((((((.((((..(((....)))(((......)))(((((((.((((((((........)))...........(((((.(((..(((((......((((((........)))))).....)))))..)))....)))))....)))))...)))).))).....))))...)).)))))))))))))).))...........((((......))))...(((..(((..((((((((.......)))))))).)))...))).))))))((..(((((....)))))..))....)..)))))))).....(((((((((((....))))..........))))))).........((.....))...))).)))))))))))))))))))))))).)))..........((((......(((((((((..((((.((((..(((((.(((.(((((((((((........((((((.((((...(((.....((...((((((....(((((.(((((....)))))..)))))..(((((................)))))......)))))))))))...))))))))))))))))))))))))................)))))...(((.....)))(((((((..........))))))).))))))))..))))))...)))............(((......))).......)))).)))... (-412.60)
Adalimumab_HC_topk_96	1416	0.4689265536723164	-423.9	-0.299364406779661	..((((((((........))))))))(((.((((...((((((.....((((((((....).)))))))((((....((((..((.(.(((((..(.(((......))).).))))).).))..)))).))))((((((((.....)))))))).....))))))....)))).))).....(((((((.(((((((((((((.(((.((((..............)))).)))..((((((((...........(((((((((((((.......(((((((.((.......)).)))))))........))))))....(((((..((((((((((((.(.(((..((((((..((((.....))))..))))))......((((((((((..((((((.(((..((((((((...........))))))......))..))).)......)))))))).)))))))...............(((((.....)))))((((((((((((....)))))....((((.(((.(((...))).)))..))))..((((((((.........))).)))))..(((((..((((((..(((.((((..((((((..((((...((.(((...((((((((((......(((((((((....)))))).)))....(((((((...((((..(((((........))))).((((....(((((.((...((...((((......))))...))))))))).))))..((.((((.....))))))((((((((((((((...(((((....)))))...)))))....)))........))))))......))))...)))))))...))))).))))).))).))...))))..).)))))..))))..))).))))))..))))).(((...)))...)))))))....))).).))))))))....(((((((((...((.((((.((.....((((.((......)))))).....)).)))).)).))))))))).((((.(((......)))..)))).......((((((......)))))).......((.....))..(((((((...)))))))...))))..)))))(((((.((((((................(((((((.....)))))))(((((....((((((((((..(((.(.(((((((..(((((.((((...............)))).))))).)).))))).)...))).)))))))))).......)))))......))))))(((((((......))))))).((((((((((....))))))))))........))))))))))))))))))))...))))))..))))))).........)))))))... (-423.90)
Adalimumab_HC_topk_34	1416	0.4689265536723164	-391.1	-0.27620056497175144	(((((.((((..(((.......((.....)).......)))..)))))))))...(.((.((((((((((((............(((((((.(((((.(((((..((((.(((((((((((...(..((.((.(((((((.....((((((........((((..(((((((((...((((.((((....)))).))))...(((((..((((.......((.....(((((((.(((((..(((.(((.((..((((((..(((((.((((.((((.((((...(((((......(((((...(((((((((((..(((((.......)))....)).))))))..)))))..)))))......)))))............)))).)))))))))))))......))))))..)).)))....)))...(((((((.(((....((((((.........(((((.((((.....))))...)))))))))))..))).)))))))....((((((((((.(((((((((((........)))..)))))).)).))).))))))))))))((((((.(((((((.(((((((..(((...(((.(((...........((((((.....))))))(((((((((.....)))))))))....((((((....)).))))...))).)))....)))..))...)))))....))))))))))))).(((((((...))))))).....))))))).)))))).))))).....(((....))))))))(((((((((....................)))))))))))))..)))))))))))))))))))))..).))))))).)))).)))).........((((((((((........((((((((((.((((.((((.(((((.....((.........))...((((...(((.....(((((.....((.(((...((((((((((...(((...)))))))))))))...)))))..))))).....)))....)))).......)))))..))))..)))).))......)))).))))((((...))))))))))))))(((...)))......)))))...)))))((((((((.((......)).)))....)))))....((.(((((((....(((((.((((..(((((....)))))..)))).......(((.....))))))))..))))))).)).))))))).((((((....(((((((((((.....(((((.((((.........)))))))))......))))((((((((((...)))).))))))))))).))..))))))(((((................)))))..)))))))))))).)).).... (-391.10)
Adalimumab_HC_topk_176	1416	0.4689265536723164	-425.3	-0.3003531073446328	..((((..((((..((((..((((((...((((.(((((...(((((...(((((((...)))))))....(((.((.(((.(.(.((((((..(((((.(((((((((....)))))))))(((((((((..((((((((.....)))))))).........(((.(((((((...(((((((.......)))))))....((((((((((.((((...((....)).((((((.....))))))((..((((((((((((((.............(((((((.((((((............(((((...((....))....)))))(((((((....(((((....)))))....)))))))........((((((.((((..(((((....(((((.(((((((((.((((..((((.(((.((......))))))))))))).)))))))))...)))))...)))))...))))....((((((.((((((((((((((.(((.........(((...((((((..(.((....)).)..))))))....))).....)))))))))))))............)))))))))).....)))))).........))))))...(((((.(((((((((((.(((((((((((((((((((......)))))...))).........)))..........)))))....))).))))))))...)))...)))))..(((........)))....)))))))(((((((((...))))).))))............))))))))))...........))))..)).))))..)))).))))))((((.(((((............))))))))).....)))))))..)))..((((.((((.((.((((((((((.(((((((..((((((..((((((......(((.((((........)))).)))......))))))..))))))..))))))))))))...))))).)).))))...))))....)))))))))(((((.....(((.....))).....))))).....(((((..........((((..((((..(((..((((........((((((((..(.....(((.(((((...((....)).))))).))).....)..)))))))).........(((.(((......))))))..))))..)))..))))..))))........))))).)))))..)))))).))))).)))))...((((.....)))).....)))))))))).)))))))))).))))((((..((((.((..((((....((.....))....).)))..)).))))....))))..........))))....))))..(((...)))... (-425.30)
Adalimumab_HC_topk_20	1416	0.4696327683615819	-382.2	-0.2699152542372881	..((...(((..........)))...))(((.....)))......(((((((...((((.(((((.(((..(((..((((((..(((((..((.((((((((((.((....(((...)))....)).).)))))))))((((((((((((.((((.((((...((((((((((..(((((((....(((.(((((((.((((.(((((.((((((..((((.....))))....)))).))))))).))))))))(((((((..........((((.........))))(((((((...............)))))))....(((((...((((((..(((........)))....)))))).......((((((((......(((((((...(((((((..(((((....).))))....((((...))))...((((((..(.....)..)))))))))))))..))).))))......)))))))).(((((......)))))(((.....)))((((.((((.(((((........)).))).))))))))))))).......(((((((((........((....))........))))))))).....)))))))......(((((......)))))))).)))))))))))))))).........)))).))))..)))).(((((((.....)).))))).....))))).)))))))...(((((((.((.((((..(((..(((..((((((((.......((((((.((((.(((.....((....)).....)))))))((((..((((...((...((....)).))..))))..)))).(((.(((((.((........))))))))))(((....))).))))))....)).))))))..))))))..))))..)).))).)))).((((((((...(((...............))).....))))))))..(((((........(((((.(((((...(((((((....((((.....(((((((((((((....((((.....))))....))))))..((.....))...(((...)))....((((((((.....(((....)))....)))))....))).(((((((((..........)))))))))...(((((.((((..(((((((...(((.((......)).)))....)))))))...((....)).........)))).))))).....((((...(((....))).)))).........)))))))....)))).)))))))..))))).)))))))))).(((..(((((.((((......)))).)))))..)))....))..)))))..)))))).)))))))))))))).)...))))))) (-382.20)
Adalimumab_HC_topk_287	1416	0.4696327683615819	-417.3	-0.2947033898305085	..(((((((((((........))))))).........(((((.(((.....(((((((((((((.(((.((.(((((((((((.(((((.((((((((((...(((((((.((.....)).)))))))..((.((((((......)))))).)).(((((...((((((((.(...((((((.(((....))))))).))...).))))))))....)))))..(((((((((....((....((((.(((((((((.(((..((((...((((.((((.(((..((........)).))).)))).)))))))).))))))..))))))((((((((((((...)))))).....))))))...........))))....))...))))))))).)))))))(((((((((.........)))))).)))........(((((.(.((((....(((((.((...)).))))).....)))).).)))))((((.(.((((((((((((.......(((...(((((...(((.(((((((((.((((((((((.((((.((((...((((((.............))))))...))))..)))).).))))...((((((...((.((((((.(((((((...((((.((((((....((((......))))...(((((..(....)..))))).......(((.(((......)))..)))(((((.(((((......)))))))))).(((((..((.(((...))).)).....)))))..((((.(((((((((..(........)..)))))))))((((((.(((.(((((((....(((....)))..))).)))).)))))))))...))))...))))))...))))....))))))).)))))).))))))))((((...(.((((((...((.(((((.((((........)))).))).....)).))....)))))).).)))))))))..))).))))))..)))..)))))....)))(((.((((.............)))))))((((...((((......))))..))))..)))).)))))))).)))))...........))).)))))...((.((......)).))....((((((((((.......))))))))))....))))))).)))).))..))).)))))))).)))))..((((((((((.....((((((....((((((........)).))))(((((....))))).........))))))....))))))))))....((((...))))((((((((((.(......)))))))))))..))).))))).((((................))))))))......((((.....)))). (-417.30)
Adalimumab_HC_topk_174	1416	0.4696327683615819	-403.7	-0.28509887005649714	..(((..(((.(((((((((((((...........((((((((((((.(((.(((((.((......))...))))).)))...)))))).))))))((((((((((.(((((((((..((((((((((((.((((....))))))))..))))))))..((...))(((((((.(.....).))))))).)))))).))).))))...))).)))....((((((.(((.(...........).))))))))).)))))))))))))..........(((((((((((....((((((((((.((...((((((.......(((((((((((...((((((.....(((((......).)))).........))))))))))).(((((..(((((((((((((((((........))))))(((.(((((.....((((....((((((....))))))..))))..((((((.(........((((.(((..((((((((((.((((......)))).))))...)))))))))..))))).)))))).....))))).)))....((((((.........))))))))))))).))))..))))).......((((((((...))))))))((((.......(((..(((((((.((((.((..((((((((..(((.....)))..(((((.........)))))((((((((((...))))...)))))).......(((((((..............((((.((((.....)))))))).......((((.(((((..............))))).))))..(((.(((.(((......))).))).))))))))).)))))))))..))..))))..))))))).)))......)))).(((((.(((((((.((((((((...((((............))))...)))).......(((((....(((((((((((.((((((((((.(((..........((.(((....))).))..........))).))))......)))))))))))).).))))))))).(((((...((...((((.......))))....))......))))).....)))))))))))))))).....((.....))((((((((...........))))))))..(((......)))((((((((.(((....(((.(((((((...........................)))).))))))..))).))...)))))))))))).......))))))...)).))).))))))).((((((((.((.((((......)))).)).))))))))(((((((.....)))))))..................)).)))))))))))).)))....... (-403.70)
Adalimumab_HC_topk_212	1416	0.4703389830508475	-392.8	-0.27740112994350286	..((.((.(((((...................(((.((((((..((((....)))).......)))))).))).(((((((((((((....)))))))))))))..((((....)))).....(((((.(((((.((((((((((....(((...((.(((...(((.(((...(((((((.((((.....)))))))((((.((((((((.(((..((((.....))))..))).)).)).)))).))))(((((((.....))))))).......(((....)))...........((((((....)))))).........(((((......))))))))).))).)))))).))...)))....)))).)))))).)))))..))))).((((((((..((..((((((((..(((.......)))..))))))))..))..(((.((.(((..(((((((((.(((((.(.(((.(((((((((((((((.....((((((((........(((((.....((((((..((((.(((.((........))))))))).....)))))))))))..))).))))))))))))))).......(((((.....((((((((((((...(((((((((((((((((((...((((.....(((((.........................)))))....))))))))....)))))(((((((......))).))))..(((((....))))).....(((((((((..........(((((((...................))))))))))...)))))).............((((((....(((....)))))))))....)))).)))))).)))))))...((((((...((((((((((.((((..((((((...........)))))).))))......................(((((..((...(((((((((.((((............)))).)))).)))))....))..)))))......(((.(((((......))))).)))....))))))))))..)))).)).....((((...)))).....)))))......(((((((.(.(((........))).)))))))))))))...........((((((.......)))))).((((....))))..)))))..)))).))))))))))).)))..))).)).)))(((((((......((((.((.(((..(((...))).))).)))))).........)))))))....(((((.((.....((((...))))..)).))))).))))))))(((.(((((((((.(((........)))...)))))))))))).........))))).)).))....... (-392.80)
Adalimumab_HC_topk_40	1416	0.471045197740113	-403.7	-0.28509887005649714	.((((((.((((((.((((((((((..((((....(((((((..............((((((((((((((..((..((((.(((((((((.((((((......)))))).))).....(((((((..(((..(((...)))....)))..))))))).......(((((.(((((.(((.((((........)))))))...((((..........((((....((((((......((((((.((.(((((.(((((((((.((((((((..(((..(((.............))).((((....)))).....((((........)))).....(((((((...))))))).))))))))))).)))))))))...))))).)).))))))))))))...))))))))........))))).))))).....(((((((.............))))))))))))).))))))..)))))).)))))))).........))))))).))))..)))).............(((((...((((...))))....))))).....((((.((((((..........))))))))))........(((((((.(((.......((((((((((((((.(((((((((((((((((((.((..((((((.................((((...(((((........)))))))))..(((((((((((((..((((((....((((((.......((((.(((((...((((....))))..)))))))))....)))))).............((((.((....)).)))).(((((((..........)))))))...(((((((.(((..(.((.(((((..(.((((((..(.......)..)))).)).)..))))).)).)..)))))))))).....((.(((...((.((((.(((.((.((.(........).)).))..))))))).)).))).))...)))))))))))))((((((........((((((...((.....))...)))))).....)))))).((((......))))...((((..((((..(((............)))....))))))))))))))(((((.......(((.((........)).))).......)))))....(((......))))))))).....)).))))).)))))..))).))..))))..............((((...((((((((((((....)).)))))...(((....(((....)))....))).)))))...))))...)))))))))))))).......((((((........))))))........))))))))))......)))))))))))).))))))......... (-403.70)
Adalimumab_HC_topk_161	1416	0.471045197740113	-432.5	-0.3054378531073446	...((((........((((..(((((((((.((((..((.(((((((((......((..((((((((.(((....(((((...((((((((((((((...(((((((.......))).)))).....(((((((...((((..(((((((((((...(((((.(((.((((.....)))))))((((((((.((((((((((((((((.((((((..(((((((((((((((.......(((((((...)))))))......)).)))))))))))))..)))..)))..))))))))))))...((.(((((((((((.(((((...((((((((..(((..........)))..))))))))..))))))))))((((.((.(((((((.....)))))))))...)))).......)))))).)).....((((((((..........))))))))(((......))).((.(((((((((.((......)).)))).))))).))(((..(((........)))..)))...)))).))))))))........)))))...)))))))))))........))))))))))).))))))))))((((.((((.(........).)))).))))((((((...........))))))....(((......)))..................)))).......(((((((......)))).)))......((((((......))))))...)))))..))))).((((((((.....)))))))).(((((((((((((.((((....))))...)))))))))..)))).))))))..))....))))))))).(((((((((((((((((((...((((...((...)).....))))...))))))))))))..(((....)))))))))).........)).))))))))))))).))))...........(((((((..((((....)))).))))).))....(((((..((((((..(((((.....((((.(((((......)))))(((((...((.((((((...((((......((((.(((((((.((((..(((((....((((.........))))..)))))(((((.(.((((.......)))).))))))(((((.....))))).((((....))))...((((......))))....((((((.(((((((............................)))))))...))))))...))))))))))).))))......)))).....)))))).))...))))).(((((((((...........))))))))).))))....))))).....))))))..)).))).((((.....))))......))))... (-432.50)
Adalimumab_HC_topk_272	1416	0.4717514124293785	-399.2	-0.28192090395480224	..((...((((((..............((((...))))......((((.(((((.((...))..)))))))))..(((((..((((((((((((((((((((.(((.((((((((..((((((.(((......(((((.((((.((..((((((((.((((((((...((((((((...((((((..(((...(((((((..(((...(((..(((((((..(((((.(((((...((....)).))))))))))..)))).))).)))...))))))))))..)))(((((....)))))....((((.((..(((((.....).))))..))))))(((((((.((((((((((...)))))..((((((.(((.(((.......(((((...((.(((((((....(((((...((.(((...)))...)).....))))).((((.(((((.((((..................)))).))))).))))..))))))).))...)))))...((......))..))).)))))))))((((.(((......(((((((((((....((((((((......(((((((.........))))).))..))))))))..))).)))).))))......))).))))...(((((....))))).........))))))))))))....((((((((((......))))....))))))))))))...(((....)))..........)))))))).))))(((((((.......)))))))..((((.((((.(((((((((((.((....))....)))..............)))))).))))))))))....)))).)))))))).)).)))).))))).((((..((((...((.((.((((.....((.(((((((..((((....(((...((((((((...((..(((((...(((((((........)))))))....)))))..))..))(((....))))))))).....)))..))))......(((((((..........))))))))))))))..))......)))).)).)).))))..))))......))))))))).(((((....))))).......((.(((.....)))))......(((..((((((.(..(((((((.....(((......)))..)))))))..).))))))))))))...))))).))).))))........)))))).....)))))(.((....((((((((((((((..((((.((((((....(((((............((.(((((..(((.(....).)))))))).))))))))))))).)))).))))).).))))))))...)).).))))))))))))))))))....... (-399.20)
Adalimumab_HC_topk_179	1416	0.4717514124293785	-419.7	-0.29639830508474574	..(((....(((((((((((.(((((.((((((......(((((...(((........))).))))).......))).)))))))).)))))))))))((((...(((.(((..((((((((((((((.....((((((((.....))))))))....(((...)))(((((.((.....)).)))))..((((((((((((((....((((((((......))))))))(((((.....)))))....(((.....)))))))))))..))))))))))))))).))))).))).)))....)))).((((....))))(((.((((((((((((((((((...)))))).....))))))....))))))..)))...((((((((....((((((.(((((...((........))...)))))))))))))))))))((((((((......(((.(.(((..((((((((....))).)))))))))))).))))))))..)))((((.....)))).((((.(((((((....)))).))).))))(((((((((((.......((((((....(((((((((((((((..((......))((((..((((((((((......))).)))))))...))))...(((((((((...............(((((((((.((.((...(((..(((.......(((((......)))))........)))))).)).)).))))).)))).....((((((((((.(((((...))))).))).((((.((((((((((((......))))..))))))))...))))...(((((((((...(((.(.((((.((...(((((((....)).))))).....)).))))..).)))....))))))).)).)))))))((((((.((((((..((((((((((((.((.((..((((...))).)..)).))..)))))))...........(((((((((((....))).)).........))))))........)))))........))))))...))))))((((......))))))))))))).((((((.((((..(((...))).))))...))))))........((((((((((.((((((((((((((((..........((.(((((((..((((...))))((((.((.(((....))))).))))......(((...)))........))))))).))...........))))))))))..))).))).)))..(((((.(((....))).)))))....))))))).)))))))))).)))))...(((((((........)))))))))))))....................((((....))))))))))))))).. (-419.70)
Adalimumab_HC_topk_57	1416	0.4717514124293785	-408.1	-0.28820621468926555	...(((((((......))))................((((((((..((.......))..)))))))).((((((((((((.((((((((..((((((((((....((.(.(((((((((..(((.....((((....))))...))))))))))))..).)).)))))))))))))))))).))).((...(((((((.(((((....))))).......((((((..((.((((.....))))))))))))(((((((((((..........((((.((((..((((((((......)))..)))))..(((......)))(((((((.(((((((((((.....))))).....)))..))).))))))).(((..(((.....)))...)))..)))).)))).........))))........)))))))..)))))))..))(((((((.(((((((.((((((..(((....))).))))))...(((((((((((((((((((((...(((((.(((((.(((...(((((..((..(((((....)))))))..))))))))((((....))))(((.((((...)))).)))(((.((((.((((((..(......(((.(((((..(((((((........)).)))))......))))).)))....)..))).))).))))))).........((((...((..((((((((((..((.(((((.....((((..((((((((.(((.((.(((...))).))....))).)))).(((((((...................((..(((((((((.(((((..((((((((.....)))).)).))...))))).)))))))))..))..(((.....(((((....))))).....))))))))))...))))......((((..((((((..((.((((((.(((((...(((((((((...))))..)))))......))))).)))).)).)).))))))....))))..)))).....)))))..)).......))))))))))..)).))))...))))).))))).....)))..))))..))))))))((((...)))).....))))))((((((((((((((..(.......((..((((((.....))))))..))...((((((....)))))).)..))))).))).))).)))........))))))).)))))))...(((((((......((.((((((.......)))))).)).....)))))))..))))))))).(((((((.......)))))))(((((((((...)))).)))))...((((((............)))))).......((((((..........))))))....)))... (-408.10)
Adalimumab_HC_topk_278	1416	0.4724576271186441	-413.7	-0.29216101694915253	..((((.(((((............................(((.(((((((.........))))))).)))...(((.((((.(((((((.(((((((...)))))...(((((...))))).......)).))))))).)))))))...(((((((.(((((((((((((((((....(((((.((((((..(((((((((((((..........))))...)))))))))...........((((...)))).(((((((.......(((((.((((.......................)))).)))))....((((.(((((((((((.((((.((...((((((.......)).)))).(((.(((((((((((((((....))....))))))...))))))).))))))))).)))))))).)))...))))))))))).((((........))))...((((((...(((....)))))))))(((((....)))))(((((....)))))...)))))))))))..)))))....((.((((..(((((((((.((....)))))))).)))..)))).)).(((((((.(.(((((((((..........))))))((((((((.(((..((.......((((((....)))))).......))..))).)))))))).(((((....(((....)))......))))).)))).)))))))...((((((.......)))))).((..((((((((((.((.(((((...))))).)).)))))..........(((((.(((((((.((((((....)).))))..(((((((.((((...((((((.((((((.(((....))).............((((...(((((.(((...((((..((((((..........((((.........(((((...(((.((.........)).))).....)))))..))))(((((((((((((...)))))).)))))))..(((((...(((....)))...))))).....))))))..))))..))))))))..)))).(((((...)))))...)))))).)))))))))).)))))))...............(((((.((.(((..........))))))))))......))))))).)))))...........)))))..))..(((((((((((((.(((((((.((((((((...................(((..((((((.((.(((((((........))))).))...))))))))..)))....)))))..))).....)))..)))))))))))))))))))))))))).......))).))))))).........))))).))))(((........))).. (-413.70)
Adalimumab_HC_topk_13	1416	0.4724576271186441	-414.2	-0.2925141242937853	..((((.....((((((..........(((.(((((((..........((((((..((((((((.(((..(((((((....(((...)))..)))))))..)))))))))))....)))))).....(((((...((((...................)))).)))))(((((.....((((.(((....)))))))((..(((((.((.((((((((.(((......((((......(((((((.((.((((..((.((........)).))..((((((...(.....)...))))))..(((...(((((((((((((.((((((..(((.((((((((((....)))))).(((((.(((.....)))..))))).((((((.((((.....)))))))))).))))))).((((.((((((((((((((((.(((((((.............)))))))))))).)))).......))))))).)))))))))))))))))).))))).)))......(((((((((((............)))..))))))))..(((....)))((((....))))....((((((...........))))))......)))).))..)))))))....)))))))))))))))...)).)))))..)).......(((.(((.((((.(((.(((..((((((((..(((((.....(((((........(((....)))........)))))(((((.(((((((((.((((....(((((((.(((...((.(....)))...))))))))))....))))....)))..)))))).))))).(((.((.((((....)))))).)))..(((((....).)))).............)))))))))..))))..))).))).)))).))).))).........)))))))))))).))).......(((((((...(.((....((((.(((((((((((.....)))).)))))))))))....)).).))))))).)))))).......)))).((((((.((...((((((((...........(((((.(((.....))).)).)))................((((...(((....(((((.((((((((((..((((((..(((((.....)))))..))....))))((((((...((((((((((...((((((....))).....((((................))))))).....))))))))))))))))....(((((((...((..((((.(((..........))).)))))).))))))).)))))))))))))))....)))..)))).(((((................)))))...)))))))).)).)))))).. (-414.20)
Adalimumab_HC_topk_50	1416	0.4724576271186441	-421.7	-0.2978107344632768	..((..((((....))))..))((((((((((((((((.(((((((((...(((((((((((((((((((...(((((.....((((((.(((((.....)))))((.((((....(((((.(((((((((((...(((((((..((((((((...((((.((((((((((.(((..(.(((.(((.....)))))).)..))).))))))).))).))))((((((..(.((((.....))))))))))).))))))))..)))))))...((((..((.(((.(((((......)))))..)))))..)))).......(.(((((......))))).)......)))))).))))).....)))))...))))))..((((.(((((((.(((((((((((.((.((......)).)).))))))))))).)))((((((..(((.........(((((......))))).........)))((((...(((....((((((..((((((...((.....))....))))))..(((((..(((((((((((.(.((......))).))))))).))))......)))))..(((((....)))))...((((((..(.(..(((((((......)))))))..).)..))))))......(((((..(((......)))..)))))...((((((.((..(((.(((......)))..)))..)).)))).))...))))))....)))..)))).((((.((.........)).)))))))))))))).))))......)))))).)))))..)))).))))).(((((((..........))))))).((((((...(.((((((((((.((((...(((....(((........)))))).)))))).)))))))).).)))))))))).))))))...))))))))).....((((((((........))))))))(((((.....((((((((...)))))))))))))................(.(((((((..........))))))))..........))))))).....)))))))))...((((((..(((((((((...)))..........(((((((((((...(((((((((((.....((((((.....))))))(((((....(((.......))))))))(((((.((((.((((.(.(.((...((.....((.............))......)))))).)))).)))).)))))................))))))))))))))))).........)))))..(((((((...((((................))))...)))))))....................))))))...))...))))...... (-421.70)
Adalimumab_HC_topk_83	1416	0.4731638418079096	-412.2	-0.2911016949152542	.(((......)))...............(((.((((((((....((((.....))))..)))))))).)))....(((((...(((((((((.....(((((...(((.(.(((((..((((((((.(((...(((((((.......)))))))...((((...)))).(.(((((((..(((((.(((....))).))))).))))))).)...)))..)))....)))))....))))).))))....)))))((((((((((((.(((((..(((((.(..((((..(((((((((((....))))).)))))).......((((..((((..((((.((.(((......))))).))))....))))..)))).))))))))))..))))))))))(((((.((((((((..((((...))))....)))).)))))))))......)))).)))...)))))))))...))))).(((((.(((..(((((......((((.(.(((...(((......)))...))).).))))((((.((((.....(((((((((.(((...)))....((((.((((((((..((((((.((((.(((.(((....(((((.((((..(((((((.((((..((((((.((.....)).)).)))).)))).))))..((((...)))).((((((......)))))).))))))).)))))......))).))))))).....(((((((((((...(((.......((..(((.((.((((((((((....((((..............))))....)))).)))))).)).)))..)).......))).)))))))))))(((((((((((((....((((((((....(((((.(((((((.((......)).).)))))).))))).((.((((.....(((...((((((((.(((......((.......))((((((..(.(((((.((.((((((.....((((((.....(((((.........(((((...((.....))...))))))))))..)))))).....)).....)))).))))))).)..))))))((((((.....))))))..........((.(((((((((...((.....))......))))).)))).))((((.((.(.((((..((((.....)))).)))).).)).)))).......((((...))))..............))).))))))))..)))...)))).)))))).))))...))).)).....)))))))).(((......)))))))))))))))))..)))).....(((........))).))))))))).....)))).))))............)))))..)))))))).... (-412.20)
Adalimumab_HC_topk_58	1416	0.4738700564971751	-426.4	-0.30112994350282485	.(((.(((.((((.((...(((.(((((((((((((.((((((((........))))))))..))))....)))))..)))).))).)))))).))).)))((((((((((((((((.....((.((((((((.(((((..((((((((((........(((.(((..........))))))......))))))..)))).)))))))))))))..))......))))))))..(((((((((((.....))))....)))))))........(((((((((.((((.(((.....)))...................((((....))))((((((((((((...)))))).....)))))).............)))).))))))))).....((((.(((((.(((((......))))).))))))))).......((((((((...(((((((.(((((((...............((((((((((...))))))..)))).....((((..(((......)))..))))(((((((((((((((((..((((((((((.(((((...)))))..((((((((((((((..........))))))....((((((...((((((((.(((((((....)))))))(((((((((.(((.(((((((....)))).)))........(((((.((((......)))).....)))))((((((...((((((...))))))(((....))).(((((((.....(....)......)))))))((((..(((((((((...((((...((((((((((....))))...........((((((.....((((((((.((((..((((....((((.(..((...))..)))))..))))))))))))))))..))))))..((((.....)))).........((......))(((((((((((((((....)))))))))......)))).))(((((.....)))))))))))...))))))))))))))).))..(((((((....)))))))...)))))).(((((........)))))..((((.......))))..))).))).)))))).....((((.(((......))).)))).......((((((......((((((((.....)))))))))))))).........))))))))..))))))))))))))..)))).))))))((((..........((((((.....))).))).........)))).............))).))))))))).)))))......))).))))..)))))))(((.((((((((........))))))))...)))................)))).......)))).)).))))))... (-426.40)
Adalimumab_HC_topk_122	1416	0.4738700564971751	-414.4	-0.2926553672316384	..(((...(((...(((((((((((...(((.....))).....((((.((((.(((...))).)))).)))).((......))((((((((..((((...(((.(((.(.((((...((((((((((..(((((...(((....((((((((((((((....(((.(((((((.((((.....((((((.((((((((...((((((((.........))))))))....(((((.((((.((.....(((((((..(((.(((.....))).)))....))))))).......(.((((((.((((((((...((((...((...((((((..(((.(((.(((((.(....((((((((....................(((((((..((((((((......)))))))).......))))))).........(((((((((..(.((.((((...(((.((((((.((..........)).))))..)).)))...)))).((((((....(((.....)))))))))...............(((((.(((((((((((.......)))))).......)))))..)))))..)).)..))))))))).))))))))...).)))))))).)))..))))))..))...))))..........)))))))).((((((((...................)))))))).....))))))))).))))))))).)))))))).)))))).......)))).))))).((((..((...((((.....))))))..))))......................(((((((((((((........))))))(((((((..........))))))).)))))))..(((((.((...((((..(((...(((((((.........)))))))...)))))))...)).)))))))..))).....)))))...))))))))).(((((((.(...((((.(((....)))))))...).)))))))........(((((...((.....))...))))))))..)))))..))))).......((((........)))))))))..)))).)))).)))......)))))))))))))))))).(((((............)))))(((((((.((((((.((..((((((...(((((.(((((....)))).).)))))......(((.....)))...........((((((((((.((((((.....)))).)).))))))))))...........)))))).)).))))))...)))))))(((((...(((.....))).))))).((((((((.((...((...))...))))))))))))))).)))...)))..(((((...))))). (-414.40)
Adalimumab_HC_topk_235	1416	0.4738700564971751	-411.8	-0.29081920903954805	.(((((...(((((....((((((((.(((((....((((((((((((.....))))))....))))))..)))))......(((((((.(((((.((...(((...(((((...(((.(((.((...(((((((.((((......(((((.(((..((.(((.....)))))))).)))))(((.......))).((((((((((((((((.....(((((........)))...)).....)))))).(((((((((((((((((.((......)))))).......((((.(((((((....))))).)).))))....((((((..((((.((((((.....))))))...............))))..)))))))))))))...))))))(((.(((((...))))).).)).....)))))).))))....(((((..((((......)))).)))))..((((...))))((((((((((((((.((((((((((((.(((((....))))).))))...)))).))))....))))((((((..(((...........((((((((..........)))))))).............((((.(((....(((.(((((((.((((((((.....((.(((((.....)))))..)).......))))))))((((((.............(((....)))........))))))...(((((..((((......)))).)))))...(((......)))..)))))))..((((((((.................)))))))))))....))).))))...)))..)))))).))))))))))..))))))))))).(((((.(((.....))).)))))........(((((((((((((((((..(((((((.(...).)))))))..((((.....(((((.((((....((.((((........)))).)))))).)))))..))))))))))....))))))))))).)).))).)))..)))))..))).....)).))))))))))))....))))))))......)))))..)))))..(((.(((.((..(((((...))))).)).))))))....(((((((........(((((....((((((.....)))))).)))))((((((.((((.....((((((((((((((((((((((((((.((.((((.....(((........(((((((........)))))))..))).....)))).))))))).)))))))).((((.((((............))))))))..(((((....))))).((((..(((...)))..)))))))))........))).))))))))))))))).......))))))).. (-411.80)
Adalimumab_HC_topk_178	1416	0.4738700564971751	-411.4	-0.29053672316384177	..((((((((....((((((....................(((..((((((((....)).))))))..)))(((((((..(((((.((((((((((.((((.(.(((...((((....)))).))).))))).)))))(((..(((((((((((((((((.(((...((((((((.((((((((.......))))))((((((((((((.(((.(((...(((((((((((..((..((((((((.....)))......((((((((.(........).)).)))))).....)))))..))..)))...)))))))).))).)))....)))))(((((.((.............)).)))))....(((((((((((.(((....((.(((((((.((((.((.(....))).)))).)))))))..))..))).))))....).)))))))))))))((((((((((...(((((.(.((((((((((.((((((...(((((.((((.(((((......(((((((..(((...)))..)).)))))...((((((((........)).)))).))))))))))).))))))))))).(((((.....)))))..((((((.(((((((..((((((.............))))))..((...(((((...)))))...))...(((((((...(((....))).....)))))))............))))))).))))))...)).))))))).).).)))))..)))))..)))))(((...)))((((...((((((..........)))))).)))).........)).)))).))))..))).)))).))))))).))).))).)))..((((((((((((.(((((...(((((((...(((((((((....((((...........)))).(((((......((((..((((...((.(((.....((...(((((((((((..........)))))))))))...))....))).)).....))))..))))......)))))(((((((((......((........)).....))))....)))))...(((((((.....)))....))))..))))))))).......((((.(((.....(((((.......)))))....(((..(((........)))..))).))))))).((((((........(((.....)))...............)))))).))))))))))))))))...)))))))))))))..)))))..)))))))....)))))).....((((((....(((..........)))....))))))....((((((((((................)))))))))))))))))).......... (-411.40)
Adalimumab_HC_topk_234	1416	0.4752824858757062	-414.8	-0.29293785310734466	..((((..((((((......))))))..................((((..((((.........))))..)))).((((((((((((..(((......)))..))))((((....)))).((((((((((.((((((.((((((..(((((((.......(((.(((.(((((((.....))).)))))))...)))))))).))..))))(((...............)))........))))))))..(((.((((((((.......)).)))))).)))................((((....)))).........(((.((((((.(((((....)))))........((((.(.((((...((..((((((((..((((.(.........).)))).(((((((((((((.(((......)))(((......))))))).))))))))).((..((((((((........(((((.....)))))...((.(((..((((..(((((..(((.....))).)))))....(((((...))))).(((((((((((......)).)))))))))......))))))).)).....((((.....))))......................))))))))..))(((((((((((...(((((......)))))...............((((((((((((..(((..........(((((..(...(((((.......)))))....)..)))))..........)))..)).))))))))))....(((((...((((.......))))))))).(((((((....)).))))).(((..(..((((((.((((((((((.(((((...))))))))).((((((((((((...((((((((((..((((((.........))))))((((((.((((...((..(((..(((.........)))..)))...))...)))).))))))....(((((((.(((..(......)..)))...)))))))..(((...(((((((....)))))))...))))))))))))).....)))))))........)))))...))))))))))))..)..)))............)))))))))))..((((.(((...((.(((.....))).))))).)))).((((....))))..........))))))))..)))))).)..))))))))))))).)))))).))))...))))))))...(((.((((((..((((....((((..(((((.((......)).))))).))))(((...)))((((((((((....)))))))))).((((.((((........)))).)))).....)).))..))))))..)))...))))........ (-414.80)
Adalimumab_HC_topk_9	1416	0.4752824858757062	-418.2	-0.29533898305084744	..((((.....(((...........))).........((((.((((((((.(((.((((((((((((((((((((((.(((((((((((.((((((.((.(((((((((((.(((...))))))(((.((((....(((((......)))).).....))))))).)))))))).)))))))))))(((....)))....((((.(((((((......))))))....).)))).((((.((.(((((((((((((..((((.(((((......(((((.((((.((((....)))))))).)))))...)))))........(((((......))))))))).))))))......))))))))).))))...)))).))))..(((........)))(((((((((((((((((((((((((((((.((((((((.((((.(((.((((........))))...........))).)))).)))))))).))))((.(((((..(..(((((...))))))..))))).))..(((((((....((((((((((((((((.........))).))).........((((.((........)).))))....(((.(((........))))))))))))))))..)))))))(((((((((.((((.(((.(((((.(((.((((....((((((((((......))))....)))))).(((.((..(((.((((........)))))))(((......(..(((...)))..).....)))((((.((((((...(((..................)))...))))))))))....)).)))....)))))))))))))))))))...(((((((((.........(((((..(((((...((((((((((((.........)))))).)))))))))))..))))))))))))))...((.((((........)))).))..)))))))))((((.(((....))))))))))).))))))......)))))))).....((((......))))))))))))))))))))).......((((..((((.........)))).))))......((((....))))........((((((.(....((((((((...((.(((.....))).))))))))))...).)))))).))))))....))))))....))))))))))).))))))))(((((........(((((....(((.(((((...(((((((((((.(((((.............)))))..))))))....)))))...)))))..)))....)))))((((((((((((((((............))))).)))))))...)))).)))))...((((....)))).... (-418.20)
Adalimumab_HC_topk_252	1416	0.4752824858757062	-409.2	-0.2889830508474576	.((.((..((((.((((.((((....((((.....(((((((..((((.(((.(....)))).))))..)).......)))))..))))(((((......))))))))).)))).((.(((((((((((((.....)))(.((((((..(((((.(........)))))))))))).)..(((...)))..(((...((.(((((..((((.(((.((((((..((((((.((((.....))))..(((..((((((.......))))))..)))(((((((........(((((((.((......))..)))))))((.((((((((((((...(((((........(((......)))........))))).(((((((..(((.(((...(((.(((((......)))))..))).))).))))))))))....(((((.........(((((.(((((((((((..............)))))))...))))...))))).((..((.(((((.......(((((....(((((.(((.((.((.....)).))))).)))))..)))))......))))))).))((.(((....))).)))))))....)).)))))))))).)).....(((((..(.....)....))))).....((((((((((((..............(((((((((.(((((((.((((.(..((((....((........))....))))..)...)))).)))))..........)).)))))))))...(((.((((((.(((((....(((((.......(((((......(((((((((.((.(((((.....(((((((((((.(.((.((.((((...........)))).)).)).).))))..)))))))..)))))))..))((((...)))).......................((((........)))).)))))))....)))))..)))))......)))))..))))))..)))......)))))))))))))))))))....((((((((((......((((......)))).....))))..))))))....)).))))..)))))))))))))..))))))).)))(((((((((((((..........)))))))(((((.....)))))((((......)))).....))))))((((...(((..(((.....)))..)))...))))....)))))))))).)).(((((.(((((.(((((((((((((((........)).))))).)))))).))..))))))))))...(((((...(((((................)))))...))))).................................)))).)).)).. (-409.20)
Adalimumab_HC_topk_236	1416	0.4766949152542373	-412.6	-0.29138418079096046	...((((((((.(((((...((((((..(((.((...(.(((((((..(..((.((..((((......))))..)).))..)..))))))))...)).)))....))))))......))))))))))).)).((.(((.((.......))..)))....)).....(((((((..(((((((.(((....))).....(((((((.(((((((..............(((((.....)))))))))))).))......(((.(((...((((...(((........)))...)))).....))))))..(((.....((((((((((...(((..(((.(.(...((((((.......((((..((((((((((((.((((((((((((....(((((.(((((....(((((((..((((....((....(((((((....)))).)))....))...))))..)))))))...((((((..((((((...)))((((..(((((...((..((((......((((((((.(((.((((.(((((....)))))))))..)))..))))))))......)))).)).((((.....)))).(((((((...((.....))...)))))))....))))).)))).((((((((((((((.(.((.(((((((....(((((((((...............((((((((.((((..(((...))).......(((((......))))))))).))))))))((((((((((((.((((((((..........((((((..((((......))))..))))))..((((((((......(((((.(((..(((((....)))))..))).))))).)))))))).)))))))))))...(((((......))))).))))))).))(((.....))).........(((.((((((((((.....(((((((((...))))..)))))........)))))))))).)))..))))).))))....))).)))).)).)..))))))......((((.((((.(((....((((..........)))).)))...)))).)))))))))))))))))))))...))))))).)))))))))))))))............((((((..((......))...((((..(((((...(((((..((.....((((...))))...))..))))).))))).....)))).......((((((....)).)))))))).))(((((........)))))............))))))))))))...))))........))))))....).)..)))..))).))))))))))....)))........)))))......)))))))......)))))))... (-412.60)
Adalimumab_HC_topk_220	1416	0.4774011299435028	-418.1	-0.29526836158192094	................................((((((((.((((.....((((((......)))))).)))).))))))))(((((((((((((((.((.....((((((((((((.((....((((((.((((((.((........)))))).)).))))))((((((((.(((((((((((((((.((((((((.((.(((((.((((((.....(((((....((((((((((((((((((.(((...((((((.....(((.....((((.((((.((((((((.....((..((((...((((.((((((((((.(((((((..((((.(((((....(((......)))...)))))...))))..))))........(((....(((((((..((((((((.((............((.(((......))).))...))))))))))....)))))))....))).....(((((.(((((......))))).))))).......(((((.((...((((((..((((((((..(.((.((((....((((....((((...))))....)))).)))))))..))))))))...))))))...)).)))))((((((.(((((((((........(.((((...(((((((.(((((...........((((((((...................))))))))....(((((............................)))))......(((((.(((..(....)..))))))))....)))))...)))))))...))))).....................(((.(((((.((......)).))))).)))....))))).))))))))))))).))).).)))))).))))))))..))))))))))....(((...)))...........)))).))))...)))....))))))..)))))))))))))))))))))((((((((...))))))))(((.(((.((.((((((...(((((...((.....))...)))))....)))))).........)).))))))..(((((((....((((.(((...)))..))))....)))))))....))))).....))))))..(((..(((((....))))))))))))).))..)))))))).))....(((((....)))))...))))))))..(((.....))).............)))))....)))))))).....)).)).)))))))))).................(((.((((....)))))))((.(((((((((.....))).))))))))((.((((.....)))).)).....................)))).)))))))).))))).... (-418.10)
Adalimumab_HC_topk_162	1416	0.4781073446327684	-429.9	-0.30360169491525424	.......(((((((......))))))).........((((..............((((((...(((((((.((((((((......(((((((((..(((((...)))))))))))))).((......)).)))))))).))...)))))))))))....((...)).((((((..((((((((((((((.((((((((((((((..(((((((.(((..(((((((...((((.........))))))))))).))).)).)))))..))))))))..((((((.((((.....)))).))))))..((((((..(((((((.(((((......))))).)).............)))))..))))))..((((((((((...........(((((((((((((((((((((((.(((......)))....))).)))))............))))))))).))))))..........)))))))))))))).))..))))))).))))(((((((((((..((((.(((((........)))))..))))....))).))))))))..(((((((....))))))).((((((..((.(((((((((((((..((((..(((((((.((((((.(((((((((.(((......)))(((((.((((((....)))).))........................(((((((......)))).)))......((((......))))......((((..((((..((((......)))).)))).))))....((((((((................))))))))......(((((((.((.....)))))))))..)))))))))..))))).)))))))))))))..))))..))))))..))))).)))).))))))((((....))))...)))........))))))(((((((.((.(((((...((((.(.(((((......((((((..((((((.(((((.(((((((....((((((((.(((((..((..............((((.(((..(((...(((((......)))))......(((....))).)))..))).))))))..))))).))))))))(((...)))..................(((((..((((((((.....)))))..((((...))))...((((.(((((....)))))..))))...)))..)))))...........(((((....(((.((((.((.(((..((((((.(((((((........)).)))))..))))))....))).)))))).....)))....))))).....)).))))).)).))).))))))...))).)))..))))).))))).))))))).)))))))))))... (-429.90)
Adalimumab_HC_topk_74	1416	0.4795197740112994	-415.3	-0.2932909604519774	..(((((........(((((((((..(((((.....(((((((.....((.....)).....))))))).(((((((..(((((((.(((((((.((((((....(((...(((((((.(((((((((((......((((((....((((.(.......(((.....((((((((.....))))))))....((((((....)))))).))).......).))))...))))))......))))).)))))).)).)))))((((.....))))..(((((.(((.......))).)))))...)))...)))))).((((((.((((.((((......))))....)))).)))))).))))).)).))))))))))))))..)))))....)))))))))(((((...((((((((.((.....((((......(((((..(((((........)))))))))).......)))).(((...((((((((((((..(((((..(((((....))))).......)))))((..............))....((((((......))))))(((....))).....)))))))))))).....)))(((((....)))))......))))))))))))))))))))...(((((((((((..(((((.((((((....((.........))...))))))...)))))...........((((((((((.((((((........)))).......)))))...)))))))......((((((....))))))((((.((((((..(......)..)))))).)))).........((((((((.....)))).)).))...(((((((......(((((.........(((......)))..((((..((((((((((......((((....(((............)))....)))).......((((((.(((((((....((.(((..(((((((((..(((........((((.((.(((((((........(((..((..(((....((((((...(((((((.............(((((...)))))))))..)))...)))))).....)))..))..))).(((((............(.((((((...((.(((.....))).)))))))).)))))).....))))))).)).)))).(((((.((.........)).))))).............................)))..)))))))))..))).))...)))))))..))..))))))))))))))...)))))))))..(((((........((((((((........))))))))))))).....)))))))...((((....))))....)))))))))))... (-415.30)
Adalimumab_HC_topk_264	1416	0.480225988700565	-415.6	-0.29350282485875706	.((((....((((((((....(.(((...(((((((.(((...((((..(((((((((((((((((((((........))))))..)))))))).((((((...((((((((((....(((........))))))))(((((....))))).......)))))))))))((((((.....))))))))))..)))..))))(((((((((.(((.(((.((((.((((.(((.(((.....)))..))).))...(((((((((((...))))....(((((..........)))))..(((((.(((((((.(((.(((.((((((((((.....(((((.....)))))((((.(((.((((((((((.....(.((((((((.(((......(((........)))))).)))))))).)...))))))....))))))))))).......)))))))..)))..))).)))...))))))).))))).(((.((...)).))).......((((......))))((((((((((((((...))))..)))).)))))).....(((((((.........))))).)))))))))(((((...)))))........)))))))))))))))))...))))...(((((((((((.....(((((((....)).)))))........(((.(((((((((...((.((((((.((((...))))..(.((((((..........)))))).)...))))))..))...))...))))))).)))......(((((..(((((((......((((.(((((....((((((((((....((..((.(((...))).))..))....))))))....))))..))))).))))..........((((..(((..((((((((....))))...)))).)))...)))).)))))))..)))))...........((((((((((((....)))))))))))).)))))))))))......))).))))))).))).)..)))))))).....(((.((((..(((.......((((......))))..))))))).))).))))(((((...((((((....)).))))......(((.((((.............)))).))))))))..(((((((((.....(((....)))....((((....((((((..((((.(((..((((.(((....((((((.....((((.(((....((((((((....)).)))))).)))))))....))))))...))).)))).))).(((((((..((.((((......)))).))..)))))))(((((((.....)))))))............))))....)))))).))))....))))))))) (-415.60)
Adalimumab_HC_topk_136	1416	0.4809322033898305	-419.3	-0.29611581920903957	.(((((.(((((((....................))))))).......(((((..(((((((((.(((((...((((((((((.((((((((((((((((..(((.(((((((....(((..(((.((((((.((((((.(((..(((.........))).))).))))))......((((..(((((.((.((((.............)))).)).)))))..)).))))))))..))).)))..))).))))..))).)))))........((((((((((...((((((..(((((((.......((((((((...((((((.(((((((((((((((((((....))))..((((.....))))....)))))........((((((.(((((((..((((..(((......)))...))))...))).)))).))))))))))))))))..))))))...)))))...))).......))))))).......)))))).)))))))))).)))))))))))(((((((..(((.((((......)))).))))))))))(((..(((((.........)))))..)))......(.((((.(((.(((((.((...((((..((((((((..((((((........))))))...((((......))))....(((...)))................(((((.............)))))....)))))))))))).))))))).)))...)))).)((((.(((((...))))))))).......(((((((..((((....))))..)))))))..............(((.(((((((((((....((((((((((....(.((.(((((..(.((((((.............)))).)).)..)))).).)).)..)))))))))).......((((((....((.((((((((....((.((((.(........).))))))..)))))))).))....)))))).(((((.......((((((((...(((((......))))).....))))..)))).......))))).......((..(((....)))..)).)))))))))))...))).(((((((....)))).).))..((((((...((.(((.....))).)))))))).....))))))).)))...).)))).))))))))).))))).....))))).((((..................((((...)))).(((((..(((.(((.......))))))))))).....((((.((((.(((.(((.(((....))).)...)).)))))))))))..((((((.((.(((((((((................)))))))))))...)))))))))).... (-419.30)
Adalimumab_HC_topk_265	1416	0.4823446327683616	-419.0	-0.2959039548022599	....(..(((((((.....))).))))..)(((((...(((((((((..((.(((((((.(((((((((....(((((...(((.(((((((.(((((((....((((....))))...........(.((((((((((((((((.....(((.(((((((((((((..(((((.((((((.((((((((((((((((....))))))).....)))))))))...((((((.((((((..........)))))).......((((((((..(((..(.(((((.(.(((...))).).))))).)..)))(((((((..(((.((((......)))))))......((((((..((((.....))))..))))))......(((((((...)))))))..(((..((((((((((((((...)))).))).))).))))..)))..(((((......))))))))))))...((((((((.(((((((((((((.....(((.((.((.((..(((........)))..)).)).)))))......((((..(((((((((((.....)))))))).)))..))))))))))))))).......(((((((((((((.........)))).)))))).))).((.......((((........)))).....)).........................)).)))))))).....))))))))....))))))..............)))))))))))....((((.((((.....))))))))..(((((((((((((................)))))))))..))))(((((.((.....)))))))....)))))))))..)))))))..((((..((((((((((((........((((...(.((..((((....((.(((.......)))..))..))))..)).)...))))........)))).)))...)))))..))))((((((((((.....))))).)).)))((........))....(((((.((.................))))))).....((((......))))))))))).)))))))))))))))))))))(((((.......)))))((.....))((((.((((((((((...((((((.....)))))))))))))..(((((...))))))))..))))((((((((.......))).)))))...))).)))..........)))))))))).)))).)))))....)).))...((((((((((((.........))))..)))..))))).)))))))))))))).....(((((((.((..((((((....((((..((((.............))))....))))))))))...)).))))))) (-419.00)
Adalimumab_HC_topk_266	1416	0.4830508474576271	-420.3	-0.2968220338983051	((((.(((((.....((((.(((((........(((((....((((((((((((((((((((..((((((.((((((((((((((((.(((.((....).).))).))))))))))))..(((((.((.(((.(((((((((((((((....((((((......((...(((((...(((((((........))))))).(((((((((((((((((((((((.(((((((..(((.((.(((.((.......(((.(((.(((..........((((((((((.((................(((((((((.((.......((((((.(((..((((((((...))))))(((((((.((((((..(((((...)).))).....))))))..((((((.((((..((((....))))..)))))))))).....((((((.....)))))).)))))))............(((((((...))))).)).((.(((((.((((....((((.((((......)))).)))).((((....(((((((.....((((((((.....((((((((......)))))..)))))))))))....)))))))....))))..))))))))).))..))..)))))))))((((.((....)).)))))).))))))))).((((.((.......)).)))).......(((((......)))))...(((((..((((......)))).)))))...)).))))))))))...((((.((((((....))))))..)))).))).)))..))).......))))).))..)))...))))))).))).(((....))))))))))))))))))...)))))...)))))....))......))))))..)))))))....))))...((((...))))..)))).))).)))))))))))..(((((((((......)))))))))...)))))).(((((((((..(((......)))..((((..((.((.(((((.(.(((((((......(((.(((((.(((..(((((......))))))))..))..))).)))......)))).))).).))))).)).))))))..(((((((.........))).)))).(((((.......))))).........((((....))))..)))))))))..)))))).)))))).)))..)))))...))))).....)))))))))......(((((.((....))))))).....))))))))).......((((.((((((.......))))))((((((((((((.(......))))))))))..)))...)))).............(((.(.....((((.......)))).....)))).. (-420.30)
Adalimumab_HC_topk_223	1416	0.451271186440678	-382.2	-0.2699152542372881	...(((((((..(((((............(((((((.......(((((.(((((((......(((((((...(((((.((((...((((...)))))))).)))))...))))))).((((........)))).(((((....)))))((((((.....(((((((.((((.....)))))))..))))...((((((..(((((.(((((((((((.(((............)))))).)).)))))))))))..))))))..((((((((...((((((.............))))))((((((((((((((....)).))).)))))))))..((((((((((.((((((..........((((...(((((((((((((((.(((((.((.((((((.((((.(((((...((.(((.(.((....)).)))).))....))))).)))).(((((......)))))...(((((..(((((((((((((.((.((((((....(((((...)))))...)))))))).(((..(((....)))..))))))))))).........(((.(((((((..........))).)))).)))...(((......)))......))))).......((((...(((......(((.((((...(((......)))..))))..)))..)))....)))).(((...)))........)))))......((((.((((((......((((((((((((((....................)))))).......((((((..((((......))))..))))))........(((.((.((.....)))).))))))))))))))))))))).))))))..)).))))).))))))))))......)))))...)))))))))).))))))))..))...((((((.((..((..((((((.(.((((((((((........)))..)).)))))).))))))...)).)).))))))..))))))))..........(((((((..(((....(((((((((.......((((......))))......)))..(((.....)))..)))))).....)))..)))))))...)))))))))).))).)))))))))))))))))..)))(((.(((...((((.(((((...)))))..))))...)))))).((((((((((...(((.((((.((((((((.((((..((.(((.......))).))(((((....))))).......................((((((.(((......))).)))).))))))))))))))))))..((((((((.(((((....)))))...))))))))))).....))))))))))......))))... (-382.20)
Adalimumab_HC_topk_131	1416	0.4519774011299435	-405.8	-0.2865819209039548	.(((....(((((......................(((((.((((.....((((((...)))))).((.((((((((......(((.(((((((((((((..(((((((....)))))))..(((((((((.((((.(((((((((((((..((((((((((..((....((((((((((((((..((...((((((((((..(((((((((((.....((((.((((..((((((((.((....)).)))))).))..)))).)))).....))))).)))...((((..(((((((((((((((((...(..(((...)))..))))))))))((((...........))))..))))))))..))))..)))..))))))))))....((((((((((((((.((((...(((((((.....)))).)))...))))))))).((((((((((((((.((..(((....((((....(((.((((((..((((....)))))))))).)))..)))).....(((((..(((((((...)))))))...))))).)))..)))))))))))...))))).........)))).)))))))..)))))))).))))))..))))))))))))..(((((.............)))))(((((......)))))..((((((((...................)))))))).))))))))))))).....(((((......)))))...........))))...))))...)))))...((((((....(((.....)))..))))))...(((...........(((((((((((..(((.(((.(.((...)).).)))..)))..)).))))))))).((((....))))..((((((((((((((((((((((((((..((((..........................))))....))))))))....)))........)))))))....((((((...)))))).))))))))))).....))))))))(((((((((......)))))))))..(((....(((.....(((...)))....)))..)))((((.((((.........))))....))))))))).)))....)))))))))).(((((((.........(((((.....)))))..)))))))((((((......))).))))))).))))).((((((((.....(((((((........((((........))))...(((((....)))))))))))).((((.((((.........)))))))).))))))))......(((.((((((((((((((........)))))))).)).)))).))).....((((((......))))))))))).)))...... (-405.80)
Adalimumab_HC_topk_134	1416	0.4555084745762712	-396.2	-0.27980225988700563	..(((..(((((((......................((((((.((((.((((((...(((((.((.......)).)))))...)))))).)(((((((...))))))).(((...((((((((((((((((((((((.((((((....(((((.((((...(((.(.(((((((((........))).(((((((((((.((((((...(((((((.(((((..(((((.(...(((((((((((.....)))))(((((.((((.(((......((((....))))....((((((.(((......)))))))))((((....((((((((((((((((..((((...((((((((((.....))))))))))........(((..(((...((((((((((....))))))).)))....)))))).....(((((((.............)))))))..............)))).))))))))((((((((((...(((((((...(((..(((......)))..)))..)))))))....)))).....))))))..........((((........))))....((.(((((......)))))))...))))))))....))))))))))).)))))...........(((...((.(((......)))..))...)))....................)))))).....).))))).)))))))))))).....))))))(((((.....))))).......)))))))))))((.(((..(((......)))...))).))...))))))).)))...)))).)))))..)))))).......(((((((.(((.((((..(((.....)))..)))).))).).)))))).....(((..((((((((.(.((((((......(((((..((((.((((.....)).)).((((.(((((......))))).))))..((((((...((((...((((....)))).))))(((((.(.(((....(((..(((((...((.((((..(((.((((..(((((......))))).....))))...)))..)))).))))))))))....))).).)))))..((((....))))..(((((((.....(((((.......)))))..)))))))(((......(((((.((((.((.(........).)))))).)))))...)))))))))..........((((.........))))..))))..))))))))))).))))).))))..)))((((.......)))))))))))).))))))))).......)))))....)))..))).))))))((((................))))..)))))))..))).......... (-396.20)
Adalimumab_HC_topk_10	1416	0.4540960451977401	-396.3	-0.2798728813559322	..(((.((((((....)))))).)))...................(((((((.(.((((.(((...(((((...(((((((((((.((((((........(((((.((......)).)))))........)))))).))))))).))))...)))....))..))).))))).)))))))..((((((..((((((((((((.(((((((.((((..((((.....))))....)))))))).))).))))).(((((((((.(((.........(((......)))..((((((((((........))).))))))).((.(((((..(((((((...(((.((((.((.(((...((((((......((((.((......)).)))).....))))))..))).)).)))))))))))))).).)))).))..))).)))))))))....((((((((...(((((.((..........)))))))............((((((((.(((((.(((.....)))....((.(((....((((...((((((((((((..(((....)))((((....)))).)))))))))))).........(((((.....)))))...((((((....)))).))....((((((((((((..((...(((((((((...))))).........(((.((......)).)))........))))))..)))..)))))).))).))))....))).))..........(((...)))..))))).)))))))).........................))))))))...............(((.....)))(((..((((.((((((((((((((((((((((...((((...((((((((((((.(((((...(((...(((((....)))))....)))........((((((.(((....((......)).......((((((..(((((((...(.((((((...)))))).)...))))))).............(((..((((......))))..)))))))))..((((......))))......((((..(((..((((............))))....))))))).)))))))))................))))).))))))))))))((((......))))(((((((((.(((......)))))).))))))(((.((((((((((.((((..............((((..((.......))..))))(((((((....))))))).))))..)))))))))))))..(((.....)))((((((((((....)))))))))).))))))))..))))))))).......)))))).))).))))..))))))))))..))))))... (-396.30)
Adalimumab_HC_topk_33	1416	0.4569209039548023	-387.5	-0.2736581920903955	..(((.....................................(((((.(((((..((((....))))((((((((((.....((((((((......(((((((((..((.((.((((((....(((((.((.((.(((((((((......((((....((((((((((((((((.......)))))))...((((((((...(((...(((.((.(((((((..(((...(((((.....)))))...(((....)))((((((((((.....((.(((....)))))..(((((((((((....))))).)))))).....((.(.((((((..(((((....((((((((....((((.....((((((..(((.((((....))))...)))..))))))...))))...))))))))...)))))......(((((.............)))))..(((((.((.((......)).)))))))((((((((......(((.((..((((((((.(((...(((((......(((((...)))))......)))))...)))))).......))))).)).)))))))))))....)))))).).))...((((((....(.(((.((((.(.(((((.............)))))...)...)))).))))...))))))..))))))))))........(((((((......))).))))....((((((((...(((........)))....))))..))))((((.....)))))))..))))..))).)))))...))).))))))))...((((((....)).))))..((.(((.....))))).))))))))).....))))........))))))))).))...)).)))))....)))))).)).))..)))))..(((((((...((((..(((((((..(((........)))..))).)))).))))...)))))))....(((((((..(((.....)))..))))..)))......))))..(((((......))))))))))))))))))))))).)))))...)))))((((..(((....)))....))))...((((...((.((...((((....)))).)))).))))......(((((.......)))))....(((((.(((((((.(((((.(..(((....)))..))))))...((((((.(((...(((.((((......((((...(((((......)))...))...)))).......)))).)))....))).))))))..))))))).)))))((((((((((....)))))))))).(((..(((.....)))..))).................(((((.....))))).)))....... (-387.50)
Adalimumab_HC_topk_119	1416	0.4576271186440678	-407.6	-0.28785310734463276	.(((((.((((......)))).....(((((((((((((..((((((..((((....)).))..)))...))).)).)))))))))))(((((((.((((.(((((((((((......))).)))))).)).))))..)).)))))...(((((((((((.((.((.(((((.((.....))))))).....(((.((((((((((((.(((.((.((((((..(((((((((...)))))..((((.(((((((.((((..((((((..........(((((.....(((....)))..))))).....)))))).)))).)).)))))....))))((((((((...(((..((((((.((............((.((((((((.......((.(((...((((((..(......)..))))))...))).))((((.((.................)).))))(((((...........)))))))))))))))....(((((((((((..(((((......((((((..(((..((((((((((((((....(((((((.........)))))))..))).)))))).)))))..))))))))).....)))))..))))))).....))))(((((.(((.....))).))))).((((......))))...........)).))))))....)))...)))))))).......)))).)))))).)))))...))))))))........)))).)))(((((((((..(((..(((((..(((((((.((((((......((((.(((((..((((..((((((((((((.(((...))))))))....(((((((....)))))))...)))))))))))..))))).((((...(((...((.((((((((.(((((((....(((((..(((.(((((((.(((((.((.........)).))..))).)))))))..)))........((((....)))).((((((..(((...((((..(........)..)))).....(((..(.((((((.....(((........)))....)))..))).)..)))))).))))))..))))).))))))).))))))))))...)))...))))............((((((((.......))))))))(((((.(((((.(((((....))))).))))))))))..)))).....))))))......(((((((........)))))))....)))))))))))).........(((((......)))))....)))..)))).)))))(((((((.((......)))))))))....((.....)))))))))))))))))........)))))..................... (-407.60)
Adalimumab_HC_topk_80	1416	0.4562146892655367	-394.6	-0.27867231638418083	.((.((.......(((((((((((((((......(((((((..((((((.((((((((((((((((((((...((((((.(((.((((((((((((((((((.(((((.((....)).))))).).))))))......)))))).))))))))..)))).))..(((((((.(.(..((((.(((.......)))))))..).).)))))))(.(((((.(((..((((..((((.....)))))))))))))))).)(((((((.....)))))))(((((...((((.((((((((((((((((((...........)))))).))))).....))))))).....)).))....))))))))))))))).(((..(((.....)))...)))((((....((....(((((((((.(((((((((..(((((((.((((...(((.....)))...)))).............((((((((((..(((((((((..(((((....................(((((((....((((.....))))...)))))))(((.........)))...........)))))....))))))))).((((.....))))...(((((((((..(((((........).))))....)))))))))..........(((((((((((((.........((((((((..((((((...(((((..........(((....)))(((((((..((((.((((((((((...))).))))).....)).))))....))))))).)))))))))))........((....))....(((((..(((......))))))))..))))))))))))))))))..)))......))))))))))........)))))))))))).)))).))..)).))))).......))...))))..))))))).)))))))))((.......))((((...((((....))))..))))....)))))))......))))))))).))))))(((((((((......)))))))))((((((((((..(((...((((.((((..((((.((.....))..(((((.............))))).......(((((...((.....((...(((.(((((((...)))..)))).)))...))......))...))))).))))..))))))))...))).)))))).).)))((((((...................))))))(((....((((((((.((((((...((((((...(((.((.(((.......))).)).)))....(((.(((...((((((((......))))))))))).)))......))))))....)))))).))...))))))))))).)).. (-394.60)
Adalimumab_HC_topk_103	1416	0.4562146892655367	-387.4	-0.27358757062146893	...........................(((((....(((((..(((((......(((((((((((((((((...((...((((((.((((...((.((.(....).))))..))))))))))..))..))).))))).((((....)))).............)))))))))......)))))..)))))..(((((((((((....((((((....(((.((((.((((((.....)))....))))))).)))...))))))....))...(((.((((((.(((.((((....)))).....)))..))...)))))))(((.(((((((...(((((...(((.((((((....)).))))..)))..)))))))))))))))......(((((((((((.((....(((....(((((.........)))))..))).....)).....)))))))))))..)))).)))))....(((((((((..((((((...))))))....((((((....((((((((.(((((((((((((....(((((....((((((((.....))))))))....))))).)))))).(((((..((..((((((.((((((...((.(((..(((((.(((((((((((((((..(((((......((((.........))))(((((.......(((..((......)).))).....))))).))))).)))))))..((((.......))))......(((((((.............((((((((...........)))..)))))..........))))))).(((((.....)))))((((..(......)..))))..))).)))))..)))))))).))...)).))))))))))....))..)))))(((((.......))))).................((((((((((((((((.((((........)))).)))).)))))))....)))))..((((((((((......((((.....(((....))).(((((........)))))...))))......((((......))))..(((((.......))))).(((((.....(((((..((((((((........)))).))))((((.(((...((((((.....)))))).)))))))..((((...))))(((((......((........)).......)))))..................))))).)))))))))))))))....((((((.(((((((........)).)))))..))))))........)))))))..))))))))..))))))((((((((((((((((........))))))).))))))).))...............)))))))))))))) (-387.40)
Adalimumab_HC_topk_224	1416	0.4569209039548023	-401.8	-0.28375706214689267	...((((.(((..((((((((((((((((((...((((((((.(((.(.(((((((..(((((((.(((((((((......(((((((((.......))).))))))...(((((((.(((((((..(((((((...(((.....(((((((.((((.((((.(((.((((.....)))))))...))))..)))))))))))((.(((((........)))))..))(((((...((....)).))))).((((.((((((((((.......))))))................)))).)))).....(((((((.((...(((..((((.(.(((((((((....((((((...((........))..))))))......(((((((..(((.((((((((((((.((((..(((.((.(((.......))).)).))).)))).)))).....)))))))).)))............)))))))...((((((((....((((((.(((..((((......))))..))))))))))).))))))))))))))).).))))..))).)))))))))......)))))))))))))))))...((((....((((((...((...(((((....(((((.((.......)).)))))....)).)))....))...)))))).....))))..........))).))))....))))))))).....)).)))((((((.......))))))((((..(((.((((((((.(((((..((((..((((((((((((..((((.....))))...)))))))....)))).......)..)))).)))))..((((.((((.((....)).))))))))..((((....))))........)))))..))))))))))..(((((..................)))))((((.((.(..(((((......)))))..))).))))))..))..)))))).))).)))).))))..))).))))))))).))))))((((.((((..(((((((..(((((....(((.(((.((.(((....(((.(((((..(((((..(....)..))))).(((.(((.((((.(......).))))))).)))............))))).))).....))))).))).)))(((((((...((((....))))))))))).((((((....((((...(((....................)))...))))..))))))...))))).......)))))))..)))))))).((((...(((.((....((((((((((((.(......))))))))))..)))....)).)))...))))....(((.((......)).)))......))).))))... (-401.80)
Adalimumab_HC_topk_85	1416	0.4583333333333333	-414.0	-0.2923728813559322	..(((..(((((....)))))......((((...))))....((((((((((((((((((((......))))..))))))))).))))))))))........(((((.(((.(((((.....((((.((.((...(((((......((((((((......(((.....)))...)))))))).)))))...)).)).))))))))).)))(((((.((...((.(((.(((..((..((((((((.((((((....))))))((((((...(((((((((((((....((((((....(((((((((...((..((.....))..)))))))))))(((((((((....))))..((((.....))))....)))))....((...((((((((((((((((((..(.(((((...(((.......)))...))))).)..)))).))).........((((....(((((............)))))...))))((((((((..(..(((((...))))))..)))))))).........(((((((((((((((((((((.(((((((..((.((.((((......((...))........)))))))).....))))))).))((((((.....(((((((......)))))))........((((((.....))))))))))))..............((((..((((((.((((...)))).....((((......))))...))))))..)))).....))))))))).)))))))))).....(((((((((((........))))....))))))))))))))))))...))(((((((((((..(((((......(((((((((((((....)).......(((........))))))))))))))(((((((((((((((.........(((...((......))...)))......((((.((((......(((((((((...((((.((......))))))...)))))).)))...)))).))))...))))........))))))...))))).....(((((....)))))..((((.......))))))))).))))))))))).(((((((.....(((((.((((((((((.........(((((.......))))).........))))))..))))..)))))...(((.((((...((((((.((.(((..((((((((((.....................))))))........)))))))))))))))...)))).)))((.((((((........)))))))).)))))))..))))))..)))))))))))))..))))))...))))))))..))..))).))).))...)).)))))..))))).... (-414.00)
Adalimumab_HC_topk_17	1416	0.4583333333333333	-408.3	-0.28834745762711866	..((((((((.......(.....).......))))).)))........((((..((.((((((....((((.....))))....)))))).))..))))..(((((((((((...(.((((((..(((((...(((((((.......)))))))...........((((((((.((.((.(((((.(((((.((..(((.((((((((..((..((((.(((((((.((((.((((((....(((((((((((...((((((.((.......((((((((...........(((((...............)))))......(((...((((.(((..(((..((....)))))..))).))))..))).((((((((....(((((((....((((((.((((((....((.(((.((((((((........)).))))))...))))).)))).)).))))))...)))))))....(((((((((...(((.((.(((((..(((((....))))).....))))).))..)))....)))).))))).))))))))......)))))))).....)).))))))..)))).....))).))))..)))))).)))).)))))))..))))..))...((.(((..((((((.......(((.(((((((((...)))))).)))....))).....))))))..))).)).((((...)))).(((((((...))))))).)))))))))))))))))).)))(((.....((((((((((((((..((((((((((((((.((((.((((((((......))))..((((((((.(((..((((.(((((((.(((...((((.......))))...))).)))..))))..))))...))).)).))).)))(.((((((((.....(((..(((..(((((.(((.((((........)))).)))...)))))..)))..))).....)))))))).)......))))...))))..))))......(((....(((((......(((.....)))........))))).......)))..(((...)))....))))))))))..)))..........))))))))))))))......(((((........))))))).)).)).)))))))).(((((....)))))((((....))))(((.(((((((.((((.(((((((..((((.....................(((....)))((((.((..........)).)))).))))...)))))))))))....))))))))))((((((((((....))))))))))..((((((.(((((....)))))...)))))).)))))..)))))).)))))...)))))))... (-408.30)
Adalimumab_HC_topk_261	1416	0.4590395480225989	-408.31	-0.2883545197740113	..(((((((((....................................)))))))))((((((((..((((..(((.....)))..)..(((((.((((((....))))))..)))))((((((((((((((.(((.(((((((((((...((((..((((.((((((((((.(((..(.((..((......))..)).)..))).))))))).))).)))).......(((((...)))))((((.....)))).((((((...((((((...)))))).....(((((....((((.(((......)))))))....)))))(((((......)))))((..((.((((((((((.((((((((((((((((..((......)).....))))))))).))))))).))))).)))))...))..))..........((((((.(((......)))))).)))))))))........)))).)))))))))))))).((((((((.(.((.(((((((((((.(((.(((((((((((...)))......((((((.(((.(((((((((((((((.(((((((.((((((.((....)).))))))..............((((((..(....((......)).....)..))))))(((((......)))))...(((.(((...................))).)))..)))))))..(((((((((....)))..(((........)))((((((((...))).)))))...)))))).(((((((.((((..............)))))).)))))................)))))))))))))))..)))(((...((((.......))))...))))))))).....(((((((((.((.((((((((....(((((((.....(((.......)))...(((((((............((((........))))...((((...((((.(((....)))))))...))))(((((((.(((((..((....((.(((....((((..(((((((.....((((((......))))))..)))..))))..))))..)))))..))..))))).)))))))))).))))(((.(((((.(((..........)))..))))))))..........)))))))...)))))).)).)).))))))))).(((((((..(((....)))..).............)).))))))))).)))))).))))....)))))))..)).)))))))))))..)))))...))))))).)))..)))))((((((((.(((....(((..(((((((((((...)).))))))))).....)))...))).))))))))..))).......... (-408.31)
Adalimumab_HC_topk_158	1416	0.4583333333333333	-394.6	-0.27867231638418083	.................((((((.((((........(((((((((((((((((.(((.((((((((((((.....((((((((((((....))))))))))))..(.((((((((...)))).)))).))).)))))))(((((((((..((((.(........))))))))))))))......))))))))))))...))))))..)).))).......))))(((((((..((((((((.(.((((....((((((.....))))))....)).(((((.(((.......))).))))).....(((((((((.((((((.(((((......))))).))............)))).)).)))))))((((((((....((((((((((((.(((.((((((((((((.(((((....((((.(((.........((((.((((((......)))))).))))(((((((..........)))))))...(((......))).((.(((((((((......((((..((((......))))....))))........)))))))))))((((........))))..))).))))...)))))..)))..))))..))))).))).))))).(((((((((..(((.(((...)))...((((......))))....(((...))).......((((((((...((((.....((((.(((..........(((((......)))))....))).))))...)))).......(((((((...((((((..((...(((((..((.((...((((..((((.(((((.((((.((.(((...))))).)))).((((((((....)))))...))).)))))))))..)))).....(((((......))))).)))).)))))...))...)))..)))....)))))))((((.(((.(((.((((((.....))))))))))))))))...)))))))).....)))))))...)))))...........((((...))))...(((((((((((..(((((.....((((......))))....))...((((((....(((((((((..(((.....((.((((((......)))..))).)).......))))))).)))))....))))))))).)))))))))))))))).))....)))))))).)).)))).)))))....)))))))........(((.((..........)).)))((((((((((((........................))))))....))))))((((((((..(((...........))).....(((((...((((...................))))...))))).....)))))))).)))))) (-394.60)
Adalimumab_HC_topk_206	1416	0.4548022598870056	-394.6	-0.27867231638418083	(((((........................................((((((...((((((((((..((((........))))((.((((((((((((((..((...))....)))).)))))))))).)).(((.(((((((((....((((.((((((..(((((.(((((((.((((.((((.......(((((.((...(((((...(((.(((.((((((.((((..((((.....)))))))))))))))))..)))((((((((....(((((((.............))))))).(((((....((....)).....)))))......((((((.....))))))...((((.....))))..((.(((((..(((((((((...)))))).(((((((((...(((((((.(((....((((((((((((....((..(((((((((((((((............)))))....))))))))))..))..))))).)).)))))..((((......))))))).))))))))))))))))))).))))).))........((((((.((....))))))))..((((.((...((.(((((.....(((((((.(.(((((.(((..(((((((...........)))))))..)))..))))).)))).)))).......))))).....))...)).)))).....))))))))....(((....)))..(((((....))))))))))...)).))))).))))))))(((.((.....(((.....)))....))))).))))))).)...)))).))))))))))))).)))))).)))....((((((((..((((((((((..(((((((((((.......((..(((((....(((..(.((((((.((((...........))))...)))))).)..)))....)))))..))...)))))))..))))..)))))).((((((((((..(((((((.....((.((((..((((..((..(((((.........(((((((((..((..((((......))))..)).))))..)))))..........)))))))..))))..).)))))))).))))..)))..(((((((........))))))).....(((((.(((...((.((((..(((((...........)))))..)))).))..))))))))..))))))).))))...))))))))...))))))))))...))))))...........................(((((((....)))))))(((((((((......)))).)))))...)))))....((((((..............................))))))............ (-394.60)
Adalimumab_HC_topk_245	1416	0.4590395480225989	-385.3	-0.2721045197740113	((((((((((.((((.((((((.(((.(((((((...(((..((((((((((((.(((((((.((........))))))))).))))((((((((((((...(.((((.((.(((((((..((((((((.((((((((.(.....(((...)))....).))))))..)).))))))))((.((((.....))))))((..((((((((((.........((((((.((((((((..(((.((((.(((((.((((((((((((((......(((..(((((..............((.............))...((((..((((((((((((....))))..)).))))))..)))))))))..))).....))))))).).)))))).....(((((......(((((((....((.......))....))))))))))))(((((((((((((((((((((((......((((.((...))..)))).......))))).)).))))))..))).....((((((((((((...((((...))))....))))).........)))))))...)))))))...((((....)))).......((........)))))))..)))).)))..))))))))..))))))))))).)))))..))...........))))))).))..)))).)...))))))).(((((......)))))........((((((......)))).))....)))))..((((((..........(((((((((......((((.(((((((.((.(((.((((((..(((.(((((.(((((((..((...)).)))))))(((.((((((((.......)))))))))))...))))))))..((((..(((((..(((..((((((.(.......).)))))).)))...))))).....))))......((((........))))((((((((((.....))))))).)))....))))))...)))....(((((.((((((...............))))))..)))))...........((.....))..)).))))))).))))..((((...............)))))))))))))))))))...........(((..(((((((((....((((..(((((.((((....)))).))..)))..))))....((.((((((((((((...((..(((................))).))))))))..)))))).))))))))))))))..............))))))))..)))...))))..))).))))))))).)))))))))....)))))......((((((..................))))))...(((((........))))). (-385.30)
Adalimumab_HC_topk_91	1416	0.4604519774011299	-389.3	-0.27492937853107347	.(((((.........((((((((((..((((.(((((.((....(((.......)))...))))))).)))).((((((((...((((((((.....(((((((((((((...((((((((((..((.((.(((((...(((((((((.(((((.......))).))..))))))))))))))(((.....)))..)).)).))))))))))......(((...(((((.....((((.......))))....)))))..)))......(((((.(.((((((..((.........))..))))))))))))....))).))))))))))(((((......)))))...(((((.(((((...))))).)))))..))))))))))))))))..((((((..(((((..(((((((.....)))..)))))))))...))))))...(((((...(((.((........)).))).)))))..))))))))))..(((((.((.....(((((...)))))....))))))).)))))......((((((((..(((((...(((((((((..(((..((((........))))....(((((...))))).....(((((.((..(((((((..(((.(((((.......))))).)))........((((((((..((((.(((...(((((((............((((....((((((......((((((...)))))).........)))))).))))..((((((((....))))).)))......(((((.((((((((........((((((....)))).))....(((.(((((..(((....)))))))).)))(((((.((......)).).))))..(((((....))))).((((.((.((...)).)).)))).....(((.......)))...)))))))).))))).............(((((((((((......))).)))))).)).))).))))))).))))......)))))))).....((((((.....((.......)).....)))))).))))))))).)))))..(((.....))).((((((((((.((((.(((..((((((.((.((.((.(((((((.(((....(((((....)))))...((((......))))........))))))).))))))).))))))))......(((....))).((((((((((....(((...........(((((...((((((((.((((((.((.............)).)).))))...)).))))))...)))))...)))...))))))))))))))))).)))))).))))..........))).)))))))))))).))..)).)))))).... (-389.30)
Adalimumab_HC_topk_200	1416	0.4604519774011299	-419.9	-0.29653954802259885	..((.(((((((....)).)))))..)).......(((((((......(((((.....((.(((((((((..((((((((.((((((((((((((((.((......(((((((.(((((((...........)))))))))))))).................((((((((.(((..((((.(((......))).))))..))).))))))))....(((((...((((((........((((((.....))))))........)))))).....))))).....)))))).))))))))).........))).)))))((.((((.((.((.((((((((((.....(((((..(((........))).)))))))))))))...((.((((((((((......)))))))))))))).)).)).)))).))..(((((((((..((......)).)))))))))....)))..))))))).((((((......)))))))).))...))))))))))))((((((((.(((((((((((((((((((((.....((((((((.....))))))))......)))).((((.....))))..(((.(((((((((((.((((((((((((((..((((...((((.......)))).)))))))).)))........(((((((.......(((((.........)))))......((((.............)))).....(((((((.((((((..((((.(.(((((((....))))))).).((((((.(.(((((((((....))))).....((((((((((((((((((((..(((.....)))..)))).)))))))))))))))).....)))).)))))))............)))).))))))))))).))((((.(((.((.((((((((((((((((..((...............))..))).).))))).))))))).)).)))..))))..))))))).))).)))).)))))).....(((((((((.((((..(((((.((((....((.((((((......)))))).))....)))........).)))))....)))))))))))))(((......)))..))))).))).....((((((..........((((((.....((((((((((((((........))))....))))))))))..)))))))))))).......(((((((.((....((((..((........))))))....)).))))))).....)))))))))).......)))))))(((...(((((..(((((((((.((((......)))).)))).................)))))....)))))..)))......)))))))) (-419.90)
Adalimumab_HC_topk_70	1416	0.4604519774011299	-402.1	-0.28396892655367234	..(((....(((((......((((((((..((......(((((((.((((((((((....).)))))))))..)))))))))..)))))))).)))))...)))(((((((.((((...((((((..((((((....(((((((....((((((...((.(((.....)))))((((((((..(((.....))).)))).))))((.((((((((...))))....)))))).))))))((((((.....)))))).((((((((......(((..(((((((.(.(((......(((((.((.(((....)))..))..))))).(((((((.((((((........)).))..))))).))))..............((((..(((((((((((((...((..((....))..))....)))))).)))).)))..))))...((((((((((...(((((..........))))).....)))))))).)).....))).))))))))..)))....))))))))))))))).((((((........))))))(((((((.......))))))).(((((((((.(((((...((((((..(((((((((..(((((.((((((((((.................))))).)).))).)))))....((........))...)))))))))..........(((((((......))).))))..(((((((((.(((((((..((((((((.....((((.(.(((..((((..(((((((((..(((......)))..)))))))))..(((..(((...((....))..))))))))))..))).)))))........((((((..(((.(((.((...)).))).)))....))))))))))))))..((((((...........))))))..........(((((.............)))))......(((((.......)))))..))))))))).))))))))))))))))))..))).....)))))).(((.(((....))).)))..)))))).)))))))))))))))))...(((((((((((..((((.(((((((...))))))).......(((......)))....(((.......))).))))..)))))..)))))).(.(((((((((((....(((((((...((((((...(((....)))...)))))).(((((((((((((............((((((...((((...((((((((((.............))))).))))).....)))).)))))).......))))).))))))))(((((((((........)))))))))..))))))).....))))))))))).).((((((...)))))) (-402.10)
Adalimumab_HC_topk_196	1416	0.4611581920903955	-402.3	-0.28411016949152545	...(((....(((((((((((((...............(((.......)))((.((.((((((.....(((...)))....)))))).)).))...((((.....))))..(((((((((...(((.(((((((((((.((.......)).).)))...))..))))).))).)).)))))))...)))))))))))))....)))........((((..(((..(((((((.....)))....))))(((....)))((((((((((..(((((..(((................(((.((((((((((((.........))).))))))))).))).(((((....((((((.((.(((((.....(((((......((((((.(.....).)))))).((((.(((((((....(((.(((.(((((...((((((((.(......)..)))))))).........(((((.((((((((...((((((((.(((((((...((((((.(((.......))).))))))......))).)))).((((...(((.((((((.....)))))).....))))))).))))))))...).))))))))))))...(((((.(((.((((.((....((((((..((((.....))))............((((((((((...(((...(((((.(((((((..((.((((((((((((((((.....(((....)))..(((........)))......((((...(((((......))))))))).))))))))))))))))))..((........))....((....))((((..((..((((.(.((((.((((.((....)).)))).)))).).))))))))))(((((....))))))))..))))..))))))))...))))..)))))).(((((((.((((((.(((.((.......)).))).)))))).)))).))).(((((((((((.....))))).))))))))))))..)).)))).))))))))((((((....((((.....))))..))))))..(((.....))).))))).)))))).)))))))...)))).......(((((((...((.((((((.......((((.(((...(((((((...)))))))))).))))(((((..((.((((((.......(((((.(((((((........(((..(.((.............)).)..))).))))...))).)))))))))))))..))))).(.((((((......)))))).)....)))))).))...))))))).)))))......))))).)).))))))......)))))..........))).)))))...)))))))))))))..)))). (-402.30)
Adalimumab_HC_topk_243	1416	0.4611581920903955	-397.1	-0.28043785310734465	(((((...(((..((((((((((((((((((((((....(((((.((((((....)))))).)))))....((((((((...((((((.(((..((((((.....))))))..))).)).((((((((.((.((((((((((((((((..............)))...))))))))).))))))))))))))(((((..(((((((((((((.(((..(((..((....))..))).)))...)))))......((((((..(((((((((.((((((.((...((((......(((((((....)).))))).......(((((((((((.....(((((.....(((((((((..(((((((.((((((((.....(((.....))).))))))))..)))))))..)))).)))))..)))))(((((......))))))))))))))))......(((((((..((......))....)))))))..))))..)).))))))..))).))))).)..))))))..))))))))..)))))...((((.....((((((((....)))).)))).....))))((((......))))......((((...((((((..(((.(((((((...(((((((((.(((((....))).))..(((((((....)).))))).((((...(((((........))))))))).....)))))))))...(((((..((((((((((......((((.(((....(((((....)))))..)))))))..(((((((...(((((.(((((((..(((..(((((.((..(((((..((((...(((...)))....))))..))))).))))))).((((............))))...(((((......))))))))..)))...((((...))))...............)))))))))...))))).)).....((((.........))))...(((((((........((((((.((((.....(((...(((....((((((......))))))....)))...))).......)))).....))))))(((.(((......))).))).((((((((.(((((.....))).))..))))))))..)))))))((((((.....))))))..........))))))))))..)).)))))))))).)))..)))))).....)))).....................)))).))))))))....(((((....)))))...............))))))))....))))))))))))))....((((((((.....))).))))).(((((((((.....))))))))).................)))...))))).............. (-397.10)
Adalimumab_HC_topk_37	1416	0.4611581920903955	-404.6	-0.28573446327683616	...((..((((..((((((((..(((((((....((((....((((((((..(((((((....)))).))).......)))))))).((((..((((((..((((.(((..(((....((.(((((.(((.(((.....))).)))...))))).))..))).)))...))))..)))))))))))))))))))))..))))))))))))))..((.(((((..(((((((((...(((((.(((((((((.(.(((..((((..((.(((....))).))...)))).....))).).)))))))))....(((((((((((.((..(((((......)))..))...)).)))))).)))))..((((((...((((((............))))))..(((....))).)))))).......((((((.....(((((.((..((....))....)).))))))))))).(((.((((((((((...(((((((((.(((((((((......(((.....))).(((((.((((........(((..(((((((((.......))))))))).)))........))))))))).........((((((((.(((.(((((((.(((.((((..(((((...(((....)))))))).((((......))))..(((.....)))........))))))))))))))....))).)))))..))).....(((((......)))))...(((((((..(...(((......))).)..)))))))....((((..........)))).........))))))))).)))...)))))).)))))))))))))((((((((((((((.........((((((....((((.((((((((((((.((.(.(.(((((((..(((((..(((((((((...........((((.............)))).....))))))))).....((((.(((((((.((..........)).))))))).)))).(((....))).(((.(((.....(((...(((....(((.((((((......))))))))).....)))..)))...))))))............)))))))))))).).).)).))))))...........))))))))))....))))))..((((((((..((((((.(((......)))))).))).............((.(((((((((((..((((((...((((((.(((((...((...((.((((((((........)).)))))).))...))...))))).).)).....)))...)))))).))))))))..))).))..)))))))))))))))).....)))))).))))).)))).))))).))))))).. (-404.60)
Adalimumab_HC_topk_276	1416	0.4611581920903955	-403.3	-0.28481638418079097	..(((.(((((......(((((((...........((((((((((((((((((((((...((((((((....((((((((((((........))))..))))))))(((....(((((((((.((((((((((((..((((......)))).......((((.(((.....))).)))).((((.(((..((((...(((((((..((((((.....((((((((((((((.(((((((((..((....(((.((((.((..(.....)..)))))).)))....))..)).....))))))).)))...)))))))...))))))))))(((((((((...........))))...)))))...........)))))))..)))).......(((((.((((((....(((.((((((.......)).)))).)))(((((.....))))).)))))).))))).............))).)))).....))))))))..(((((((((((.....(((.(((.(((.((((.((((..((((((((((((.(((.(((((((((((((((.((((..........(((((..(((.((((((...)))))).)))...))))).(((.(((((.(((((.(((.....))).)))))....((((....((((.((((.....((..((((((((.......((((((((...((((.((.(..((((..((((......)))).))))))).))))))).)))))..........))))))))....((((.((((................)))).))))(((((.....)))))..........)).....)))).))))...)))))))))))).)))))))))))))).........(((..(((..((((((((.......)))))))).)))...)))..(((..(((........)))..)))...))))).).)).))))).))))))).)))).......))))...))).))).)))......))))))))))).......((((((((((...(((.(......).))).)).))).).))))......)))).))))).))))...)))))))))))......).))))))))).......((((((((((...)))))..)))))(((.((((..((((.....)))).)))).)))(((((((...((((((..(((.((..(.....(((((((.......((((..............)))).......))))))))..)).)))..)))))).....))))))))))))).)))))).......((.(((((.((((((((........))))))).).))))))))))))))....))))).))).......... (-403.30)
Adalimumab_HC_topk_222	1416	0.461864406779661	-413.6	-0.29209039548022603	..(((((.(((......))).)))))((((.......((((((((((((.((((((...(((((((((((((((.((((.((..(((((((((...((.(((.((((((((.((((((......((.(((...((((.(((.....))).))))....)))...))......))))))(((((.((((((((((((((.....((((((((......((((....(((((((((.......((((((((((..(((((((..(((((((.....))).))))..((((((......)))))))))))))..))..((((((((.(((((((.....((((...................))))..))))))).))).((((((...))))))..)))))...((((((........))))))))))))))........(((....(((.((((((((((((.(((.((.((......)).)))))((((.(((((......))))))))))))))))..........))))))))..)))))))).))))....))))...))))))))..)))))).)...))))))).)).)))....)))))))).))).)))))))..))))..)).)))).((((((...........))))))......((((((.....))))))........(((((.........))))).......)))))))))....))).)))....)))..((((((((.((((((.((((.(((((((....)))))))(((((.((((....((((((((((((.........(((((((((.(.((((((........)))))).))).)))).)))((.((((((((...((((((((....))))...))))...)))))))).))(((((...((((((...)))....)))..))))))))))))((((((((((((((....)))))))))).))))...)))))....)))).)))))........)))))))))).))))))))))).))))))).))))).......((((..(((((..(((((....((..(((.....))).))....(((((((((.((((((.(((((.......)))))...((((((((((((((((.(((((((((((((.....))))..))))))..))).((((((....((.(.((...(((((((...(((...............)))...)))).))).))).)).......))))))))))))))...........))))))))...))))))....((..((((.(((((((.((....)).)))))))))))..))..)))))))))....................))))).)))))..)))).)))).... (-413.60)
Adalimumab_HC_topk_129	1416	0.461864406779661	-399.9	-0.28241525423728814	..(((...((.((((........)))).))......((((((((.....((((((..(((((((.........)))))))....)))))).(((((((((..((((((.(..(((((.(((..((..((((.((((((((.(((.((((((((((((((((.....(((((((.((((((((((..((((.(((((..(.((((((((((((.......(((((((.(((.((((.....)))).(((..(((((((.(((((((..((..((((((.((...........((((((((((....))))).)))))...(((.(((((......)))))))).....)).)))))).)))))))..)).)))))))..)))..((.((.(((((((((((...)).))))))))).)).))((..(((.((((((.(((...))).))))))...))).)).)))))))))).(((((((.(((..((((.((((.....(((((.....((((.(((((((...((((((((((.((.....))))))..))))))..((((....))))(((....))).....((((((..(....)..)))))).........((((((.((.(((((((.......))))))).))))))))........))).)))).))))...)))))..))))))))..)))...)))))))......)))))..................))))))).)..)))))...))))........)))))).((((((((....(((.....)))..))))))))...(((........))).......))))...))))..))).....)))))))))))))........))).))).))))))))(((......))).(((((((..(((((((.......))))))).........))))))).(((((...((.((((........)))).))....))))).........))))...))..))).)))))((((((....(((((....(((.(((.....((((.....))))...........(((..(((((...)))))..))).....)))..)))....)))))...))))))..).))).)))..)))))))))........))))))))....((((((((((((((((........)))).....((((((...((.((((((((.((((.............................))))....)))))))).)).)))))).................)))))))..)))))..)))(((((((..((((((..((..((((((((...((((((((........))))))))....)))))....))))).)))))))))))))....... (-399.90)
Adalimumab_HC_topk_100	1416	0.461864406779661	-405.9	-0.28665254237288135	..................(((((.....(((((((..((((((((((.((.(((((((.(((((((.((((((.(((.((((((.((((((((.(((..((((((((........))))))))..))).)))))))).)))))))))....((((((((((((.(((((((.(((..(.((((((......)))))).)..))).)))))))..(((((((((.(((((..............((((...((((.((((((((((.((((((((((.((((..(((............((((((....))))))...(((..((((((.((((((....)))).)).))))))...))).(((((...(((((.((......)).)))))...)))))..((((.(((((.(((...((((...))))...)))..))))))))).)))..))))....((.((((((((((((.((.((.((.(.((....((((....)))).((((((.((((.....))))))).))))).).)))))).)))))))))).)).))))))).)))))((((....))))....(.(((.(((....))).))).)...............(((((..(((((((.(((..........))).....((((......))))...............))))))).))))).((((((((......))).))))).......((((......)))))))))))))).)))).))))..(((((...))))).((((.((((((.((((((..(........)..)))))).))))))..))))..))))).)))..)))))).)))))))))))).((((((((...((((...((...)).....))))...))))))))......)))))).)))....))))..))))))).))((((.((((....(((((((((....))))))))))))).)))).(((((.(((.((((....)))))))))))).))))))...)))).)))))))((.((((((..((((((.((.((.((((((......)))))).))...))))))))....((((((((.((((.........))))......((((((..................)))))).((((.......)))).))))))))....(((((...((((((((((.......)).))))).))).))))).........(((((.((((..(((((.....)))).)..)))).)))))..)))))).)).....((((.(((.....((((..((....)).))))...........(((((((((........)))))))))............)))..))))...............))))).. (-405.90)
Adalimumab_HC_topk_73	1416	0.461864406779661	-428.8	-0.30282485875706217	.............(((((..((((((((...((((((((((...((((((......))))))...)))...(((((......)))))(((((((((.(...((((((..(((((((((((((((.....)))))))))))))))..(((....)))..(((...)))))))))..).))))))))))))))))....))))))))(((((((((((......))))))))))).........(((((...(((((((.((........)).))(((...((..((((.(((....))).))))..))...)))..((((((..((((((.(((((......))))).))).)))))))))....((((((((((...(((.((((((.((((((.(((((((((.((((((....))))))....((.((((.....)))).))((((.((((((((((((((((......(((((........((((.((((((((((((((...)))))))..(((......)))((.(((((((.(((.....))))))....))))))........(((((......)))))))))))).))))........))))).......((((((((.(.((((..(((((..((((((....)))))).(((((......)))))(((((((((....((((((........))))))........((((((((.......((((((......))))))..(((((((..((..(((......)))))..))))))).............))).)))))......(((((...)))))(((((..(((((.(((.....))).)))))))))).)))))))))..)))))..))))).)))).))))((((((((.(((((((((((.((((((.((((...)))).......((((..((((.........(((((.(((.(((...))))))(((((((.((((((((((...))))).))))))))))))..((((((..(((((...............)))))...))))))))))).........))))...)))).....(((.(..(((...)))..).)))..(((((..(((.(((((((..(((...((((........))))...))).))))))).))).))))))))))))))))).))))).)))))))).))))))).)))))).))))))).....................))))))))).))))))((.((......)).)).......))))))))).)))))))))))))))...)))))(((((......(((((.(.(((((((((.(((........)))...))))))))))))))))))))...........)))))... (-428.80)
Adalimumab_HC_topk_52	1416	0.461864406779661	-384.9	-0.27182203389830506	.(((......)))..............(((((((...(((.......((.((((.((((((((.((......))))))).))).)))).))(((((((...))))))).(((.(((((((((((((((((...((((((((.....))))))))....)))..(((.((((..((....))..)))))))(((((.(((..(((((.(((((((.....)))..(((((((..........((((((((.((.(((.(.((((((.(((.....((((((...((((...((((((..(((....)))...))))))...))))....((((.((((((((.....))))).....))).)))).......((((.....((((.........)))).....)))))))))).....)))..)))))).)....))).))...)))))))).)))))))..((((((................))))))...((((((...))))))...(((..((........))..)))..((((..(((((..((....)))))))..))))...(((.((((.(((((((..........(((((....))))).................((((......(((((.............)))))...))))(((....))).(((((((.....................))))))).)))))))))))))).((((((...))))))...)))).)))))))).))))).(((((((....)))))))........((.((((.(((........))).)))).)))))...)))))))))))...)))((((((.((((.((((((((((((((((((((.(((.(..((((((......)))...)))..).))).((((((((.......)))))))).................(((((((((((((.(((((.......((((((....))))))((((((((((((......))).))))...)))))....))))).)))).))).....((.......)).......(((((((((.(((((...(((((.(((((((.(((((....((((((.....(((.......))).((((((((((((((((((....(((.....))).....)))))))...)))))..))))))....((((((..............))))))....)))))).......(((((((..((((((.....(((......)))))).)))....)))))))))))).))))))).).............)))).....)))))))))))))))))))).)))))))))...((...))....))))))).)))).)))).))).)))..)))...))))))) (-384.90)
Adalimumab_HC_topk_144	1416	0.461864406779661	-404.2	-0.28545197740112993	.((((.(((.................((((.((..(((((..((......(((((((.(((((((...(((((...(((.(((((((((((((...(((((((((((((((((.....)))))))(((((.(((.(((((........)))..))....))).))))).((((((((.........(((((.((...(((..((((((((......((.(((((((((((((((........((((....((((((((.............)))))))).....))))....((((((..(((((.(((.(((......)))...))).))))).))))))......(((.(((.(((((...))))).))).)))(((..(.((((......)))).)..))).......)))))).))))))))).))......))))))))))).))))))))))))))).((((((.............))))))..((((((.....))))))....(((((....)))))(((((((((.(((((((((((((((.((((.....)))).))))..)))))))).)))...)).))))))).......)))).))))))...((((((...(((.(((((((((((...........))))........((((((.....)))))).......)))))))..)))......)))))).....(((....)))(((((.......)))))......)))))).....))))))).)))))))))))))))......(((((((((((((((((....(((..((..((((.(((....((((((......))))))(((((.((((((.((.((....)))))))).....)).)))))....)))...))))..))...))))))))(((.......)))...........))))))))))))((((....))))(((...(((.(((((((((....(((((.(((((..(..((.(((....)))..))....)..)))))..(((.(((((.....))))).))).........................(((...((......))...))))))))...))))).)))).)))...)))))).)))).(((((((((((((((((.(((((...(.(((.(((..((...((.(((((.(((((....))))).))))))).))..))).)))).))))).......................))))))))))))..)))))..................))..)))))..))))))....(((((.((((.(((((.....))))))))))))))..((.((((((.((((................)))).)))))))).))).))))...... (-404.20)
Adalimumab_HC_topk_181	1416	0.4625706214689266	-415.1	-0.29314971751412433	..(((((..(((..(((((.........((((.((((((((.((.((.((((((((..((((((....))....((((((((((((((((((((((((((((.(..((((((((((((((.......(((.(((.....))).))))))))))))..)))))..)..)))))))))))((((..(((((((.((((......))((((((((..............))))))))..............(((((..((.((((....)))).))..)))))...((((((((((.(((((.........))))).))))))))))..(((((.(((.((.(((...))).))(((((...)))))((((((((((((....)))).......))))))))....))).)))))...)).))))))).))))......((((((((.............))).)))))(((((............))))))))))))))))))))))(((..((((((.((((((((((((.((........))...)))))).)))))).)).))))....)))....(((.(......).)))...((((....))))((((((..(((((((....(((((....(((((((.(((((((((((((((((.(.((......)))...))).................)))))))..))))..))).)))))))....)))))((((......))))......((((((.....(((......)))...))))))(((......((((..(((((.((((....((..(((((((.(((((((((((.(((.(((...))))))..)).))))))))).)))))))..))))))...)))))..))))......))).....))))))).))))))))))...).))))))).))..)).)).)))).)).))))........)))))..)))..((((..(((.((((((.(((((.(((..((((((((((((((.......(((((...((((.....((((..(((((....((.((((..........)))).))...)))))..)))).......))))....))))).......)).((..(((((((((...(((...........)))...)))))))))..)).(((......)))........))))))))))))((..(((.....)))..))..((((((((((.(((((...(((..(((((((.((((.((((((.....(((.((.....)).)))....))))))...))))))))))).....)))....)))))))))))))))))).)).))).))).....))).)))..)))).((((.((.....)))))))))))....... (-415.10)
Adalimumab_HC_topk_188	1416	0.4625706214689266	-421.7	-0.2978107344632768	..((((((......))))))...((((((..(((((((...(((((......((((((((((((.....))))))))))))...))))).((((((((.....((..(.(((.(((((((((((.(((((((.((((((......)))))).......(((...)))((.((.(((.....))))).)).(((((((...((((.((((((((((((((((((.((((((........((...((((((((.(((.......((((((.....((((((((((.((((.......((((((....))))))((((((.....((.((..((....(((..........(((((..((((.....))))..)))))((((((.....((.(((((((((((....)))))))))))))))))))...)))....))..)).))...))))))..(((((((..((((((.((....((...(((((.((((.((((((.....))))))(((((...))))))))))))))...))....)).).)))))(((((((((((...(((...(((((((((..((.....((((.........))))..))..)))))))))(((((.((.((((...(((((((...........))))))).((.(((((((((((...)))))).))))).))......)))).)).)))))....(((((.((.....((((.......)))).......))))))))))....))))))))))).))))).))....))))))))))))))......))))))........))).))..)))))).))...)))))).)).))))))..))))))))))..))))...))).))))..(((((....))))))))))))))).)))).)))).))).)..)).....))))))))..))))))).........((((.(((.(((((((......(((((((.(((...))))))))))((((((.(((((..((((((((.(((((.((((.............)))))))))...............(((((..(((.........))).)))))..........))))))))...))))).((((.......(.((((((...(((((.......))))))))))).)((((......)))).)))).....((((((.((....)).)))))).))))))(((((((...................))))))))))))))..(((.......)))((((((..........))))))...((.((((.((.((((((((((....)))))))))))))))).))...))).)))).............((((((((.....)).))))))...)))))). (-421.70)
Adalimumab_HC_topk_67	1416	0.4625706214689266	-425.4	-0.30042372881355933	..((((((......)))))).(((((.(((((((((.(((.(((((((.((.((((((((((((..((((((.((((...((((((.((((((((.((((((((.(((((((......)))).))).).))))))).))))))).).))))))......)))).((.(((.......)))))(((((((((.(((((((......)))).))).)))))))))...)))))).......(((((((...)))))))..((((....))))((((((.((((((.(((((.(((((((..((((((.(((.....(((.....)))))).)))))).)))))))....))))).....((((((((((..((((((((((..((((((......))))))..))))..(((((((.....((((.(((..(((......)))((.((((...((((((((((((................((((.((((((.(.(......).).)))))).))))(((......))).))))))))...........))))..))))))(((((((((((((.((((..((((.((..((((.(((((((......(((((....)))))...(((((((((....((((((...........))))))..............)))))))))......(((((..........))))).......(((((.((...(((....(.((((((.......)))))))..)))...)).))))).......)))))))...))))((((((((.((((....))))....)))).))))....)).)))).)))).))))))))))...)))...((((.(((....)))))))...((.(((((((........(((((((..((...((......)).))..))))))).....))))))).))((((((.((((((((........)))))).)).))))))..))).)))))))))))...))))))..))))))..))))....((((.((((.((((..((((((....(((((..(((...(((.....)))....)))..)))..))....))))))....)))))))).))))..(((....)))(((....((((((........))))))...)))((((......))))...))))))..))))))..))))))).))))).)))))).))))))...)))).....)))))........(((......))).((((..(..((((((...........))))))..)..)))).)))))(((((((.((((((((((....)))))))))).(((.((((.....)))).)))...........((((........))))....)))))))..... (-425.40)
Adalimumab_HC_topk_39	1416	0.4625706214689266	-397.5	-0.2807203389830508	..((((((((..(((........))).....))))).)))....(((((((((...........)))))))))((.(((....((((((((((((((((((...((((.(((((((((..(((.(..(.(((((((((((.(((.(((((((((.((((.(((.....)))))))(((((((.((((((...(((((((......)))).)))...))))))..(((((((.((..(((..(((((..((....))..)).))).)))..)).))))))).....((...((.(((((((......)))).))).))...)).(((((......)))))..........(((..(((((.....)))))..))).)))).)))..((((...(((((((.((((((.((((((..((..((((.......))))..))..)))...)))..)))).)).)))))))..))))......))))))))))))...)))))...)))))))..).)))(((......))).((((((..((((((........)))))))))))).(((..((((((.((....))))))))..))).......))))))..((((((((((((((((..(((((((((((.(((...........))).))(((..........)))..)))).))))).((((((((((((((..((((...................(((((((...))))))).(((((.((((.(((.((.(((...))).))....))).))))....)))))............(((.((((.((((..(((((((.(((((((((((..(((.......))).))).)))))))))))).....)))..))))..........(((((......))))))))).)))..((((....(((............)))....))))......(((.(((((...))))).)))...))))...)))))))).......))))))..))))))))))))))))..................))).)))).))))))))((((((......)))))).((((...))))(((((.(((...)))))))).....))))))))))..(((.((((((..((((....(((((((((.....))))..)))))....))))))))))...)))...((((((((((((((((.(.((((((..((...(((.(((.....((((.........((((((.(....))))))).))))......))).)))....))..))))))...).)))))))......(((((.......(((((((((......))))))))))))))........))))).)))).(((((.....)))))...))).)).. (-397.50)
Adalimumab_HC_topk_247	1416	0.4625706214689266	-396.0	-0.2796610169491525	((((.(((((((.((((.....(((((.........(((.....)))...((((((((((((.(((((((((((...((..(((((.(.(..((((((...))))))..).).)))))..)).)))))))))......((((((((((..(((....(((((..((.(((((((((((........)))...)))))))))).))))).....))))))))))))).(((.((((.....)))))))..)).)))))))))))).((.((((((..(((.((((.((((....)))))))).(((((.((((........(((.(((((.(((((((((...(((....)))....)))).).))))))))).))))))).((((((((((((((((.....((..((.((((.((((((.....)))).)))))).))..))...(((((((((...(((((...((((((..........))))))(((((..((((((((.....((((.....))))...)))))))))))))........(((((.((((((((......)))))))).)))))........((((((......)))))).(((.((((((..(....)..)).))))))))))))............))))))))).(((......)))...............)))))))))..))))))).........))))).)))..)))))).)).....((.((((.(((.((((.((((...((((......((((((((((((((((((((..(((.((.........((...))..........)).)))..)))))...)))).)))..((((((....)))))).((((.((..(((......))).........((((((.(((((...))))).)))).))...............)).))))((((((..((.((((........)))).))...))))))..........))))))))..))).)...)))).)))).))).)))).))..........((((((.(((((...((.((((((......)))))).))...(((((..(((((((...))).))))....)))))..........))))).))))))..)))))....)).))((((((((.....))))))))))))))).))))(((....((((.(((((((((((((...(((.....)))...........((((((((((.(((......)))..))).))).)))))))))))..))))))))))..)))........((((..((((.((((((........((((.(((((((((..((.....))..)))))........))))..)))).......)))))).)))))))).. (-396.00)
Adalimumab_HC_topk_156	1416	0.4632768361581921	-390.4	-0.27570621468926554	.........((((((((..((((((......((((((..((((.((((.((.........)).)))).))))....)))))))))).)).))))))))...(((((((.((((....(((((((....((((...((((((.....))))))......))))......((((((((......((((.....)))).((((((((((....((((((.((((((((.(((..((((.....)))))))))))...((((......))))......)))).))))..)).....)))))))))).......(((((.(((((((((((.((((((((.((((((...))))))....((((.....))))(((((((((.((((((((.((((..((.(((((((((...((((.(((((.((((...))))))..((((..(((...))).))))((((((.(((...((((((((((...(((((((..((((((.(((.((((.(((((....))))).......(((...)))....(((((.((((((.(((((...))))).)))))).)))))......))))))).))))....((((..(((.(((...((((.((((((((((.....(((((........((.(((((......((((((....)).)))).........))))))).........((((.(((((.(((...)))....)))))))))...((.((((((((...((((((.....((((..........))))(((((((......(((((..............)))))......))))....))).......))))))..))))))))))((((..(((.....)))..))))....(((((....))))))))))..))))))))))))))...)))..)))...)))).(((((.((((.......(((((((((....))))))))))))).).....))))))..)))).))).)))))...))))).)))...))))))....))).))))....))))))))).))(((...((((......))))..)))....((((((......)).))))..((((..........)))).)))).))).)))))..........((((((.....))))))..(((..(((((......))))).)))....)))))))))..((((((((...((..(((.(((...................))).)))))))))))))............(((((((.(((....(((((.........)))))....).)).))))))).))))))))..)).))))........))))).))))).....))).)))))..)))))))....)))).)))))))... (-390.40)
Adalimumab_HC_topk_285	1416	0.4632768361581921	-404.2	-0.28545197740112993	.................(((((...............((..((((......((((((((....)))).))))......))))..))((((((((((((...))))))).(((((...(((.......)))..)))))(((((((.....((((((((....((((((((((((((((....(((((((((((((((((((.(((((((.(....((((((((((.((.((((....(((((..((.((((..(((((((((((.....))))))..((.(....).))..((((((((..........(((((.((((((((((((((..(((..((((((.....))))))...((((.....)))))))..)))))....)).)))))))..(((((((.((((....(((((..(((((((.((......))))))))).)))))...))))..)))).))))))))......(((((((((((((...))))).)).))).))).((((((((.(..((((((.(((.(((...))).)))..))))...))..)))))))))..)))))))).......))).))..)))))))))))...)))).)).)))........((((....))))..((((((((..(.(((((............((((((.((.(((.......))).))))))))))))))..))..))))))............)))))))).)))))))..((((.....)))))))))).)))...)))))))))).(((((..((.(((((..((((.....(((((..(((((.(.....).))))).((((((..((..(((((.....)))))))...)))))).......(((((((.((.((((......(((.......(((.(((........).)).))).......)))..((..(((((.(((((((((........)))))))))..)))))..)))))).)).))))))))))))....))))))))).))....(((((((..........)))))))....((((...((((......))))..))))...)))))......))))))).).))))))))..........((((((((((..(((............)))..)))))...))))).(((((((((.........((((.....(((((((..........)))))))....))))(((..(((((....((...(((((((...(((..(((.((((((..(((.((......)).)))..))))))))))))...))))))).))....)))))..)))(((((((........))))))))))))))))))))))))......)))))))..........)))))))))). (-404.20)
Adalimumab_HC_topk_280	1416	0.4632768361581921	-382.6	-0.27019774011299436	..((((((.(((....(((((((...............(((.(((((((......(((((((.((((.(((...(((((((.(((((.....))))))))))))(((((.((((..(((.((((...((((((.((..((((((((((((...(((((.((..((((((((((....(((((...((((....))))(((((((..........))))))).....((((...........(((((.............)))))..........))))((..((.((((....)))).))..))(((....))).......((((..((((((...((((((.................((((....)))))))))))))))).))))......((((((((....((((((((...((((...))))...))))))))((((..((((..(((((((........(((....))).......)))))))..))))....)))).((((((..(((((.(((..(((.((......(((((((....((((..(..(((((((.........))))))).)..)))))))))))......))....)))..))).)))))..)))).)).....)))))))).......)))))...)))))).........))))..)))))))......((.((........)).))....))))))))))))..)).((((.(((((.........)))))...)).)).)))))).)))))))..)))).)))))..........)))..)))).(..((((.(((...((.(((.....))).))...))).))))..)...(((((.(((......))))))))...(((..(((......)))....)))..)))))))(((((..((((...........)))).))))))))))))))).......((((((..((.((....)).)))))))).((((.((......))))))(((....))).)))))))...((((((.(((......(((((.((.((((((.(((((.................((.((...(((..(((((((......((((......)))).....))))))))))....)).))......(((((.((((((..((.((((...((.(((..................))).))...))))))..))))))...)))))..........((((((..........)))))).........(((.......)))(((((............)))))........))))).))).))).)).))))).(((((((......)))))))))).))))))........................))).))))))........ (-382.60)
Adalimumab_HC_topk_54	1416	0.4632768361581921	-399.4	-0.28206214689265535	.(((((...((((((((((((((...(((.....(((((((.(((((............))))).))....)))))..)))...))))))))))))))..)))))(((.(((((((.(((((.........))))).))))..)))....((((((((((((((((....(((((.....))))).....((((.(((...((((((........))))))...)))(((.((((.....))))))).((.((((((((((.(((((......................))))).))))...))))))..))....))))(((((((((((((((...((((((((..((((((.....(((.........(((.((((.(((....)))...((((((..(((..((.((((...(((.......)))...)))).))..))).((((..(.(((((((((((.........((((((((((((..(.(((..((((((.((((.(.(((((..((((.(((..(((..(((((...((((........))))))).(((.((((.((((((((..(((((......(((((((..(((((.(((((((..(((((........)))))..)))((((((.............))))))...((((....(((((.((...((........)).)).)))))))))(((((((.(((.((((......((((.......))))....)))).))).)))))))))))...)).)))..))))))).....)))))......................((((((......).)))))...)))))))).))))..)))))..)))..)))))))..)))))).)))))).)))).))).)..)))).)))))))))))))))))).).)..)))).........))))))....((..(((((....)))))..)))))).)))(((((((.(((((.(((......))).))))))))))))...)))....)))))).))))))))....((.((((...(((((....((((......))))....(((.......)))....)))))..)))).))...((((((.(((((((((.((((..(((.........))).)))).)))..((.((((((....(((((...((((...(((.((.((......)).)))))...)))).))))).......)))).)).)).......((((((((....))).))))).....(((.(((.((.(((....))).))))).)))....)))))).))))))....))))))))).))))))(((....))).))))))))))))))))...)))...........((((((....)))))).. (-399.40)
Adalimumab_HC_topk_130	1416	0.4639830508474576	-418.3	-0.295409604519774	.((((((.((((....))))((((((((((..((((((((...................)))))))).((((((((((..(.((((((((((..((.....(((((((.....((((.(.(((((((.((((((((..(((((((....))).))))))))..(((.(((((((.....))).)))))))....((((((((((.....(.(((((..((((.(((((.((....)).)))))(((((..(((((((((((.....(((((((.....((.(((((((.((((.(((.....((((((((((.((((((((....)))))))).))(((...(((....)))....)))....................(((.(((.(((((.(((...(.((.....)).)...))).))))).))).)))....(((((((...............))).))))..............))))))))(((((..(((((((((....((((.....))))..))))))))))))))..........))).))))..))))))).))))))))).....)))))..)))))).)))))..((((((.(((..............))).))))))((((((.....((((((((.(((...((((......))))...(((.....)))...............((((((((......)))).))))....((.((((...(((........)))....))))...))))).))))))))...(((((((.(((.((((((.(((((....(((((((.(((...(((((((((((((((.......(((....)))......)))))))......)))))))).))).((((((..((((..(((...(((((.((((.......))))))))))))))))..))))))((.....))............(((...((((((.((.(((....))).)))))).))))).)))))))...))))))))....)))))).))))))).......)))))).))))...))))).)....))))))))))))))..))))))).)))))...)).)))))...))..)))))))).)).)..)))))))))).)))))).))))((((((..........)))))).(((((((((.(..(((......)))..).)))))))))...))))))((((((((...................(((((((...(((..(.((((((((((.............))))).))))).)....))).)))))))(((..(((((((.(((((..((((((((((((...(((...)))))))).)))))))...))))).)))))))))).))).)))))... (-418.30)
Adalimumab_HC_topk_148	1416	0.4639830508474576	-413.6	-0.29209039548022603	..((.(((((((.....((((((.....(((.....)))........(((((......(((.(((((((((((....((((((((((.(((((........((.(((.(((((.....)))))))).))))))).))))))))))..((((((((((((((...))))..))).)))))))...((((...(((((((((((.((((.(((((.((((..((..((((((....((((.((.(((((((..(.(((((.((((((((.((..((((((((((((((((.((((((((((((....))))).))))..))).))))((((.......((.(((...))).)).......))))....)))))).))))))......((((((((((((((.((((((....((..((((.....((.(.((((......))))))))))))))))).)).))))).)))))....)))).....)).))))))))..))))).)..))).)))).))..))))...)))))))).)))).)))))...(((....(((.((((((.......))))))...)))))).))))..))))))))))))))))))))...))))))...)))..)))))......((((((((.(((((((.......(((((..((........))..))))).............((((((((......((..((((..(((((((.((((((.......)))))).........(((...)))....((((((((((.................))))))))))...........(((((...))))).((((((((((.((((((......(((((...(((((.((((((((.((((((.(((((......)))..)).)))..)))((((....))))...............)))))))).)))))..)))))))).))).))))).))))).((((((...))))))....)))))))))))..))(((((((.........(((((((((......))))))))).(((((.(((((......))))).))...)))...((....))..(((((...............)))))(((.....))).................((((((.....)))))))))))))...(((((...(((((..((((....))))..))))))))))....))))))))((((((.....................)))))).))))))).))))))))....................((((.(((....))))))).....(((((.(((((.((((((((........))))))))...))))).))).))......)))))).....))).)))).))....... (-413.60)
Adalimumab_HC_topk_237	1416	0.4639830508474576	-431.2	-0.3045197740112994	..((((((((((.(((((...(((((((((((((..((..((((((((.(((...(((..(((..((((...((((.(((((.((((((((((((((((.(((((((.((((....((((.......)))).)))))))))))))).......((((((((...))))..)))).((((((.(((.(((((.((((((((((((((((((((....((.((((.(.(((((((((.....))))))..((((.......)))).....(((.(((((((((..((((....(((((((((......)))).)))))....((.(((((......))))).))......((((((.((((.....)))).))))))))))..))))..))))).)))(((((((....))))))).))).)))))))....)))))...)))))))..........)))))))).((((((((((..(((.(((((.(((...))).)).))).))))))))...)))))...)))))))).))))))......((((((((..(((((((((.((....)))))))).)))..))))))))......)))))))))..)))).))))).))))........(((((((...))))))).((((........)))).....((((((.(((((((.....(((..((...........(.((((((...(((....))).)))))).).....((((((((.((((((((.((.(((...))).))...)))))))).(((((((((((................(((((....)))))(((...((((........))))...)))((((((....)))))).......))))))..)))))............)))))))).))..)))....))))))).)))))))))).))).))).)))))))))))...((((((..((......))....))))))(((((.(.(((.......)))..).)))))...........(.(((.(((((......))))).)))).(((...((((......))))......)))...((.....))....((((.....))))..(((.((((((..((((.((.(((...........(((((((.((......)))))))))((.(((......))).)).....))))).)))))))))).)))((((((((((..(.(((....(((((((.((((..(((...(((((...))))))))))))...)))))))))))..)))))))))))).))))).))).))))).)))))..)))).)))))).(((((......((((............))))......))))).........((((....)))).... (-431.20)
Adalimumab_HC_topk_98	1416	0.4639830508474576	-407.7	-0.2879237288135593	...((..(((((..((((.((((((((((.......(((.(((((((.......))))))).)))......((((((...(((((((((((((((.((...)).)))))))...(((((...(((((......((((((......)))))))))))..)))))..))))))))...))))))...)))))))))).))))...)))))..))..((((((((..((((.......(((((..((....))..)))))..)))).....(((..((((((....(((((.....((((((((...(((((.....(((((....)))))((..(((....)))..)).))))).))))))))(((.....)))..)))))....))))))....))).(((((((.(((.(((((...((((((((.(((((......)))))...((((((((((((((.((((((...............)))))))).(((.(((((((((.((((.(((((....)))))(((.((((.(.......).)))).)))...(((((((.((((.(((((..((((((((((......(((.(((....))).)))(((.((....)).))))))))).).)))..)))..)).))))))))))).........((((....))))((((((((((.(((.((((.......(((..(((((((((((((((.....(((....)))...........(.(((((((..(..((((......)))))..)))))))))))))))))))))))....))).......))))...))).)))).)))))))))))))))))))..(((((((.(.(((((....((((...........))))......))))).).))))))).))).((((....)))).................))).)))))))))((((((((........))))))))...((((...((((((((...))))))))(((....)))..........((.(((.(((((......))))).))))))))).....(.((((....((((((..(((..(((((..........))))).)))...)).))))....)))).).....))))))))....((((((((.(((...))).))))))))...(((((((.((((((((...)))..)))))...))))))).((((((((....((((((.....((((((..((((.......(((....))))))))).)))).....))))))...))))))))(((....(((.(((((((((((((((.....))).)))))..))))).)).)))...)))..............))))).)))))))))).......)))))))). (-407.70)
Adalimumab_HC_topk_248	1416	0.4639830508474576	-398.5	-0.2814265536723164	...((((((((......)))).......(((((.......)))))(((((((.((((((((((((...)))))).....(((((((.(((((((((((...)))).))).))))))).))))...(((((..(((...)))..)))))..)))))).((((...)))).(((((.....)))))..)))))))((((((((.(((....(((.....(((((((....((((..(((..(((((((...)))))))..)))..)))).....))).)))).....))).......))).....))))))))...(((.....))).(((((((....(((..(((.(((((((...(((.((((...(((((.(((((.((.(((((((((...((((((.(((......((.(((.(((((....((.(((....))))).))))))))...))))).))))))..((((((((((((...((((((((((((((((......)))..(((((((((((...(((((((..(((...)))..))).))))....((((..((((..((((.(((..(((((.(((((..((((..((......(((((........)).)))(((((((((((((...((((((.(((..(((((((((...(((......)))..)))).............((((.((.....(((((......)))))......)).))))((((((.......))))))....((((((.((.........)).))))))..((((((...((((((.............))))))....))))))...........((((...(((((.(((((.(....).))))).))))).))))..)))))................))).))))))......)).))))))))))).......))))))..))))).))))).))).))))..))))(((((((((((((.(((..((((((((((.(((..(((((.(((.((((((.......((((.((((......)))).)))).((((....((((((......)))))).))))..((.((........)).))..((((....))))...)))))).)))(((.((.((((.......)))).))))))))))..)))))))...((((....))))(((((......))).)).)))))))))....)))))).....)))))))..........))))...))))))))))).....)))))........))).))))).))))))).))))).)))).))))))))))))((.((((((....)))))))).))))).)))).)))..)))))))....)))..)))..)))))))...........))))... (-398.50)
Adalimumab_HC_topk_79	1416	0.4639830508474576	-406.6	-0.28714689265536725	.((((..(((((...(((((((.(((.((((((((((((((((..(((((((((((..((((...(..((((((.((((.......)))).))))))..).))))((((((.(((((.(..((((.((.(((((((...(((((((((((((((...((((...)))).(((((((((((((.(((.....))))))))((((((((((..((.(((((.(((.(((((((((...)))))..)))).)))))))))).))))).)))))...((((.......((((((.....(((((.............(((((((..((((((((((((((....(((((....)))))..))))))))..)))))).....((((((.((((((((((((.(.(((((((((........))))(((...)))(((((...(((((((((.((((.((((..((((((.((.((((((..(((..((((((((.(((((......))))).(((..((((......))))..))))))))))).))).)))))).))..)))))).........)))).)))).)))....(((((.....)))))...)))))))))))))))).).)))))))).........(((((..(((((((....))))))).......((..((((.(((....((((((((.......((((((...........(((((..(.(((((((..((((...(((.(((((((.(((....((((((((....))))).)))......(((((((.((((......)))).)))))))(((((..((.((....)).))...)))))..)))))).)))))))...)))).))))..)).).)..)))))....))))))......)))))))).....))).))))..)).)))))....))))..))))))..(((((((((........)))))))))((((((.((((((((((...))))).))))))))))).)))))))..))))).....))))))....))))))))..)))))).))))).........))))))))...))).)))))).))))..).)))).).....))))))......(((.(.((((((.((..........)).)))))).)))))))))))...(((.((.........)).))))))).))))))))))...)))))).)))..(((..((((.(((.............)))))))..))).((.(((....))).)).......(((((((...((((((..((((((..((..(((......)))..))..)))))).)))).))...))))).))................)))))))....)))))))))......... (-406.60)
Adalimumab_HC_topk_55	1416	0.4646892655367232	-404.1	-0.28538135593220343	...........................(((.(((..((((((((((((..(((((....(((......)))....)))))...)))))))))))).))))))((((((.(((..(((((.......((((.(((((((((((((....(((((..((((.(((((((.(((((((.....)))))((((((((((((((...((((....(((....(((((.(((.(((((...((((((..((.....))(((..((((.(((....))).))))..)))...((((.......(((((((((((((((((...((((.((.((.(.((((((....)))).)).).)).))))))..)))).).)))...(((..(((((...((((.((.((((((((((((.(((.(..(((((((((((((....)))).)))))))))))))..))))).)))))))...((((((.(.(((((((.((((........)))).))))))).).))..)))).....((((.((((.(((((((((((((((((((((((.((.........(((..((((((((........)))).))))..))).((((......)))).........(((((((((............(.((((((.((...((((.((((.....((((..((..........)).))))......))))...)))))).)))).)).))))))))))((((......))))...........)).))))))))((((((....))))))(((((((((...............))))).))))........))))).))))....))))))......)))).)))).))))))...)))))..)))))))))))).....)))).((....)).)))))).))))).))).)))))....)))..(.(((((....((((....))))...((..(((...((((((((((..........))))))))))...))).))..((((..(........)..))))......((((((...(((..(.((((........)))))..)))..))))))..))))).).))))))))).....)))))))))....((((......))))......(((((((((.......)))))))))...(((((...))))).....)).)).))))).))))..)))))(((((.((..((................))...)))))))((..(((((((.....(((((.............)))))))))))).)))))))))))).))).....(((((((...(((.(((........))).))))))))))............)))).......)))))...))))))))).... (-404.10)
Adalimumab_HC_topk_267	1416	0.4646892655367232	-406.9	-0.28735875706214686	.(((..((((....))))....(((((..((((.((((......((((((((..((((((((...(((((((..((((((.(((((.(.((((....)))).))))))....(((((((((...........))))))))))))))).)))).......)))..)))))))).)))))))).((((.....))))(((.((((((((((((((((..(((((....)))))...))))....)))))).)))))))))(((.(((....))).))).)))).)))).))))).(((.((((............)))).))).((((((((...((....))...)).))))))...((((((.(((((((...........(((((((....)))))))...((((((........))))))....))))))).....((((((......((((((((((((((.((..(((.((((.....(((((((((((..((((((...((((((((.(..((((...((((((((...(((((.(.((.(((..(((((((((.......(((((.......)))))....(((......)))...((((((.......))))))..)))))))))..))).))))))))...))).))))).............((((...(((.......)))...))))......(((((((......)))).)))..))))...).)))))))).(((((.((((.....(((((..(((((.....)))))))))).....(((((..(((((((.....((((..(((((.(.(((((((.(((.(((.(((....((((((....))))))))).))).))))))))))))))))..))))....(((((......))))).((((((..(((.......)))..)))...)))..)))))))..))))).............)))))))))))))))...))))))..))))))))))))..))..))).((((((......(((.((.((((....)))))))))..))))))...((((......))))....((((.(((..((....(((.((.....)).)))...))..))).)))).((((((((((......((.((((((...........))))))))....))))).))))).(((....))).).))))))))))......)))..)))..................)))))).)))......(((((....)))))..((((((((..........(((.(((.(((((((((.(((((.((((((((((....)))))))))))))))((((.....)))).....................))).))))))))).))).)))))))) (-406.90)
Adalimumab_HC_topk_126	1416	0.4646892655367232	-403.2	-0.2847457627118644	.(((......)))..((((((....(((((((..(((((.((((((((.....)))))(((((((((..((.((((.(((.(((((((..((((..((((.....))))......((((.(......)))))(((.(((((((((...(((.((....))))).....))))))).)).)))((((((((.(((((((..((((((((.((((((..(((((...((..((.((((((.....((.((((........))))))....)))))).))..)).....))))).)))))).))))))))((((.....))))....(((((((((((...((((((....))))))...)))))))..))))...))))))).))))))))....((((((((((...(((..((((((..(.(((((((.(((((.((((.(((...............((((...))))...........(((((((((...((((((((((((((.((((((.((((......)))).)))))).)))).......((((.....((((((((.....)))))))).....)))))))..))))))).)))).)))))....((((((.......))))))...))).))))..(((((....))).))..........(((((....((((.........))))...))))).))))).......))))))))..)))))))))............))))))).))).))))..))))))).))))))).))..)))...(((((.((((((.............................)))))))))))..((((((..(((((((((..(((((((((.(((((.....((((((......)))...)))..))))).))))))))).....)))))))....))..))))))..((((((((.......(((((((.((......)).))))))).....)))))).))...((((......)))).............(((((((((......)))))))))))))))...............((((..((((.........)))).))))......((((....))))...(((.....)))..............((((((((((.......)))))))))).((((((...))))))........)))))))))))))))......))))))((((..........((((((..........)))))).........(((((...)))))..(((((((.((.(((..((((....)))).)))))..((((((((....))))))))...)))))))....(((((((....................)))))))...........)))).... (-403.20)
Adalimumab_HC_topk_203	1416	0.4646892655367232	-415.4	-0.29336158192090395	..((((((((........))))))))......((((((...((((((.(((((.(((((.(((((.......))))).))..(((((((((((((((((((((.((((...))))..((((((((((.((..((((...((((((((..(((((.(........))))))))))))))))))..((((((((((((((...(((...(((((.(((..((((........))))...)))...))))).(((((((((((((.......(((((...(((((((((.........)))..)))))).)))))..)))))))..))))))......((((((.....)))))))))))))))))))))))..((((((...(.((((((((.((.((.((((((.....)))))).))))))))))))).......((((((....(((((((.((.((((.....(((.(((............((((.(((((((....))))))).))))...........(((((((((((....)))).))).))))...))).)))....)))).)))))))))))))))...))))))...)).)))))).))))....(((((((..............((((((...........)))))))))))))(((....))).((((((((...................)))))))).....)))))))..))))).(((((......)))))....((((..((((((((((..((((((.(((((((....(((((((((((................)))))))))))...(((((((..(....)..)))))))..(((((..(((((((..((((((.(.((....)).)))))))..)))))))..)))))...((..(((...((((...))))....)))..))(((((((.(.(...((((((((......))))))))...).).))).))))....)))))))...))))))(((((.((((((((....))).((((.((......))..)))).(((...((((......)))).)))...((....((......))....))...((((......)))).))))).)))))((((((.............(.(((((...))))).))))))).....(((((((.((.(((......))).)).))))))))))..)))))))..)).))...............)))))))))....))).))))).))))))......((((...))))((.((((.((((....)))))))))).(((((((...........(((.(((((((((.....(......).....))))))))))))...)))))))...........)))))) (-415.40)
Adalimumab_HC_topk_21	1416	0.4646892655367232	-426.7	-0.3013418079096045	.((((((....((((((..(((((((.((((((((((..(((((((((((((((((((((((((.........)))))))).(((((((((((((((((((....((((.(.....).))))....)))))).((((((......)))))).......(((...)))((..((((((......))))))..)).........)))))))))))))........((((((..((.((((((((.((........((((((((...((((...(((.((((.......................)))).))))))).))))))))(((((......)))))....(((((((.((...(((((((....))).)))))))))))))((((.((((((((((((((((((....)))...........(((((((......))))...)))......))))))).))))))))))))..((((((((((((((((((((((..(((((((..((.(((((........(((((....((((..(((((..((....)))))))..)))).)))))........))))))).)))))))..(((....(((((.......)))))....)))((((((.(((((((((.(((((....(((((....(((......)))..((((...))))..............((((.(((((....(((((((.((..(((....))).)).))).))))))))).)))))))))......)))))..((((((((....(((.....)))..))))))))....)))))).))).))))))..(((........)))............)))))))...))))).........))))))))))..)).)))))))).))....))))))))))))).)))))).))))((((..(((....)))............((((((...))))))..((((((((((.(((...))))))))))))).....))))..))))))))))......(((((((....((((.....))))....))))...)))................((....)))))))))....)))))).....))))))......(((((((..(((((((((...(((((.......))))))))))))))((((....)))).((((((.((((((((.((.((((((((..(((((((((((........................))).))))).).))...))))...)))).)).)))))))))))).))(((.....(((((((....((((((((((....)))))))))))))))))......))).((((.............)))).......))))))).(((....))).. (-426.70)
Adalimumab_HC_topk_238	1416	0.4653954802259887	-409.7	-0.2893361581920904	..(((.(((((.............(((((((....(((...(((((.........((((((((...((((((((((((((((((.....)))))))).)))))(((.((((((.....)))).....)).)))....(((((((.(((((((((.....((((((((.((((((...(((((((..((((((((((((..((((.(((((.(((.....))).)))))..))))(((((((..((((...))))....)))))))((((((..(((((((....)))........(((....((((((((((..((((((((.((..((((.((((((((((.((((.((((((...((((((......((((.((......)).)))).....))))))..)))))).))))))))))....))))))))..)).(((((.(...(((......))).).)))))...))))).)))))))))))))...)))......))))....)))))))))))).)))))).)))))))....((...(((((((....(((((.(((.....))).)))).)....)))))))...))..(((....)))(((((((((((((.((((((((....)))).(((((((..((((.(((((.(.((((......))))...............(((((........))))).((((....(((((....(((((.(((.(......).)))))))).))))).))))..).))))).))))..))))))).....(((((((((.................)))).)))))..(((((((..((....)))))))))(((((((.((((((..(((.....((...((((((((.(((.(((...))).).)).))...))))))...)).......)))..))))..)).)))))))((((....((((((.....((((((.((........)))))))).........)))))))))).)))).))))))))))))).....((((((........((((((.....((.((((((......)))))).)).....)).))))...(((...)))(((((....))))).....((((.....))))...(((........)))...))))))..(((((.....)))))..))))))..)).))))))))))))))).)))))))(((((....(((.(((((.((((....((((..((..((((((((..((((.((((...............))))..))))))).)))))..))..))))........))))..)))))..))).)))))..)))))..)))))))))))))..)))...))))))).))))).))).............. (-409.70)
Adalimumab_HC_topk_170	1416	0.4653954802259887	-418.0	-0.2951977401129944	..((((((((((....))))...............(((((((((.((..((((((((.((((((.(((((((((.((......(((((((...(((((...))))))))))))......))..)))))))))(((.(((((..((((((((.....((((...(.(((((..((((((.((.((((....)))).)).))((((....)))).......)))).))))).)))))..(((((....((.(((((.....))))).)).....)))))(((....))).......((((((..(((.(((((.....))))).))).))))))....((((((...)))))).)))))))).))))).)))(.(((((((.(((((.(((.....(((((...((((....((((..(((((.((........))...)))))..))))....))))...)))))....))))))))...))))))).)..))))))..(((((((....(.((..(((((....((((((((((((((....)))))))..)))))))(((((((((((((((((((((..((....))..))))...........(((((((....((...(((((((((((...((((((...........))))))...))).))))).)))...)).....)))))))...............(((((((.((((((((.....(((....)))....))).)).....))).)))))))(((......)))((((((.(((((((..(((((............)))))..)))))).).)))).))........))))))))))))).))))....(((((((....)).))))).)))))..)).)..))))))).(((.((.(((((...))))).)))))....))))))))..))..)))))))))(((((((...((((((((((....))))..))))))....)))))))....((((.((((((((((...((((.......(((((((((......)))))))))(((((((..(((((((......))))....))).)))))))(((.(((...))))))....(((((((((((((((....)))).....((((((...((((((.....))))))))))))....((((................)))).....)))))))))))...((((((.(((.....................((((((.(........)))))..)).......(((((((((....)))))))))....))).)))))).((((((((.....))).)))))(((.(((....))).)))))))....))))))........))))...)))).))))))........ (-418.00)
Adalimumab_HC_topk_113	1416	0.4653954802259887	-416.5	-0.294138418079096	.....................((((((.(((((((.((((((((.....(((((((.(((((((((..(((((((((.(((((((((....))))))))).))))((((((...((((((.......))))))...))))))....((((.(((....((((..(((((.(.(((((.....((((....)))).))))).).))))).))))....))).))))((((......))))....))))))))))))))..)))))...))....)))))))).)))).)))))))))....((((..(((.(((.........((((((((((((((((.(((...))).))).((((((((((....(((((....(((((((....))..)))))))))))))))).)))).....))))))))))))).....(((((((((..((..(((((..((((((((((((((..((((((((.(((((((...))))))).))((((((.(((....((.(((..(((.((((...(((..(.((((.(((....(((.(.((((.......)))).)...)))))).)).)).)..)))..)))).)))..))).))))).))))))((((((..(((((((...........)))))))..)))).)).((((((((................))..)))))).)))))).)))))..(((((((.....(((((......))))).(((((((((.(((.((((.............(((((((.((....)).)))))))...((....))....((((.((.((((((....((((...)))).......((((((((....)))))))).)))))))))))).(((......)))..))))))))))))))))....)))))))...............((((((((((...........))).))))...(((((((.(.(((....))).))))))))..((((((((((((((((..(((.....(((((...(((...)))...))))))))...))).))))))....))).))))..))).)))))))))....)))))...((((((((..(((((((((.(((((((((.((((((......(((((((((((.....)))))))))))...))))))..)))))............)))))))))))))...)))...)))))...........((..((((((.....))))))..)).))..)))))))))................))))))..))))..(((((((((.(((..(((.(((((.((((.(((........))).))))...))))).)))(((.........))).......))).)))))))))... (-416.50)
Adalimumab_HC_topk_208	1416	0.4661016949152542	-387.7	-0.2737994350282486	.((((..((((......((((((((....(((((.(((((((((((...(((((.((((.((.(((...........((((((........))))))))).)))))))))))((((((((.(((((((.((.....(((((..(((((.((((((((((((.(((.(((((((((.....)))))))))...(((......((((((((((........(((((...((((((...)))))).(((((((((.(((.((((((.....)).......(((.............))).....)))).))).)))))))))...(((((((((((...((.(((...))).)).....(((.((........))))).(((.......(.((((((((......(..((....))..)..)))))))).)........))))))).))))))))))))...(((((.((......((((((((..(((((.((((..((....(((((.(.((.(((((......((((((.((.((.(((.(.((...((((.((((((((((........)).)))).)))))))).))).)))..)).)).).))))))))))...)).).)))))...))..)))).)))))......((((((((((((((......)))))...))..))).)))).............)))))))).....)).))))).....(((((...)))))....))))))))))....)))....((((..(...(((((.((...(((.(....))))...))..))))).)..))))........((((((((.((...)))))))))))))))))))))))))))))).)))))......((((..(.......)..))))...(((....((((((.......))))))...)))...))))))))).(((........)))..........((((((((((..((((((((.(((.((((....)))))))))))))))..........(((((((((......))))))))).....(((.((((.....(((((.(((..((....((((....(((.....))).((((.....(((.((........)).).))...))))...((((((((..((....)).))))))))..(((......)))))))......))..))))))))...)))).))).....))))).)))))...........((((((.((...(((((.(((.(((.......))).....))).)))))))))))))....))))))))))))).)))))).)))))....((((((((..........))))))))............))))))))......))))...))))...... (-387.70)
Adalimumab_HC_topk_114	1416	0.4661016949152542	-379.1	-0.26772598870056497	.................((((((.............(((((.......(((.((((.((.((((((((((...((.(.((.(..((((((((...(((((((((.....(((.(((((.........(((((((((((((((...((((((((......((...(((..(((.((((((((((((((((...((((((((.(((((.(((((......))))))))))((((((((.....))).))))).(((((((((((((.....(((((.(((((....))))).)))))...)))))))............)))))).......((.(((...(((((....)))))...))).))...........(((((((((((((((....((((((....((.(((........)))..))....))))))...((((...((.((((....))))))..))))............)))).))))))..))))).))))))))))))((.((((.....))))))))))))))....((((((((((...((((.....))))..)))))).))))..))))))))))...))....))))))))......)))))))).)))))))(((((((((((((...........)))))).............)))))))...............))))))))..))))).......(((...)))...(((....)))....))))...))))))))..).)).).))...)))))))(((((((.....(((.....)))..))).))))))).))..)))).)))))))).....((((((...((((((..((.....((((((.((((...)))).....((((((((((((..(((((......)))))((((((...........)))))).((.(((((..((..(.((...(((((((.(........).)))))))...)).)..))..))))).))....)))))))..)))))............((....((((((....((((.....))))....))))))..))..((((.((((..((((((....(((...........)))...))))))...)))).))))((((((..(((((((............)))).))).))))))...(((((...((((.((.......((......)).....))..)))).)))))...))))))......))..)))))).))))))(((((((((.(((.(((...........)))..(((....(.(((....))))...))).(((.(((((....))))).))).((((((((..((.((....)).))..)))))))).........))).)))))))))..)))))). (-379.10)
Adalimumab_HC_topk_22	1416	0.4653954802259887	-414.8	-0.29293785310734466	.((((..(((((.((((...((((((((((......(((((((((((.....((.((((.((((.....)))).))))))....))))))))))).(((.(((((((((((((.((.......)))))))..))))..)))).)))...........((((...)))).(((.((....)))))))))))))))....)))).)))))..))))((((..(((.(((.((((.........(((((..(((((((((((((...((((.((((((....)).)))).))))...)))))))........(((((...((((.(.(((((.((((........)))).))).))).)))))))))...(((((...((((((.............)))))))))))...(((((((.(((((((.((((((.......(((((.....((((((((.((((..................)))).))))))))....)))))(((((((((((.(((.((...............(((...((((((((((....)))....))))))).)))((((((((...(((((((((..(((((..((..((....((((((((((.....((..((((...(((((((((.....))))))))).((((......))))....(((...))).))))..))........))))))))))..))..))...)))))..)))).....(((..(((((...((((((.(((.(((((.(((((.(((((.....))(((((((.(((.................))))))))))..(((((((..........))))))).((.(.((((((((.((((((((...(((..(((....).))..)))...)))))))).....((((((.......))))))........)))))))).)))...(((((....)))))....))).)).))))))))...((((.((......)))))).......)))))))))....)).))).)))........(((...((((..((((.((((......))))......))))..))))...))).)))))......))))))))......)).))).)))))).)))))...........((.(((((((((..((.((.....(((((...))))).....))..)).))))...))))).))...)))).)).)))).))).))))))).....((((.(.((((((.((((((((((((.............)))))...))))))).))...)))).).)))).))))))...)))))..(((((((......)))))))((((((((................))))).)))))))..))))))..)))). (-414.80)
Adalimumab_HC_topk_183	1416	0.4668079096045198	-410.2	-0.28968926553672314	..(((.((((((...((.(((...............((((((((.........(((((((((....((.((((..((((..........(((((((((...)))))))))(((((((((.(((.(((..(.((((.(((((....(((..(((.(((((((.(((..((((((((.....(((((..((...(((((.....(((((((((.......))))))))).((((.((((.(....((((.(((((.((.(((((((((((((..((((.(((.............)))))))....((((((((.((...((((((((.((.(((..(((((((.(((((((.(((((((..........(((((..((......)))))))...(((.(((((((((...........((..(((....))).))...((((((...))))))))))))))).)))...((((..........))))((((((((((((.((((((....((..((((....))))))..))))))..((((((.((..(((((((((((......))))).))))))..))......))))))..........)))))).)))))).))))))).))))))))))))))..)))........)).))))))))..)).)))))))).))))))))...................((.(((((.....((((......................))))...)))))))..)))))))...)))))))))).))))))))..(((((((...((((......))))...)))))))..........((((((.((..((......)))).))))))((((((((..((((((((((((....))))...))))..)))))))))))).(((((....))))).............))))).))..)))))....))))))))..))).)))))))))).)))...))).)).)))).)..)))))))))))))))..(((((((((((((...(((...)))...)))))((((...(((...((((......))))..)))....))))......(((((((((((((((.......)))))...((..((((((.(((((.((.((......)))).))))).))))))..))..(((.((((...((((.....((.((((..((((..((....((((...))))...))..))))..)))).))......)))))))).)))).))))))))).....))))))))....)))).))))))....)))))))))))))))))...((((......(((.((((((((.....)))))))).)))....))))...))).))....))))))..)))....... (-410.20)
Adalimumab_HC_topk_68	1416	0.4668079096045198	-404.7	-0.2858050847457627	..(((((((....(((.............))).)))))))..................((((....))))..(((((.(((((.(((((((((((((((....(((((.((((.....((((.....(((.(((..((((((((....(((((((((((((...(((((.(.((..((.(((((........))))).))..)).).)))))((((.(........).))))..........((((((..((((((((((((((((((((...))))))....))))).(((((.....)).))).........(((((..((((..((((((.(((.((.(((.(((.((((....)))).)))..))).))))).)))))).)))).....((((((...((((..(((((.....((((..((......)))))).....)))))..)))).....)))))).....((((....)))))))))((((((((......))))))))(((((....)))))..((((((..((((.(((.((((.((((.....((((((((.......))))))))...)))).))..)).))).)))))))))))))))))))..))))))))))))))...((.(((((.......))))).))(((((......)))))...)))))....)))))))).........(((((((....((((((((...................))).))))))))))))..))).)))....(((....((((((.((.....)).))))))....)))...))))......(((((((.(((((((.((.....))))))))).((((....((((.((((((.(((...((((((((((.(((((((.((((((((.((((..((((((...........)))))).))))..)))...(((.(.(((((.......((((........)))).........))))).)))).....))))))))))))(((((((.(((((..(((..(((((.......(((..(((....(((....((((......))))...)))....)))..)))....))))))))..))))).))))))))))(((.......))).((((((((...((.(((.....))).))))))))))..)))))))....))).))))))))))....)))))))))))..)))).))))).....)))))...))))))))))((......))....((((((((...((((.(((((.........)))))((((....)))).(((((((((((((((....))))))))))..)))))((.....))......................))))))))))))))))))))))..... (-404.70)
Adalimumab_HC_topk_24	1416	0.4668079096045198	-417.7	-0.2949858757062147	.(((.((((((........................((((((...((((((.(((.((.(.((....)).).)))))))))))...))))))((((((.((((((((((((((......)))).))))).)))))..))))))...((((((((.((((......(((((.(.(((....((..(((....)))..))))).).)))))((((.((((.((((........))))..))))...)))).))))))))))))..)))))))))((((..(((((((.((((((.....(((((.........((((((((.((.((((((......))))(((((((..((((.....((((((((((((.((((((((((..((..(((((....(((((..((((.......((((((......)))..))).......)))).....((((((((((((((...(((((.(((.((((((...((((((((((((....((((((..((......))((...((((((.(((......)))...))))))...))((((((((.....))))))))...))))))))))))))))))....)))))).)))....(((.(((((((((....)))).........(((((((.(((......)))((((((...))))))............((((.(......)))))......)).))))).....))))).)))..(((........)))....(((((((.....((.(((..(((((((...................)))))))))))).))))))).((((((((((((..((((.((.(((...))).)).))))..))))))....))))))((((....))))..............(((((.((((.......))))))))).)))))...))))).))).)))))).....(((((((..(((((((..((((.(((..(.((((((((...)))))))).)..))).)))).........))))..))))))))))...((((((((.......((((......))))......)))..)))))..)))))(((((((....(((.......)))...(((.(((((((((((..((..............))..).)))))))))).)))))))))))))))...))..))))))))))....))))...))))..)))).....))))..)).)))))......))..)).)))))))).....(((((((...(((((((((..(....)..))))).)))).))))))).(((((((((....))))))))).(((((((((.....)))))))))...........)))))....)))).)))))))))..)))).. (-417.70)
Adalimumab_HC_topk_49	1416	0.4668079096045198	-420.1	-0.29668079096045197	.(((.(((((...((((((((((....((((((.....(((((((((..((....))..)))))))))..))))))((.((((((((((.(((((((......))))....((((((((.((((.((.((...(((((((((.(((((.((((.((.((((....((((.((((...((((..(((((((..((..(((...((((((((..((((((..(((.....((.....((((((((((.....))))((((((((.((...........)).)))...((........)).....)))))........((((((.....))))))...(((((.(((.....(.(((((.((.....)).))))).)))))))))...(((((...((((((((((((.((((((((..(((((.....))))))))))))).)))).............))))))))..)))))))))))((((((((((.((((..((........)).))))...(((......)))....((((((((((((((((((((.....((((((((.....))))))))......))))))))....)))))))).))))((((((.(((((......))))).)))))).......)))))))))).......(((((((....)).))))).........((((((.......))))))..............))....))).))))))..)))))).))...))))).)))))))..))))((.(((((((.(((.................)))))))))).))..(((((.((....)))))))....))))...))))....)))).)).))))))))))))).)))))...)).)).)))).)))).((((....((..((((((((.(...).))))))))...))....))))..))))...........((((.......))))...(((((((.((((((..((..........))..))))))..)))))))........(((((......))))).))))))).)))))).))..(((..(((((...)))))..)))(((((((((((.....(((....)))))))))....(((((((.((...((((........))))..))))))))).........)))))....(((((..((((....))))..)))))...((.(((((((((.((((.........((((....(((..(((.........)))..)))...)))).......))))..)))))))))..))))))))))))(((((.((((((...)))))).)))))..((((((...(((...)))))))))........(((((....))))).)))))..)))...... (-420.10)
Adalimumab_HC_topk_77	1416	0.4668079096045198	-410.9	-0.29018361581920904	..(((..(((((((....................)))))))...)))((((((.(((((((((((.........(((((..(((((((((.......))).)))))).)))))))))))...)))))(((((((.((.((((((.((((((((.((((((((.(((((((((((((((((((....(((((((((.((((((((((((.........((((.....))))((.(.((((((..(....)..)))))))))(((((.......)))))((......))...))))))))))))....((((((..((((((((((((((((((....((((....((((((.(((.(((((.......)))))..)))))))))((((((((.....)))))))).......(((.((....(((.....))).....)))))...))))...)))))).))))..)))...)))))..))))))(((((((((((((((((((..(((((....))))).....))))))).)))..((((......((((((((((((....(((.......))).......)))).)))))))).........))))....((((((((((((((...(((.(((((((..((((....)))))).)))))((((((....)))).))..................(((....)))))).))))))))......))))))((((......))))...)))))))))(((..((.((((((.....))))))))..))).......)))))))))((((.......))))...)))..)).))))).....))))...))).)))))))))).)))))........))).)))))).)).))...........)))))((((.....(((..(((.......)))..)))....))))(((((((((...(((((((((....)))))))))..(((((((((......))....)))))))((((((((((......(((..(((((.(((...............))))))))..)))......))))))....)))).....((.(((((((.(((......(((.......(((((.((.(((..((((((((.(((........))).)))))((((.....))))((((((....((((((((((...((..(((..((((..((.(..(((....)))..).))..))))..)))..))..(((......))).))))))))))..))))))(((((.........))))).......)))....))).)).)))))))).....)))...)))))))..)).....)))))))))..............((((.......))))......)))))). (-410.90)
Adalimumab_HC_topk_149	1416	0.4675141242937853	-395.6	-0.27937853107344635	.(((......)))........................(((((((((((((.(((((..((((....))))........))))).))(((((....)))))...(((((..((.(.((((((((((((..(((((((((((((((....(((((((((((((...((.(((((((.((..((((.((((....((((.((.((((((.(((((((((.(((((.........(((.((..((..((((((((((.(........)..)))))))))).))..)))))))))))))))).(((((((((....(((..((((.((((..((((((................((((((((((.....))))))))))((((((((..........))))))))((((.(((((((((..(((((...)))))..)))).)))))))))..)))))))))).))))..)))......((((((.....(((((...)))))(((.((((((((((.(((((....)))))))))))..(((..(((((((.((.((((((((((((((..(((((.(.(((...........)))))))))..))))...((........))....)))))))))).....(((......))).)).)))))))..)))..(((((...)))))........)))).))).........))))))..))))))))).........((((.....).)))..))).)))))))).))))....))))...)))).((((((...))))))........)))))))))))...(((....)))......((.((((...)))).))......)))))))))))))(((.....))).)))))))))(((....(((((((((...((((..(((((((.......)))))))...(((.((((((........((((((.((((........)))).(.((((....)))))))))))........))))))....))).............((...((.....))...)).....)))).)))))))))...)))..((((...))))((((.......(((((((.....)))....))))...)))).((((.((((.((....((((..((....((((((((....)).))))))))..)))))).))))))))..))))))...)))))))))))).).)).)))))(((((((....((((.(((((((((((((...)))).)).)))).)))))))...)))))))....)))))))))))....(((((.((((((.(((((((.......))))))).)).(((.((((((.((((.(((.....)))...))))...))))))))))))).))))).... (-395.60)
Adalimumab_HC_topk_127	1416	0.4675141242937853	-409.2	-0.2889830508474576	.((((((............((((((((((((((..((.((((((((..(((....)))..))))))))......))..)).)))))))))))).))).)))((((((..(((.((((((((.....((((.((((((((((.....)))))))).)).))))..)).))))))..(((((((((((((......))))))......))))))).....((((....)))).((((.....)))).((((((((((..((((.((((((((...))))))....(((((((.....((((((........))))))..)))))))...((((...(..((((((((.((((((((((((.(((((((((((((.(.(((.(((((((((......((((.((((((..((((((((((((.......(((.((((...((......))(((((......))))).......((((((((..(((((.(((((((..((((....))))((((((..((........))..))))))...)))))))((((((....(((.((((.......)))))))......))))))))))).)))..))))).(((((((.(((((.(((((..((((((..((((((.............))))))..))).)))..))).)).)))))..)))))))(((((.(......))))))......)))))))......))))))))))))..).).)))).)))).....(((.(((((((((((((((((..((....(((((((((((((......))))..))))))))).............)).))))))))))).).)).))).)))((((((((((((((..((...))...)))).........))))))))))(((((.((.(((....((((((....((((((...((..(((((.........((((((...)))))).....)))))..))))))))(((..((.....))..)))....((((.((.........)))))).....))))))))))))))))..........((........)))).)))))..))))))))))....))))))...((((((..(((((..((((.(.(((((((........))))))))))))..((((......))))((((((.(((.((......)).))).))))))(((.(((.(.((((.((((.((((....((((.((((.(((..(((...))).)))..)))).))))...)))).))))..)))).).)))))).......)))))..)))))))))...))))))).))))))).))))).)..)..)))).........))))))...)).))))))))..))).))))))... (-409.20)
Adalimumab_HC_topk_263	1416	0.4675141242937853	-423.2	-0.29887005649717513	.(((((...((((((((...(((((...((((((.(((((((((((.(((......))).))))))).))....))..))))))))))).)))))))).......(((.(((((((.((((.((..(((((((....(((.....)))(((((..(..(((...)))..).)))))(((((....((((....))))(((((((((...(((.....((((..((..(((....(((((((.(((((...)))))...)))))))...))).))..)))).....)))....))))))))).))))).......((((........))))(((((((.............((((((((((..((.(((((......((((....))))......))))).))..)))))))))).)))))))))))))))))))).))))))).)))((((((((((((((((((.........(((((.....(((((((((((((.....)))))..((((.((((......)))).))))....(((....)))((((.....((((((((.....))))))))......)))).(((((........)))))((((.....((((((.((((.((.(((..(((((((...........)))))))..)))..))..))))..............(((((........))))).....(((((((((...........(((((......)))))................((..((((((.(((((((..((((((.(((((((((((.((.(((((.((((((....(((....(((((((..(((..(((.......((((((.(((.....)))...))))))))).))).))))))))))....))))...))...)))))(((...((((...))))....)))...(((((.((((((...(((((((........))))))).....((((..((((((...((((....)))).))))))..)))).(((....))).(((((((......)).))))).)))))).)))))..))..))))).)))))).))))))..)))..)))).)))))).))........)))))))))..))))))...))))........))))))))(((((.....)))))..(((...(((((...)))))..))))))))..))))).))))))))..................))))).......(((....)))..((((.((.(((((((...........))))))).)).))))..))))).(((((..((((((((.(((((((((((((........))))))))....))))).)).......((((......))))))))))...)))))... (-423.20)
Adalimumab_HC_topk_292	1416	0.4675141242937853	-407.2	-0.28757062146892653	...............(((...(((.(((((((((.((((..(((((.....((((.....))))....)))))....))))..)))))).))).)))..)))((((((.((((((((...(((((((.(((((((((((((((.(((..(((((..(.....)..)))))))).)))).....(((((((.(((....((((.((((.(((((((...))))..))).))))....(((((((((.........(((((((((..((.(((....))).))............)))))))))...(((((.((((.....((((.((((((((..((((..((((....))))...)))).........(((((((((((((((.......)))))))..(((((((((..((((((.....(((((....)))))..))).)))..)))))))))...(((((..(.(((......))).)..)))))....((((((.(.(((((((((..(((.....)))..)))))).....))).)))))))(((((((((((......))))))).))))...........))))))))...)))))))).)))).)))))))))...)))))))))..((((...((((((((((((...............(((((..(((((((......((((((((((((((..(((((......)))))........((.(.((((((................))))))).))...((((((((((.(((((((((.((((((...((((......))))...))))))......(((((((..........))))))).....((((((.........))))))))))))))).))))..)))))).))))))).))))))).......)))))))..))))).......))))))))))))..))))....(((((((((((((((((((....))))).................)))))...)))...))))))....((...((((((.....(((.((((........................)))).))).)))))).))...((((((.....))))))))))...))).)))))))((((((............(((((.......))))).))))))((((((....))))))))))...))))).)).)))))))..)))))))).....(((((((.............(((.((((((((.((((...((((((((((.............))))).))))).....)))).....))).))))))))...))))))).(((........))).(((((.(((..................))).)))))........)))))).... (-407.20)
Adalimumab_HC_topk_294	1416	0.4675141242937853	-396.9	-0.28029661016949153	..(((.......(((........)))..(((.....)))((((....((((.(((...((.(((((.((((....((((...(((((((((((((.(((......))).))))))).))))))....((...))...(((((...(((((((.(....((((.(((.((((.....)))))))...))))....).)))))))...)))))))))....)))).))))).))))).))))...)))).........(((((..........((((..(((((..((((.....((((((((((..((((((..((.((..(((((.(((.((((((((.(((......)))))...))))))...))))))))..)).....((((((((((((((((((....)))))))))...))..)))))))...........((((((...((((((..((((((((.((((((((((....(((((((((((...))))))...))))))))))...))))).........))))))))......(((((((.(((..((.(((((((((((..((((((........((((.((.........)).))))((((((((.(((..(((((((((((...((.((..((((..((((.(((.....(((((((....)).)))))........)))...((((......)))).....))))..)))).........(((......)))((((.........))))..)).))...)))))))))))(((((.(((.....(.((((.(((((..(((((..(((..(((...........)))..)))..)))))........)))))..)))).).....)))))))).))))))))))).......))))))....)))))))))))))..))).)))))))........((((...((.((((........)))).))....)))).(((((....(((((((...((..((..((((.(((...((.(((...((((...((.....))...)))))))))...))).)))).))..))....)))))))...)))))......))))))...))))))..(((((((((......))))).))))..............))..))))))..(((..((((..((((......))))..))))..))))))))..)))))))))...))).))..))))............((((..((.((((...((((....(((((((((((....(((((((((...)).)))))))............(((.((.(((...(((......)))))).)).)))..)))))))).)))....))))...)))).))..)))).))))).)))........ (-396.90)
Adalimumab_HC_topk_260	1416	0.4682203389830508	-411.7	-0.29074858757062144	...((((.((((((((((((.((((..((((....(((.......)))....))))....)))).)))).))))))))....(((((((((((.((..((.....))..)))))).))))))).(((((..(((((((((..((....(((((..(((.((((((((.(((((.((((..((....(((((((((.((((((((((((((.(.....((((.....)))).........(((((((...))))))).).))))))))..((((((((((((..((((((((...((((..((((((....))))))....))))((.((((((((((......((((..(((((.((((.....))))....(((.((((((((....)))))))))))...)))))..))))..)))))))))).)).........(((............))).)))).).)))..))....))))))))))((((((((.........)).)))))).....(((.....))).(((((((....(((.((......)).)))))))))).((((.((.(((((.......((.((((((((((.........((((((.........(((((((..(.(((......)))..)..)))))))..........((((((((((.(.((..((((.((((...........((((((((......))))).)))..(((....))).((((((.(((((((((((.(((((.................((((((....(((.....)))..))))))..((((..((((...((((((((((..((.(((((((.............))).))))..))..))))))).)))))))..))))..........)))))))))))((((((..((((.....))))..))))...))............((((........)))).)))))))))))(((((((.(((...)))))))))).))))..))))..)).).)))))))))).(((((.((((..((((.....))))...))))...)))))......)))))).))))))))))..))))))).)).))))..)))))).))))))))))))))).))))).......(((((....)))))..((((.......(((......)))....))))..(((((((((((((.(((.....)))..)))...........(((((((........))).))))))).)))))))..........)))))....))))))..)))))..))..))))))))))))))((((((..............((((((((........))))))))))))))..((((......))))..........))))... (-411.70)
Adalimumab_HC_topk_81	1416	0.4682203389830508	-428.64	-0.30271186440677966	.......(((((....)))))..((((((......((((((((((((((((...(((((((((.((.((....)).)).)).)))))))..(((((((...)))))))...((.((..((((.(((((.(((((((....((((.((((((((.((((..(((((.(((((((.........))))))).(((((((......))))))).......)))))..)))).))))..........(((((((((.((...((((......(........)......)))).......((((((((..((((.((((((.(((..((((.......((((.((((((((((((((((((((((.((...((((((.(((..((((...))))...))).)))))))))))))))))).))))).(((((((........((((............))))...(((((..(((((.........((((((((.....)).)))))))))))((.(((.((((......)))).))).))...((((((....)))))).)))))..(((((((((((((((..............((((.((......)))))).((((((........))))))....(((((((...........))))))).....)))))))))..))))))((((...(((............)))))))......)))))))....((((((...))))))((((((..(((.((((((.(((..(((((.....))))).)))......((((.(((((((.....))))....)))))))((((........)))).....)))))))))..))))))..))))))).))))......).)))..)))...)))))).)))).))))))))(((((((.((((...........))))..((((.((..(((((...((.((((........)))).))....)))))..))((((((...))))))..(((....)))...(((..(........)..))).....)))).....))))))).......)).))))))))))))).)))))))))))))))).))))...)).))..........((((((.......((((((((..........))))))))(((.(((..((((.((((.......))))..))))..)))))).....((((((((((((................................))))..))))))))))))))..........)).)))))).....))))))))........(((((((...((((((.(.(((((((((((((........))).)))...................))))))).)))))))))))))))))))). (-428.64)
Adalimumab_HC_topk_213	1416	0.4682203389830508	-402.1	-0.28396892655367234	((((((..(((((..(((..(((((((.(((.............(((((((((.((((.(((.(((((((....(.(((((((((.(((.(((((((((.((((.....((((((((((.......((((.((((...)))).))))))))))))))((((...))))..)))).)))))))))))).)...)))))))).)))))))).)))....(((......)))((((((.....)))))).......)))))))..(((((((....(((.((......))..)))...(((((((((..((((.((.......(((((((((((.(.(((((((((.....((((.((...)).))))((((.((.(((.(((((.....)))))))).)).))))..(((((.((((((((((.....(((.((..((..(((((...............)))))..)).......((((((...))))))...))))).(((((...)))))....(((.....)))..))))).))))))))))....))))))))).))))).......((((.........)))).(((((........))))))))).))).......)).)))).)).))))))).......(((((...)))))(((((......)))))...)))))))...............)))))).))).)))))))..))).........(((((......))))).)))))))))))....((((...((((((((..(((((((((..((.........................(((((.((((((((..((((((((.....))))...))))..)))))))).)))))))..)))))))))..)).).)))))....((((((((((..((((((.(((..................)))..........))))))...))))))))))(((((((...(((..((((((.(((((.((..(((.(((.(..(((((((..((.....((.........)).....)).))))))))))).)))((((......))))..(((((..(((((........)).)))..)))))............((((....)))).....((((((....((((...)))).....))))))...(((((((((((((.(((......)))))).))))))))))...))))))))))....)))..)))..))))))).......(((.((((..(((((.(((((.............)))))..)))))....)))).)))((((.(((((((...((..(.(((.(.(((((((((......((...)).....))))))))))))).)..))..))))))).)))))))).. (-402.10)
Adalimumab_HC_topk_97	1416	0.4682203389830508	-407.7	-0.2879237288135593	..(((((.(((......))).))))).(((((((.....(((((((...........(((.((.((((...)))).)).)))..)))))))(((..((((((((((..(((((.((((((((.(((((((.((((((.(((((((((.................(((((.(((((((..((((((((((....((((((.(((((((((((.....((((((.....(((((((((((.((((((((.((((..((((((........((.((((....)))).)).........))))......(((((.(((..((.((((.((((((((((((((..........(((((...((((((((..........))))))))..(((((...)))))((.((((((.(((..((((((............(((((..(((((...(((((((((((((......................)))))))))))))..))))).)))))..)))))).))).))))))))....((((((......)))))).((((((((.........)))))))))))))........)))))......))))).)))).)))).))...))).)))))((((...((((((...........))))))...))))....(((((....((.((((...((((..........)))))))).))...))))).))..))))))))).)))..)).)))..))))))))))))......)))))))...(((((((((.....)))))))))...)))).)))))).((((....)))).............(((.((((..(((....((((....))))))).)))).))).)))))).))))...))))))).).)))))).)))))))..))))))...)))...)))).)))))).))..))))......((((........)))).(((((....)))))((((...)))).)..)))))))))))))..((((.((((((((.(((((.((.....((...((((.((((((.(((.((.(((.(((((((((.....(.(((.((((.(((...)))))))(((..((((.(((......))).).)))..))).........))).)..)))))))))...)))...((((...))))........)).))))))))).)))).))....)).)))))(((((((..............(((((((.(((......((((((.(((.(((...........))).)))))))))...))).)))))))...........)))))))((((((........)))))).))))).............((.(((......))).)).)))))))))))))) (-407.70)
Adalimumab_HC_topk_138	1416	0.4689265536723164	-413.2	-0.29180790960451974	.................(((((((....(((.....))).(((.((((((((.......)))))))).)))((((.(((((.((((((((((((((((((.....(((..(((((((((.....((.(((..((((.((...((((....).)))...))..)))).((((((((((...(((((.(((((.(..((.(((((((((((((((((..((((......))))..((((((..........))))))(((((((((((.......))))((((..(((((..(((..((..((((((.(((.(((......)))...))).))))))((((.(((((....)))))..))))....))..)))...)))))..))))((((....(((.(.(((((((....(((((((.((...............)).))))...)))...)))).))).).)))...))))..))).))))(((.(((...))).))).((((((((.(((..((((......))))..)))))))))))....)))).....))))).)))))))).)).........).)))))((((.((((..(((...(((.(((((((((.((((((((.((((..(((.((((((.((((((((((((((((((.................((((((((..(((((((..(((....)))(((......)))(((..((.((.(((((......))))))).))..)))...((...))(((((..(((.((((((.................)))))).)))..))...)))(((((((................))).))))))))).)).)))))))))))))))).))))))...)))).)..........)))))))))))).)))))))).........(((.......)))((((((.((((........)))).))...))))...((.((((.(((((((.((((....)))).)))))))))))))..))))))))))))...)))))))....)))).....((((......((((......))))...))))..)))))..))))).....))))).......))))).....))).))))))..)))......))))))))).(((((((.(.(((((.....))))).)..(((((.(((((....))))).))))).......(((.....)))..........))))))).))))))))).))))).))))...(((((....(((((((.......(((..(((((....))))).)))(((((.((((......))))..))))).(((.((((.....)))).)))............))))))).....)))))......))))))). (-413.20)
Adalimumab_HC_topk_95	1416	0.4696327683615819	-407.8	-0.2879943502824859	.(((((((((((....)))))..((((((((((((((((((((((.(((.....))).)))).(((((((....(((((.(.(((((((((((((.....))))))(((((((((.((((((((((.(((((((.((((((.....((((..(((.((..((((((((((((((((...((((..(((((((..((((((((...(((..((((.((((((...(((((.(((((.....)))))...(((....)))((..((((...))))..)).......)))))....)))...))).))))...)))...))))))))(((((((((..(((((.....((((((.(..((((((....((((.(..(((.((((.....))))..)))..).))))..))))))..)))))))....))))).((.....)))))).))))))))))))..)))).))).))))))(((((((...))))).))...)))).)))..)).)))...)))).......))))))))((((((.....))))))......))))))))))...((((((..........))))))..(((((.....))))))))))...))))..)))))...((((...((.(((...........))).))...)))).......(((((...........(((((((...((....)).....)))))))...........)))))((((((.......)))))))))))))).)))))...)))))))((((((........(((((....(((((((((...(((...(((((((((((((((.((((((((.....)))).))))...)))))))))))))))........(((....))).................)))...))))))))).....)))))...............((((((((..(((..((((((((......((((...(.((((..((((...((((((....))).)))))))..)))).))))).....))))).))))))..))))))))..))))))..................)))))))))))......)))))))....((((..........))))....(((((.....)))))......((((((.....)))))).((((((.((((.((((((((((.(......)..)))).)))))).......(((...))).......................)))).)))))).((((((.((((.((((.......................)))).))))))))))((......))...((((((.((((((......)))))))))))).......................))))))(((((......))))).. (-407.80)
Adalimumab_HC_topk_270	1416	0.4696327683615819	-426.1	-0.30091807909604523	..((.(((((....))))).))...(((((....(((((((((((.........(((((((((((((((((.(((...((((((...((((.(((((......)))))))))..(((((.(......)))))).(((((((......((((((((((((((...))))..))).))))))).)))))))...))))))))))))))))))))....))))))...(((.((((((.....)))))).)))...)))))))))))........((((...((..((((.(((....))).))))..))...))))..(((((.((((((.((.((((....)))))).))))))))))).....((((..(((((.((((((((....(((((.(((..((.(((....)))))..))).))))))))))))).(..(((((....(((((((((((((((((......))))))........)))))))))))..)))))..)))))).)))))))))...((((((((........((((((((((((((.....(((((((.......)))))))......)))))))....)))))))..((((((((.((((((((...((((((((.....((.....((((((((((((((......))))).....(((..(((.((..((..(((((((.....((((((((((((..((......)).....((((......))))...))))))))))))....((((..((((((((((((((((......))))))..((((.....))))....(((((..((((((((((((...(((..((.(((...))).))..)))...)))))....)))))))))))).)))..)))))))...))))..)))))))..))...)).)))..)))..............)))))))))...))....)))).((((((......))))))....(((((.((...)).)))))))))...)))...)))))((((.((...((.....))...))))))..))))))))(((((.........(((....)))..(((.(((((((((...((((((((((...(((.((........)).).))...))).....((((..(((.((((((.((.(.((.((((((((...))))).......)))))).)).)))))).)))..))))..)))))))...........(((....((((.(((((((((...(((.(((....)))..)))...)))))...))))))))....)))..(((((.((((((((((....)))))))))))))))...))))))))).)))............)))))...................)))))))) (-426.10)
Adalimumab_HC_topk_75	1416	0.4696327683615819	-402.6	-0.2843220338983051	...(((((((((((..((...........))..)).))))))(((((((((((...((((...((((((((.(((.((((...(((.((...((((((((((((.....((((((.........(((((((((((...((((((....((((((((((((((..((.((((((((((.....(((((((..((((((((((((((((((((((((((((((.....))))......))).)).))))))..(((((.((.(((........))).)).)))))..((((....)))).......(((((.((((.((...((((............(((((.....)))))((..(((((...)))))..)).)))))).)))))))))...((((((.(((((....(........)....)))))))))))((((((((..........)))).))))(((((((((...(((((...(((.(.(((((..(......)..))))).).))).)))))...((((((....((....))....))))))..((((((((...((..((((((.(((.......(((((.((((....)))).)))))..........)))))))))..))...))))))))..((((((...))))))..................(((...)))...((((((.......))))))..))))))).)).......(((....)))...)))))........))))).))))).)))))))((((.((((((((((((..((((..............))))..)))))).))))))))))...))))..)))))).))....))))))))))))))(((((((((((((...((...)).....))))..))))....))))).((((...........)))).....)))))).)))).......))))))).........((((.(.(((((....)))))).))))....)))))))))))))))))).(((((.((.((((..(((.((.......(((((....((.....((((..........))))..))..))))).......))..)))....)))).)).))))))))))))))))).))))))(((((((.......)))))))(((...((((.((((.(((...((((.....))))..))).)))).)))).)))....((....))((((((.......((((..((((((((......))........))))))))))))))))..))...))))..))).))))))))....(((....(((((((.(((.((((.((....((((((((........))))...))))....))..)))).))))))))))....))))))... (-402.60)
Adalimumab_HC_topk_297	1416	0.4703389830508475	-405.2	-0.28615819209039545	...((((....................(((((((((.............((((..(((((((.(((......))))))))))..)))))))))))))..((((.(((.(((.....))))))..)))).((((....)))).......(((((((((.(((...)))...))).))))))(((...)))...(((((((((.((((((((((((.....))).....))))))).(((((...((((..(((((((..((.(((((...))))))).....)))))))......))))...)))))..........)))))))))))(((((((.((((((((((..((((((...((((((((..((((((((...((((((..((((.(((.(((((.((((((.((((((((((.((....)).))).)))..))))...))))(((((.(((((((.((..((......)))).))))))).)))))...(((((((((((((((......))))....(((((((((........)))))).))))))))))))))..(((..((.((((.....((((((.((.((((((((.(((...(((((......(((((((((.....)))))))))......((((((...))))))...(((......)))...(((...)))..(((((((((((................(((((.((.((.....((((......)))))).))..)))))...(((......)))..)))))))))))......((((((..(((........)))..)))))))))))...)))..)))))))).)))))))))))).))..)))((((..(((.((((.(..((.(((.(((((..(((((((((.((((((((.((.((.((((((.....(((((((.((..(((((.....((...((........))...))..))))).((..(((((...(((..((.....))..)))....)))))..))........(((((((((......)))))))))......((.((((((......)))))).))....(((((..(((((((((.((.((.......)).)).))))))...)))..).))))........(((((....)))))..)))))))))...)))))).)))).)).)))))).)))))))))...)))))..)))))..).)))))))..)))).......))))))).))).))))....))))))....(((..((((.(........))))).)))........))))))))..))).........((((((((......))))))))))))))))))).....))))))))....)).)))))))......))))... (-405.20)
Adalimumab_HC_topk_14	1416	0.4703389830508475	-398.0	-0.2810734463276836	..((.((((......)))).))............((((((.(((....)))...((((((((.....((((.....))))..))))))))(((((((..((...)).)))))))....((((((((.(((..((((.((.............))...))))..))))))))))).....(((((...((.(((((((((((((((((((((((((...((((........)))))))).)...))))))...(((((((((((((............(((....))).(((((((((((.........))))))))))).....((((......))))(((.((....)).))).((((.....))))...))))))).)))))).........((((((....)))))).((((.((((.((((((((((.((.....)).)))))).((((((((...(((((.((((((((.(((...(((......))).)))))).)))))..)))))..........((((((((.(((...))).)))).)))).((((((..(((((((.((((((.........)))))).)))(((....))).((((((.....((((((((((..((((((..((((((.((((...(.(((((......(((((((....)))).))).........))))))...))))..((((.(((((.((......))...)))))))))..((((......)))).......(((((((((((((...))))).))))....(((((((((((.................(((((......).))))....((((((.....(((((((....(((((((((((...))))..................))))))))))))))..)))))))))))...........))))))......)))).)))))).))))))..)))))).))))(((((.((((((.....)))))))))))(((..((((....((((....(((....)))....))))......))))..)))...)))))).))))..))))))....(((((..(((....)))....)))))............((((((((...(((.(((..................))).)))(((((.....))))).((((....))))...(((.((((((((.(((((((((..((((((((...((((...((((.((...............))))))...))))...))))))))))))).........)))))))).))))...))).)))))))).)))))))).........((((......)))).))))))))))))..)))))...).)))...))))).))...))))).)))))). (-398.00)
Adalimumab_HC_topk_69	1416	0.4703389830508475	-416.4	-0.29406779661016946	.............((((.....((((((((((.....(((((((((((.(((((.((...(((((((.((((.....(((((((.((....((((((.((((((((((((((.((((.(((((((.((((..((...(.(((........))).)....))..)))))))))))...))))...(((((((((((((((((...(((((((((....(.((((((..((((.(((.....))))))))))))).)....))).))))))...)))..((((((((.(((.(((.(((((.........))))).)))..........((((....(((.((........)))))....))))....(((((((((((.((.(((((((((....((((((((((((((((.((((....))))))))....))))((.(((...))).))......))))))))...))))))).....)))).))))))))).))...)))))))))))....)))))).))))))))....(((((..((((((((......))))))))))))).(((.....))))))))))))))..))).))))))..)).))....))))))))))))))))....)).((((((...........))))))....((((....)))).((((((..(((...((((.((((((..(((..((((((((((.((.......((.(((((......)))))))..((((((((.....((((.......)))))))))))))).))...)))))))).)))..........((((...)))).((((((((........))))))))...))))))..))))..))))))))).))))).)))))))))))((((..(((((((((((.(.((((....(((((...(((.......)))...)))))......)))).)))))))))))).....))))(((((.(((((.(((.......)))))))))))))))))))))))...((((((((.(((..((.((((..((((.(((...(((((........)))))..)))...))))..)))).(((((.(..((.......))..).))))).((((((((..(((............)))))).)))))..(((((((..((((((...))))))............(((((.(((.((((.(((((.............))))).))))..))))))))(((((((....((((.(((((((((........)).)))))).).)))).))))).))((((((((..((((((.....))))))...)))))).)))))))))........................))..))).))))).))).))))... (-416.40)
Adalimumab_HC_topk_185	1416	0.4717514124293785	-403.4	-0.2848870056497175	...(((((......((((((((.(.(((((((..................(((((((.(((((..(((((........)))))....)))))...)).))))).(((((((.(((((.((((..((...)))))).))))))))))))((((..(((((.((((((.((((((..(((((....)))))...(((((.....(((((((((.......)))))))))))))).....((((((((((..((((((((.(((..(((..(((.....(((((.............)))))....)))..)))...))))))))))).((((((((((..(((..((....)))))..)))))))).))......))))..)))))).(((..((((..((((((....))))))..)))).)))..(((....(((.(((((....((((((((..(((((..((((((((((...(((((.(((((((((((((........))))))((......)).....((((((((.(((...))).))).)))))...(((...)))..))))))))))))........(((...(((((((((((((.((((...(((...............))).....))))))))))......(((.((.....(((((((...)))))))......))))).)))))))..)))))))..)))))).)))((((....)).))))..))))))))....)))))...))).....))).......(((((((((((...)))..........)))))))))))))).)...)))))))))).))))((((((((....((((....))))...)))).))))...))))))).).)))).))))......))))).((((...(((((((.......)))))))..))))..(((..((..(((((((((......((((.((......))...))))..)))))))))...))..((((((.....((((..(((((.....(((..........)))..))))).))))..))))))((((......))))...((((.(((((((((.((((((((...(.((((...((((.((((((((((((......)))))).........((((((.((((.(((...((((((((((((...(((..(((((....)))))..)))))))))..(((....)))..............(((.((((....((((...)))).....)))).)))..)))))))))))))))))))((.(.....).))))))))....)))))))).)))))))(((.((.((((((......((...)).....)))))).)))))..)).))))))))).))))..)))... (-403.40)
Adalimumab_HC_topk_190	1416	0.4717514124293785	-413.9	-0.29230225988700564	...(((..(((...........................)))..)))(((((((..((((((((.((......)))))))))).)))))))((((((((...))))))))....((((((((((....((((((..(((((((.......(((((((((((((((((((((.((...(((((....((((....))))..(((((....)))))(((((.((((((((((((............((((((.....((((((.((........(((((((((((.(((..((((.(((..(((....)))...))).))))..)))(((((.(((...(((((..((((.(((((............((((.((.(((.....((....))....))))).))))))))).)))).)))))))).))))).....((((((((...........))))))))..........((((((((((((((((((......(((((((((.....((((.....)))).....)))))..))))(((((....(((((.....((((((((.....))))))))......))))))))))))))))..)))))))).))))....(((.(((.(.((((((((.............(((((((......(((((((....)).)))))..)).))))).............)).)))))).))))..))).....)))))))))))..........)).))))))..)))).))))))))))).))).)))))......(((((((((((.((((((((((...........((((((....(((((.(((..........))).)))))......)))))).....((((((((...((((.(((((.(((((.........((((((.......)))))).((((((((((.((((((((.((.........)).))..)))))).))))).)))))...(((.((((.((((...((((.(..(((...(((((.....((..((....))..))..))))).))).))))).)))))))))))........(((....((.((((.....(((((...)))))....)))))))))..)))))..))))))))).....((((((((.(.....).))))))))...))))))))..((((((((....(((.(((.(((((......(((((.............)))))........))))))))))).....))))))))..)))))....(((((.((......)).)))))........))))).))))))))))).......))))).)).)))))))).......))))))))))))).))))))).....))).))).))).))))))).. (-413.90)
Adalimumab_HC_topk_102	1416	0.4717514124293785	-395.8	-0.27951977401129946	.(((....((((.((((((..(((........((((.(((((((..........))))).)).))))........(((((((((((......))))))))))).(((.((.((..((.((((((((((((.((....(.(((((.(((((((.((((.((((.(((.(((.......))))))...))))..))))))))))).).)))).))).)))))))....)))).).))..))...)))))...)))..)))))).))))..)))(((((((......(((((...((((((.......))....))))...)))))(((((......)))))........((((((((..((((....(((((((((......(((....)))...(((((((((((((((........))))))))..)))))))...(((((((((..((.((((((((....((((((((.........))).)))))((((((.((((....))))..((.((((.....))))))(((((.(((((.((...((((.....))))(((((((.....((((((((((.........(((((((.(((.((..((((........)).))..)).))).)).)))))((((((((((((.((.((((.((.........((((((..(((..........)))....))))))(((((..........((((.........((((......))))........))))))))).)).)))).))))))))))))))....)))))))))).....((((..((((...(((((....(((((((((((((..((.....))..))))).))))))))(((.(((.....))).)))..(((......)))...((((.(.((((((((((((((.........(((.......(((((((((((((((((((...(((..(((.....)))..)).).....))))))))))).)).))...))))....)))......(((....)))....((((......)))))))).))).))))))).)..)))))))))..))))..)))).......)))))))((((((......))))..))((((....)))).....(((........)))..)).))))).)))))((((((((((...)))))).))))...)))))).)))))))).)).))))))..))).......(((((((((.........(((((((....)).))))).........))).)))))).........)))))))))))))..)))).))))(((((......)))))((........))....(((((((.((((..(((.........)))..))))))..)))))))))))). (-395.80)
Adalimumab_HC_topk_177	1416	0.4724576271186441	-417.3	-0.2947033898305085	..(((((((((......)))))))))............(((((((((((((((((((......(((((((((((.((((((((((((((.(((((((((.((((((((((((((...((..((((..(((.(((.....))).))).)))).)).....)))))).)))))))))).)))))))(((((.(((((..((.(((((((.(((((.((.....))..))))).)..((((.......)))).(((((((((((...((((((.....((.(((((.((((......(((((((...(((.((((((((.((..((((((..((((..((((((.....)))))).....))))....(((.(..((..((((((((....)))))))).))..).))))))))).)).))).))))).)))...)))..))))...(((((..((((..((((((((((((((..(((((...(((......))).))).))..)))))))))).............((((((...((((..((((((........))))))..))))))))))((.((...........))))...(((.((((.((((((((........)))))).))..)))).)))...........)))))))).)))))))))))))).)).))))))......)))))).)))))................(((((((......))).)))).............)))))))).)))))..)))))....(((((((((...................))))).))))((.((((...)))).)).....((.(((...((((....)))).))).))((((.(((....((.(..((((.(((..((..(((((((.((((.((((((((.((((((.(((.....((((.(((((.(((((((((((...............))).)).))))))(((((((((..............)))))))))....(((...(((((.......................))))).)))((((((((.(((..((((.(((((...))))).))))...)))))).......)))))...((((((......)))))).........(((((((......)))))))..)))))))))....))))))))))))))).))..)))))))))))..)).)))...))))..).))...))).))))..........)))))))))))))))))..)))))..))).......)))).))))))..))))))..)))((((.((((((((((((.....(((((..(((((.(..(((((........)))))...).)))))...))))))))))))...))))).)))).... (-417.30)
Adalimumab_HC_topk_290	1416	0.4724576271186441	-430.5	-0.3040254237288136	..((((...((((((((((((.......(((.(((.(((((.((((((.(((((((...(((((..((((....(((.(((((((.(((.(...........)))).))))).)).)))((((.((((((.(((((((((((....(((((.((((((((((((.(((((((((((((.((((((.(....((((((((((..((.(((.(((((((.(((..((....))..)))))))..))).))).))(((((.(((.((((.(((.((.(((......(((((.((((((((((((....)))).)))))))).)))))((((......))))(((.....)))))).)).))).)))).))).)))))...)))))))))).....).))))))(((((.(((((((....(((.....)))....))))))).)))))...........((((...))))......)))).)))))))))(((.(((((((...))))))).)))(((((....))))).(((((.(((((((((((((((......)))))))))....((((((((.........(((((((((...))))....)))))......(((((((((((...))))))((((((.............)))))).)))))....((((((((((((........(((((.........(.((((((((..((.((.......(((((.......))))).......)))).)))))))).)(((((.....)))))..(((.((((((............))))))))))))))......))))).)).))))))))))))).)))))).)).)))..)))).))))).))))))))))))))))))).........((((.((.(..(((.(((........).)).)))..).)).)))))))))))))).))))..))))).)).))))))))).((((((....((((.((.....)).))))....)))))).(((.(...((((((...(((((........(((((((....(((.((((((......))))))))).....)))......)))).......)))))..)))))).).))))).))))).))).))).(((((..((((((.....))))))))))).)))))))))...(((((.((((......)))).)))))........))).))))(((((...............(((..((......))...)))..(((..(((((...(((((........(((((((((.((((..(.(((....))).)....))))))))))))).....))))).)))))..)))............((((((....))))))..)))))......... (-430.50)
Adalimumab_HC_topk_291	1416	0.4731638418079096	-398.85	-0.28167372881355934	..(((((((((((......................................))))))).))))...(((.((((((((....((((((((((((((((((((((((.(((((((....(((((((..(((((....(((...((((....).)))...)))..))))).......)))))))((((.....))))..)))))))(.(((((((((((((((.....)))))......))))..)))))).)((((((((((((........))))))........((((....)))).))))))...(((.....))).((((((((((((((((...((.((((....))))))..)))))))..........(((((...((...((..(((((....(((((.(.((((((..(((.......)))..)))))).)))))))))))..)).))...)))))))))))))).....((((((((((((....))))))))))))(((((((..(((......)))((((((.((((((((..((.((((....((((((.........)))).))......)))).))......))))))))..)).))))......((((((.(((.(((.((((((((((.....((((((...............((((((.((((.(((.((((((..(..(((((..((((((.....((((...))))..((((((.(.((....................))).)))))).........(((((((...................)))))))..................(((((((.((((.((.((.((((...((((((......)))))))))).)).)).)))))))))))...)))))))))))..)...))).))).))).)))).))))))..))))))....))))))))))))).))).))))))..(((.((....)).)))((......))))))))).))))))))))))))((((((.....(((....((((......((((.....))))......))))..)))))))))........(((....))).(((((((...)))))))......))))))))))..)))))))))))...................(((((...((...(((((((...((((...(((......)))....)))).......((((.((((((((((....(((.((.......)).))).....)))))..))))).))))....((((((((......))))))))..(((....((((....((((...(((((..(((((...))))).)))))...))))))))....)))..........))))).))....))...)))))... (-398.85)
Adalimumab_HC_topk_78	1416	0.4731638418079096	-424.4	-0.29971751412429376	.((((((.......(((..((((((..((((((((..(((((((..........)))))))..))))).)))...))))))..))).((((((((......(((.(((((.((.....(((((......(((((((..((((((((((((((.(((...((...(((..(((.(((((.......(.((((((.((((((((.(((((...((((..((((......))))...))))...))))).)))).((.((((....))))))(((((.(((((((((.((........)))))).))))))))))...........(((.((......((((((.....))))))......)).)))...(((((...((.((..((.(((..(((((((((......))))))))).)))..))..)))).)).)))..)))))))))).))))))))).))))).))).))...((((((.(..((((((...)))))).(((((((((((((....((((((.((.(((((((((.(((((..((..((((((.((.((((((.((...(((((.((...((.....))..)).)))))...)).)))))).))(((((..........))))).))))))..))..))))).)))).)))...........)).)).).)))))....)))))))))).)))).))))))..))))))))))))...)))))))((((((.......)))))).........)))))...)).))))).))))))))))).(((((((.(((((((....(((((.....((((...(((.((((((((..(((((......((((((.(((.....)))...))))))........(((......)))..))))).(((((((.........))))))).((...((.(((..(((.(((.((((((((......((..((((......)))).)).....)))))))).))).)))..)))))...))(((((.(((......(........).......))))))))........))))).))).))).)))))))))..)))).)))..)))))))....(((....((((.((((.......)))).))))..)))...(((((((((((...)))..))))))))...((((((((((((.(((......)))))).)))))))))...)))))).((((...((((..(((((.((((((.....))).))).....(((.(((((((((........)).)))))).).)))...((((((.....(((((.(((((((.......))))))).))..))).....)))))).......................)))))..))))...)))).... (-424.40)
Adalimumab_HC_topk_167	1416	0.4738700564971751	-406.9	-0.28735875706214686	..(((.(((((((((((((((((.........((((((.(((.....((.((((((((((((..((((...)))))))))...)))))).).)).....))).))))))((((((((((((((((.((((.(((.((((((...))).....)))....))).)))))))))).))).))))))).)))))))))))))...(((((((((..((((.((((....))))......))))..))))))))).(((.(((((((((.......((((.(((..((((((.((....)).))))))((((((((((((((.....((.(.....).))))))))))))..))))...((((.....))))))).)))).))))))))).)))..((((((((..(((((..((((....((((((...))))))....((((((.....))))))........)))).)))))..))).....((((((((.(((((.((((((.((((...(((((((......((((((((((((.((...)).)).))..)))))))))))))))((((((((........))))))))((....((((....))))...)).(((((((((..((((....))))...(((((..(((.((((((((((((....(((.(((((.(((((((((((((..((((........(((.((..((((((((((..........((((........))))...(((..(((.((...(((....))).)).))).)))...)))).))))))..))..))).........))))..)))).))))((((.(....).)))).)))))))))))))..)))).))))....)))))))..)))))............(((...(((.((((((((.......))))))))...))).))))))))))))..(((........)))....))))..))))))))))).(((((((.....)))))))((..(((((((.......((((((((.((((((......))))))....(((((...........................)))))...((((.((.....(((((.(......).))))))).)))).(((((((....(((((((((((((.(((...((((((.....((((((((((.((.(((......))).)).))))))))))..))))))....))).............)).)))))..)))))))))))))...(((((...))))).....(((..((((.(.(((..........))).)))))..)))..))))))))....)))))))..))......))))))))..........))))).....)))).))).............. (-406.90)
Adalimumab_HC_topk_115	1416	0.4738700564971751	-420.0	-0.2966101694915254	..((((((((.((...............)).)))).)))).....((..(((....((((((((((((((((....)))))....((((((.((((.(((.....)))))))))))))(((......(((.((((....)))))))....)))......((((((((..(((..(((..(((.((((((((((((.(((((.....)))))((((...))))......((((...((((((((((((.(((.(..(((((......((((....((((((...(((((((((.((((........))...))...)))))))))((((......)))).((((((((((((.((((((((((((..........))))))..)))))).(((((((..((((((((...(((((((((...((..(((((.((((...)))).)))))...(((((..(((((((((((............)))))))......)))).))))).)).))))....))))).)))))))).)))))))............))))))))))))....))))))))))....)))))))))))))))...))))))...))))(((((.(((((...((.((((.....((((((......((((((((...((((......))))...((((.(((.((.((((((.((((..((((((((((....((((..(((((....))).).)..))))......))))))))))...((((.((((.....)))))))).......((((((((((.......))))...))))))...(((((((...(((((.(((((.(.((...)).).)))))....)))))..)))))))....((((............))))..)))))))))).))..))).))))..........((((..(((((((.((((((((........))))..)))).)))))))))))..(((((((......((..((((.....(((((...(((....)))...))))).....))))..)))))))))................))))))))...))))))...))))..)).))))))))))))))))))).((((....))))...((((..(((..(((((.......)))))))).)))))))))))))..)))..)).))))))(((((((((((((..((((((((...(((((((((...................))))).....))))...))))))))))))................((((.((((....(((.(((((((((((....))))).))))))))))))).))))...)))))))))...................))))))).))))...)))..)) (-420.00)
Adalimumab_HC_topk_169	1416	0.4738700564971751	-403.4	-0.2848870056497175	...((((.((((((......)))))).((((((((..((((.((......(((((.....(((((((....(((((((((((((((((((((((((.((....)).).))))...((((((........))))))(((((.....((((((((......((((..(.(((((((((((((...(((.....)))...(((((((((((..(((.((((((.(....((((.(((((((((...((((.((((((.((..(((((((.....(((((.(......))))))....))))))).)).)).....((((((((((((..........)))).(((((....)))))...))))))))......((.(((((((((((((((((((((((((.((.((((((((((..((.....)))))))...((((.(((((.((((((......)))))).)))))..))))((((((......(((((((((((((.((((((....(((((...)))))...)))))))))(((((..((...((((....)))).))..)))))...((((.........)))).)))))))))).......)))))).(((((........)))))))).)).))))..))))))))))))))).......((((....)))).(((...)))...((((((.......))))))...)).)))))).))...)))))))).....(((.((((((((((.(((.....((.(((((........))))))).....(((..(((((...............))))).))).(((.....)))...........)))))))))))))))))))))))))..))))...(((......)))....(((((......)))))).)))))).)))))))...............(((....))).............((((........)))).)))))))..))))))))).)))))..))))...................(((((((((((..(((.((((..(.((...((..((((......))))..))..((((...))))......)).)))))...))).)))))))).)))..((((((((..((((............))))))))(((((.....))))).(((......)))..(((....)))........)))))))))))).....))))).................)))))))......))))).))))))))....)))).)))....)))))....)).)))).))))))))))))..((((((((((.(((..((((((((........)).))))..))..)))))))...........)))))).................. (-403.40)
Adalimumab_HC_topk_289	1416	0.4738700564971751	-436.5	-0.3082627118644068	..((((((((..((.....))..)))))..((((((((((.((((.....((..(((..((.((((((.((..((((((((((((((((((((((.(((((((((((.(((.((....)).))))))).))))))).)))))))....(((((((((((.(((((.....((((.((((((((((......))))))........))))))))....)))))....)))))))..))))....((((((..(((.((((....)))))))..)))).))((..((((((........))))))..)).......(((.....))).....((((((...(((((....)))))...))))))...(((((((((((......)).((((((.((((((((..(((..((((.(((..(((((....).))))..))).))))..)))............)))))))).....))))))...)))))))))....(((.((((((.((...(((...))).)).)))))).))).((((((((........))))))))(((((.......))))).........))))))).)))))))).((((((((................((((....))))........(((((((.((((..(((((......))))).(((((((((((..((((.((..((((.(((((((((....((((((.(...((...(((((......))))).))))))))).)))))).((..((.(((..(((((((....((((......)))).))))))))))))..))....(((((...)))))......)))..)))))).)).)).))))))))))).)))))))))))))))))))...........((((..(((..((((((((.......)))))))).)))...)))).((((.((.((((((....((((.....)))).)))).)))).)))))).)))))).)))))..))..))))))))))))))....((((((((((((......(((((((..(((.......((((......))))....))))))))))(((....(...(((((((((..........))))).)).))..)..))).(((........)))((((((((((.((..(((((((((((...)))))).)))))..)))))).)))))).((((...))))...................((..((((((((((((((((((((....))))))..(((..((((((((......)))))))).))).......)))).))))))...))))..))(((((......))))))))))))))))).........(((((........)))))....)))........ (-436.50)
Adalimumab_HC_topk_12	1416	0.4745762711864407	-421.0	-0.297316384180791	..(((((((((......))))))............((((((.((.(((((((..(((..((.((((((((....(((.(((((((((..((((((((((((((.(((.((((...)))).))).))))))))((.(((((((((((((((((((((((((((..((.(((((((((((.((.(((......))).)).))..((((((((((........((....((((((...((((((..........)))))).(((((((((((........)))).........((((.(((.((((((((((.((...((((........))))...)).)))))....((((....((((..((((.((..((((..(((((((((.......)))))))))..(((((((....))..))))).......)))).)).)))))))))))).....((..((((((.((.(((((.(((.(..((((.((....(((......))).((((((.((((.....)))).)))))))).)))).)))).))))).))..)))))).))...(((((.(((((.((......((((.........))))...)).))))))))))......))))).))).)))).)))))))((((((......))))))............(((...)))....((.(((((......)))).).))((((((((......(((.((...)).))).........))))))))))))))..))((((......(((((((.....)))))))......))))...))....))))))))(((.....)))))))).))))..))....)))))))))))))).)))).....))))..))))).))(((......)))...(((((.((((.......)))))))))...)))))).))))).............((((((........))))))))))...)))....)))))))).))..)))))))))).)).)))))).......(((.(((..((......))...))))))((((.((((........((((((((((...(((....))).(((...)))((((......))))..))))))))))......(((((((.(...(((((((...))))))).))))))))(((......)))..(((....)))..)))).))))....((((((....))....................(((.....)))...((((((((((((...............))))...))))))))(((....)))))))(((((.((((....))))..))))).((((((((.(((((....)))))...))))))))........)))....((((....)))).... (-421.00)
Adalimumab_HC_topk_249	1416	0.4745762711864407	-426.2	-0.30098870056497173	..((((.(((((..((((((........................((((((((.(((((.((((((...((.....))....))).))).))))).))))))))..))))))))))).))))....((((.......))))..................(((((....((((((((.....))))))))...((((((((((((((((((((((.(((((((((.(((((((......(((((((..(.((((.((((((((((((.((((..(((((..((((.((((((....(((((.........)))))..((((((.((((((((((.((((.((((((....))))))((((........)))).....(((((.((.(((((((.....)))))))))...)))))..)))).))))))))..))...))))))..(((.((((........)))))))...........(((.((((((((.((((((((((((((((((((((..((((......))))..)))))............((......(((((((....(((.((..((..(((((((.((((((((((((.....(((((.......)))))......((((......((((((...........))))))...))))(((((.....))))).............)))))))...)))))....))))))))).))...(((....)))....)))....)))))))......)).))))))))).)))..))))))))))))))))(((((((((............((((..(((....(((.((((.(((..((.(((...))).))..))).)))).)))......)))..))))))))))))).....))))))))))..)))))....))))...)))))).........))))))..)))))..)))))))((((((...))))))(((((((.((((((((((((...))))))(.(((.(((.(((((((.(((.........))))))....(((((.((((((((...((.((........)).))..))))..)))).)))))...(((((((..........((((..(((.....)))..))))........((((((((((.....))))..))))))..)))))))((((.....)))))))).))).))).).)))))))))))))))))))).........((((.((((((((.((........)).)).))).))))))).......)))))))))..............((.(((....))).))...((((.(((.((((......)))).))))))))))))..))))).))))))..)))).))............))))).. (-426.20)
Adalimumab_HC_topk_93	1416	0.4745762711864407	-434.08	-0.3065536723163842	((((((((((....))))).........(((((..(((((((((((((((.....(((((((......))).))))..)))))))))))))))..((((.((((((((.(.(((.((.((...)).)).))).))))))))).))))...)))))....)))))...((((((((((((...((((.(....((((((......(((((((((............))))))))).)))))).).))))...))))))).(((((((((.((((.(((((((.((((((..(((((((((((((.......(((......))).((((((((((((((((((.....))))))...(((((...)))))((((.(((.((((.....))))..)))))))((((.....)))).....))))))))))))..............(((((......)))))((((((..................))))))...((((((((..((.(((((((((((.....))))((((((((((((((........((((.(((((((((..(((((.(((((((((............)))))))))))).)).)))).)))))...)))).......)))))))............)))))))(((......)))..((((((.((((..((....((((((((((((((((((((((......))))).)))..(((.(((((......)))))))).(((((((.((...(((....))).)))))))))....(((((((((.(((...(((....(((....((((((..(.((((...(((......))).))))).))))))..)))....)))..))).)))))..)))).............)))))).))))))))...))....)))).)))))).))))))).))....))))))))..........)))))))).))))).))......(((((((.....)))))))(((((((.(((.....)))..))......))))).......((((((.(((((((.(((..(((....(((((.((((.....((((((....(((........)))....))))))..((((....))))..((((.......)))))))).)))))....)))..))).))))....((((((((((.((((((.((((..(((.....................................))))))).)))..)))))))))))))(((((.((((.((((((..........)))))))))).))))))))))))))...)))).)))))))...)))).....)))))))))....................(((.......)))...)))))..... (-434.08)
Adalimumab_HC_topk_19	1416	0.4745762711864407	-428.3	-0.3024717514124294	.......(((((((..((((((((((.(((..((((..((..(((.((....)).)))..)).))))..))).(((((((....((((((((((((((((((.((((........)))).......((((..(((((((......)))))).).....))))..((.((((.....)))))).((((((((((.(((((......))))).)).)))))))).(((((((...((((.......(((.(((.((((((.....)))))).................((((((.((((((.........)))))).)))))).))))))..)))))))))))......))))))).))))).))))))..))))))).((((....)))).....((((((((((.((....(((.(.((((((((.........)))))))).))))..))..))))..))))))....((..(((((((.(((((......)))))(((.(((((((((((...........((((((((((..............))..)))))))).......((((((((((((....(((((.((.(((((((((((((.((((.(((....(((((....(((((((((.((((((...((...((((.(((............))).))))(((((((...................)))))))..))...))))))......)))))))))(((((.(((((((.((((((.....((((....))))...))))))..)))..))))...)))))...........)))))))).)))))))))).)))))))))..((((((...(((.((((((((((((((((...((((((((....))))...))))...))))))))))))(((((....)))))...)))).).)).))))))((((...((..(((.((((........)))).))).))....)))).(((((.((.((((((..(((((((((.((((..((((..((...(((.((......((((.(((((..(((((((((........))))).))))..))))).))))....))))).))..))))..)))).))..((((....))))...(((((........))))))))))))..)))))))).)))))((((((....(((....))).)))))).))))).....)))))).)))))).......))))))))....))).)))(..((((((....))))))..)....((((((((....)))..)))))....))))))).)))))))))))).(((((.((.(((........))).))))))).........................)))))))(((((.....))))) (-428.30)
Adalimumab_HC_topk_3	1416	0.4745762711864407	-409.1	-0.28891242937853107	...((((.....................................((((.....))))..(((((((((((((.(((((.((((((....)))).)).))))).)))((.(((((.((((((..........))).....(((((((...((((((((((((...))))..))).)))))((((..(((((..(((((..((((((..(((((((((..(((((.....((((((((((((..(((((...)))))((((((..(((((...(((.((((..((..(((((...)))))))..)))).))))))))))))))...(((((...((((..((((((....))))))..))))..((((((((.((((......(((((((....)))))))((((((((...(((.((((..(((..((((((((...((((..((.(((.(((((...........((((.............)))))))))))))))))))))))))).......(((.....))).)))..)))).)))))))))))..((((((((.........))))))))...(((((((..((.(((((((((((((((.(((((......((((((((((((((.(((((....((((((..((((((.((((........(((((....(((((.............)))))...)))))........))))...))))))..)).)))).....(((....))).....)))))))))...)))))))..)))))))))).(((((((((.(((........))).))))))))).....))))).))))))))))))))))).((((((..(((...)))....)))))).)).)).)))))))).......)))))...(((.((((((...........))))))...))).((((((((.((((........)))).))).....)))))))))))).)))))....)))))...)))).)))))...............((((...((((((......))))))...))))))))))....))))).)))))..))))..((((...)))))))))))....((((((((((((((..(((((.(((.(((((((.(((((((..(((.((((.(((((.((((((....(((.(((((((.((.......)).))))))).(((..............)))(((................)))..)))...))))))))))).)))))))..))))....))).))))))).)))))).......))..))).((((((..........))))))))))).))))))))))))))))........................))))))))))...))))... (-409.10)
Adalimumab_HC_topk_233	1416	0.4752824858757062	-411.4	-0.29053672316384177	..((...(((....)))...)).....((((.((((.(.((((((........)))))).)..)))).))))(((((((((...((((((((((((((......(((((((((((....(((.((((..(((((...(((...(((((((((.((...(((...((.(((.......)))))((((.....)))).((((.(((((((((((((((..(((((.((((((......(((..(((.(((((((.......))))..))).))).))).((......))......(((((((.....................)))))))......))))))))))))))))))))).........)))))))))..((((((.............))))))(((((((((......(((((((((...........)))))))))...)))))))))...)))...)).)).)))))))...)))))))))))).)))....))))((((((((((((....))))((((((((((..........))))..)))))).((((((((..(((((((....)))...))))..)....))))))).(((((............)))))((((((.((((((((.............))))).((((......))))...((((...))))...............((((((((......))))).)))...))).))))))............((((((((...((((((..((((((.((((((........((((....(((((..(......)..)))))......)))).........)).)))).)))).)))))).))))))))))..((((((..((((((.(((......((.((((......))))))....))).))))).)..))))))))))))))(((((.((((((.........((((((((((............(((((((((((((...))))).))))))))))))...)))))).((.(((((((((......))))))))))))))))).)))))..........(((((....(((.((........)).)))....)))))..)))))))......((((.((((..(((..........)))..)))).)))).(((((....((((((...((((.((((......)))).))))))))))....))))).............)))))))..))))))).((((.......))))(((((...)))))((((((((......)))))))).....((((((((...((((((........(((((((........))))))))))))).....))))).)))((((......))))..))))).))))..... (-411.40)
Adalimumab_HC_topk_4	1416	0.4752824858757062	-416.7	-0.29427966101694913	..((((.((......(((((((((((((((((((((((((.((....((((((((((.....(((((((((((((((.(((.(((((.....)))))))).))))).((((((((((((.((((((.(((.((((...)))).)))))))))....(((.(((.....)))))))).)))))))))).....((((((...))))))((((........)))).(((((......((((((.....(((((......)))))((....))...)))))).....)))))........))))))))))))))))))))....)))))))))))).))(.(((((((...(((((....((((((((...((.....(((((..((...((((.((((((((((((((((((((.((((.(.................).))))))))))).....))))))).....))))))))))....))..))))).....))...))))))))((((.((((.....))))))))((((((..((((((((.((.(((.((((((((.((((((.(((((..........)))))..)))))).))..))))))))).)))))))))).)).)))).((((((....))))))........)))))...((((....))))...))))))).)(((((((((.........(((((((....((((((((......(((.((.....((((....))))((((..((((((.....((.(((.(((((.((..((((......))))..)).)))))))).)))))))).......((((((((((((((............))).))).)).))))))......))))...)).)))....))))))))....))))))).((((((...((((...)))).........))))))...((((((((((.(((((((((((....)))).).))))))..)))))))).)).))).))))))...))))))))((((((((((((((((((......)))))))............(((((((((.........((.....((((.((((((.....((.(.(((.((.(((..........(((((.((((.......(((......)))..(((((.....))))).((((......))))....(((((((((.(((((((((.((..(((.(...................).))).)))))))))..)).)))))))))....)))).))))).......)))))))).).))....))))))))))......))..)))))))))(((((.((((...)))).)))))))))).....))))))....))))).......)).))))........ (-416.70)
Adalimumab_HC_topk_246	1416	0.4759887005649718	-410.7	-0.2900423728813559	.(((......))).....(((((....................(((((((((((...(((.((((((((((...(((((..(((((((.(((((((((((.((((((....((((((.((....((..((((..(((.(((......)))...)))..))))..)))).))))))........))))))...)))))).(((..((((.((((((........)))))).))))....)))((((.....))))(((((((.(((((((((((....(((((((.(.((.....)).).)))))))..))))......((((((((((.(((((....))))).))...((.((((((((((((....((((.......))))....))))...(((((...(((((.((((.....(((((((...........))))))))))).))))))))))..((((((((((...((....)).))))))))...)))))))))).))(.((((((((..((((((((.((((((.(....).)))))).))))))))......)))))))))(((((..................)))))...))))))))..((((((...((((..((((.(((..(((.(......).)))))).)))).))))......)))))).)))))))....)))))))......((((.(((((....(((((((.((..(((....))).)).)))).)))))))).))))))))).))))))).)))))...))))))....((((..(((((..((....))..)))))..)))).......)))))))....)))))))))))...((((....))))(((((((((((.........(((((....)))))(((...(((.((((((...........))))))...))).))))))))))))))((((......))))....((((((((.(((((((((((((.((......))))))((.(((((((.(((((......(((.......)))...(((((..(((((...(((((((.......(((((...(((((.(((........(((...)))((((......)))).))).))))))))))......((((((((..(((..(((((.....(((((((..(((((((((...(..(((......)))..)....)))))))..(((.....)))........................))..)))))))...)))))..))).))))))))..((((.........))))......)))))))...)))))...)).))))))))..))))))).)).))).))))))...)))).....)))))))))......(((((......))))).. (-410.70)
Adalimumab_HC_topk_18	1416	0.4759887005649718	-419.7	-0.29639830508474574	..((((.((((((.(((((.((((((((((........((..((((((..((((((..((((((.((((.((((..(((.((((.((((.(((.(((.(((((.(.(((((......((((........))))(((((((.(((..(((((.((...(((.(((((...((((((.((((((((..((....((((.((.((((((...(((((..((((((...((((.((.((((((((....((((((....((((((((((.....))))(((.((((...(((((......))))).......((((((((((((((((.((.((((((((...(((((....)))))...))))))))...........(((((((((.......)))))))))...)).)))))))))..)).))))).(((((.((...(((((................))))).)))))))........)))).)))((((((((......))))))))......(((.....)))(((((((((((((((((((((((((...((((((((((....)))).)))).))...)))))))....((((((......((((.....))))......))))))))))))))...........)))))...)))))..(((((((...))))))).......)))))))))).))..)))))))).))...))))..)))))).))))).....)))))).)).))))......))..))))).........))).))))))...)))))..)))...)).)))))......((.....))..........)))..)))))))...))))).).)))))))).)))..))))..)))))))..)))).))))....)))).))..)))))).)))))).))............(((....))).)))))))))...........).))))).))))))..(((((...(.(((((.((((............))))))))).)...)))))..(((......(((((((((((((....((.((((..........)))).)).....))))....(((((((....(((((.......)))))....)))))))...............(((((((((((((((.(((..(((((..((.......))...)))))..)))))))).)))).((((...)))).))))))...........((((...(((((..(((...((((.(((.(((.......))).....))).))))))).)))))...))))....((.((((((((((....)))))))))))).........)))))))))....)))..............)))).....((((((...)))))) (-419.70)
Adalimumab_HC_topk_226	1416	0.4766949152542373	-421.5	-0.2976694915254237	(((((..(((((............((((.(((..((((((.....(((.(((((.(((..(((..((((.((.(.(((((((.((((..(.((((((((((...(((((((.....)))))))...)))))..))))).).)))).))))))).))).)))).)))...))).)))))))).....)))))).))).))))..)))))..)))))..((.(((((((((...(((.(((((..((((((.((.....))))))))((((((((.((((.(((.(((((((((....))))..........((((((((..(.((.......)).).))))))))...((((......).)))............))))).)))....((((.((((((((..((((((..((((((((......((((.((((((..(((..((((((......))))))..)))(((((...........))))))))))))))).((((((..((((......)))).....))))))..))))))))....((.((((.....((((((((.....)))))))).....)))).))..((((((((......((((.......))))......)))))).))))))))..........(((((..(((....((((....(((......................)))....))))........)))...)))))((((((...))))))........(((((((..((....(....)....))..)))))))(((((((((((((......((....))...)))).)))))))))........)))))))).))))...)))).)))))))).((((((((((((.......(((......)))....(((..(((..((((((...........)))))).)))...)))))))))))))))........(((..(((((...((((...(((((((..........))))))).))))...))))).....)))..((((((((((((((((..((.(((...))).)).)))).........((((((.((((.......))))))))))(((...))).....((((((......))))))...((((((((.....(((((....)))))..)))).))))...((((.......))))((((((((.(((..((((..((....(((....)))....))..))))..)))..((((...))))((((.(((((((((...(((.....(((((............))))).)))..))))))).))))))))))))))......((((......)))).))))))))))))................))))).))))))))).))).)).... (-421.50)
Adalimumab_HC_topk_268	1416	0.4766949152542373	-418.1	-0.29526836158192094	.(((......))).........................(((.(((((((.......(((((.((.((((((((((((((.(((((((..((((....)))))))))))))))..........)))))))))).))..))))).......(((((((((.(((((((((((((((((((((((((((((..(((((((....((((((.(((...((((..((.....(((((.....))))).((.(((((....((((((((((((((........)))).)))))...............)))))....))))).))((((((..((((((((....))))....((((((..((((.....))))..))))))))))..)))).))(((((((((........)))))))))))))))...))))))))).....)))))))(((((.((((....(((..((((.........))))..))))))).)))))...)))))))))))).)..))).....(((((((.(((((((....)))))))...)))))))((((....))))((((....)))).))))).)))))))).(((....(((((((.((((((((....((.((((....))))))...(((....((((..(((...............)))..))))..)))....((((......))))....))))))))....)))))))...))).......((((((...(((.((((((.((((((.(.....).))))))((((((..........((((((((..((..........(((...(((.((((((((((((....(((((.....))))))))).))).....))))))))...)))..........(((((((((((((.........)))))).)))))))......))..)))).))))..((((........)))).))))))(((((((((...((((((((...))))).)))..))))))))))).))))..)))..)))))).(((((..(((((((((((.....((((((......)))))).(((..(((((..((((.(((...))).)).))..))))))))....(((.(((.....))))))....((((((((((.....))))))))))...(((((...)))))......((((((((((((.(((.......(((((...................))))).....)))...))))))))))))(((.(((.(((.(((((.........))))).))).)))))).))))))...)))))..)))))..........(((...((.....))...))))))))))))...))))))))))........((((....)))). (-418.10)
Adalimumab_HC_topk_227	1416	0.4774011299435028	-433.0	-0.3057909604519774	..(((((((((((((.....((.......))......))))).))))).)))(((..(((((...(((.(((((((.((((..((((....(((..(((((((.((((.((...(((.(((........)))..))).((((((.((((((((..(((.(((((((.((((....(((.(((((.((((..((((((.((((((((((......))))).(((((((((.............)))).)))))((((((((((.(...........(((((.............)))))((((((((.((.(((((((.....((((((.....(((((.....(..((((((.((((((.((......))(((((((((..((.....(((((((((.((((((((..((((.((...)).))))((((((..((...))..))))))....))).))))).))))))))).......))..))))))))).........((((((((.(((.((((......((((((((.((((.........))))..)))))))))))).)))...)))))))).))))))..))))))..))))))....))))))))))))).)).)))))))).....).))))))).)))........))))))))))).((((((....(((.......)))...))))))...(((.((.((....((((((((.....((((((((((..(((.(((((((........(((((((.........))))))).((((((..((((..............))))..)))))).......(((((((.((.....)))))))))))))))))))))))).)))))(((.....))).(((((((...((((...((((((((..((.........))..)).))))))))))...))))).))((((((..((((.((((((..(((....)))....)))))).((((.(((...))).))))(((....)))............))))..))))))......)))))))))))))))...((((......))))....)))).))))).)))..(((...))).((((...(((((((((......))))).)))).)))).....)))))))))))((((..(((..(((.((((((...))))))..)))..))).))))..)))..)))))))))).))))......................)).)))).)))))))...)))....)))).)))).......)))))))))))))))..)))((((..(((.(((((.....(((.((((.((.(((((((((..((..........))..))))))))))))))).)))....))))).)))))))... (-433.00)
Adalimumab_HC_topk_128	1416	0.4774011299435028	-405.1	-0.28608757062146895	..((((.(((((....))))).))))....((((((.((....((.((....)).))..)).))))))....(((((((((..((((((.((((((((((((((((((..(((((...)))))))))).))(((((((.(((........))).))).))))..(((.((((((((...(((.((.((((..(((.((..(((((((((.(((.......(((....(((.....((((((......(((((.((((((((.((((......))))(((....))).......(((((((((((....)))).........)))))))..((((.(((((((((...(((((....((((.((....))..))))..(((((((((........))))..)))))....(((((...(((.((((((((((..((((((((((...))....))))))))...)))))))...)))))).)))))(((((...(((....))).)))))((((..(((......)))..))))((((((((((..((((((.(((((((((((.......))))))).)))).))))))......))))))))))((((((....)))))).....(((((........)))))....(((....))))))))...)))).))))).))))........))))))........)).))))).....))))))..)))..)))))))))...)))))).)).))).....)))).)).)))...(((((((((((((.((((((...((((.................))))....))))))(((((.((.....)))))))(((....)))(((((.(((((.(((..((((.(((....)))....))))..))).))))).)))))((((....))))..((......))..))))).)))))))).((((.((((........)))).)))).)))))))).)))..)))))))))...(((((..((((.............(((((((.(......).)))))))................((((...(((...)))...))))..))))..)))))...((((((.....((((........)))))))))).((((((...((.((((...)))).))))))))....((((..((((.....)))).))))(((((...((((((.((.((((((.(........................).))))))))))))))((.(((....))).))(((.((((...(((.((.((((....)).)).)).)))...)))))))...(((((((((......)))))))))...)))))....................)).))))))..))))..))))) (-405.10)
Adalimumab_HC_topk_258	1416	0.4781073446327684	-422.7	-0.29851694915254234	.((((((((((..((((((.((((.(((((....(((((((((((((.......)))..)))).......))))))))))).)))).))))))................(((.(((..(((((((((.(((.(((((((...((((....).)))...)))).)))....((((((((((((((.((((..(((((((....)))))))..((((...((((........))))))))....(((..((((((..((((((......))).)))..))))))...)))..(((((((((........)).))))))))))).)))).((((...(((((((.......((((((....)).)))).......)))))).)...))))......((((..((((((.....((.((((((.((((((((.........(((((..((((......)))).))))).(((((((((.....)).))))))).((((((....))))))........((((......))))(((..(((....(((.((..((((((.((((.(((.....((((((..........))))))))).)))).)))))))))))...)))..)))....))))))))))))))))........))))))...))))(((((((....)))).))).............(((((....((((..((......))...))))....)))))((((((.......))))))((((((((.......((((....))))(((((((...(((((((.((((((.(((..........(((.(((((.(((((((((.(((((.((((....)))).).)))).))))..)))))..........))))))))..(((((((((((...(((.((.((((...((.((.(((((.........(((.(((((.....(((........)))..))))).)))..))))).))))..)))).)))))..))))))))))))))..)))))).))))))).))))))).)))))))))))))).))))..(((.(((......)))))).)))..)))))))))..))).)))....))))....)).))))....((..(((((((((((...(((.....((((.(((((((.((...((((.(((........))).))))...)))))))))(((..(.((((.((((................((((....((((...))))))))....((((((((((((((........)).))))).))))))).....(((.((((((((..((((((.....))))))...)))))).)).))))))))))).)..)))....)))).....))).)))).))).))))..))... (-422.70)
Adalimumab_HC_topk_154	1416	0.4781073446327684	-416.6	-0.29420903954802263	..((.((((((......((((((.........(((((((.((((((((......(((.(((((....))))).)))..(((((((....)))))))(((((((((((((((...))).))))).))))))).....((((....((..(((((((((((((((...............(((((((.....(((((......(((((((((((......((((....)))).....((((((..(((((..((((((((((.....(((((......)))))..((((.((((.((((.(((....)))..)))).)))).))))..(((((....((((...........))))....)))))...))))))))))..))).))..........((((((((((...(((((...(((......))))))))..((((.((......)).)))).)))))))))).......))))))...)))))))).)))..)))))..(((((((((....(((.....)))))))).)))).((((((......)))))))))))))..((((((((.((((.(((.(((((((.((((((((((....)))..........(((..(((.(((..(((((..........(((((.((((........)))).)))))...))))))))...)))..)))........(((((((((..(((.((......(((((((...)))))))......)).)))..))))))).)).))))))).).))))))....(((((((((....................)))))))))........))))))).))))))))...))))))))))))))).))...)))))))))...))).)))))))....((((...(((((((((...(((((((.(((((((.(((((..((.((.....)))).........((((.....))))))))).))))))).(((((((.(((..((.(((((((..((((..((......(((((...((.....))...)))))..))..)))).((.....))................)))))))))..))))).)))))((((((.((((((.........))))))..............(((((.......))))).(((((((..((((((((((((..((......)).))).))))))).))..))))))).((((...(((((..(((((....(((((((((((....)).))))))).......((((....))))(((..((.((((....))))..))..)))..))....))))).))))).))))..))))))...)))))))...))))))).))))))))))))....)))))).))........ (-416.60)
Adalimumab_HC_topk_150	1416	0.4781073446327684	-423.3	-0.2989406779661017	((((((...(((..((((.((((((((((.................(((((((((((...(((((...)))))....)))))).))))).((((((((..((((((((((((((((((((((.....((...))....)))))))........)))))))......))))))))..))))).))))))))))))).))))...)))...))))))..((((((..((..((((((.....))))))..)).((((((((((...............((((((.............))))))......(((.....)))....(((((((((((((....(((((....((.(((..(((..((.....))..)))...))).)).)))))..(((((((..((((..((((....)))).))))..))))))).....((((((((((((.........(((......)))..((((((..(((((((((((((........))))))))).....((((((((..(((.(((((((...(.(((.(((....))).))).).....(((((((..........)))))))(((((((...((((((((((.((((.((((((((((((((.((..((......(.((((((.......(((((......)))))...)))))))....))..))))))))).....)))))))..)))).))))))....))))................((((((((.((.(((...)))....)).))))))))..(((.((((.(((.....(((((.((((..(((...)))..))....((((((((((.((((((((..((((((....)))))).((((..(..(((((((((((...((((...((((((((((((.........)))))).))))))))))...)))....((((.((....(((((...(((((......)))))..)))))...)).)))).))))))))..).....))))((((((......(((((((((......)))))))))..))))))..........((........))....((((...))))))).))))).)))))....)))))....)).)))))..)))..)))).)))(((((((..((....)).)))))))))))))).....(((((.(((((....))))).))))).....)))))))...))).))))))))...........))))..))))))))))..))))))))......(((((...((........))...)))))((((.((....)).))))...)))))))).)))))((((.(((.....)))...)))).................))))))))))....)))))).... (-423.30)
Adalimumab_HC_topk_221	1416	0.4788135593220339	-410.8	-0.2901129943502825	.(((......))).....((((((((..(((((((...(((.((((.(.((......))))))))))......(((..(....((((((((((((((......))))))....((((..(((.((((.(((..(((((.....(((..(((((((((((((.((((((((((.(((((.(((((.(((..((((((.((..(((((((.((((...((((((..(((((....((((((((((((((((..((.((((((((....((((...(((((((....((.(.((((((((((((....))))(((((..(((..((((..(((((((..((((((...))))))(((..((.(((....))).))..))).....((((((((.((((..(((.((.....)).))).))))))))))))..(((......))).....))))))))))).)))...)))))((..(((((((((..(((((...))))).....)))).)))))...)))))))))).)))..))))))).))))....(((((..((((.(((((.....)))))))))...)))))(((((....)))))......))))))))..))..))).)))))(((....((((((...........))))))....)))(((((.....)))))............(((....))).))))))))......))))))).))))..))))...)))))))..)).))........))))..))).)))))....))))).))))))))))..........((((....(((.((((.((....)))))).))).....))))........))))))))))))).)))..(((((.....((...(((((....)))))))..)))))..(((((....(((...........)))...)))))....(((((((.((.((((........)))).))..)))))))...(((..(((((((....))).))))..)))((((((.((((.((...(((...)))...))))))...)))))).......)))))....))).)))).)))..))))((.(((...))).))......)))))))).)..))))))))))...))))))))................((((((((...((((((....((((..(((((....)))))..)))).((((.(((((.............))))).))))((((.....))))..((((((....))))))..((((((((.........((.(.((((........)))).))))).)))))).((((((((((((........))))))))....)))).......................))))))....)))))))). (-410.80)
Adalimumab_HC_topk_288	1416	0.4788135593220339	-389.1	-0.27478813559322035	..((.....(((((((((((.((((((..............(((((((...(((.(((.......))).))).))))))))))))).)))))))))))....)).((((((((.((.(((..(......)..))))).)))))).))......((((..(((((...((((((..(((((....)))))........(((((((...((((((.(((((((...((..((((.....)))).))....))).)).)).))))))....)))).))).(((((..((.((((....(((((....((((..(((...(((((((((..((((((...(((.(((........(((((......(((((..((((.((.....((((((((.((((((((.((((.((...(((((.(..((((((........)))))))))))).((.(((((...(((((((..(((.(((.(((..((.(((((.((((((((......))))))))((.((((.....))))))...)))))))..))).))).)))...(((((((.(((......((((.(((.........)))))))...))).))))))).(((((((((.......(((((....((((((...((((.(((((((((.....(((((.(((.((....(((.......)))...)).)))...)))))........(((...)))..(((((((.((((((.......)))))).....(((((((((((.((.((((..(((.(((.((((((((((..((((......))))..))))))(((.(((((..(((((..........)))))....))))).)))))))))).)))..)))).)).((((......))))..............))))))).))))........)))))))..))))))))).)))).(((((((.((......)).)))))))..((((.....)))).......))))))....)))))...)))))))))))))))).....)))))..)).)).))))))))))))(((((((((((((..........(((....)))..(((((((.(((((.......))))).((((....))))............((.(((((.........))))).))....)))))))..(((..((((......))))..)))((((((((.((.....(((........................))))))))))))))))))))....)))))).....)))))))))).)))))))))......))))).))).)))...)))))).)))))))))))))))).))))).)))).)))))))...))))))..)))))..))))((((....)))).. (-389.10)
Adalimumab_HC_topk_104	1416	0.4795197740112994	-421.5	-0.2976694915254237	..((((........(((((.(((((.....((((((((((...(((((.(((((.((((....)))).((((((....((((((((.(((((((..........(((.(((((((.((....)).))).))))))).(((.(((((..((.(((.(((((..((((.((((((((......(.(((((((((((.((((((.(((((((((.(((((..(((........)))...))))).))))))))).((((((((((((.........(((((.(((.(((((..(((((((((........)).)))))))....((((.((.((((.((...(((((....)))))..))))).).)))))).....))))).))).))))).....((((.(((..(((....))).))).)))))))))))..........))))).........)))))).))))))).............)))).)((((((((((.....(((((.((((((((((.....)))(((.........))).))))))).)))))((((......))))(((((((....)))))))((((....))))..))))))))))...............((((((......))))))...........))))))))..))))...)))))))).)).........((.(..(((....)))..).))...))))).))).....(((((........)))))..)))))))...))))))))...)))))).((((((((.....))))))))((.(((............))).)).....((((((((.((((((.(((..((((((.(........).)))))).))).).)).)))))))))))....................(((((...((((((...)))....)))..)))))))))))))))....((((((.(......)))))))...((((...(((((((.....)))))))...))))))))))))))))))).)))))..((((.(((.((((((((((((.((((((((........))))).)))......((((((((.(((((....(((........))).)))))....((((((..((((.......)))).))))))......((((((.(((((((......(((((.((....(((....))).((((((.....(((...................)))))))))((((....)))).)).)))))........)))))))..))))))...)))))))).......)))))).((((((....((.....))..)))))).(((((........)))))................))))))))).))))))))........ (-421.50)
Adalimumab_HC_topk_164	1416	0.480225988700565	-425.9	-0.30077683615819206	..((((((((.(((.(......................).))).))))))))...((((...(((((((((.(((((((((.((((((((((((((((((..((((...((((((....(((((((.(((.....(((((((((((((((((((((..(((...)))..((((((((.((((.(((....))))))).((((.(((((...((((.(((.((....)))))...))))...))))).)))).(((((.(((((((.....))))))).)..))))..(((((((((((.......))....))))).)))).(((((((((((((((.(((((.....(((((..(((.(((((..((((((....((........)).....))))))..)))))..))).............))))).........)))))..)))))..))))).)))))....(((((((.((((((.(((((((...))))).)).))))))))))))).(((.((...((((((((.(((...........((((((((((((((.........)))...........))))).)))))))))..))))))))...)).))).))))))))))))))...........(((((.(((((....(((((......)))))...((((.............)))).))))).)))))..))))).))))))...(((((.......)))))....(((((((..((((((..(((((((....)))))))....(((.((((..............))))))).))))))((((..((((.((((((((((...((((((....))))))..))).))).....))))))))..))))............(((.(((...((((((...........))))))..)))..)))((((((((.((...........((((.....((..(((...(.((((((((...((((((....))).))))))))))).)...)))..)).))))..........)).))))))))...(((.((........)).))).......)))))))..(((((((((((.((((....))))((((.((.(((((((..(((((..........)))))))).)))).))..))))...)))))))...))))))))...))).)))))))))))))....))))..))............)))))))..)))).))))).))))).)))).)))).)))))...)))).......(((.(((((........))))).)))...(((((((((.(((((.(((((..(((((....(((....)))...)))))..)))))))))).)).)))))))((((...)))).. (-425.90)
Adalimumab_HC_topk_273	1416	0.480225988700565	-429.5	-0.303319209039548	..(((...(((((((((.((.((((((........(((((.((((..(.((((((.....)))))))..))))..))))))))))).)).)))))))))..)))(((((((((((((((((........)))).))).))))))))))((((((((.((((...((.(((((.............(((....((((((((..((((((((((((((.(((((.....(.(((.((((((((.(.(((((.(((((((((..(((((...))))).((((.((((((.........)))))).))))........(((((....)))))((((...(((..(((((....)))))...))))))).)))))))))..(((((((......))))))).))))).).(((((((((...((((((..(((((....((.((((((....).))))).))((((((...........((((((...))))))...........))))))...((((..(((......)))..))))((((...((.(((.(((((((.((((((.((((...(((((.(((((((..((..((..............))))..))))).)).)))))......)))).))))))...)))))).)..)))))...)))).....)))))..))))))))))))...)))........))))))))....))).)........))))).))).)).....)))))))))......)))))))))))....((((((((((...((((......))))))))))))))(((..((((.(......)))))..)))...))))).)).....)))).))))))))((((.........((((((((.(((((......)))..)).)...))))))).........))))..........((((.(((((((((((.((.((((........)))).))))..)))))..((((((((...))))))))....(((((...(((((((....)))(((.(((.((((..(((((((..(((.(((((((((......))))))(((((..((.(((......))).))...)))))....(((.((((((.((.(.((((..(..((((.((..(((((.......))))))))))).(((((......))))).)..)))).))).)).)))).)))..(((((..(((..(((.(((.....((((.((.((..(((((.....)))).)..)).)).))))...))).)))...)))..)))))........)))..))).)))))))..))))))).)))(((.((((...)))).))).))))....)))))..(((((........)))))...)))).))))... (-429.50)
Adalimumab_HC_topk_193	1416	0.4809322033898305	-398.5	-0.2814265536723164	..((((((((((...((((.....................................((((((.(((......))))))))).((((((((((((((((.......(((...((...((((....(((.((((.((((((.((((((((((((((((((((...(((.(((((..((((((....(((((..(((((.((..((((((((((((...((((((....(((((.((((((..(((((((((((.((..((((.((((........((((((((((..(((..(((.(((((.........))))).))).....((((((((((..(((.((((((....((((.(((((((...)))))))....)))).......)))))).)))(((((.((..((....))..)))))))....(((.((....)))))...........))))).))))).((((......((((((...))))))...)))).....))))))))))....)))..))))))))..)))))))).......((((((((.((((((((((((..((((((.........))))))..))......(((.(((((.......)))))))))))))).)))).))))))))........((((....))))..)))))..))..))))..)))))...)))))).....((....)).......)))))))......((.(((((......))))).))))))).)).)))))..)))))..)))))).(((((.((((((((((((................))))))))....)))).)))))......))))).))).)))).)))))((((..((((...))))..)))))))))))))............)).)))))).)))).)))......))))...))....)))(((((((((.....(((((((((....))))))))).....)))))...))))..((((.(((((...((((((((((((((..........(((((.((.....(((..(((((.........((((......))))........)))))..)))..)).)))))...((((((((((((.((((.((((((((.(((((............))))).)).).)).))).)))).))))......(((((.((((......))))..)))))(((.....)))....((((...................)))).))).)))))(((.......)))...))))))...........))))))))..))))).))))(((.....(((.(((......)))))).....))))))))))).......))))))))..)))).))).))).)))).............. (-398.50)
Adalimumab_HC_topk_53	1416	0.4844632768361582	-444.7	-0.31405367231638415	..................((((((.((((((.........(((((.((((((..((((.(((((....))..((((((((((((....(((((((((((......))))))))((((((((...((((((.(((((((((((((((.((.(((..((((((((((((((.(...((((..(((((((........)))))))..))))((((...((((((...((((((.......(((((..((((.((.(((.((.((((..((((........))))((((((.....((((((.((((((((...((((.....)))).)))))...))))))))))))))))))).))..(((((.....(((.(....).)))......))))).((((((((((((((.(((((..(((((((((.((...)).)))).(((...((((((((..((...(((((((...(((.............(((((...)))))))).)))))))..(((((((........((((((....((((.....))))...))))))..)))))))....))...))))))))..))))))))...)))))....((((.((((((((((((((((((((((...(((((((...........)))))))...((((.........))))..)))))..(((((........)))))........((((...))))....)))).)).)))))).))))).))))....))))))))))))))...(((((((((.....(((.....)))....))))))))).....))).)).)).))..))))).....))))))....))))))..))))).))))))))))))))..)))..)).))).))))).))))))))).))))...))))))))......)))..)))))...)))))))..(((........)))............((((((....)))))).....)))..))))..)))))).))))).((((....(((((((((((((.......((.......)).......((((......))))...((((.......))))..)))).)))......))))))....))))...))))))...(((.(((........))).))).((((((((((((((...(((((((((.((.(((......))).)).)))))))))...((((...))))...................((((((((((...))).))).))))(((((.............)))))))))..)))))))))).(((((((((((((((((((......))))).(((((((.(((((....)))))...)))))))........)))))..)).))))))))))))). (-444.70)
Adalimumab_HC_topk_143	1416	0.4858757062146893	-419.9	-0.29653954802259885	..((.((((......)))).)).................(((((((((.((((.((.......)))))))))(((((..((((((((((((((...(((((...)))))((((((..(((...))).).)))))((((.(((........))).)))).))))).)))))))))..)))))....(((((.(((.(((...(((((((.((......(((((......((..((((((..((((.(((.((((((...)))))).)))......(((((((..............((((((((((((((.........))))))).)))))))..(((((((...)))))))..((((((...))))))))).))))(((....)))(((((((((((.((((((.(((((((((....(((((.(((((.(.((((((((((((..(((........))).(((((((............))))))).)))))).)))))))))))((((.(.(((....))).).))))((((((......))))))......).))))))))))))))..((((((.......((((...)))).......)))))).....)))))).)))))))))))...(((((((((....).)))))))).........))))..))))))..........))........)))))(((((((((((((.((((((.......((((......))))..((((.....))))...(((..((((.....))))..)))....(((((.(((((.............))))))))))(((((((((.((...(((((((((....)))...))).)))...))..)))))))))........((((((((((...((((((((.(((..(((((.(((.......)))(((.((((.(((.(.((((((((.......((((((..............))))))...)))))))).).))).)))))))..((((..........(((((...(((...)))...))))).)))).............((((...(((...)))...))))...........))))).)))...))).)))))...(((((((...(((.(((............)))))).......)))))))..))))))))))(((.((......)).))).((.(((((((((((((.........................))).......)))))))))).)))))))).))))))))).))))..((.(((((((......)).)))))))....((((.........))))(((((((..........))))))).......)))))))))...)))))).)))))......)))))). (-419.90)
Adalimumab_HC_topk_231	1416	0.4498587570621469	-404.8	-0.2858757062146893	..((((((((((((((..((((((((...((.....(((.....))).......))...))))))))...))))))).((((((((((((((((((((...))))))))((((.......(((((..((((((.......((((.((...(((((..(((.(((((((((((((...(((((((((((......))))))....((((((((((((......))))))))))))...((((((...(((..((((.(((((((........((((((..((((((.((((((((.(.(..(((((((((.((((.....))))..)))))))))..)).))))....(((((......(((((.((((((...(((((((.......((.((((((((((...(((....(((((((...)))))))....))).....)))).)))))).))..........))))))).......)))))))))))...)))))..))))))))))..)))))).....))))))).))))((((((((((...(((((((((((((.......))))))))))).)).......)))))))..))))))..))))))......)))))))))))))).....)))).)))..)))))...))))))....((.(((((((.(..((((((((....(((((........)))))((((......))))..(((....((((((((.((((((((.(((....((((((.(((.(.(((..((((((((((((....((((......)))).))))...........((((((....)).)))).......))))))))....)).).).))).)(((....)))..)))))....)))))).))))).))).)))))....)))((((..((((((.((((....(.(((((((((.(.((..((..(((........)))..)).)).).))))))))).))))).))))))..)))))).))))))...).))))))).))(((((((((......))))))))))))))).))))).......))))......((.((((((..((((.(((...)))))))..)).))))))..((((...(((((((((......((((......))))...)))))))))....))))......)))))))))).))((((((.(.(((....))).).))))))....(((((.....(((((...(((((((..((((..(..(((((..(((((.............)))))..).))))....)..))))))).....))))...)))))....))))).(((((((.....))))))).......................))))))).............. (-404.80)
Adalimumab_HC_topk_192	1416	0.4505649717514124	-400.2	-0.2826271186440678	.(((......)))....((((((.((((((.....(((((((.(((...(((((((..((((((((((((((((.((.((((.(((((((((.........((((((((..((((((((((.....((((.(((.(((((.......))))).).)).))))..)).))))))..))...)).))))))..(((((((((((((((....(((..((((((((....(((((...(((((((.((.((.((((((...)))))).))........((((((.............))))))..((((....((....))...))))....(((....(((((.(((((.((((((...((.(((.....(((((.((....))...)))))....))).))..)))))).))))))))))....))))))))).)))...)))))))))))))..)))..)).))).)))))))..((((.(((((((((.((((((.(((((((((((((((..((((......))))..)))))..)))).).)).))).)))))).))))).....)))).))))........)))((..(((((((((((((((...........)))..))).)))))))))..))))))))))).)))).)).((((.(((......)))..)))).((((...(((((........))))))))).....)))))))))..........((((((.......)))))).....(((.((((((((........(((.((((..(((((......((((((.((...(((..(((((.......((((((((.((...))))))))))...((((((....))))))(((....))).)))))..))).....(((((......))))).)).)..))))).....)))))..))))...)))....)))))))).)))...((((.......))))))))).))..)))))))..)))..)))))))(((....)))))))))..........((((((.................))))))...((((((((.((((((.((((...(((....))).....))))..(((((((.((((((......))))))))))))).......(((((..((((.(((((.......))))).((((((...((((..(((......)))..))))))))))...((....))(((((((.....................))))))).))))..)))))........................(((.((((....))))))).......)))))))))))))).(((((((((........)))))))))...........(((((......)))))..........)))))) (-400.20)
Adalimumab_HC_topk_277	1416	0.4519774011299435	-372.5	-0.2630649717514124	.(((......)))((((...................((.(((.....))).))..((((((((.(((...(((((..(((((....((((.((.....)).))))....)))))...)))))..))).))).))))).((((((((((((((((......(((.....(((.(((.((.....((((........)))).....)).))).))).....)))...((((..((((.....))))))))...)))))))))))).....(((((((((((((((..(((......(((...(((.((.(((.....))).)).))).)))((((.(((.(((((((..(((((......(((((..((((((.(((....((((((((((((..(((((((((((((((.......((((((.....((((((((((((((((...(((((.......(((((...(((.((....)))))...)))))))))).))))))))).)).)))))..((((......))))))))))...(((((((((.((((..(((((((((........)).)))).)))..)))).))))....))))).....(((.((((((.((((((..((........(((((((((........)))))).)))......((((((.((.(((.......))).))))))))....))..))).))).)))))))))...((((((((......)))).))))(.((((((..(((......)))......)))))).)....)).)))))))))))))............(((.(.((((((..((((.(..(((((.(((...))).)).....)))..).)))).))))))))))....)))))))....)))))..))).))))))..))))).......)))))...(((....))).(((((((.(((....(((...((((....))))...)))..))).)))))))..(((((..(((((....((((....(((....)))...)))).....)))))..))))).(((.(((((........)))))..)))...(((.....)))))))))).)))))))...(((((..((.((((((((((..(((............)))..)))))...))))).))))))))))..))))))............)))))))))(((((.....((((.(((((............((((.(..(((..((.....)).)))..)))))..(((..(((((.........))))).)))....))).))))))((((((((((...)))).))))))..((..(((.....)))..))...........................))))).))))))))... (-372.50)
Adalimumab_HC_topk_7	1416	0.451271186440678	-411.9	-0.29088983050847456	.(((((((((.(((....))).)))))....(((.(((((((((.((.((((.(((.(((((((.(((.(((....))).))))))))))....(((..(.....)..)))((.((((((((..(((.(((((((((((...(((.......)))...)))).))))(((((((((((....(((((((....((..((((.....))))))....))))))).....(((((...)))))..((((.(((((((((..(((....)))..))))))))).))..))(((((((((...............))))))))).(((.((((((((..((((((((.(((..((((((.((((((.....(((((..(((((((((....)))....)))))).))))).......((((((((.((((.((((((((.((((.....(((((...(((((.........................)))))...)))))))))..)))))))).)))((((......)))).....).))))))))....)))))).))))))..)))..(((((((..........))))))))))))))))))))))).)))......((((((.............((((((((.......))))))))...(((((....((((...(((.......)))...)))).....)))))))))))...)))))))))))......(((((((((((((...((.((((...((((((((((((((...))))).))....((.((((((..((((......))))..)))))).))..........)))))))....)))).)).))))))).)))))).((((((((.....((((((...(((((((.........)).)))))))))))..))))))))..)))..)))..)))))))))).(((((((...((((...))))...))))).))((((((...)))))).......))).)))).)).))))))))).))).(((((.((((.((.....))...)))))))))..((((......)))).......)))).(((....))).((((((.....(((((((.(((((((.((((....))))..............((((((.....)))))).(((.....)))..((((((.(((((.(((((.(((((..(((..((((...))))..)))................)))))....))))).)))))...))))))....((..((((.....))))..))(((((......))))).)))))))...((.(((((....))))).))..)))))))...))))))..........................(((((((....))))))). (-411.90)
Adalimumab_HC_topk_48	1416	0.4555084745762712	-386.5	-0.2729519774011299	.......................((((((...((((((((.(((((((((.........)))))))))..))))....)))).(((((((((((((((((((((((((.(......((((.........))))).))))))).....................)))))))))))((((..((.((((((...((((..(.((((((..............((....)).((((((.(((((..(((((......(((((((..((((.......(.((......)))...)))).)))))))))))).....((((((((.......((((((((....))))....((((((..(((((...)))))..))))))))))......))))))))((((.((((........(((..(((((.....))))))))(((((.((...)).)))))...))))))))((((((...((((((..((((((((..((((((((.((((((((.((..((((......((((((((((((....(((((....)))))))))).........)))))))......)))).)))))))))).......)))))))).................((((((((((((((.............)))))....(((......)))..)).)))))))..))))))....))....))))))..))))))........)))))))))))...)))))).)..))))(((......)))........))))))))..)))).(((.....)))..))))))).......(((((....((.(((((((..(....)..)))))))))((((((.(((((((....((((.((......))))))......))))))).))))))..((((((((.(((((.....(((.......)))....)))(((((.........((((.(((((..(((((.((((.((...)).))))..........)))))..))))).....(((....)))..))))........))))))))))))))).((((((((.(((((((...((((...(........)...))))..............((((((.(((((((((((.(((((((........)))))))(((((.......))))).((((...))))......)))))).)))))))))))........((((((..(((.((((....((((((..((((.(((.........))).))))))))))...)))).)))...)))))).((((.((........)).))))..(((((....)))))......(((((((.(((((....)))))...)))))))....))))))))).)))))).))))))))))) (-386.50)
Adalimumab_HC_topk_43	1416	0.4576271186440678	-387.7	-0.2737994350282486	..((((.....((((((((........((((((((..((((((....(.(((((((..(((((.((((..((((.......(((((.((((((((.(((..((((((((((.....((((((....((((.((((...)))).))))...((.((.(((((.((((...(.(((((((..((.((((((.((((((((..((((((.((((((.(((((.((.....(((((...((.....(((....((..((((((..((.....)).))))))..))....)))..))...)))))..(((((((((.....))))))))).....((.(((..((((((....))))))..))).))......(((((.((......)).)))))..((((((((((((.((((((...((((......((((((.......(((..((((.(......).))))...))).......)))))))))))))))).)).))))))))))...)).))))).)).........))))))))))..))))).)))...))))))))))).)))).)...))))))))).)).)).(((......)))(((((...)))))...)))))))))))).))))))))))))((.(.((((((...)))))))))(((......)))..(((((((((((((..((((.......(((((.((......)).).))))...((.((.((..(((..(((((..((((.(((.((.(((...))).))....))).))))...)))))..)))..)).)).))........)))).)))..)))).)))))).)))))))))))))))).)))))..).))).))).)....))))))...))))))))((((..(((......)))..))))))))))))................(((((((((((((((((.................))))))))..(((((((.(((......(((((((((......((((.(...(((((........(((((.....(((...((((..((((((((((((..(.........((((...))))....(((((((...............)))))))..((((((.....)).))))........)..))))))((((.(((..((..((((.......))))...))..)))))))..))))))......))))..))))))))....)))))...)))))...)))))))))......((.(((....))).)).............))).)))))))..)))))).))).((((.((..(((((..(((.(((..((((.((.....)).))))..))).)))..)))))....)).))))))))............. (-387.70)
Adalimumab_HC_topk_239	1416	0.4590395480225989	-412.6	-0.29138418079096046	...((((..((((.............((((.......((((((((........))))))))..))))((((.((((......))))))))((((((......((((((.(((.........(((((((..(((((((((...................)))).)))...)).))))))))))))))))..((((((((....((((((......))))))......((((((...........(((...(((.((((.(((((.....))))))))).)))...))).........(((((((....(((((...((((.(((((.(((((((...(((((.....)))))(((.((((.........))))..)))))))))).((((((.((((((((..((((((((......))))))))..)))))..)))..))))))........))))).)))).)))))((((..........))))(((...)))((((((((..((((......))))..((((((((((((.(((((((..(((((.((((..(.((((((...(((.((((((....))))))))).)))))).)..)))))))))))))............(((((((..((((((((((((((((((((((...........(((((...)))))..........)))))).((((...((((((((((..(((...))).......((.((......)).)))))))))))))))).........)))))..)))))).....(((((((((((((((......))))..)))))))))))..((((.(((.((...((((.((((((((.((......)).))))).))).).))).)).))).)))).....)))))((((((((((.........)))))).)))).........)))))))(.(((((.((.((((.((((((((...)))).)).)).)))))).))))).).....))).))))))..))))))(((..(........)..))).......(((((...(((((............................))))).......)))))...((((......))))..((((...))))................))))))))((((((((.....)))).)))).............((.(((((((((((((((....(((((................)))))....)))))))...((((......)))))))))))).)).....)))))))..))))))((((((.(((.(((((((.(.....).)))))))))))).)))).(((((((((........)))))))))...........))))))))))))))))))..))))... (-412.60)
Adalimumab_HC_topk_209	1416	0.4583333333333333	-406.3	-0.2869350282485876	(((((..((((..((((...((((((((.....((((.(((((((..........((((....))))..))).))))))))...(((((((((((...(((...)))..))))).....((((((((.....((((.((.((...(((...)))...)).))))))....))))))))..))))))))))))))....))))..))))..)))))...((((........)))).........((.((((((....)))))))).......(((((.(((((((.(((((..(((((((((....))))).)))).((((((.....)))))).....(((((((.((((((.((((.(((..............((((.((((((((....)))))))).)))).....((.(((((((((((..(((((((((.......(((((((.....((.((.(((((.................))))).)).))..))))))))))).)))))..))))).....((((((.((.((.((((((....((((...((..((((((.....))))))...))...))))))))))...)).).).)))))).......(((.(......).))).)))))).))(((((((((........(((((......)))))..((((((((...................))))))))))))))).))((.(((..(((((((.((((((.((.(((((((((((((...((((((((((..(((.(.(((((...((((((((((((((((((((.(((((.((((...(((..((....)).))).)))).))))).(((((((........)))))))(((((.....((((...(((...))).))))..))))).))))).)))))(((.....))).............)))))).))))((((((((((....))))))))))......((.((((((..((..........))..)))))).))..........(((.(((((......))))).)))....((((.(((..................))).))))..))))).).))))))))))))).....((((((.(((((((((((.....((((((...(((((.......)))))))))))...((((....))))......)))))).)))))))))))(((...((..(((..((((.........(((((....((((((((.....)))).).)))...))))).......))))...))).))...)))....))))))))..)))))))..))))))...))))))).))).)).)))..)))).))))))....)))))))........)))))))))))).))))).. (-406.30)
Adalimumab_HC_topk_146	1416	0.4597457627118644	-396.1	-0.27973163841807913	.................((((......((((..((((((.....((.......)).....))))))..))))......))))(((((((((((((.((((....)))))))))))..........((((((.(((((..(..(((((((...(((....(((..((((...)))))))..((((((((...((((.(((.(((((((((..((((...((((....))))....)))).....(((...(((.((((((..((.....)).)))))).)))...)))...........)))))))))...)))...))))((.(((((......))))).))..(((.((.((((.((((..(.....)..))))..)))).)).)))....))))))))...((((((.(((...((((((((((((.....(((...(((((((((......))))))..((((((......(((((((....)))))))...)).))))(((((...(((.((((......)))).)))..))))))))...))).....)))))))..))))).)))))))))((((((((((((((((..(((...((((.(((......))).((((..((((.((...(((((((...........)))))))..(((((((....)))).)))..............((((......))))...((((((..((((((.(((((((((((.............((((.((....((((((.......)))))))))))).((((.......(((((............)))))........))))...((((((((((...((((...((((((....))))))((((.....)))).....(((........)))(((((((...(((((((..((((((((.((.....((((((((((.(.........................).))))))).))).....)).)).))))))..(..((((((........(((((.....(((.((....)).)))..)))))((((.(.(((.((((((......))))))))).)..))))))))))..).)))))))...))))))).((((........)))).....))))....((.((((((.....)))))).)).....))))))))))...(((((...((((((((..((....))..))).))))).)))))....)))))))))))..((((.......))))......)))))).))))))...........))..))))..)))).))))..)))))))).)))))))))))))).....)))))))..)..)))))...)))))).......((((((......))))))....))))))..... (-396.10)
Adalimumab_HC_topk_228	1416	0.4583333333333333	-398.7	-0.2815677966101695	.......(((((....)))))...(((((................(((((((((((.((((((((...))))))))..)))))))))))(((((((((((((...(((((.(((...)))))))))))))))....((((((((.(((....((((...((...))))))....))).))).)))))((.((((((((...((((((((((........))))).((((......))))....((((..(((.((((((((((.............(((((...(.....)...))))))))))))))).))).))))...((((((((((((((((.((....)).)))))(((((((((........(((...)))))).)))))).(((((((((((....))))))))))).((((((((.(((((..((((..((.(((((((......((((.(((......))).)))).....)).))))).)).((.(((((.(((((.(((((...............((((.((.(((((((.(((((((.((((.(((.((((((.((((((..........))))))))....)))).))).))))..........)))))))......))))))).)).))))...............((.((((((.....)))))).))...))))).))))).))))).))(((......))).....(((((..((((......)))).)))))...(((((...(((((..(((..(((((((((((.(((.(((((..((((..............))))..))))).))).....(((((.((((...(.(((((((...((((((.((((((..((((.....((((.............))))..))))((.(((.(((.(((.......((...((((((.((...((((((.(((((((...(.((.......)).)....)))....))))))))))....)).)))))).....))..((((((..((.((...((((......))))))))..)))))).........((((....((...))....)))).))).)))..)))))......)))))))))))).(((.((((((..(.((......)).)..)))))))))))))))).)....)))).))))))))))))))))))).))))).))))).(((((.(((((((...(((.........((((((.((.((..((((...)))).)).))))))))..........)))....)))))))))))).....)))))))))...))))))))..))))).))))))((.((((.....)))).))...........))))).)))))))).))....))))))))))). (-398.70)
Adalimumab_HC_topk_152	1416	0.4583333333333333	-383.8	-0.271045197740113	.((((((((((...((((.(((((((...........((.((.(((((.(.(((((..(((((((...)))).)))..))))))((((((((((.(((.((((((.....(((.....((..(((((((...((.(((((((...((((((.((((((((....((((...((((..((((((((.((...(((.(..(.(((((((((((.((.(.((((..(((((.(......).)))))((((...)))).((((((.(((((((.((((....))))..((((((((......))).((((.(((.....))).))))(((((......)))))........))))).....))))))).))))))((((((...(((..((((((.((((.((((.(..((....))..)))))((((((((......((((....))))(((((........)))))....(((....(((((...)))))....)))..))))))))((((((..(((.....)))..))))))..((((.((((..(((.....))).)))).)))).)))).))))))...)))....))))))(((((......(((.((.(((..((((((..((.(((((...(((((...(((....))))))))...((.(((((((...))))))).)).............))))).))..)).))))..))).)))))......)))))))))).)).))))))))))))..).)))...)))))...(((.((((((...((.(....)))...)))))).)))......((((.((....))))))......)))))...))))..)))))))))))).))........))))))))))).)).............(((((((.....(((..(((.......)))..)))....))))))).(((((.(((((((.(........).)))))))..))))).))))))).)).....))))))))).)))))..........(((((...((.....))...))))))))).))))....((((......))))..........(((.(((....(((.((...)))))....))))))..((((....)))).......((((((((........((((((.....))))))..)))))).)).))))).))..))))))))).))))))))..)))))).((((...((((..(((((....(((....(((..(((..(((.(((((.((.((((.........)))).))))))))))........(((((.(((((.((((...))))..))))))))))(((((........))))).....))).))).....))))))))..))))...)))).... (-383.80)
Adalimumab_HC_topk_89	1416	0.4583333333333333	-397.1	-0.28043785310734465	..((((((((..((((.............))))...))))))))...(((((........(((((...))))).((((((((..((......))..)))))))).((((((.....)))))).......((((....(((((..((((((((((.(((.(((((((.........(((..(((((............)))))..))).((((.(((((..(((((..((((((...))))))((((((...((((((.......)))))).)))))).......(((((((....)))))))...((.........)).....(((...(((((((.............(((((((((((...)))))))))))((((((...............))))))((((.((((..(((.(((((...))))))))....)))))))).......((((.(((...((.((......((((((((((((((((((.((((((((((((((((((((((..((......)).)).)))((((..((((((..(((.((((((((.((...((.((((.............)))))))).)))))))).))(((.((....(((((((.....))))))).)).)))..........)..))))))..)))).......((...(((((((...((((((((...))).))))).....................((.(((((......))))).))..((((((((.((((.((((........(((((((((...)))))))))(((((....)))))....(((...(((((((........((((.....))))..((((((........))))))..))))))).))).(((......)))...)))).).))).)))))))).)))))))...))..))))..))))))))).........(((((((((....))))))))))))))))).))))..............((((.((((.(((((((((.......((..(((((((......)).))))).))....((((......))))......((((...))))...(((((((.....(((((....)))))......)))))))..(((..((((........)))).)))(((((((...(((...........))))))))))...((((((.......((((((((((((..............................)))))..)))))))..))))))))))))))))))).))))...)))).)))))).......)).))...))).))))))))))).)))))))))))))))))...))))))).))).))......)))))))).....)))))))))...))))). (-397.10)
Adalimumab_HC_topk_184	1416	0.4590395480225989	-419.2	-0.296045197740113	.(((.(((.....(((((((......................(((((((...)))))))(((.(((......))))))......((((((((.......((((.((..((((..((((((((((((((.((.((...((((..(((((.(((((((((((((((((..(((((((((..(((((((.....))).((((((((.((((((((((......(((((((((((((...))))..)))).)))))...(((((((.(...((((((((..((((((.........(((((.(((......))))))))..((((.((((((..((((((....(((((....)))))..))))))....((((.....(((((.(((.((((((((((((((((.(.(((....))).)))))))))))).)))))...(((((.(...((......))...).)))))...............))))))))))))))))))))))(((.((((((.(((........))).)))))).)))))))))..))))))))).))))))).....)))))))))).)))).))))..(((((((..((((...((((.(((((........)))))((((((((((((...........)))))).............)))))).........................))))....))))..))))))).....(((((...)))))........))))..))))))))))))((.(((((.(((((.((((..((((((((((((((((....)))))..)))))))))..)).)))))))))))))).)).......)))))))))))))))))))..)).)).((..((.((((((..(((((((((((..(((((.(((.((..(((.....(((((((.(((......(((...................)))....)))..))))))))))..)).))))))))....))))))))))).(((.....)))...(((.......)))......)))))).))..))...........((.(((((...)))))))))..)))))))))))))))))))).)).)))))))))))))))))))...))).)))........((((((((((..((((..(.(((((((....))))))))))))((.((((...)))).))..((((((.((((...((((((....(((((.......((((((.(((....)))))))))......)))))))))))..)))).))))))......((((.(((..((((((((.....))).)))))))).))))...))))))...))))..........(((((.(((((.....)))))...)))))... (-419.20)
Adalimumab_HC_topk_42	1416	0.4604519774011299	-388.3	-0.2742231638418079	..(((...((((....((((........................(((((((((.......((((..(((((.((.(((((((((((.((((((..(((((((((((((.(((((((((.(..((((.....((((((((...................))))).)))..)))).).))))))))).((((((((((((.....((.((((((..(((((.(..((((((((((((.....)))).....((((((((((...((((((((........((..(((.......)))..))........)).))))))..)))))).))))((((((....(((((....)))))....)))))).........))))))....(((((.(....).))))).(((...))).))..))))))...)))))))).....))))))).....)))))....(((((((.((((((.(..(((..((((((.(.....).))))))((((((...(((.(((.....))).)))...)))))).))).).))))..)))))))))...))))..))).))))))..))))))(((....)))......))))))))))).(((((((((.((((((((((.(((....((...((.(((.....)))))..))....))).)).)))))))))).))).)))).....((((.(.........).))))...(((....)))....(((.....(((((.((((((..(((((......(((((((((((.................))))))....(((...((((((((((((((((.....(((((.....((((((((....(((((((..((.((..((......))..))..))..)))))))))))))))..)))))((((((((.....)).........)))))).(((...........)))........))))))))))))))))..((((.(((...))).))))......)))....)))))...))))).((((((((.....(((.....))).....))))...))))....)))))).....))))).....)))......)).)))))..)).))........)))))).))).....))))....)))).))).....((((.(((((((((((((.((((((......))).))).))))((((((((.(((((.............))))).))))......)))).((((((...(((((((...(((..(((..((.(((....))).)).))).)))..)))))))...))))))........(((.(((........))).)))(((((....................))))).....))))))))).)))).. (-388.30)
Adalimumab_HC_topk_255	1416	0.4597457627118644	-396.1	-0.27973163841807913	.......................(((((((((.........((((((.(((.((((((.((((((((((.(((.(((((((((((((((((((.((.((((...)))).)).(((((((((((((..(((..(((...)))..))).........((((.(((....))).))))((((..(((..(((...(((...((((((..((.(((((.(((((((....((((((...(((((...(((((((((.((((((..(((((.....(((.((.......)).)))....)))))...)))))).).))))))))...((((((((.((((((((((.....)))).((..((((.....))))..))((((.(((.((.(((((((.....))))))))).)))))))...(((((((((.........))))))))))))))).))).....)))))....))))).))))))...(.(.(((...))).).))))))))..))))).))..)))))))))...))).)))..))))....((((...((((((.(........)))).)))....))))(((((((...(((((((((.(((((...(((((((......(((.((.((((((.((.((((((((.(.(((((..(((((((....)).)))))........((((((((((....(((.((.....(((((((...((..((.(((((......))))))).)).)))))))......)))))..))))))))))((((.....))))(((((.......)))))....(((((.(.((((((((..(((((...(((((.((.....)).))).)))))))....))))))))))))))..((((......))))))))).)....)))))))).)))))))..).)).)))......))))))).......(((((.((.......)))))))..((((.(..(((((((((...))))).)))).).))))((((((....((((((((((((.............)))))((((((...((((......)))).........(((....))).))))))........)))))))....))))))((((((((((((.((..........)).)).)))....)))))))...))))).))))...)))))....)))))))...)))))))))..)))).........................))))))...)))))))))).))))))))))))........))))))))))((((((((.......)))))))).(((((........(((.(((........))).)))))))).............))).))))))..........)))....)))))) (-396.10)
Adalimumab_HC_topk_211	1416	0.4597457627118644	-437.2	-0.30875706214689264	.((((..(((((....))))).......(((.....)))......(((((.....(((((...........)))))..))))).((.((((((((((((...((((((.(((((((...(((.((((((.(((((.((((((..((((((.((((((((((.(((.((((((.((.....)).)))))).(((((((.((((.(((....)))...)))).)))))))((((.....)))).((((..((....))..))))(((((((....((((((((..((((........((((...(((((((((.....))))))))).))))(((......))).......((((.(((((.....))))).)))).))))..)))))))).((((.((((((((......(((.((((.((((((((.......)))..))))..).))))...))))))))))).)))))))))))(((((((((((.(((((..(((((((((.((((......))))....)))))))))))))).((......))(((((((((.(......).))).)))))).......((((((...((....((((..(((((((((..................))))))))).....(((.(((((((........(((((((...)))))))((((...(((............)))))))....(((.((((.........((((......))))..((((.....))))..(((((.((((.....)))).)).))).(((.....))).)))).)))..))).)))).)))))))..))...))))))))))))))))).))))))))))))))))))).))))))((((.......((((((......(((((....((((((((.(((.((.(((.((((((((.(((......................)))..))))..)))).))).)).))).))))))))...)))))..))))))....((((..((((((((((....((((.((.....((((.(.(((....((...((((......))))...))...))).).))))...))))))....))))))))))))))..))))..(((.((((((((((........)))))))))).)))((((((.((((....)))).))))))........))))).)))))).)))))))))).))))).)......))))))))))))))))))...((((((((((.(((((((((((...((((..(((((((....(((.((((...((((..(((((.(((((...))))).))))))))))))).)))..)))))))...........)))).)))))...))))))))))))))))..... (-437.20)
Adalimumab_HC_topk_117	1416	0.4604519774011299	-396.7	-0.2801553672316384	....(((.(((((((.......((((((.......((((((((.((((.((.(((.(((((((..((((.((.((((((((..(((((.(((....((.(((....((((....)))).......))).)).....))).)))))..)))))))))).)))).)))))))(((((.....))))).))).)))))).))))))))....(((((((.(((.((......((((((.....)))))).......)).)))((((((((((........)))).))))))..(((((((((.........)))))))))(((...)))...((((.((((((((.(((.(((((.(((((..((..........(((((.........(((.((((((((((((((..((((.(((((((...(((((((((.(((((.(.(((((...((...........(((((((....(((....)))))))))).......))...))))).).))))).))).........)))))))))))))...............)))).))))))).))))))).)))..........)))))((......(((((..(((((..((((..((((................((((.(((((...)).))).))))((((....))))((((((((...................)))))))).....((((((........((((((...((((...((.(((((.....(((((...(((((....)))))))))).(((((((.(((((((((((((..........(((..((....))...)))......((...((((...((((((....)))))).)))).)).)))...))))))))))...))))))).(((((...((((((..((((..........................))))....))))))...))))))))))))...)))).))))))..)))))).))))..))))..)))))..)))))......))(((((((((......(((((((((...(((((((......)))).....)))...)))).........)))))......)).)))))))...((((((((((((((.(((.(((........))).))).((((.......))))..(((....))).(((((.....((((((...(((....)))...))))))))))).......................)))))))).....)))))).))..)))))..)))))..))).))))))))....)))).)))))))((((((...(((((..((((.....)))).)))))...))))))...............))))))))))))).)))............ (-396.70)
Adalimumab_HC_topk_84	1416	0.4604519774011299	-398.6	-0.28149717514124295	..((...(((((....))))).....)).........(((((.......((((((..((((((...((((....((((((.(.(((((((((((.((((..((.((((.(((....((......))..))).))))))((((((((((((.((((((..(((.((((((((((......(((((((..(((....)))....)))))))......((((.(((((...((((((.((.(((((..((((((..((((((((.((.......(((..(((....)))..))).......)).))))))))..)))))).....((((((.(((..(((((((((....((((..(((((((...)))))))..))))....(((.(((((((.....))))))).))).(((((((.((...((((.(((.........(((..(((((((((((.((..((((((((..((...((((((...)))))).....))..))))).)))..)).)))))).)))))))).....(((((((...)))))))...))).))))))))))))).(((((((..............))))))).)))))))))..))).)).)))).))))).))))))))))))).))))((((...)))))))))).........)))).))).))))))........((((......))))....)))))).))))))..(((....)))........)))).)))))))...((((((((.........((((.(((((...((...((..........((........))..........))...)).)))))))))..(((((((.....((.((((((((..((((((((((((....))))...))))..)))))))))))).))....))).))))........((((.(((((.(((((((.....(((((((........))))))).....))))..((((((...((((....)))).)))))).............((((.(((((......))))).....)))).................)))..)))))...))))......(((((((...)))))))..(((((.((((((.((((.((((((((..(((.......)))..)))))))).)))).))))))....((((.....))))..))))).))))))))))))...).))))))...))))..........(((.((((.......)))))))...((((...............))))))))))..)))))))))))((((((((((((.((.(((((......))))))).))..((.(((((((........................)))))))))))))))))))..... (-398.60)
Adalimumab_HC_topk_175	1416	0.4604519774011299	-391.9	-0.27676553672316384	..(((...((((((...........(((((..(((...((((..((.........(((.(((..((((((((....)))))))).))).)))....((((((((.((((((((((((........(((((..(((...)))..))))).))))))))..((((.((((((((((((((((.(((((((...(((((((((((((((.((((.((.(((((((..((..(((........((((((.....))))))...(((((.......(((((.((((....((.........)).....)))))))))..........)))))...(((((((....((((((.((((((..(((.((........)))))((((((............))))))...)))))).)))))))))))))..........)))..))..)).)).))).)).)))).)).))))..)))))))))...))))))).)..)))))))))))).))).))))...(((......)))((..((((...((((...))))....))))..)).......(((((((.(((...((((((...(((....((((.(((((((((((........((((.((..((((.(((((((...(((((((.((..((((.((((....)))).........((((..((((((..(((..((((((........((((((.........((((......))))........))))))...((((.((((.....))))))))..((((((.((((((((((......))))...)))).)).)))))).....((((...))))...))))))..))).)))))).)))).....))))...))..))))).)).....))))))))))))))))))))))))......))))..)))).)))..))))))(((((..((.(((((......))))).)).....)))))...)))..)))))))))))))))))))))..))))....)))..)))))..((((.....((.......)).....))))(((((((....((...))..(((((((..((.((...........(((..(((.((((.......)))).)))..)))......)).)))))))))..((.(.(((((...((((((((((.((((((....)))..))).))))))))))....))))).)))...................(((..((((.(((((((...(((((((((((...........)))))).))))).....)))))))...))))...)))..))))))).(((((...(((((((.....))))))))))))......((((....))))..))))))..)))........ (-391.90)
Adalimumab_HC_topk_296	1416	0.4611581920903955	-397.3	-0.28057909604519776	..(((...((((((......((.......)).......))))))...)))((((....)))).........(((((..(((((.((((((.((.....)).)))..((((((.((((((((....((((((((((((.((........))))))....((((((.(.((((.(((((......)))(((...((.((((((((((..((((((((((.((((........))))..))))..))))))(((.(((..(((..((((((.....(((((((((.............)))))))))......))))))..)))..))).)))(((...((((((.(((((((((((((.(((...))).)))))))....((((((.((((....(((((((....(((((.....((((((........(((((((.(((...))).))))))).(((((((....................))))))).((((..((((((((.....((((.....))))...))))))))))))...........((((.....((((((((.....)))))))).....)))).))))))...)).))).....))))))))))).)))))).))))))))))))...)))...)))))))))).))...)))...((((....((((((((...................))))))))...)))).)).)))).).))))))..((((((((..(((((...(((.((.(((((((.(((((....(((((((..((((((((((((((........)))..)))))))))..)).)))))))..))))).))(((((.(((.((((((((((((.((((...((..((.((((((.(((...((((.(((((.(.(((((((((((...((((......((.((.......)).))...)))).((((.(((((......))))).))))............))))))))))))))))).)))).................((((((((........))))))))....((((.(((....((.....)).....))).)))).))).)))))).))....))..))))...)))))..))))))))))))))).((.(((........))).))...(((((.......(((((((.(((((((......))).))))...)))))))...))))).........(((((....((((.......(((....((((((......))))))....))).......))))...)))))...))))).)))))..)))))....))))))))..((((((........)).)))))))))))).....)).)))))).))))))))).)))))..)))))... (-397.30)
Adalimumab_HC_topk_205	1416	0.4611581920903955	-379.9	-0.26829096045197737	...(((..(((((...((((((.(((((........((((....((((...(((((((((.((...((((.(((((((((((((((.(..(((((((.((((((.((..(((((...)))))..)).).)))).).)))))))..).))))....((((((...))).))))))))))))))...))))...))))))).))))..))))))))......)))))..))))))......(((((((...)))))))..(((......))).......(((((...(((((((((.((((((...(((.((((.((((((........))))))...((((...((.((((.((((.((((((((..(((((((.((..((.......)))).))))))).)))))))).))))..))))))...))))((((((...(((((.(((((....((((((((((((((..(((.((((...((((((((...(((((((((..(((...((((.(((((....)))))))))))).))).)))).....))..)))))))).....(((((..((.(((((((((..((......((((((..(((((((((((((((.(((..((......))....((((.(((((.((..((((((........((((((((((...)))))).))))))))))..))...))))))))).))).)))))).......((((((((...((((((((.((((.(.....((((((........)))(((((((..((((((((..((((.................)))).)))..)))).......)..)))))))))).....).)))).)).))).)))))))))))))..)))))))))))))......)).))))..))))))).)))))(((...))).....(((....)))((((((.(((((..(((.((((........)).)).)))...))))))))))).....)))).)))..))))...(((((......(((.(((((......))))).)))..)))))....((((......))))...)))))))))).....))))).)))))(((((((((((((((((.........((((..((((...(((((((((((.........)))))........)))))).....)))).)))).........)))))))))).(((.....)))........(((((((........((.(((((....)).)))))........)))))))...)))))))...))))))......)))).)))))))))....)))))))))(((..(((((((.(((........)))...))))))).)))...))))).....)))))....)))... (-379.90)
Adalimumab_HC_topk_160	1416	0.461864406779661	-387.68	-0.27378531073446327	...........((((((..(((((((.((((......(((((((((.((.((((.(((((...........))))))))).)).))))))))).(((((((.(..((((.........))))..).))))))).((((((((((.(((..(((((((((((...))))..)).)))))((((((.......))))))..(((((.......)))))..))))))))).)))).................)))).)))))))))))))....((.((((.((....((((((((((((.(((....)))..)))))))..)))))(((((((((((((.(((((.....((((......((((....))))....)))).((((((((......)))))..)))))))).)))))......))))))))........((((....((.((((........(((((..........((((((.((.((.((((((((.(((((((((.((((.((..(((.....)))..))..(((((.((((...)))))))))((((((((((((..((((((((((.((((...((((......)))).....)))).))))).....(((......((((...(((((((((.....)))))))))...)))).....)))...(((.((((...................)))).)))....(((...)))....(((((...)))))))))).((((.....))))....(((.(((.((...((((.((((..((.((((((..................)))))).)).....)))).))))...))))).)))(((....)))...))))..)))))))))))).))))..))))).))))......)))).)).))..)))))))))))((((((.......(((((((((.(((.(((..((((........))))..))).)))...((((((((((.(.(((.......)))..).)).(((...........)))..))))))))..((((((((..((((((...((((((......))))))..)))..(((....))).((((.......(((....)))))))((((((....)))).))...........((((((.....))))))..)))...))))))))..((((((.((..(((.((.((.(((((.....................................))))).))..))))).)).))))))(((((((........)).))))).((((..((((..(((..((....))..)))..))))..))))((((......))))))))))))).......)))))))))).))...)))).........)))))))).. (-387.68)
Adalimumab_HC_topk_172	1416	0.461864406779661	-400.8	-0.28305084745762715	.(((......)))............((((((..((.(((......(((((((......((((....((.(((((((((......(((((((((((((.(((...(((((......((((((.(((((.(((((((...(((((.((((((((((((.((((..(((...(((((.....)))))...)))..(((((((.(((((.(((((.(((.(((((.....))))).))))))))...((....(((.((((((.(((.....))))))))).)))....))...((((((...))))))(((((...........((((((((((((((....))))...(((((((((((((.((((...(((.....)))..(((((((......))))))))))).))))))).)))))).(((((.(((((.....(((((((...))...)))))))))).(((((..((...(((((((....)))))))...)).))))).((((((((((((((....(((((((..(((((........)))))..))).))))........((((((((....)))..)))))..((((((((......))))..))))...(((....((((....))))....))))))))))))))))).(((((......))))).(((.....)))...(((..((((.((..(((((((((....((((.((........(((((......)))))...)))))).)))).)))))..)).)))).)))))))).))))))))))))))).))))))))))))..(((....))).(((.(((((((.....))).)))).))))))).))))))(((.((((....))))))).)))))).))))).....)))).))).))))))))))))))))...)))))))...........((((...........)))).((....)).((.(((((((((.(((((.((((....)))).)))))))))))))).))((.(((((....(((.(((..........((((.(((....((((((......)))))).)))...))))........))))))....))))).))))))))))).......)))))))))))......................((((((((....((((...))))))))))))..))))......)))))))....))).))..))))))...................((((.....(((...((((((..(((((((.(((((.....(((..(((((((....)).)))))..)))...(((..((((.((..((((......))))))))))..))).........))))).)))))))))))))...)))..)))).... (-400.80)
Adalimumab_HC_topk_101	1416	0.4625706214689266	-410.7	-0.2900423728813559	.(((((.......(((((((((((..((((.((..(((..(((((((((.(((((((..((((....))))..))))))).)))(((((.(((((.((...)).)))))..))))).((((.....((((..(((....))).))))...)))).....)))..)))..)))..)).))))...)))))))))))......((((((.((((......)))))))))))))))...............(((((..(((((((........((((((((((((((...............((((((((((.(((......)))...)))))))))).((((...((((..(((((((((((((........((.((.(((((..........)))))))))..))))))))))).))...)))).)))).........((((.((..((......))..)).))))((((((..((((((..((((.((((.((.(((((((.(..((((((.((((......)))))))))).(((((..(((((.((.....)))))))..)))))..).)))))))))..)))))))).))))))..(((.(((((((.(...((.....((((((((((.....((((..(((((((.((((((..((((((((((........((((((((...................))))))))....((((((((..(((((((.((....((((......)))).(((......)))..)).)))))))((..(((.((..........)).)))..))..(((((..(((....(((.(((((((.((..((((((.......))).)))..))..)))))....)).)))..)))..)))))..)))))))).)))))))..)))(((...((((.....))))...)))..)))))).))))))).(((((..((..((((..(((((((((((((((...(((...(((....))))))...)))))))))...........(((((((((......))))))))).)).))))..))))..)).)))))....)))).(((.....))).....))))))))))......))....).))))))))))....((((...((..(((((.......)))))..)))))))))))).)))))))).)))))).((..(((...(((((((...(((....))).................))))))))))..)).......((((((((..((((..........))))..))))))))......(((...))).....((...((((...((((((........)))))).....))))...)).......(((((....))))))))))))..)))))... (-410.70)
Adalimumab_HC_topk_111	1416	0.4632768361581921	-420.3	-0.2968220338983051	..((((((((...........(((((((((......(((((((.(((((((.........))))))).......)).)))))((((.((((((((((((.((((.(((((.(((.(((((...))))).))).))))).)))).......)))))...((((.(((.(((...))))))))))..(((((((((((((((.(((((..((.((.((((.((((..((((..((((.....)))))))))))))))).)).))..........(((((((((((.((((................))))..))...))))).))))...((((((((...(((((....)))))...)))))))))))))))))..)))))))))))..((((((((((((((((((((((((((((((......)))..)).))).)))))(((.(((((...((((.((((....(((.....)))...))))))))...)))))...)))(.(((((((((.((((((.......((....))....(((.((((((((....(.....)....)))))))).)))............))).))).))))))))).)......)))))))))))))))))...(((.((((((....).))))).)))((((......))))...((((((((...................))))))))..(((..((((.(...(((....)))..).))))..))))))))))))))..(((......)))..((((((((.((((......))))..))))))))(((((..((((.(.(((((((((.(((.(((................))).)))..)))......)))))))))))..))))).........((((.((((..((((((...........)))))).))))..))))...)))))))))....(((((..(((((((.(((..((((((((((.((.....)))))))))))).)))))))))))))))....((((((.((((((.....(((((((((((((......((((......))))....(((....)))....((((((((.....))))...)))).......)))))))).))))).....(((..((((((.....))))))))).((((((((.......((((((((.......((((((.((((((....((........................))))))))......))))))))))))))......))))))))..........(((.........)))(((((((.((((.(((((.....))))))))))))))..)).)))))).))))))..................))))))))...((((....)))). (-420.30)
Adalimumab_HC_topk_105	1416	0.4639830508474576	-404.8	-0.2858757062146893	(((((.....(((..(((.(((((..((((.......((.(((....(((((.((((((.((((.....)))).(((.(((.((.((((((((.....(((((..((..((.....))..))..))))))))))))).)).))))))...))))))...))))))))..))((.((((....)))).)).))))..))))).)))..)))))))).((((((....(((((.....(((....((((.(.((.....))).))))))).....)))))((......))..((.((((.(((......))))))).))...((((((.((((((.(((.(((.((....((((((...(((((((((.((((....((((...((((........))))...)))).....((((((((.(((((.((((((((....((..(((((((.................................)))))))..))((((.((((((.....((((.....)))).....))))))))))((((((((...((((.((((..((((((.......)))))).)))).))))(((((((((((...((((((.((..(((..((.(....)))..)))...)).)))))).((((((((((.(((((((((((((((((((.(((.....)))........(((((...((((((((((..................(((((......)))))))))))))))((.((((((.........))).))).))......)))))(((((((((((((.((......(((.(((((.(((((((((.((((.(((..((.....)).))).))))..))))))))))))))))))).)))))..(((((((((((.......((((((.......................(((.((.(..(((((...((.((((........)))).))....)))))..).)))))))))))..))))))))))))))))))).))))))))).))))))........(((.....))).......((((......)))).........))))...))))))))))((((..(((((.............)))))..))))..........(((((((..(......).)))))))...(((((...))))).))))))))))).((((...(..((((..((((.............))))..))))..)...)))).....)))))))).))))))))(((..(((((.........))))).))).))))).))))))))((((((((...........)))))))))))).))))))))))))))).....)).))))))..)).))))..)))))).))))))... (-404.80)
Adalimumab_HC_topk_187	1416	0.4639830508474576	-415.9	-0.29371468926553673	((((((((((.(((..((((.........))))..)))))).))))))).......(((((((((((.((.(((((......)))))((((((..(((((......).)))))))))))).)))).))))))).(((((...................)))))(((..((((((..((((((((.((((.(((.((((((.(((((.((((.((((..(((............))).)))).)))).)))))((((..((((((((((.....((.(((((.((((((..((((.(((.((((((((....................)))))))).)))))))......(((..((((((...))))))..)))(((((((.............)))))))(((..(.((((((.(((.(((...)))))))))))).)..))))))))).))))))).((.....))..))))))))))((((((......(((((.....)))))(((((.((((.(.....(((((((((((..........))))..)))))))).)))))))))....((.(((..((((((((((.(((.((.((((((...((((((((((((.((((((((((((.((((.....(((.((((...((((((......((((((.((.(((((((((((..(((((((..(((....)))....))))))).........((((.(.((((((................))))))).))))......(((((((.(((...((.(....)))...))))))))))......((((((.......((((........)))).......)))))))))))))))))...((.((((((((((.(((((......))))....).)))))..((((..(((.......)))..))))...)))))))....))))))))..))))))...)))))))...((((....)))).)))))))).......)))))..)))))))))))).)))(((((((..........)))))))..((((((...((((......))))...))....))))....((.((((.....(((((.......)))))...)))).))..))))))...(((((......)))))(((((.....)))))(((((....))))).........)).))).))))))))))..))).)).))))))..............))))...)))))).)))..((((....))))...........((((........)))).....((((((((.((.((((.(....).))))))))))))))((((((((........))))...))))...........))))..))))))))))))))))).. (-415.90)
Adalimumab_HC_topk_230	1416	0.4639830508474576	-395.5	-0.2793079096045198	.......(((((....)))))..................(((((((....(((((((.(((..((..((((......))))))))))))))))..(((((((((((.(((((((((...(((((.....)))))....(((((..((((((((((((....))).))))))..)))..))))).......)))))).))).))))))(((((......)))))..((((.........((((((.(((....(((((.......)))))....)))))))))..))))..((..(((((((....))))).))..))(((((((((((((((((.((((........((((((((......((.((((((((((((.(((((((((((...(((((((((....)))))))))...((((......((((((((...((((((.(((((....(.(.((.(((((....(((....)))...))))).))).)..)))))..)).))))..(((.(((.....))).)))((((..(((.(((((((.(((((((((..(((((...((((((((((...........))......((((..(((((((....(((((((....)).)))))....(((((.............)))))(((((......)))))..(((((((.....................)))))))...(((.(........).))).......((((......))))......((...)))))))))))))..(((((((.((((((...((.((((...........)))))).))))))..)))).)))..)))))))).(((((.(((.(......).))).))))).)))))..)))))......)))).)).))))))))..))))))))))))......)))).........))).)))))))).......((((((....))))))..(((((((((.(((((((((.....)))).))))))))))))))((((((((((...((((..........((.((((...(((((...((((.(((.....)))...(((.......))))))))))))...)))))).....((((......)))).(((((((((..(((((..((.(((.....))).))))))).....)))))).)))....((((.((((.(((.(((((...........)))(((((.......................))))).)).))).))))..))))))))..)))))))))).......))))))))))))...)))))).)))))))).))))))))))).))))))((((...((((((((..................))))))))...))))))))).))))))) (-395.50)
Adalimumab_HC_topk_244	1416	0.4639830508474576	-407.5	-0.2877824858757062	.((((((.(((((..((((((................((((((((...((.((..((((((.((.((((((..((((.((((((((((((.((...(((((...((((.(((......))).))))))))).)).))))...)))))))).)))).((((((((.(.(((((.((.....)))))))...((((..((((((((..........))))))))..))))..(((((.....)))))).))))))))(((......)))............((..((((((........))))))..))...)))))).)).))))))..))))..)))))))).....((((((.((((((.........(((..(((((((...((((((..((((((.(((((((((((((.(((((((....(((((.(((((((((((...((((..(((((((((((((((((..((........))..))))))((((((......))))))..((.((((.....))))))...)))))))..........))))..)))).)))))...)))))))))))......((((((((((...))))..))).)))..........)))))))((((((((..(((((.(((((...(((.(((......)))(((....))).............((((((.....)).)))))))...))))).)))))....((((((((..((((.((((((.((.(((((.((...(((......)))..)))))))...))))))))...))))..))).........)))))............))))).)))))))))..((((((((((((((((.....(((....)))))))....(((((....)))))(((..(((..((((((((.......)))))))).)))...)))..(((((((((..((((((((........)))))))).)).))))))).(((((((....(((.(((((((.((((..((.((...(((((...(((...)))...)))))))))..)))).)).....))))).)))......)))))))..)))))).......))))))..))))))).))))))))))))................(((((....))))).(((((((((((.(((((...)))))......((((((............))))))((....)).........)))))))))))..(((((((((((.......((.(((....))).))..((((((..........))))))))))))))))).((((((((((....))))))))))...))))))))))))))))))))))............)))))).))))).))))))......... (-407.50)
Adalimumab_HC_topk_254	1416	0.4639830508474576	-401.7	-0.2836864406779661	(((((....((((((((.((((.((.((((............((((.((.(((((((....)))))))...((((((((((.((((.((.(((.((((((((((((((...))))...)))))))))).))).)).)))).))).....((((....((((...))))...))))))))))))).)))).)))))).)))).))))))))(((........((((((((((........((((.((.(......).)).))))((((((..((((((((((.............)))))..)))))..).)))))..((((......))))..)))))))))).......))).((((((((((.((((((.((((.((((.((((.((...)).))))...((((((..((((((......))).)))))))))...(((((((((((((........((.....)).(((((.((...(((((((((......)))))))))))))))).................(((((((.((((((((....))))))))((......))((((((...((((.(..((((((((.(.(.((((((((...(((((((((((.((((....((((((...(((((.(((.....))).))))).....((((..(((((((((((........(((.(((((.......((((........(((((.......))).))........)))).......(((.((((...))))..)))))))).)))......((((.((((((((................(((((((((((((((..((.(.(((.....)))..).)).)))))..))).))))))).)))))))).))))(((((....)))))..)))))).)))))..))))(((.....)))........))))))..))))(((((.(((((((........)))))))..)))))(((.(((((..(((.......)))...)))))))))))))))))))..))))).........(((((((((((((......(.((((.......(((..(((..((((((......)).))))..)))...))).)))))....)))))))).)))))((((....(((((((.(((...))).)))))))...(((......))).))))....))).).).))))))))..).))))....)))))).....................))))))).)))..))))))))))..................)))).)))).))))))........(((.((.((.((((((....)))))))).)).)))))))))).)))....................)))))....((((((....)))))) (-401.70)
Adalimumab_HC_topk_121	1416	0.4639830508474576	-405.8	-0.2865819209039548	..(((...(((.....(((((.((...((((...))))...((..((((.((((((((((((((...((((((..((((...((((((((((....((((.....))))....))))))))))))))..))))))..)))...)))))..))))))...)))).))(((((((((.....)))))))))...((((((((((((.(((((..........((((.(((..(((((.....))))))))))))((((.(((.(((.((((........))))..((((((................((((((((..........((((((...((..((((((...))))))..))...))))))..((((.(((((.((.(((((((..((....))..))))))).)))))))))))..)))))))).......(((((.((.((((.(((((..(((((........))))).....(((((((.(((.(((((((...)))))))..(((..(((.....)))...))).))).)))))))...))))).))))))))))).....))))))............((((....)))).......((((((....((((((.....(((((((.(((((..(((.(((((((((....))))))............((((((((...................))))))))....(((...)))..(((((((((....((((...((((((((((..((((.......((((.(((((((....))))))).))))..((((......))))(((((....)))))..(((((.(..(((((..(......)..)))))))))))(((.((((....)))))))....(((((....))))))))).)))))))).))...)))).....))).)))))).....)))))).)))))...)))))))....))))))......))))))..((((((((...((...((((......))))..))))))).)))(((((((..........))))))))))))))))))))))...)))))..)))))))...(((((((...(((.(((...))).)))..))))))).((((....))))....)).))))).....))).)))(((((.....)))))..(((((((.((((((.........))))))...)))))))....(((((.(((((((........(((((.....((((....)))).......(((.......)))..........((((((.((((.....)))))))))).....(((...(.((((.(((((........)))))))))).)))....................))))))))))))....)))))... (-405.80)
Adalimumab_HC_topk_35	1416	0.4646892655367232	-425.0	-0.3001412429378531	..(((((((....(((((((((((((((((.......(.((((((((.(((.((((((..((....))..)))))).))).)))))))).)(((((((...)))))))..........(((((((....(((.((((((.((((((....).))).......)).)))))).))))))))))....(((((((((((.......(((.(((((((........))))))).)))...(((((.((((....(((.((((....))))))).((((....)))).(((((.((...((((((....))))))....)).)))))((((((((((((.((((((...))))))......))))))).........)))))((((((((((((....(((((((((((...(((.(((((....(((((((((((.(((((((.((...........(((((((((..................((((.....))))((((......))))......((((......)))))))))))))..)).))))))).))....(((((...((((((((((..........((((..(..((...(((.((((.((((((.......((((((((.((..((.((.((((((.....)))))).))...(((((((....)).))))).((((...(((............)))))))...((((((((.....(((((((...)))))))........))))))))))..))...))))))))...(((((...(((.......)))...)))))))))))...))))))).....))..)..))))))))))))))....)))))..)))))))))..((((((...(((((...(((((....)))))......((....))(.((((((((......((....))........(..(((((((.((.((((........)))).))..)))))))..).)))))))).).)))))......))))))................))))).)))....))))))))..)))...((((((......)))))).((((.......)))).((((((...............))))))..))))))))))))((((((..........)))))).....)))).)))))..)))))))))))(((((((.....(((.(((.(((((((((...((((...................))))))).))))))))))))..))))))).................(((....)))))).))))))))))))))((.((((((((((....))))))))))))(((.((((........)))).)))...................)))))))............. (-425.00)
Adalimumab_HC_topk_109	1416	0.4646892655367232	-439.9	-0.31066384180790957	.((((((((.....((((((((((...(((..(((((((((((.((............((.(((((...((((((((((...((((.((((((((((((((...((((...))))..((((((.(((((...))))).))))))...................))))))))))..(((((((((((....((((((((.(((...((((.(((((........))))).((((((((.........))).))))).(((.(((((..........((((......)))).(((((((((........)).))))))).......(((.(((((((......))))).)).)))((((((.....))))))..))))).)))(((.((((((((((((((((((...((((.((((....))))))))..........((((.(......).)))).)))))))))))))))...))))))...))))..))).)))))))))))))))).)))(((.....)))))))...))))...))))))))))...)))))))(((((((((.((((((.........))))))((((.(((((..((((((((((((((.((((...((...((((((((((((((...........))))))....(((((......((((.(.....((..(((((........)))))..))....).))))....)))))((((((((..((((.((((((((.......((((.((.((((.....))))))))))((((((((((...(((((....)))))...)))))).)))).....(((((((....))))))).)))))))))))))))).))))))))))))))....))))))))))))).)))))..)))))))))))))))))))))))).)))))))..))).)))))))))).....((.((((((....)))))).)).((((((((...((((...))))))))))))......((..(((((((((...........(((......)))..((((..(((..((((((......)))))).)))..))))...((((.(((...))))))).)))))))))..))...(((((......))))).......((((((.....))))))))))))))..........(((..((((((.((((..((...((((((....(..((.(((((((((.((....((((((....((.(((.........))).)))))))))).))))))...((.((((...)))).))..........))).))..).......)))))).(((((((((((((.....)))..)))....)))))))(((....)))))..))))))))))..)))... (-439.90)
Adalimumab_HC_topk_71	1416	0.4646892655367232	-413.7	-0.29216101694915253	.((.(((((((......).)))).....(((.....)))((...(((((((((((.((((...((((((((....(((((.((((((((.(((((((((..((((((((((((((((((((........)))))...(((.....)))..)))))))......)))..)))))..)))))).))).(((((.((((.((..(((((((((.........)))))))))(((((...))))).(((((.(((((((.((.(..((((((...((.((..(((((..(((......)))...))))))).))))))))).)).)))))))......)))))...........((((((((((((((((((......(.((((...)))).)......)))).))))))))))))))(((.((((((.(....))))))).))))))))).)))))(((..(((((.(((((((............))))).)).).))))..)))..(((((....)))))......(((((((((((((....)))))))..))))))........)))))))).)))))......((((.((((((((((....)))(((((((((((((.(((((((.((((...((((((((.......)))))))).......................................(((....)))(((......)))..((((......(((((......)))))(((((........((((..((((..((((...(((((......((....)).....))))).))))(((..(((((((.....((((((........)))))).....)))).))).)))...(((((((.....(((((((.(((((.(((((((.((......)).).)))))).)))))...((.........))...((..(((((...((.(((((......))))).))....)))))..))........)))))))))))))).)))).))))........)))))..........))))......)))))))).)))..))))))))...)))))..(((.....))).))))))).))))..........((((.......)))))))))....((((((((((((((((((((((.....))))))))(((..(((((...))))).)))((..((((((.....((((.((..........)).)))).....))))))..)).)))))))))(((....)))...))))).....)))...))))))))).))))))...))..((.((((((((((....))))))))))))((((((..((((....))))....)))))).....((((....)))).........)).)).. (-413.70)
Adalimumab_HC_topk_61	1416	0.4646892655367232	-407.6	-0.28785310734463276	.(((((((((......)))))............(((((((........(((.((((((((((.(((......)))((((((((((((..((((....)))))))))(((((.((((((((.....((((...))))..((((((...(((((((((((.(((.(((((((((((((((((((..(((((((((((((..(((((..((((((.....((((((((....(.((((.....)))))..))))))))....))))))...))))))))).......(((((..............)))))((((....)))).(((((.((.((.((((....((((((.(((((..((((.....)))).....((((((((.............)))))))).))))).)))))))))).)).)).)).))).((((((((((.((..((((((((((((...(((.....)))....)))))))..)))))((((..((((((.((((......)))).....))))))..)))))).)))))))))).......((((((((.....))))))))...)))))))))...((((.(((((.((((.....)))))))))))))(((....))).........)))).)))))...))))).........))))).))))))))....((((((......))))))..........))))))...)))))).))))..)))))).)))..(((((((..((...(((....))).))..)))))))(((((((((.((.(((.............))))).)))))))))((((((.((..(((....((.(((.(((((......))))).))).))..))))).))))))...)))))))......)))))))))).)))..........)))))))....))))((((((((((........((((((....(((((((....((((.....))))((..((.((.(((((((...(((((.(..((((..((.....((((.......((((((((((((...((((......)))).))).)))..))))))....)))).......))..))))..).))))).....(.((((((..................)))))))(((((.....)))))..((((((((((((.(((......)))))).)))))))))...))))))))).))...))........)))))))....))))...))........))))))))))..((((((((....)))..))))).....(((((.(((.((((((.(.((....))..).)))))).......((((((((((.............)))).)))))).........))))))))... (-407.60)
Adalimumab_HC_topk_45	1416	0.4646892655367232	-447.2	-0.315819209039548	.((((.............((((((((((...................(.((((((((.(((((((...))))).)).)))))).)).)((((((((((.(((((((((..((((.(((((..((((((((((.(((((((.......)))))))......(((((....((((((.....))))))((((.((((((.....)))))).))))....))))).......)))))).)))).)))))((..(((((...)))))..))..((((((((.((.........(((((((((((......))).)))))))).(((((((....((((((..((((((....))))))..)))))).............((((((((..((((((((((((((.((((((.((.(((...((((.....))))(((......)))....))).)).)))))).))))).)))....))))))...))))))))......)))))))((((((((((((((((((((...(((((((.((.((.(..(((((((((.....(.((((((.....)))))).)......)))))))))..)))))..))))))).....)))))))))...((((.(((..(((((((...........)))))))..))))))).......(((.....))).)))))))))))....((((.(((......)))..))))..((((((...))))))..((((((((..((((......((((((.....(((((..((((......((((((((((((((((((((((((....(((((.....(((((..(....)..))))).....)))))....)))..))))))...))))).....(((((..((((...((((.(((((((.........)))))))..))))))))..))))).))))))))))(((((((((........)))))))))((((....)))).((((.((((....)))))))).((((.(((.....(((((...((.....))...))))))))))))..............))))..)))))...))))))......))))...))))))))............))..))))))))..(((((((.((..(((((((...))))))))))))))))((((((((((.((.(((......))).)).))))))))))...)))).)))))........................(((((((((........(((....)))........)))))))))...)))))))))).)))).)).))).))))).(((((((((((((........))))))))....)))))........(((.(((....))).))).....))))...... (-447.20)
Adalimumab_HC_topk_133	1416	0.4646892655367232	-419.8	-0.29646892655367235	...((((((.(((.((((((.(((...((((.((((((((...................)))))))).))))......)))..))))))))))))..)))..((((((.((((((((((((........)))))))))...........((((((((.((((((((.((.(..((((((.(.((.((((((((....((((((((((((((.((((((.(((....)))))......)))).))))))))...(((.((((....((((((..((((((((..((((...((((((...............))))))...))))((((.(((((.((((((.....))))))...............))))).))))....))))))))...(((((((.(((((.(.(((((..(((......(((.(((((((..........).))))))..((((((((.(((((((.........((((((.((....)).)))))))))))))(((((....))))).....))))))))..)))....)))..)).)))).))))).))))))).((((((.(((..(((((.((((....((((((.((((((((((.(((........))))).)))).)))))))))).....(((((.(((....(((((.....)))))........((((((......))))))(((((...((((.((..........((((......))))......)).)))))))))..(((((((.....)))))))...(((((((((.((((.......))))....)))))))))...))).)))))(((((...(((.((((((.((.((((.(((((....))).))..)))))).))))))..)))....)))))......(((((((.......)))))))((((((.((((((...(((.((.........)).))).....)))))).).)))))........)))).)))))..)))))))))((..(((((......((...(((...)))...)))))))..)).(((.(((...(((.....)))....))).)))......))))))))))))).....))))))((((((......((((((((((((((.((.((((......))))....))))))...)))))....(((((.((((......))))..)))))((((...))))...(((........(((((((.((.((.((((((.(........))))))))).)).))))))).......)))..))))).........)))))).(((......))))))))))))).))))).))..).)))))))))).................))))))))....))).)))))).... (-419.80)
Adalimumab_HC_topk_66	1416	0.4653954802259887	-417.7	-0.2949858757062147	((((((((((((..........................((((((....(((((((.....))))))).......))))))....((((((((....((...(((((...((((((((.(.(((((((((.......))((((((((.((((((((((((((...))))..)))).((((((.((..(((((.((((((....((((((......))))))((((((((((.(((......((((((...))))))(((((((((((....((((...((((.((.((.........)).)).)))).))))...........((((.(((((...(((((........(((......))).......((((((..((.(((.....)))....(((((.((.(((((....))).)).)).))))))).))))))...((.(((((((........((((.........))))........)))))))..)).((((((..(((.((((......))))....)))..))))))..(((((((....(((((....((((((((.....))))))))....))))).)))))))))))).)))))...))))...))))))))))).))).)))))))))).........(((.(((.((((.(((......)))..)))).)))...)))..(((....))).................))))))......(((((......))))).))))).))))))))..((((((..(((((((((((((...((.(....)))...))))))))....(((((...)))))....((((.(((((((.(((((((.(((.((......)).)))))))))).)..........(((((....))))))))))))))).)))))..)))))).......((((.((((.(((.((((((.(((((((((((((.((...)).))))))...))....))))).)))).))))).)))))))).((((..((.........((((.((((......)))).))))))..))))))))))..........))))))))..)))))))).))))))))..)))))....))....))))))))..(((....(((((((((((((((((((((...)))..))))))))...(((....)))(((((((....((((..((((((........(((....)))................))))))...)))).......))))).))........)))))).))))..(((((...))))).......(((((..((((((......(((((..((((......)))))))))))))))....)))))...)))...))))))))))))..(((...)))... (-417.70)
Adalimumab_HC_topk_298	1416	0.4653954802259887	-372.44	-0.2630225988700565	..((((((...........((((...((((.........(((((((..............))))))).......(((((((...((((((((((((((((..(((....((((((((.((((...(((((..(((...)))..))))).........((((...)))).((((((((.(((...(((((..(((..((((..(((((((.((((....((((...(((((((.....((((..........))))...)))))))...)))).....((((.((((((....((((..(((......)))(((......)))((((((((((...(((((((.((....((((..(((...))).((((((..(....(((.....))).....)..))))))))))....)))))))))))))))).)))......))))...)))))).))))..))))..)))))))....)))).(((((.(((((((.((....)).))))))))))))..((.(((...(((((((((((..........((((.((((((.(......).)))))).))))..........)))).........)))))))...))).))((((((((......((...(((((((..((..(((((((((...................................)))....))))))..)).......))))))).))......)))))))).)))..))))).)))))))))))))))..)))))))))))..))))))...)))))))))))))))))))))....))))...........))))))................((((((((((((.((.(((.(((((..(.((((((((......)))...))).)).)..)))))......((((((((((((.((((((.((.(((.(..(((........)))..))))..)).)))))).)))......(((.((((.....((((((.....(((.((((.....(((((((.((((((.......((.......)).......))))......(((...(((((.......)))))..)))(((...))))).)))))))...)))))))(((..(((((....((((..((((((.....))))))))))......)).)))..)))...((((......))))...((((.(((.(((((.............)))))...)))..))))))))))((((...((((.(((....))).)))).....))))......))))))).........(((((((((((....))))).))))))..)))))))))....))).)))))))))).))))......((((..............))))... (-372.44)
Adalimumab_HC_topk_139	1416	0.4653954802259887	-385.9	-0.27252824858757063	..(((.(((((...(((((..((((((((((((((......((((...((((........).)))....))))....)))))).)))))))).(((((...)))))))))).))))).))).....(((((.((((.(((((((((((((..(((((.(((..((((((((((.......(((..((((...(((((((....(((...((((((.....((((((.((((..((..(((((.(.(((((.(((.(((((((..(((((((((......)))..)).))))..))))))).)))(((((..(((.....((((.(((((((((((....)))).(((((.......)))))...(((((((((....((((.....)))))))))))))...(((.((((((.........))))))..)))......((((((...(((((......))))).....(((((.(((((((((((((((......))))))).....)))))...))))))))(((((((((........)).)).)))))...))).)))....)))).))).))))....))).))))).......))))).))))))..))..)))).)))))))))))))))....)))))))..)))).))))))))).........))))..))))))))..(((((((......))))))).....)))))).))))))).)))).))).))...................(((((..(((..((.......(((((((.((((.............(((((..........((.((((((((((((.(((((..(((...)))..)))).).)))))))))))).))((((((.(((.((((......((((..((((((.(((((((((.((((..........((.........)).(((((.(((((.(((((((((........)))))))))..(((((((((((((.(((.......)))..)))))))...)))))).....................))))).))))).....))))....))))))....((((((((.....((((.(((...))))))).....))))))))(((....)))...))).))))))))))....))))........)))))))))..((((((((((...((.((.((......)))).))((((...((((.((((.(((...................))).)))))))).))))((.(((....))).))....................))))))))))))))).((((((((((....)))))))))).((((((....(((...)))....)))))).......)))).))))).))))..)))..))))). (-385.90)
Adalimumab_HC_topk_242	1416	0.4661016949152542	-399.5	-0.2821327683615819	.(((((..(((......)))(((((((((.......((((((..(.((((((.((.((((((((...((((...)))).....)))))))((((((((...))))))))((((((..(((....)))))).))).).)))))))).)..))))))..((((...)))).(((.((.....)).)))))))))))).(((((..((((..((((....((((((..((.((.((((.....)))))))).))))))......)))).))))..)))))((((((..(((......)).)..))))))..........(((........)))((((((((.(((......))))))...)))))............))))).............((((((((((((((((((.....(((......))).........(((((((((......(((((...((((...((.(((.(((.(((((.((((((((((((......)))))).((......)).....((((..((((((..((.((((((.(((.....((((((......(((((((((............((......))..)))))))))((((((((((((..((((.(((((((((((.((((((((.(((((((.........(((..(((((..........)))))..))).....)))))))..........((((((........)).)))).)))).....((((((.(((((((((((..(((..((((.((((.((..................)).))))))))...)))......((((((((((..((...(((.......((((((.((.((....)).))))))))))).))..)))))))...))).)))).))))))).))))))))))........((.........)).......((((((.(((((((((......)))))))))..))))))))))))..........))))))))).....))))))))))))......((.((((......)))).)).))))))(((((......)))))....((((...((((..((...))..))))...))))....(((...(((.....)))...)))..(((........))).))).))))))))))))))..)))).)))))))))))))).))).))..)))))))))....))))))..)))....................((((((.(((((.....(((..((((.(((..........))).))))..)))......))))).))))))..((((((((....)))))))).))))))....((((((((((..................)))).))))))))))))))))))..... (-399.50)
Adalimumab_HC_topk_216	1416	0.4661016949152542	-395.5	-0.2793079096045198	......(((((......).))))(((((((...(((((.((.((((.........(((((((....((.((.((.(((((.(((((((((((((((...((((((((((((((((((.(((..(((((((.(((((((.(((........))).)))).))).))))..(((.(((...(.((((((((....(((((((((((((((......))))))...)))))))))....((((.(((.((.....(((((((((.((((.((.....(((((((((((.........(((((.........)))))))).))))))))..........(((((((...))))))).....)).)))).)))))))))..)).))).))))(((((((((((((.(((...))).))).(((......)))......((((((((...........)))))))).....)))))).))))...)))))))).)....))))))..))).)))))))....))))...)))))).).)))...))))).(((((((((..((((((((.(((.((((((..........)))))))))((((..((((..((.(((((((((((....(((((((......(((((.((.......)).)))))....(((......)))...(((((((.........(((((((.((((.((.......(((((.((....((((((...))))))........)))))))(.(((((..(((((.....)))))))))))..........(((((((((.....((((.(((((((.((((((((...((..(((.((....)).))).))..)))))))).))...((....))))))).))))(((......)))((((.(((((...))))).)))).....(((.......)))..)))))))))..........((((.......))))....)).))))...))))))).....)))))))..)))))))))))))).)))).)))))))))).....((.(((((((..((((...((((......))))..))).)..))).))))))..)))))))).))))).)))).)))))))(((....)))(((..(((.....((.((((...........)))).))..((((((...))))))....(((((((((((((((((.((((....((................))....)))))))))......)))))))))))))))..)))..........)))..))))))))).))....))))))))))).)))))))((((..((((.((.(((...(((.....)))...))).)).)))))))))))))))..(((((((.......))))))) (-395.50)
Adalimumab_HC_topk_132	1416	0.4661016949152542	-419.2	-0.296045197740113	.....((((((.........((.((((((.......(((((((((((((...))))..)))))))))..........)))))).))(((((((.(((((......((((((.....))))))(((.((.((((.((((((((((.(((((.(((.....((((((((..(((......((((((.((((((.(((.(((((((............(((((((..((((((...(((((.......)))))((((((((((.(((((((((..(((.((((.............)))))))...((((..(((((.....)))))...))))((((....))))....((((((...((........))..)))))).((((.....))))..(((((((..(((((((((.(((.((.......((....)).....)))))..))))...)))))...)))))))..))))))))).....((((((((((((((((...))))))).(((((.(.((((((..((((((((((..(((((....(((((.....(((((((......))).))))......))))))))))....))).))))))).............)))))).)..))))))))))))))(((((.....)))))...((((((....)).))))..........)))))).))))...((((((((((..............((((((...))))))..............)))))))).))))))))...(((((....)))))........((((((..((.........(((..(((....((((((((.(((..((.(.......).))..))).))))))))......)))..))).(((((...(((...((((((...((((.........).)))...)))))))))...)))))))..))))))((((.((((((....)))))).)))).((((((...((.((((.(((....(((((((..(((((.(((((.......................)))))..........((((......)))))))))))))))).)))))))))..)))))))))))))..)))))))..)))))))))........((((............)))).((((.......)))).))))))....)))..)).))))))))).))))).)))))))..))))))).)).))).........))))).)))))))))))))(((((....)))))..(((((((......((((((((.(((((((.......)))))))...((.(((.....))).))...((((.(((.(((((....)))))...))).))))...........)))))))).....))))))) (-419.20)
Adalimumab_HC_topk_153	1416	0.4675141242937853	-389.4	-0.27499999999999997	..((((((((..........................))))))))...((((((((((((((((((((.......((((((((((((((((..(((((((((((.(((.(((.....))).))).))))))))(((((..(((........)))..))).)).(((((((.((((((((........))).......((((((((..(.((((..(((((.(((..((((..((((.....))))))))))))))))...).))).)..))))))))...((((((((.....(((((((...(((((((.........))))))).)))))))........))))))))(((((.((((.....)))).)))))....(((.....))).((((((((((....))))))))))...))))).)))))))......)))..))))))).)))))))))..((((((((((.....))))))..))))(((....))))))))).))))))).)))))))..............((..(((((.......(((((((((((.......(((((((.(((...((((.............))))...))).)))))))......))))))))))))))))..)).......(((((((((((..((((((((((...)))))...((((..(((((........))))).........(((((((....(((((((((...............((((.((((((...)))..........)))..)))))).))))))).....)))))))...((((((((((.(((((((.((.((((..(((.((.(((...))).)).)))..)))).)))))).)))...)))))(((......)))..)))))..))))...)))))..)))).............((((((.(((((((((((((............(((((..(((((((.(((.(((.((.....((((((((((((.....(((...((..(((((.(((.(((...((......))....)))((((....(((((((..........(((((...((........(((...))).........)).))))).)))))))....))))((((.((((...(((....)))......))))))))..(((((.....(((.((((.((.((((...))))))))))..)))..)))))....))).)))))......))...)))....))))))))))))..........)).))).)))...))))))).)))))((((((.((.((......)).)).)))))).)))))))(((((...((((....))))..)))))............)))))).).))))))))))))... (-389.40)
Adalimumab_HC_topk_11	1416	0.4682203389830508	-417.0	-0.2944915254237288	..(((.(((((......))))).)))...(((..(((.((((((((.((((....(.((((((...((((((((.(((((((..((((.(((((..((((((.((((........)))).)))))).(((((((.((.((((.((((...(((.(((((((.((((.(((((.(((((..((((.((........)).))))..))((((((..............((((((.....)))))))))))).((.((((((((.((....)).)))))))).))..((((((((......)))..)))))..(((((((.((((((((((((((.((((((((.....)))).(((......)))..(((((((((((((...)))..))..))))))))(((((.....)))))..)))).))))).((.((..(((((((.............)))))))....))))...........((.(.((((((((((((.((((((.....(((((...)))))....)))))).)))...))))))))).).))...))))))).....))..)))))))..))).)))))..)))).)))...)))).))))))).)))).))))))))).))).)).)))).(((.(((((..(((..((((...........(((.((((((((((.(((((((..................)))))))........(((....))).......((((((((..((((((..(((((..(((...))).)))))..((((((...((((((((.....)))....)))))....))))))..............)))))).)))))))).)))))))))))))....))))..))))))))))).))))))).)))...)))))..)))))).)........(((.......)))...(((((..(((((((.((((........)))).))).)))).)))))..........((((.((((((..(((..((((.....(((((((((.((.((.....(((((((......(((.(((....((.....)).....))).)))......)))))..)))))).))))))))).....))))..)))......(((((.((((..((((....)))).....)))))))))..((((((.((((((.(((......)))))).))))))..))))))))))))).............((((.....((((.((((((...((((((((........))))).)))....)))))).))))..))))..)))))))))))).))).))).(((((((.((((....(((.(((((((((.((((...))))...))).))))))))))))).....))))))). (-417.00)
Adalimumab_HC_topk_250	1416	0.4682203389830508	-398.7	-0.2815677966101695	...(((((((....)))...........................((((.((((.(((...)))..))))))))..((((((..((((((.((((((((...)))((((....))))..(.(((((((((((((((((.((.((((.((((....((((((((.(.((((((.((((...((..(((((((((((((..(..(((((((..((...((((((...((((.(((..((((.......))))...))).)))))))))).....((((.((.(.(((((.....((((((.(((......))))))))))))))).))..).)))...((((((.....))))))...(((.((((..((((((((((((((.((.((((((....(((((((((((..((((.(((..(((.......)))..))).))))..))))..(((.(((.((.((...((((((...((((((..(((......)))..)))))))))))).)).))...))).)))..(((((((((((..........))))..))))))))))))))..)))))).))...)))).....(((((...))))).(((((.......(((((.((((..(((.((...(((((((.((....)).)))).)))...))..)))..)).)).))))).......))))).........))))))).)))....))))))).......))....)))))))..)..)))))..))))))))..))((.(((..((((((((.................)))))))))))))..(((..(((....(((.((((.((((.((.(((...))).)).)))).))))...)))....)))..))))))).)))...(((((......)))))....))).).).)))))))....)))))))).))...))))..))))))))))))).)......(((((...((((((((((((((((((((((......))).)))).....)))))...))))).............(((((((..(((.......((((......))))..))))))))))........(((((((((.((...((((((((((((((((.(.((.((((((..........))).)))..)).)..))))))))..((((((((((.(.(.((......)).).).))))))))))...(((((((((............(((.(((((....((((.....))))....)))))))).........(((....)))...((((.(.......).))))....))))..)))))......))))))))..)).))))))))))))))...))))).......)))))))))))))))))..))))... (-398.70)
Adalimumab_HC_topk_282	1416	0.4682203389830508	-391.9	-0.27676553672316384	..((.(((((...((((............................(((((.(((((.((((((.((......))))))))....((((((((((((..(.(((((((((((.....(((((.((((((........))))))..)))))...(((((.(((...)))...)))))(((.((((((.(((((((..(((((..((((..(((((....(((((.....((((............)))).(((((((((.((........)).))))))))).....(((......)))..((((((((((.((...........)))))))))))).((((((...))))))((((((((((.(((..........((((..(((((((....)))))))..))))........))).))))))).))).....)))))))))...........(((...(((.((((((((............))))))..)).)))..))))..))))..)))))..))..))))))))))).)))(((((.....(((((..(((((((((....)).)))).)))...)))))..))))))))))......)))))).)..)))))))))))).((((...(((.(((((..(((((((..(((..........((.((((((.((((((.((((...(((((....((.((((.(((((((((((((((((((.((.(((((......))))))).))........(((((((.........))))))))))...))))))))))))))...)))).)).....(((((((.((((.((..(((.((((.....)))..).)))...)).)))).)))))))..)))))..(((...((((....))))))))))))))))).)))))).))(((...))).........)))..)))))))...((((....))))...(((((((((((((((.(((..((((...)))))))))))..((((.((((............((..(((.(((......)))..))).)))))).))))..)))))).)))))......))))))))))))))))).)))))((((((((.(((((.(((....))).............((((((..((((.((((((((.(..((((((((.......)))).))))......).)))))))).......(((....))).......................((((....))))))))..))))))(((...(((((((((....(((....)))....))))))).)).)))..))))).))))....)))).(.(((((((.....))))))).)...............)))).)))))))(((((....))))). (-391.90)
Adalimumab_HC_topk_259	1416	0.4682203389830508	-412.6	-0.29138418079096046	.(((((...(((((((((((.((((((((((.((((.....((...((.......))...)).)))).)))...)).....))))).)))))))))))..)))))(((((.......(((((((((((..(((((.((.((((...((((.......((((...)))).(((((.....))))).((((((((((((((((((((((..((....(((..((((...((((....(((((((.(((.((.((.....)))).))).))....)))))........))))....))))..)))....))....))))))))))))(((((.(....((((((.....))))))....((((((....((((((.(((((((((.(((((((..(((((((((((((.((((.((((((((((((..((((.((.....((...((((((......))))))..)).....)).)))).))))))))))..)))).))))))))))......((..((((......))))..)).((((((...((..(((...(((((((((((((((..(((((((((.........((((((((.......))))))))))))))))).......)))).....))))))..((((((....))))))))))).)))..)).))))))....)).)))...)))))))))).))))))...)))))).)))))).......((.((((((((........)))....)))))))(((((((((...))))))))).).)))))..))))))))))......((((..((((.(.((((((..((..((((((((...............)).)).)).))..)).)))))))))))..))))))))...)))).)).)))))((((.(((..(((((.....))....))).))).))))...........)))))))))))..((((((((((((((((...((((((((...))))))))......((((((...(((((.((...((((((((......(((((...(((.........................)))..)))))......))))))))...)).))))).))))))((((((((((.((....))))........((((((((((((.(((..((((.((((.......))))..))))..))))).))).)))))))(((((((.(((.((((........((((((..........)).))))....(((.(((.......))).)))))))..))).)))))))......)))))))).((((.((.(((.......))).)).))))..))))...))))...)))))).))....(((((....))))))))))............ (-412.60)
Adalimumab_HC_topk_202	1416	0.4689265536723164	-402.9	-0.28453389830508474	..((.((((......)))).)).......(((((((.(((((((((((((......)))))))))))))......(((.((((((.((((.((.....)).))))(((((.(((...))))))))((((...)))).))))))))).......((((((((((.((((((((((.(((((((((.......))))))....((((((((((.(....)))))))))))(((((...)))))..)))))))))))....(((.(((.....))).)))......(((((((....(((.............)))....)))))))....((((.(((..(((..((....)))))..))).))))....(((.((((....)))))))(((....(((((((((((((((.((...))))))))..((((((.((..((.((((....((((........))))...((((((..........))))))...)))).))....))...))))))..(((......)))...((.((..(((((((((((((..(((.(((.(((((((((((((((.(..............).))))))..)))))))))..))).)))..))))))....)))))))..)).)).((((.....))))...........(((((.((...........................))..))))).((((...))))..((((((...)))))).....)))))))))...))).((((.((..((((((.(((((((.((.((.((((((((((((((((((..((((((((((.....(((((((..((.((...(.(((((((((((....)))..)))).)))).)..)).))..))))))).........((...((((..(((((((((((((.((.((((.(.((((..(((((((..(((........)))..))).)))).)))).).)))).)).(.((((((...)))))).).........((((...(((....)))...)))).....(((((...(((..((((.(((..((.....))..))))).))..))).)))))...))))))).)....))))))))).))((((....))))..((((.......)))))))))).))).)..))))))...((((....))))..((......)).).))))))))))))))).)))).)))..........................(((((...))))).((((((((......((((((............))))))...))))))))))))))..))...))))...((((((........)))))).)).)))))))))).........))))))).((((((........)))))). (-402.90)
Adalimumab_HC_topk_6	1416	0.4689265536723164	-402.7	-0.28439265536723163	..((((((((((....))))..................(((((((((((.((((((...(((......)))...))))))..)))))))))))))))))((((((((..(((((((((((.(((((((.((((....(((((((((((..((((..((.(((.(((..(((((..(((..(((..((((((((((((..(((((((((..((.(((.(((((..(((((((...(((....(((..((..((((((((((.((.....))((((....))))...(((((((((((...............)))))))))))......((((((((((.(((......))))))...)))))))..))))))))))..))..)))..))).))))))).((((....))))....)))))))).)))))))))))..))))).......)))))))..))))))))))))))))).))))))))))((((..(.((((((((.(.....).)))))).)).).)))).)))))))...))))..))))))).)))))))))))..)))..((((....))))....(((((((.(((.((((....(((((((((((((.((..((((.(.(((((((.....))))).(((((((((.....((((...(((((((((((..((..........)).)))....))).))))).))))..............(((........)))(((((.....)))))......((((((((((((((..((((.((.(((((((((..............)))))))))((((...((((((...((..(((.((((.(((((((((...........))))))))))))))))..))........))))))...)))).(((((((((((((....(((((.(((((...((.((((((.(((.....((((........)))).(((........)))))).)))).)).))..)))))...)))))((((((...........))))))......)))))).)))))))....((((......))))......))..))))...)))))))).))))))................)))).)))))..............(((.(((..((.(((..(((((....))))).....((((.((......)))).)).)))))..)))..))).)).)))))..)))))))))))............))))..))))))))))))))........................)))))..........((((((((((((..........))))))..))))))((.(((.(((((.(................).))))).)))))((((((...)))))) (-402.70)
Adalimumab_HC_topk_225	1416	0.471045197740113	-401.0	-0.2831920903954802	.((((((..(((..((.((((((((......(((((.(((.(((..((((.(((.....((.(((.(((.(((((((((..(((((((.(.((((((((((((((((.((....((((((.......))))))))))))))..................((...))..)))))))))).).))))))).(((((...((.(((.(((((.(((((..(((((.....(((.....)))...((((.....))))(((((((.(((((((.....(((((.......(((((.......((((((....))))))....)))))((((((.((((((((((((..((.((((((..(((((...)))))..)))))).(((((((.........)))))))))..)))...))))...))))).)))))).((((((((((((.....(((.(((((((((.......((...)).......))))))))).)))))))))))))))....((((....))))....((((...(((((..((((((........))))))..)))))))))))))).......((.((((((...((.((((..(((.......))).)))))).)))))).))..(((((.............))))).((((......))))....)))))))....)))))))........(.(((((......))))).)))))).))))).....)))))...))).)).))))).((((((..(((((((......((((.(((.((((((.(((((.(((....((((((........(((((((..((.((.....)))).(((.(((..(((.((((.(((.(((((((.((...)).))))).)).)))..)))).)))))))))((..(((...((((...))))....)))..))..((((.....(((((....((((((...)))))).....))))).....)))))))))))..))))))....))).)))))....))))))))).)))).....)))))))(((..(((..((((((......)))))).)))..)))((...)))))))).))))))).)).)))..))))).....))).))))))).))))))))..(((((.......)))))..(((.(((((((....))))))))))....)))).)))).))...)))..)))))).((((.((....(((..(((((....((.(((((((((....(((.(((.......))))))....)))))..)))).)).((((((((((..(((...(.((.(((........))).)).)..))))))))))).))...................)))))..)))....))..)))).... (-401.00)
Adalimumab_HC_topk_31	1416	0.471045197740113	-410.1	-0.28961864406779664	(((((..(((((((..............................)))))))..)))))..(((.((((((((.(((.(((...(((...(((((((((....((((((((..((..(((...))).))..))))))).)..((((((..((((((((....))).))))))))))))))))))))...(((((((((((.(((......)))..............((((((.((((((((((((.....))))((((((...((((......(((((.((..(((((((((.(((((((......)))).))).)))))(((((...(((((((((((((.....))))).....))))))))..)))))....))))..)).)))))...(((((((((((((((..........))))))).)))))))).(((......)))..(((((..((.(((((((((((((.(.((((((.((((((((((((.((((((((((.((((......))))....))))))....)))).))))..(((((..((((((((.(((((((..(.(((.(..((((((....((((((((.....((((.(((.(((((.(........).)))......((((((((.......))))))))...(((((....(((((.(((..............))).))))))))))((((((((((((.......))))))((((......)))).))))))...)).)))))))((((((...)))))))))))))).((((..........)))).......)))).))..).))).)..))))))))))))))).((((((((.((.((((((...(((((((((.((......((((..((((..((((.(.(((...(((..(((.(((.......)))....)))..))).)))...).))))..))))..))))..((((((((...(((((((.((....(((((((....))).....)))).)))))))))........((((......))))))))))))..))))).)))))).))))))((...))...(((....))).(((((...............)))))........)).))))))))........))))).(((((((((.......))))))))).))))))...........)))))))).).)))).))..))))..))).)))))))......))))...)))))).((.(((((..(((..............)))..))))).))....)))))))).))))))((((((((((((..........))))))..))))))...))))))))))).............)))....))))))...))))).))))))... (-410.10)
Adalimumab_HC_topk_218	1416	0.4717514124293785	-395.2	-0.2790960451977401	..((((..((((((......)))))).............(((((((..............)))))))((((.((((.....)))).)))).)))).......((((((((......(((((((((((((((.....(((((.((.(((((((........((.(((((((((.((.((((.((((.((((..(((..(((((.(((..((((((..........((((((((.............((((((......)))))).............((((....))))..((((.((((((.((((((((((....))))......)))))).))))))))))..(((((((((((.((.((((.((((......((......)).........))))..)))).)).)))).))))))).....(((((((..(((.((.....))...)))..)))))))...((((((...(((......)))...))))))))))))))..((((......))))...((((..(((.(((...))).)))..))))...))))))))).))).(((.....))).))..)))))))((((.(((..(((((((((((((....(........)....))))).....))))).))).)))))))...(((((.........)))))..(((((.(((...((((......)))).......((((((((.(((..(((.((.((((.......)))).((((.(((...(((((((((....))))).)))).....(((((...((((......))))...))))).......(((((..(((.....))).)))))((((((((......)))))))).)))))))...)).)))))).))))))))))).)))))..)))))))).)))).))))))).))........)))))))))(((((.(((...((((((((.(((.((((((..((((((((((.............((((((..((((((((((....((((.((((((........))))))...)))).....(((.........(((........((((..(((...(((..((((((((....))))(((((...((((((((((((((((..(((..(((((.......)))))))).)))...))))......)))))....)))).))))).))))..)))...)))..)))).......))).........)))..((((((..((...)))))))).))))))))))......)))))))))))))....)))..))).))).))).))).))))).)))))))))))))...)))))))))((((.((((...))))...)))))))))).........))))))))... (-395.20)
Adalimumab_HC_topk_274	1416	0.4717514124293785	-403.1	-0.28467514124293786	..((((.......(((((((((.....((((.((((....(((.(((((.....))))).))))))).)))).....)))).)))))((((.((((((.((..((((((....))))))......(((((.(((((((((.......))))))).)).))))))).)).)))).)))).))))((((((...((.((..((((((((((.......(((((...((((((.......((.(((((.((((..(((((((...(((((....((((.(((((...((...........((((((((..........(((..((((((((........(((((..((......((((....)))).....))..))))))))))))).))).....((((((((((((.(((((((((((((.((...(((((.....((((((((..((((((((((((((.......((...)).......))))))))).....))))))))..))))).....(((......)))))))).)).)))))))).)))))..(((.(.((.((((..(((((((.............)))))))..)))).)).).))).....))))))))))))((((.....((((((((...((....((((........)))).....)).))).)))))...))))...((((......))))......)))))))).))...))))).)))))))))....)))..))))..))))..(((((((((...)))))))))....))))).)).....(((((.....(.(((((....))))).).....)))))..))))))....)))))(((((((((((((((((....).))))((((...(((...))).))))......((.((((((.((..(((..((((...((((..(((.(((.(((.((.........)).))).)))))))))).))))..))))).)))))).))...)))))))..)))))..((.((.....(((.......))).....)).))...))))))))))..))...))..(((((((((..((((((.....(((((((((..(((((...((.(((..(((....)))..))).)).....))))))))).))))).....(((((.....)))))....((((.(((......)))))))(((..(..((.(((((.((((......(((((..((((((..(((((((.(((((......((((...))))....(((((.........))))).......))))).).))).....)))..)))))).)))))..((((...))))..)))).))))).))..)..)))......))))))))))))))))))))).... (-403.10)
Adalimumab_HC_topk_256	1416	0.4724576271186441	-433.6	-0.30621468926553674	((((.(((((.(((.....)))))))).))))......((.(((((((((((....(((((((..(((((((....))))).)))))))))....)))))))..)))).))..((((.(((((((..(((((......)))...((((((((((((((((((((((...(((((.((((((.....((((..(((.....(((((((..((((.((((........))))(((((.....)))))...((((......))))((((((((((((..(((((((((........((((..((.((.......))))..))))(((((((((((...(((((((.......((.(......).))........))))))).......(((((....(((((((((((......(.(((((((.((((((....))))..((((((...))))))((((..((((((((((((((..........)))))).)))).))))..)))).((((((.((((.....)))))))).)).)).))))))).)((((....)))).)))))))))))....)))))......((((((((........))).)))))......))))).)))))))))))).)))..............(((((......(((((((....)))).))).........)))))((((......))))......))))))....)))))).))))....))))))))))))))...)))))).))).)).....(((((((.(((....(((.....)))..))).))).......))))....((((((..((((.(((((..(((((.(((((((.(((((((((((.((((.....((((.(((((((...(((((...((((...((..(((.(((((..((((...)))).(((((...((((((((((....((((((((...........(((((((.((.((((((..((((((....(((.(((((((((((...((......(((((...............))))).....)).))))))))....)))))).....)))))).))))))..)).))))))).))).)))))....)))))))...(((((((...((((........))))........))))))).((((.((((..(((((...))))).)))).)))).))).))))).....)))))))).))...))))..)))))...)))))))))))((((((.((.(((....))).)).))))))..((((...)))))))).)))).....))))))).)))).))).)))))))).))))))..)))))))))))))))))))))......)))))))....))..))))))).))))... (-433.60)
Adalimumab_HC_topk_62	1416	0.4724576271186441	-415.1	-0.29314971751412433	..(((((((((((((...(((..(((((.((((((((((((.(((((....(((.(((((((....))))...))).)))....)))))))))...(((((((..(.(((((((....))..))))).))))))))..((((..((..(((((((((((((...((.((((((.(((...((((..((....((((.((.((((((((((((((((......))))))))..(((.((((((...(((..(((((((.(((.((((((((((...((((.....(((((..............))))).)))))))))....))))).(((((((((((((.....))))).....)))))))).))).)))))))..)))....((((((((((((..(((((((((((((..(((.(((...((....))..))).))).)))))))...)))))..)..))))))....))))))......((((((((((((.(((((((..(((.....))).......))))))).)))...)))))))))(((((....((((((((.....))))))))....)))))..((......)).......)))))).)))..((.(((((((.((((((((....))))((((....)))).........((((((.....))))))......((((((....(((....)))......))))))..)))).))))))).))..)))))))).)).)))).)))))).))).))))))))(((((((....)))))))....((((((..((....))..))))))........(((((((..(....)..)))))))...))))))))))))).)).)))).)))))))).)))))..)))....)))))).(((((.((((..(((((........(((..((((.(((.......(((((((.......(((((((.....((.(((((((.....(.((.(((...))).)).).....))))))).))...))))))).....(((......))).....)))))))....(((((((((........(((.....)))..(((.(((((((...)))))......((((((((((((.((......((((((((.((.(((.....)))..)).))))))))..(((((((((.(..((......))....).)))))))))....(((...))).........(((((((.......(((.((.(((....)))))))).......)))))))(((....))).)).))))).......)))))))))..)))..)))))))))..))).)))).))).......))).))..)))))))))...........)))))))((((....)))).. (-415.10)
Adalimumab_HC_topk_199	1416	0.4738700564971751	-400.9	-0.28312146892655365	((((.((((((...((((((.((((((.((.(((((((((((..(((....((((.....))))(((((((.((((((.((..((((((((((.(((.((......))))).)))))).))))..)).)))))..).))))))).(((((((.(.....(((.(((.((((((.......)).)))))))..))))))))))).......((((((..(((((.....((((((.((((((.....((((((((((((((((((........((((((((((((..(((((((((..(.(((((((...(((((((.....((.((((..(((((......))))).)))).))..))).))))...))))))).)..)))))))))..))))((((((((((((((....(((((((...((((......(((...((((..((((((((((((((((((.....((....)).....).))))))))).....))).))))).)))).))).(((........)))))))))))))).)))))))))...(((((.((((((.((((((((((..(((.(......).)))))))))...)))).((((.((((((((...(((((((((((..((((((...........)))))).((((......))))...((((...))))....))))))))))).))))))))...))))(((((((.(((((((...))))))).((((((((((((((((.((((((.((((((((((((((((....((((..............))))...))...(((((((((((((((((.((((((...(((.((((((..(.((((.(((..........))).)))))..))).))).)))....))))))..))))..((((((((((....(((....((........)).....)))))))..)))))))))).)))).))))).).))))))))))))).....)).))))..))).)))..)).))))..)))).)))))))...))))))...))))).)))))..((((......))))....(((.......)))))))))))........)).)))))).))))..........)))))).......)))))))))))).((((.......))))(((((....))))))))))))))))))).)))))))))))))..)))))).((((............((((..((((((.(((((((........((.........)).......))))..)))))))))..))))))))....)))))).....))))))))))(((.(((((.(...((((((((..................)))))))).)))))).)))......... (-400.90)
Adalimumab_HC_topk_65	1416	0.4738700564971751	-410.8	-0.2901129943502825	...........(((.((...((((((((.....(((.....(((((....(((((((...))))))).))))).....)))...))))))))...))))).((((((..(((..((((((..((((...))))..))))))...)))..(((((((((((....((((((((...(((.((.((.((((..((((..((..((((((((((((((((.(((..((....))..)))))))..))))))....(((((((((((((((.(((.(((.((((((((.(((....((((((....((((.((.((....))))))))...))))))..)))((((((((.((((...(((....)))..(((((.((((..((............(((.((((..((((.......)))).....)))).)))......((((........((((.(((..(((((((..((((...((((((...))))))...))))....)))).)))))).))))........))))))..))))))))).((((((.....)))).))........))))))))))))........((((((.........))))))..)))))))).)))))).).))))...))))))))))((.((((((((.((((.(((......)))..)))).))).)))))))............((((.(((((.((......))...)))))))))..))))))..)).)))))))).)))).))))))))..)))..(.((((((....((((((((((....((((....(((.((((.........)))).))).....))))......(((((((((..(((((.....((((.((...((((.............))))....)).)))).))))).....)))))))))((((((..(((((((((...........))).))))...)).))))))((((((...((((.((......))))))...))))))))))))))))..(.((((.((((......)))).)))))....(((.((((((......)))))))))....)))))).)((((((((.......................))))))))((((((((..........))).))))).....(((..(((..((((.......(((((.((..(((((.(((((.(((...(((((..((.......))...))))).......)))))))).)))))...)).)))))........))))..))))))(((((..((((.((((....(((.(((((((((((....))))).))))))))))))).)))))))))...)))))))))))..(((((......))))).......))))))... (-410.80)
Adalimumab_HC_topk_44	1416	0.4738700564971751	-411.7	-0.29074858757062144	.(((((((..((...........((((((((((.....((((((.(((.(.((((........)))).))))..))))))....)))))))))).......((..((((((........))))))..))(((......)))................((((...))))))..)))))))...(((((((.((((..(((..((((((((((.......))))))))))..)))......((((((.....))))))..................((((((((..(((..((((((((((........)).))))))))...((((..((((((...(((((.....)))))(((..((..((....))..))..))))))))).))))......((((.(((((.(((...(((((((..((((((((..(((.....(..(((((((.........(((((....)))))..........)))))))..)))).))))))))..((((((..(((.....)))..)))))))))))))))).)))))..(((((.((((.(((....)))((((....))))(((((((.(((((((........(((((.....((((((((((((((..((((.............(((((((...(((..(((....)))...)))...)).))))).............))))))).)))))))))))....)))))((.((.(((((((....((((.((((((((((((...)))...((((((((((.......(((((.......((((....(((.....((.(((...(((((((..........))))))).))).))....((((((((.(((..((((...............))))..))).)))))))))))...)))).....)))))..........)))).))))))........((((((((...((..(((((((....)))))))..))...........))))))))))))))))).))))..(((.(((((((....)))))))...)))((...((((((............(((..(((((...(((..(((...))).))).....)))))...)))))))))...))(((.(((........))).)))....((((......))))))))))).)))).))))))).))).......))))((((...)))).)))).))))).............))))(((((((..(((((..(((.((((((((...........)))))).)).)))....)))))))))))).....((..(((((.(((((((((......)))))))))...)))))..)).......)))...))))).))).)))).)))))))... (-411.70)
Adalimumab_HC_topk_284	1416	0.4738700564971751	-421.1	-0.29738700564971754	...((((.(((((........))))).(((((((((.(.((((.(((((.(((.(((...))).))).)))))..)))).)...))))))))).((((((((((..((.((.(((..........))).)).))....))))........(((((((((((...))))..)).)))))..))))))((((((((((..((.(((((((.((.(......((((...(((((((...)))))))..(((((((((((((((((((...(((.((((((.(((....((((......((((((....))))))...)))).))).)((((.((((((....)))).)).))))))))))))..))))))))...((((((((((..((((....((((((((.((((((..........)))))).).))))))))))).....((((((.(..(((.((((((((.(((((...........(((.((..((((..(((((((((....((((.....))))..)))))))))))))..)).)))(((((......((((((........(((.(((((.(((((...((((....)))).....((((.(((((..((((......)).)).)))))...)))).((((.(((((((.........(((((.....)))))..................)))))))))))....))))))))))))).((.(((((......))))))).)))))))))))..)))))..))))))).(((((((...................))))))).((((.(((....((((........))))...))).))))(((..((((((....)))))))))....).))).)))))))......(((((......)))))..((((((.(((((.....))....)))...))))))))))))))))..........)))))))))))......(((((...(((..((.....))..)))....))))).((((......((((((((((((....(((((...(((...((..((((((......)))))).))...)))...))))).)))))))......)))))......))))..(((((.((((((.((((........))))..)))..))).)))))....(((......)))....(((((((((((((((((((((((((.(((.(((...(((......(((((((........(((((((.......))))))).......))))))))))....))).))))))))...)))))))..))))..))))))))).((((.(((........))).))))...))))....).)))))))))....))...))).))))))).))))... (-421.10)
Adalimumab_HC_topk_283	1416	0.4745762711864407	-401.0	-0.2831920903954802	..((((((((((((......))))))((((....((((((....(((..((((((.......))))))..)))..))))))....))))(((.(((.(((......))).)))))).........))).)))......((((((..((.(((((((((((..((((.((((.(((((.(((((((((((.....)))))...))))))))))).))....((((.(((..((((((((..(((((((.(((.((....(((.((....)).))).(((((....)))))........((((((((...((((....))))..))).))))))).))))))))))))).)))))..))).))))..........(((((...(((.((((.((..(((((.((((..(((((....((.((((.........)))).))(((...((((((...(((.((((((...(((((.((.((((((..((((((...))))))..)))))).))..))))).......((((((....((....))....)))))).(((((.(.....((((.((((((((..............))))(((((((..(((...((((((((......((((((....((((((...((((((((((((....))))(((......)))...(((...)))................((((.(((......)))..)))).))))))))..((((((....((.(((((.(((.((....(....)....)).)))((((.((....(((..(((((((..................(((((...((((((........))))))(((((.(((((((((........))))))).....)).)))))..(((((.(((((((.(((((...))))).)).......)))))...))))).))))).))))))).)))..)).))))...)))))))....))))))...(((...)))..))))))....))))))..))))))))((.(((((((.(......).))))))))).))).))))))).(((.....)))...)))).))))...)))))))))))).)))..))))))..)))(((((.....((((.((((........(((((((.....(((((..........)))))......)))))))..))))))))..))))).......((..(((((((........................))).))))..)).)))))..)))).)))))..)).)))).)))...)))))....((((((..((((((..((((....)))).)))))).)))))).....))))))..))))))))))).))....))))))......((((((...)))))) (-401.00)
Adalimumab_HC_topk_159	1416	0.4745762711864407	-413.4	-0.29194915254237286	..((((..((((.....((((((((((.........(((((((..(((.......)))..)))))))((((((((..(.((.(.(((((((((((((......(((((((((......)))))(((((((.(.((((.(((...)))...))))).)))))))((((((((.(((..(((..((((....)))).)))..).)).)))))))).......(((..((((.(...........).)))).))).((((.((((...(((((((.....((((((..((((........))))....((((.(((..........((((((((((......))))....))).))).((((.....)))).))).))))((((.....))))(((((((((.((((((....(.((.(((..((((.(((((((.....(((.(((.(((.....))).))).)))..((((((((.(..((((((.((......)).))))))...).)))).))))......((((.((((.(((...))).)))).))))...)))))))..)))).))))).)...)))))))))).))))).((((((((...)))))))).....))))))..)))))))...)))).))))...((((((.......((..((((((...))))))..)).....)))))).....(((((.(((((.....(((((..(...(((....)))..)..)).))).))))).))))).))))....))))))((((((((((...(((((....(((((((.(((........(((....))).((((..((((.(((((((..((((((((((((((...........)))))))..((((....))))..........))).))))..))))))))))).))))...................))).)))))))....((((((....))))))(((((((((((...((((.(((....)))))))...)))))).......(((....))).((.(.((......)))))....)))))(((((......)))))....((((...(((((..........)))))..))))..)))))...))))))))))..........((...((((((((...........))))))))...)).))))))).).)).)..)))))))))))))))))).....)))))))).....................((((....((..(((.(((((((((.(((((..(((..........(((((.........)))))..........)))))))).)))..(((((((((((.((((........)))).)).))))))).))....)))))).)))..))....))))... (-413.40)
Adalimumab_HC_topk_210	1416	0.4752824858757062	-423.4	-0.29901129943502824	........(((((((.((((((.(((.((((((((...(((((.(((.((((((...(((((((((.(((((..........((((.((.(((((((((...((((((((.(((.((((.(((..(((.(((((.(((.((((.((((((.....((.((((...(((((((((.(((((((((.......)))))).((((.(((((((((....((((((((.((.((((((.(((.(((.((((..((((((((((((((.(((((..((((((((((...........(((((((........)).))))))))))).(.((((((...((....))...)).)))).)))))))))))))))).))))).)))..)))).))).)))...((((..(((((..(((((.............)))))((((((((((....(((((((.((((((((....(((....))))))..))))).)))))))..)))))))).))..(((((...)))))..)))))..))))..((((((........)))))))))))).)).)))(((((....)))))....(((((((((((..((((.((((((........((((...((((((((.(.((((.....(((((...))))).......(((....)))((((...(((((.((((...(((..(((.(((((((...((((...))))..((.(((((......))))))).))))))).)))...(((((....(((..((((.(((((((((((.(((((((((.....)))...)))))).)))))..........)))))).)))))))...)))))...((((.((......)))))).((((....))))..)))....)))).)))))...))))))))).))))))))....)))))))))).))))))))))......)))))..........)))))..)))))))))..))))......))).)))))))))......)))).)).....)))))).)))).))).))))))))...))).)))).))))))))....)))((.(((.....))).))(((((...)))))....(((..(((.((((((((((((((((..((.....((((((.....)))))).....))..))))))..))))).(((....)))..))))).)))..)))..(((.....)))........)))))))))...)).))))..)))))))))).)))).................))))))...))).).))))..))))))..)).))))))))).))).)))).....((((((((........))))))))......((((.(....(((((....)))))).))))... (-423.40)
Adalimumab_HC_topk_94	1416	0.4759887005649718	-430.9	-0.30430790960451976	.(((((.............(((((((((.................(((((((((.(((((((.(((......)))))))))).)))))))))....((((((((((...((((.((((((((............((((((((...(((((((((.(........)))))((((((.....))))))..)))))))))))))..)))))))).))))...((((((..((((((((((.(((((((.(((..(((((((((((((.........(((((((((..................................(((((....)))))((((.(((.(((((...(((((((..(((......((((.((((((((((...))))((((((((((((.((((.((((........))))....((((.......(((((......)))))......))))....(((.((((((((...(((......))).)))))))).)))((((....)))).......(((((..(((((...(((.(((((((.....(((((((.......)))))))......))))))).).))...))))))))))........)))).)))))))))))).))))))))))......)))..)).)))))...)))))..))).))))........(((((........)))))........((((...))))..)))))))))............))))))).((..(((......)))..))(((((.((.....(((.....)))...)).)))))(((...((((.((.((.(((...((((..(((((.(((...)))...)))))..)))).....))).))))))))...)))...((((..((((..((((..((((((((.......)))))))).))))....))))....))))........)))))).)))))))))).))))))))))..))))))........)))))))))))))))))))....(((((((((((((((((((((((.((((((((.(((((((..(((((.(((((..((((.......))))..))))).....))))).......((((((......))).).))......((((......))))....((((((((((((.((((....))))....((((....))))(((((.(((..(((.((((..((.(((........(((((((........)))))))..)))))..))))..)))..))).))))).....))))..))))))))..))))))).))))))).).))))))((((((((......))))))))..))))).))))).)))))))....)))))...((((((....)))))).. (-430.90)
Adalimumab_HC_topk_240	1416	0.4752824858757062	-421.3	-0.29752824858757065	..........(((((((((((((((((..((((...)))).(((((((((((((.........))))))))).)))).))).)))))))))))))).....(((((((.((...(((((((.((.....)).)))))))...))((((((((((((((.((.((((...(((((.....)))))..(((..(((..((((..((.((..(((((..(((((......(((((.....))))).((((((((.((((..(((.((((...)))).))).)))).....((((..((((((.........))))))...)))).(((((((((((((....))))....(((((((((((...)))..)))..)))))(((((((.(((((.((((........)))).))))).))))))).(((((...........)))))............)))))))))((((((.(..((((.....((((((((....(((.(((((...((((((...(((......)))...(((((.((.((((((((((((.....((((((........)).))))......)))))))))....))).))..))))).((((((((.(((.(((.((((((.(((....(((((((.((((((....)))).))(((((.....))))).........(((((..((((((((((.(((......)))..)))).(((((((...)))))))(((((..((((((..((((((((...((((....((((.((((.....)))).))))....))))...)))...))))).(((..((....))..)))....))))..))..))))).((((((.......))))))......((((......))))..))))))...))))).(.(((((((((...))).........)))))))...(((........)))........)))))))..)))))))..(((((((.....))))))))).))).)))..))))))))...................(((.((((.((.....((((......)))))).)))))))..((.....))))))))..)))))))).......)))))))).....)))).).))))))..))))).)))........))))).)))))..)).))))))))).)))....(((((((((((.(((((......((((((...(((................)))...))))))..(((((....))))))))))..)))))))))))(((.(((((........))))).))).((((((((.(.......).))))))))..........)))).)).)))))))......))))))).............)))))))... (-421.30)
Adalimumab_HC_topk_182	1416	0.4759887005649718	-405.8	-0.2865819209039548	..((((((((((((....................))))))))((((...(((.....)))...))))((((.....))))...((((((((.....(((((((..((((((((.(..((((...........))))..))))))))).((((((...((.(((....))).)).))))))(((((...((((((((((((((((((((((((.((((.((((........))))..))))...))))))(((((((((((((((((.......))))))..............)))))))))))..(((.(((((.((.(((......((((((((..(((..((....)))))..))))))))......)))..))..))))).)))......((((((((((((((((((.....((((..(((.(((.....))))))...((((((.((((((((((((((((..((........))..))))))...((((((...))))))(((((((((......))))....))))).....))))).))))).))))))))))......)))))))))(((((..((((((((.....))))....)))).)))))((((((....))))))...(((.(...(((((......))))).))))..(((....)))..(((((((.....................)))))))....(((...))).......(((((......))))))))))))))...)))).)))))..))))))))).))))).).)))))).....))))).))).....(((((....))))).....)))).....(((..(((...(((.((.((((((((.(((((....)))(((.((((((((.((((..((((...(((((..((((((..((((.....))))..)))...)))))))).....))))..)))).))))).))).)))(((((.((((((((((((..((...((((.(((((((.(((((((((.............(((((((((..((((((((((.......((((((......)))))).......)))........)))))))(.(((((.......))))).)....(((...((.((......)).))..))).)))))))))(((((....))))).....)))))..((((((((..............))))).)))....(((((((.....................)))))))..)))).))))))).))))............)).)))))).)).........(((((((((((((((....)))))))))..))))))))))))))))))))))))).))..)))...((((.(.....).)))).))).)))... (-405.80)
Adalimumab_HC_topk_168	1416	0.4759887005649718	-398.1	-0.28114406779661016	((((((((((((((......))))))......(((((((..(((((...(((.....)))...)))))......)).)))))(((((..((((....)))))))))((((....)))).))))))))(((...((((.(((...)))...))))....)))......((((((((((((((((.........))))).((((((((((((((((((((((..(.((((((.((..(((...((((((.....(((((((((..(((((....(((.((((.....((........))))))..)))....))))).))))))).)).(((((.(((((.(((..((((((((((..((((((..((((((((..........))))))))((((((((((....))))))))))..((((..((((..((((((.....((((..((((((((((.((((.((.((....)).))...)))).))))))))))..((((((((((.((((((....(((((((((((((((((......)))))..)))))...(((((((((.......)))))))...))..(((((..((((....)))).))))).................))))))).............((((((.((.(((((((.......(((((.((....)).))))).............((((((((......))).))))).....(((........)))........((((((.......(....).......)))))).......((((((..(((.......)))...)))))).......((((((((........)))))))).))))))).)))).))))......))))))))))))))))...........(((((((((((((((...(((........((.........))(((((..((...............))..))))).((((((....))))))..((((....)))).(((.....(((((.((........(((.......)))......)).)))))....)))..((((......))))..((((...(((((........).))))...))))....)))..)))))))....(((..................))).....)))))))).....(((((......))))).))))......))))))..)))))))).((((...))))................))))))...)))))..))))).))).))))).)))))))))))..)))..)).)))))).)..))))).))))).))...((((.(((...((((((........))))))))).))))....))))).)))))............)))..)))))))).... (-398.10)
Adalimumab_HC_topk_295	1416	0.4766949152542373	-408.0	-0.288135593220339	.(((((((((.((....((((((((..((((((((((((((.(((((((((((((((((....)))).))))...)))))...)))).)))))...((((..((((((((((((...))))))))))).)..)))).((((((.((((((.((((((((((((.....(((.(((.((..(((((((.(....).)))))))..)).))).))).((((.(((.(((((((((...))))..))))).)))))))(((((((((....(((..(((((((((...(((...........(((.....((((((...(((((((......(((((....))))).......))).))))....))))))...))))))...)))))))))....)))((((...((..((.((..((.....))..)).))..)).....)))).......)))))))))(((((....(((((...(((..(((((......)))))....((((.(..(((((....)))))....).)))).......)))..))))).....)))))..(((((...(((((((..........((((....(((((....))))).((.(((((.........)))))))..((((....))))......))))....(((((((....)))).))).((((((((...((((((.((..(((((((......))).))))..)).))).)))...((((((.((..((((.(((.(...(((......))).).))).)))).)).))))))...((.(((............))).)).)))))))).....)))))))...))))).)))))))))))))))))))))))).)))))).))).(((((....)))))(((.((((((..(((((...((.((..(((((.......(((((.(...(((((.((((.((((........)))).))).).)))))..))).))).((((....((.(((((((((....(((...((((((((((((((......((((..(((((((..((((.....)).))..)))........)))).))))...)))))))........))))))).)))((((....))))....((((........))))..((......)).((((...(((((...))))).)))).....))))))))).)).(((.((((((..(((((.......................))))).)))).))..))).((((((.....((((...........)))).....)))))).))))(((((..((((....)))).))))))))))..)).))..)))))))))))))).....))).)))))......)))))))).)))...... (-408.00)
Adalimumab_HC_topk_269	1416	0.4774011299435028	-415.9	-0.29371468926553673	....(((.((((((.....))).....................((((((((..(((((..((......))))))))))))))).(((((((.((((.((.(((((((((((.((((....((((.((((.((((((.(((((.((((((.........((((((((.((((.....))))))((((.((...(((((((((((((((((.((((.((((.(((((((..((((....((((..((((...))))....)))).((((.((......))))))..))))..))))))).)))).))))..((((.(.(((((.((((((.((((((....)))).)).))))))))))).))))).......)))).)).)).))))))))).)).))))........((((((.(((...)))...))))))....(((.((((((.(.....).)))))).))).((((.........))))...(((((((..((.(((((.....((((.....)))).....)))))...))..)))))))((((((.(((((((.((((....(((((((((..............))))))))).....)))))))))))...))))))..))))))...((((((((.......)))))))).((((......)))).))))))))))).)))))).)))).))))))))(((((((((((.((((((...((((((.(((((((((((((((((((((((..(((.(((.(((....((((((((((..................))))))))))....))).((((((..((.((....)).))..)).))))....))).)))))))))))..(((..((((((((....))))...))))))))))))......(((((((((((.(((((((((.......((((((((..(((((.......((((((((.((......)).))))))))...)))))...))....)))))).........(((.(((.........)))))).....))))))...(((((...(((((((...........((((...((((...))))....)))).((((......)))).....)))))))...))))).............))).))))).)))))).......))).))))))))))..)))(((((((((((((((..(((...((........................)).)))..))).))))..))))))))))))))..)))))).)))))....))))))).)).........(((((...((((((........(((.((((......)))).))))))))).....)))))...)))).))))))))))).....))).))).... (-415.90)
Adalimumab_HC_topk_86	1416	0.4781073446327684	-423.9	-0.299364406779661	((((.((((.....))))...))))......(((((((((.(((((.((((...(((((((((((((..(..(((((((((.(((((.....))))))))))))))....)..))))))...(((((((((((((((((((((((((((((((..(((((........(((.((((((.(((((..(((.(((((..((((((.((((((..((((.((((..(((.(((((....(((((((((((((((.(..((((.(((((.......((((.((.................(((((.(........).)))))(((((.((...((((((....)))).))...)).)))))...........(((...(((.(((((....(.((((.(((((......))))).)))).)..)))))..)))..)))...(((...(((((((....((((((.....(((.((.(((((...((((((..(((((.((((((((((.(((((....)))))....))))))....)))).))))).))))))))))).))..))).....))))))..))))))).))).)).)))).......))))).))))....).))))).))))))))))..(((((.............))))).((((......))))..............(((.(((......))).)))(((......)))).)))).))))))).)))).).))))).))).)))))))).))).)))))((((.....((((((.....)))))).....)))).)))))).)))...(((((.(((((.(((.(((((..(((...)))..)))).).))).))))).))))).)))))..)).)))))))))))))..((((......))))((((((..((((...........)))).))))))((..(((((((((.......((((((......)))))).....)))))))))...)).....(((((.........(((((...((.((((.(((........))).))))))))))).........)))))...((..(((.....))).))...)))))))....))))).))))(((((((..........(((((((((........)))))))))((((((((((((....((((...))))...(((((((((((((((((((...(((.((((...............)))).))))))))))..((.....)))))))))))..)))......(((....))).....)))..)))))))))..))))))).)))))))......((((((((........)))))))).)))).)))))......))).))))))(((..............)))... (-423.90)
Adalimumab_HC_topk_110	1416	0.4788135593220339	-429.34	-0.3032062146892655	.(((((.((((......))))......((((.(((((((.....................))))))).))))..(((.(((.(((.((((((..(((...((((((((.....)))).))))...)))..)))))).))).)))))).(((((((((.(((...))).((((((((.(.((..(((((..((((....((.((((((((((.((((...(((........)))....)))).)))))))))).))((((((((..((((.....((((((.....(((((((.((((((....((((((.......(((((((((...(((((((.....(((((....)))))...)))))))..(((....))).(((((...)))))....((((.((((((..(((((.((...)).)))))((((((..((((.((....)).))))...))))))(((((((((...((((...((((..(......)..)))).))))....))))))))).......((((...((((..(........)..)))))))))))))).))))(((((....)))))..)))))))))))))))...)))))).))).))))))))))...))))....)).)))))).))))..)))))..))((((......))))...((((((((...................)))))))).....).)))))))))))))).)))...((((......)))).(((((((((((.(((.(((((((((.(.(((((((..((((((((................))))))))((((........)))).((((...)))).((.((((((....)))))).))....))))))).).))))..)))))...((((..(((..((((((((.......)))))))).)))...)))).)))((((((((.(((((((........)))))))))..)))))).(((........)))..))))((.((((((..(((.....(((((...............))))))))....)))))).))..........)))))))....)))))(((..(((...))).)))....(((.(((((..(((((.((.(((((((((((.(...((((((.....)))))).)))))))((((((...))))))..((((....))))(((((((((((.(((((((...(((((................................)))))...)))))))))))).))))))...))))))).)))))..(((.....)))....))))).))).....(((((((.(((((((.((((((.((((................)))).))))))))..))))).))))))) (-429.34)
Adalimumab_HC_topk_82	1416	0.4788135593220339	-432.2	-0.30522598870056494	.......(((((((......)))))))((((.....(((.....))).....))))...(((((..((......((((((((((((.(((((.(((.((((((((.((((((.(((((((.(((((((((.(((.(((.(((........))).)))..))).)))))..((((((.((((..((((((..((((..((.((((((............(((((....((((............(((..((((((((((((........)).))))))))))...)))...(((((((((........)).)))))))...(((((....(((((((((((.........(((((..(((((((...(((((.((..((((....)))).....(((((((((((((.(((......))).)))))))))))))..(((.(((((.((((..(((((((.........................)))))))..))))....))))).)))((((..(((......)))..)))).))))))).....)))))))..)))))......)))))))))))...)))))...))))...)))))...(((.((((((.....(((.((..(((((.(.(((((((.............)))))..)).))))))..)))))((((((((...................))))))))...((((...)))).)))))).)))..............)))))))).))))...))))).)..))))..))))))...(((((((...((((....))))...)))))))..((((.....)))).)))))))))))..)))))).))))))))((((.(((((((((((......((((((.((((...(((((((((.((((((((..(((.......)))..)))........((.((((((..((((((((((....)))))))))).)).)))).)).((((((...))))))(((......(((..((((((...((((..(((((((.....(((...))).(((......((........)).....)))....))).))))))))(((((...))))).))))))..)))))))))))))))....)))))......)))).)))))).....))))))....))))).))))..((((......((((((.((....)).)))))).....))))..........(((((((((..(.(((((...))))).)..)))))))))(((((((...((..(((((.((((....))))))))).))...))))))).(((((..((.(((......)))))..)))))....))))))))...).))).....))))))))...))..))))).. (-432.20)
Adalimumab_HC_topk_63	1416	0.4795197740112994	-411.8	-0.29081920903954805	..(((((.......((((((...((.(((...(((((.(((((...((((.((((........((((...((((.((((((((((((((.(((.(((((((((.(((((((.(.....).).)))))).)))))..((.(((((.(((((((((.....(((((((((((((......((((.(((.....((((.......(((((..((....((((((.....((((((..((((((...(((((...((.(((((((((((..(((.......(((.....(((......))).....)))...((((((.((....((((.(.(((.(((((((.((...(((((((..(((((((.(((((((((((.((((((((...)))))....((((.(((((((((((((((..(((.......)))..))))))).)))))).))...))))....((((.....(((((((......(((((......)))))))))))).((((......))))...((((..(((.(.......).)))..))))...))))))))))))....)).)))))))))))...)))))))...)).))))))).))).).)))))))))))))))....)))).))))))).)).((((((....)))))).....)))))...)))))).....))))))..........((((.((((.....((((.....(((....)))....))))..)))).))))..(((((((((((((.(((.(((((..((((((.(((((((((((((..(((..((((...((.....((((.....)))).....))....(((((..((((((....))))))..)))))...(((((((..(((..((((......(((((((.(..((((..(((.......)))..))))..))))))))..))))..)))...((((....))))((((((.((((....))))))))))..)))))))))))....))).((((.....(((((...((.....))...)))))......))))...)))))))........)))))).))))))..)))))..)))..))))))))....((((......)))))))))..............)))))).))..))))))))).....)))))))....))))))).)))))))))))))))..))))).))((....))................))))..))).)))))..)))))).)))))))...))))........)))).))))..))))).))))).))).))....))))))..((((((.(((((........))))))))))).................((((....)))))))))............. (-411.80)
Adalimumab_HC_topk_262	1416	0.480225988700565	-423.7	-0.2992231638418079	..((((((((((((......))))............))))))))..............((((((((.(((((((....(((((((((((((((.(((((....(((((((.(((..(((......))).))).)))))))..((((((((.....((((((((((((..(((.((((..((((.((((...(((((.((.(((((((.((.((.(((((((...(((((((((...)))))..)))).))).)))).)).))(((.......)))((((....)))).............(((((((...........((((((......((((((((.(((......)))))...))))))...))))))...((((...(((((........)))))((((((((....((((((.(....((((..((((((..(((.((..(((.....)))..)).)))..........(((((.....))))).(((.(((....((((((.((((..((((......))))..))))))))))..)))))).......)))))))))).....).))).)))..)))))))).................))))..............((((((((((.((((......(((......))).....)))).....))))))).)))..........((((...))))..))))))).....((((.((....)).)))).....))))))).)).))))).))))...))))........(((((((((......(((.(((..((((......))))..))).)))(((((((((((..((((.(((((.(((...((((((..(((...)))......))))))...))).)))))...))))...))).)))))))).((.((((((.(..(((((((..(((..((.((....)).))......((((........))))))))))))))......).)))))).))(((((((((...(((((.(((((...(((((...((.....))...)))))....))))))))))...)).))).)))).(((((..(((((........).))))..)))))........))))))))).((((.(.(((.((..........)).))))))))..(((((.....))))))))).)))..)).))))).))))).....)))))))).((....))...............))))))))))))..((((....))))..(((....))).)))).))))..)))).((((..((....)).)))).((((((((((((.(......))))))))))..)))..))).))))))))........................(((((......))))).. (-423.70)
Adalimumab_HC_topk_15	1416	0.4809322033898305	-426.6	-0.30127118644067796	....(((.(((..........................((((((((((((((((((((...))))))((((((((.....(((((......)))))....(((((((((....))))..)))))))))))))(((.....)))...((((((((.....((((((((.(((((...(((.((...(((((...((((.((.(((((((((.((....((.(((((((..((((.....))))..((((..((((.(((((....))))).))))..))))(((((.((((....))))..)))))........(((((((((((((((...(((....(((((..(((.((.((....(((.(......)..))).....)).)).)))..)))))..)))..))))))).)))))..)))))))))).)).......(((((.(((.((((..((((((..............((((((...(((((((((((..((((((((((((((((.(((((....)))))))))))..................))))))))))..((((((.((.(((.((..((...(.(((..((((.......))))))).)...))..)).))).))))))))))))))))(((.(((...(((.((((...((((....))))..))))..)))..))))))......)))..))))))))).)))..))))))).))))))))))...)))))).)).)))).))))).)).)))..((((((((((.((((((.....((((..............))))((..(((((((((.((.........(((((..(......)..)))))...)).)))))))))..))..)))))).))))..)))))).(((((((((.((..((((((...(((.(...................).)))...))))))...)).)))))))))((((.((((..((((((((((((.....)))).))).)))))((((.((.(((((..(((....((((((....((((.....))))....))))))......((((((.((...........))))))))...)))..))))).)).))))..((((....))))..(((((((.((..(((((.......)))))))))))))).)))).))))))))).).))))))))))))))))))))))))))))).....(((((.(((......(((.(((((((((.(((..(((...((((((((((.............)))))).)))).)))..)))))))))).))...)))...))))))))(((((((((..........)))))))))..........((((((....)))))).....))).))).... (-426.60)
Adalimumab_HC_topk_72	1416	0.4809322033898305	-433.0	-0.3057909604519774	...(((..((.(((.......(((((((...(((((((...(((.(((((((.((((((((((.....((((((((...(((((.((((...(((((((..((((.(((((............)).))).))))....((.....)).((((((((((((((.(((...(((((((..........(((((.((..(((((((.((.((...((((((..(((.((..((((..((((((...(((((((((((((((((((........(((.(((((.((((.((((....)))))))).))))).)))...))))))))..((((.........)))).((((((((.((((((((.((((..((((..((((((.........((((.(((((((..((((.((((.(((..(((.......)))..))).)))).)))).((((..........))))...(((((..((.....))..)))))......((((((((.....((((.....))))...))))))))((((........))))((((((((((......))))...)))))).....))))))).)))).))))))..)))))))).....)))))))).))))))))...(((((.((.......)).)))))))))).....))))))...))))))....(((((((....((....))......)))))))).)))..))))).))))))...)).)).))).))))))))))).(((.(((...(....)..)))))).(((((((((..(((........)))..))))))))).(((.....)))))))))).....)))...)))))))))))))).......))))))).)))).)))))....))))))))..)))))).)).((((.......)))))).))))))))))))))))))))))))((((((((........))))))))...(((((((..........)))))))(((..(((((((...((((....(((((..(((.(((..((((((((((((((((...(((....((.....)).....)))..)))).((((..........))))......((((((.((((....((.((((((((...(((((((((.......(((((((((((((.((((((....(((..(((....)))...)))..((((((....(((....)))..................))))))..)))))).)).)))))))))))......)))).)))))...)))))).))..))....)))).)))))).))))))))))))...))).)))....))))).....))).)...)))))))...)))((((....))))...)))))..)))... (-433.00)
Adalimumab_HC_topk_198	1416	0.481638418079096	-437.7	-0.3091101694915254	...(((..(((....((((......(((((......((((((((.(((((((((....((((....((...((.((((((((((...((.(((..((((((...((((((.((.....))))))))))))))))).))(((((((.((((((((...((((...))))..(((((.....))))).(((((((((((((...((((((((((........((((((((((......(((..((((((.....(((((((((((((...((((......(((....(((((......)))))...))).........(((((..(((((((((((.(((((((((.....((((..(((((...)))))..))))..((((....))))((((((((((((((((((((((((((.((....................)))))))))...))))))..))).))))))))))...........((((((.....))))))))))))))).)))((((.....)))))))....))))).)))))..))))...)))))).)))))))...))))))))).......)))).))))))))))..(.(((((((.((((.((((.((.((((....)))).))(((...(((((((((((((((((((.(((.........)))........((((((((...((..((((((((...(((((((..........((((......))))......)))))))))))).)))..))......))))))))..))))))))))))..(((.((.......)).)))...((....))..((.((((.(((((...((((((((((((.((....)).)).))))..........)))))).......))))).))))))((((((((((((....((((((..(((((..((....(.((((........)))).).....)).)))))))))))...)))..)))))))))))))))).....))).........))))))))))))))))....((((..(((((...((((((((........))))).)))....))).))))))...))))))))))...)).)))))))..)))).)))).))))))).......((((((((((...)))..)))))))....)))))))))).))...))...))))..))))))))))))))))).......))))).....))))(((..........))).......(.((((((((((...(((...................))).)))))))))).)....((((.((((..((((..(((((.(..(((((........)))))...).)))))...))))..)).)).))))..)))..)))... (-437.70)
Adalimumab_HC_topk_51	1416	0.4823446327683616	-433.6	-0.30621468926553674	..(((((((((............))))).........((((..((((((((((((((.(((....((((((.((((..(((.(((((((((((((((((((((((.(((((.(.........).)))))..(((..((((.((((((((........(((...((((((....(((..(((((((((((...((((((....(((.((.((((((((.((((((((((((........(((((.((((....(((((((.....))).))))...)))).))))).........)))))))...))))).)))....((((.(.((((.(((((....)))))....)))).).)))).))))))))))....))))))....(((((((((..(((((((((((((((.((((..(((.(((...))).))).....)))).....))).)))).))))))))))).)))))).....(((((..((((((((((.(((((((.(...(((((....))))).)))))))))))...))))))).)))))))))))))).))..)))....))))))..))).((((((((...((.((((.((.(.......).)))))))).)))))).)).(((.(((((.......))))).)))...(((......)))))))))))))))..))).((((.(.....).)))).....)))))))))....(((....))))))))))((((((((.((((.....((((((((.(((.((((((((....(((((((((.((.(((((...((((((((.......(((((((..(((((((((((.((((.((((((.((.(((((((((....)).)))...)))))).))))))..))))...((((((((((.((..(((..................)))..))..((.....))........))))))))))))))....)))))))...........))))))).))))))))..))))))))))))..((((..(((.(((......)))..))).)))).........))))..))))))))))).)))))))).....))))..)))))))).....))))))).))).)))).))))))...((((((..((((.(((.((...((((.(((......(((((.(((((.(((((....))))).)))))))))).))))))).....................(((((.....))))).......)).))).)))).)))))).............))).))))).......))))))))))))).........((((((........))))))))))...............(((((((((((.....)))).)))..))))... (-433.60)
Adalimumab_HC_topk_28	1416	0.4830508474576271	-422.8	-0.29858757062146896	((((((((((.......)))))................((((((.(.(((......))).).)))))).....((((((((((((.((((............)))).)))).))))))))(((((..(((..((.....))..)))....)))))....)))))...((((((((...(((((..((((...(((..(((.((.((.((((((.....((((((((...((((((.....))))))))))))))(((.(((((((..((..((((((((...(((((.....(((((..((((((((....................)))))))).)))))))))).))).))))).))............)))))))))).(((((((((.....))))))))).....(((..((....(((...((((((((....((((....((.((((((((......((((((((((((....((((.((((((...(((((((((((...(((.((((((.......((((.((((.....)).)).)))).....((((((.((((((.((((((..........))))))))))....)).))))))..........(((((((.((...((.((((((....((((((.....(((.............))).....))))))....)))))).....))...)).))))))).(((((........(((....)))........)))))(((((.....((((((.........)))))))))))............))))))..))).)))))))))....((((.(((((((..........)))))))...(((((((..((((((((((...((((((((....))))...))))...)))))))((.((..(((......)))..))))....))).))))))))))).......))...)))))).))))(((((((((((.((((.((....)).)))).))))(((....)))..(((.......(((.......))).......)))....(((..(((((......)))))))).(((((..(((((..........))))).)))))..))))))).(((..(((((...(.(((.(((........))).))))...)))))..)))...(((((...)))))...))).))))))))))))))))).)).((((.(((...(((.........((((((.((.(((..(((...))).)))..)).))))))........)))....))).))))))))...))))))))..)))..))..))).....((.((((......)))).)))))))))).)).)))....))).....)))).)))))...)))))))).... (-422.80)
Adalimumab_HC_topk_189	1416	0.4837570621468927	-418.6	-0.29562146892655367	.((((((((......)))).((((...........(((((((((((..((((.(.((((....)))).).)))).)))))....(((((((((((((((((..((((((.......((((...))))(((((((((((.((.((.........)).).).))))))..(((.....))))))))((.....))))))))..)))))))))((((((......))))))((((((..(.(((((.(((....(((((((........((((.(((((((((....................(((((((......(((((....((((((((((((((((((........)).)))...))))))).........)))).))....((((((....(((((.((((.((((.((.....(.(((((.((......))..))))))..)))))).))))...)))))))))))...(((((((((((((.(((((.((.(((.(((.((.((((((..(((.....)))..)).)))).)).........((((....(((((((........)).)))).)....))))(((......))).(((((((((((.((((((((((.......(((...(((((((...........)))))))...))).......)))))).............(((.(((......)))))).....)))).)))))..((((((.((((.(((........))).....)))))))))).(((.((...(((....)))..))))).((((((.((((((.(((((.(((...((((((.....))))))...))).)))))...)).)))).)))))).........)))))).)))))).)).))))).))))).))))))))))))))))))))......((.........)))))).).)))).))))...)))))))..))).))))).)))))))...)))))))).((((....))))....((((..((.........((((((((........))))))))))..)))).......))))))...........))))))))((((.(((((((...))))))).((.(((((......)))))))..............(((((.......)))))...(((((((((..(((((((((.((((((((.......((((........(((....)))........))))(((((((((..(((.(((...))).).)).)))))))))...)))))))).))).....))))))......((((..((((((((((...)))))..)))))))))........(((((.((((................)))).)))))..)))))))))))))... (-418.60)
Adalimumab_HC_topk_25	1416	0.4498587570621469	-394.7	-0.27874293785310733	..((((((((....)))))...............................(((((.....)))))((((((.(((..........))).))))))((((((....(((.(((((...))))).)))))))))(((((((((..((..(((((((((..(((..(((.(((...)))))).)))(((.....))).........(((((((((((((((((((((.((.((((...((..((((((.....))))))..))...))))..)).))).)))).)))).((((((...((((........))))......)))))).((((.((.((((....)))))).))))..((((((.....)))).)).....(((..(((((........)))))..)))...(((.((((.....)))).))).........((((((....).))))))))))))))))))))))))...))..)))))))))...)))((((.(((((((((((.((((.....)))))))))(((((....(((((....))))))))))..((((.(((((((.(((.((............((..((((((((...))))))))..))(((((((..((((.((((.((((((((((.(((((.(((..(((.(((......)))..)))..)))....(((((........)))))((((.....(((((...(((((((.(((.....(((((((((((((.((((((.(((((..((((...(((((((((((..(((.......)))..))))))........((((..(((...((((.((((..(((.((.(.......).)).)))..))))...))))...)))..))))..(((((....)))))(((.((((..((((((((.......)))))))).))))..)))(((((.(((....(((.((((((....)))))).)))))).)))))............)))))))))..))..))))))))).))))))))...)))))......(((.((((((....((...((((......))))...))....)))........))).)))))).).....)))))))))))))))))))).)))))...((((....((((((((((((.....))))))))..)))).....))))............)).))).).)))))))(((((....(((................)))....)))))..)))))))..(((.......)))((((.........)))))).)))....))))))).))))...(((.((.(((((..(((........)))))))))).))).........................))))))))))......... (-394.70)
Adalimumab_HC_topk_46	1416	0.4604519774011299	-412.2	-0.2911016949152542	.(((......)))..((((..(((((.........((((.((((((.(.((((....)))))...........(((((((((..(((.....))).)))))))))((((((((.....))))))))...))))))..)))).........)))))....))))((((((((.((..((.((..(((.....))).)).))..)).))))))))...((((((....((((((.((.(((((((((.....))))...((((((((............((((..((((((((.....))))..((((....(.(((((((...(((.((((((...((((((..........((..(((((...)))))..)))))))))))))))))))))))).)...))))(((((((((((...((.......))...))).))))))))..))))..)))))).))))))..((((...))))....((((..(((....))).))))((((.(((((((.(((.....))).))).)))).))))((((.((((......((((((...((((((((((...(((((((((((((...((((.....))))((((((..(((((((((((((((((((((((((((.............)))))...........((((....(((((((((((.................((((((((..((.........((.((((((......)))).))))..))..))))))))(((....)))(((((((((((..(((...........))).))))....))))))).....))))))))))).......))))))))))).))((((((((((..(((((((.(((((.((((...(((((.(((((((.((......))..))))))).))))).(((((...(((...(((((((((((((.((....(((((((((.........))).)))))))).))))))).))....))))......)))....)))))..(((((.(((((((......)).))))))))))...((((((......)))))).......((.....)).)).)).))))).))).)))).)))))))))).......))))))..)))))))..))))))...(((((.....)))))..((((((((((..((((....))))...).))))))))).....((((((.(((((((.(((((((((((........))).))))....)))).)))))))....(((((.........)))))..(((....))))))))).)).))))))))))).)))).))).)))..))).....)))........)))).)))).....))))).)).))))))..))))))... (-412.20)
Adalimumab_HC_topk_26	1416	0.4604519774011299	-397.7	-0.28086158192090394	..((..((((..(((((........(((((.((..(((((((((((((.(((((....(((((((((.(((((((((.((((((.((((((((((.......(((((.(((.(.(((((.(......)))))).))))((((((.((...((((((..(((((.((.(((.......)))..)).))))).(((((.((((.(((((.((((.((........)).)))).))).......((((((((.(.(((((...))))).)....(((((((((..(((.......)))..))))))))).(((((((...((((((((.((..((((((..(((........)))....)))))))).))))).)))...)))))))...((((..((((((((.((((.((((....))))))))..)))))))).....)))).)))))))).))))))...)))))((((((((.((((((.(((((......)).))).)))))))))..)).)))))))))...))))))))..........))))).......)))))...))))).)).))))))).......))))))............((((......))))...)))))))))...))).)).)))))(((((((((((..(((((......))))).........((((.(((((.........((((.(((......)))..))))))).))))))..............((((((....(((.(((..(((((...)))))..)))..........(((((((((((((.((((....(((((((...(((((..((........)))))))...)))).)))((((.......))))...((((((((.((((.......(((((...(((.(((.((...........)).)))...))).))))).((((...........))))....((((((....))))))..........)))).))))))))))))...))))..)))).))))).((((((((........))))))))....((.(((((......))))).))..)))...)))))))))))))))))....((.(((.....))))).......))))))))..))..)))))..)))))))))...))(((((((...((((((..((((.....)))).....(((((.((.........)).)))))(((((.((((((((..((...((((((..(((((((((..(((............)))..))))))))).((((...((....))..))))((((((.((((((.......)))))).)))..)))..)))))).)).)))))...))).)))))........))))))....))))))).. (-397.70)
Adalimumab_HC_topk_251	1416	0.461864406779661	-398.0	-0.2810734463276836	..(((...((((((...(((((((((((.((((((((((((((((........))))..)))))))(((((((((((((((((((((((((.....((..((((((.(((......((((....)))).....)))))))))..))...(((((.(........))))))(((((((...((((((((((((((((((...(((((..(((.(((((..(((........)))...))))).)))..))))).....))))).))))))....((((((((((.............((..((((((((...(.(((((...(.(((((......))))).).....((((....(((((((((((.(((((..(((..((.((....)))).)))..)))))((.((((.............)))).)).....))))))))))))))).......................))))).)...))))))))..)).(((...)))))))))))))........((((..((((........))))...))))..))))))))))))))...(((((....)))))))))))))))).)))).))....))))))))((((..((((.(((.(.((((((.....(((((((((((((....((.((((((.(((((..((.((((((((((..((.........(((((((...(((((..((....((((.(((.(......).))))))).....((((.((((((.........))))))))))...))..))))).....)))))))...........))..)))))))))).))....).)))).)).)))).))((((((((.((.((((((((((....((((((......))))...))....))).)))))..)).)).)))..)))))........)))))))))))...(.((.(((((......))))).))).))......))))))).)))..))))..))))))))))))))(((((((((((((((((.....(((..((((((..((((......((.....(((((.((..((((.......))))((((...)))).(((((((((.(((((((..((((.((.................((((((.....))))))......(((((((....)))))))........)).))))))))))).))...((....))(((((..((((((....(((..(((.......)))..)))....))))))..))))).....))))))).))))))).....)).....)))).))))))..)))...(((((((........)))))))))))))))).....)))))))))))))).))))))...))).......... (-398.00)
Adalimumab_HC_topk_112	1416	0.4625706214689266	-398.9	-0.28170903954802257	......(((((((((.((...........)).))).))))))(((..((((((((((.(((((..((((((.(((....(((((..((((((((((...))))))((((((.....))))))...(((.((((....))))..))).)))).)))))...)))))))))..........))))).))).)))))))..)))..((..(((((..(((((......))))).............)))))..))((((((((((..((((((((((....)))))..).))))..))))))))))..............(((((((((((((....((((((((((((.((((.(...((.(((((((...((((((((((((((((((((.....((((((..(((((....).))))....(((.((......)).))))))))).(((((((..(((((........))))))))))))...(((((((.....(((((((((.((((......(((.....)))((((((((((....((((((((.....(((((.........))))))))).)))).......)))).).)))))......(((((((...(((((..(((((((((........((((.((((((.((((((((((((......)))))...)))..)).....((((((((((((..(((.((((...(((.((((.........((((........)))))))).)))...))))..)))..))...))))))))))(((((.((((((...(((((....)))))....(((((((....)).)))))))))))...))))).....(((((.(.(((((..(((.(((.((...)).)))..)))...))))).).))))).)).))))))))))...)))))))))...)))))...))))((((((((...........((((((....(.(((((((((..............))))))))).)..))))))...........((((.((((......)))).))))))))))))....(((........)))...)))..(((....)))...)))))))))))))......))))))).))))))))))))....(((((((......)))))))....((.(((((((.....)))).))).))......))))))))))))))).))...).))))..............(((((((........))))))).....(((((((((.....(((((....)))))))).)))))).....)))))))))))).(((((...((((((..(((....((((((((........)))))))).........))))))))).)))))))))))))))))).. (-398.90)
Adalimumab_HC_topk_219	1416	0.4639830508474576	-404.2	-0.28545197740112993	..(((.(((((......(((((((((((((((((((.(((((((.((((((((((((.((.((((..((((.....)))).)))).))(((((((.(......).)))).))))))))))))((((.((.((((((...((((((((((((.((....)))))......)))))))))))))...(((((..(((.(((..(((((.((((........)))))))))..)))..........)))..)))))....)).)))))).........))).))))))).)))(((((((.(((......))))))))))((((.((((((((((.((((.((....((((.((((((.(((((((..((((.......((((....))))......))))..)))).))).))).))).))))(((((...........))))))).))))...))))).))))).))))....((((((...(((((((.((((..((((....)))).))))...(((......)))....((((((((..((.(((((((.....(.(((((.......))))).)......)))))))((((((.(......((((....(((((((((.(((((((((((.(((((((.((.......)).)))))..........((((((...))))))....((((............(((.(((......)))..))).......((((......))))((((.(.(((((((((((....(((((.....)))))))))..(((((..(((((...............))))).)))))..((((.((.((.....)))).))))..(((((.(((((((.(((((..........((((((.((..((((...(((((((((((((.........)))))).)))))))))))..)).)))))).)))))...)))))))))))).))))))).)..))))....(((((((.....)))))))............(((((...((.(((.(((..........))).))))))))))..((((((......)))))).))))..))))))))....)))))..)))).))))).....))))((((....))))...........((((((((((.......)))))))))).(((((....))))).(((....))).).)))))).))..))))))))...........................)))))))...))))))..))))))))..(((((((((..((((.((((...........))))..))))..))))))))).(((.((((.((((......)))).))))...)))...........))).))))).......))))).)))........ (-404.20)
Adalimumab_HC_topk_204	1416	0.4639830508474576	-406.4	-0.28700564971751413	..(((...((((.................(((((((.(((((((((((((((((((.(((((.(((......))))))))...(((((((((((((......(((((((((((((((((((.....((((.(((((.((((......))))......))))).))))....(((((((((((..(((((((((......(((((....)))))...((...((((((((((..(((((.....(((((..((......))))))).............)))))..))).)))))))...))........(((((((((((((((((..((((((((((.((.....)).))).....)))))))......(((((((.....((.((((..((((((((.((((.....(((..((.(((.(((.((......)).)))))).))))).....)).)).).))))))))))).))......))))))).......))))))))).(((((....)))))...((((..(((.(((...))).)))..))))..((((((......)))))))))))))).)))))))))..))))......((((.(((.((((((.....((((.(.(((((....((((..(((((((((.(((((.((((....(((((((...((((((((...................))))))))..((((..(.((....((.((((((......)))))))))))..))))((((((((....)))......))))).)))))))....))))))))).....((((..((((.(.(((.((((((((.(..(((((((.(.......).)).)))))..))))))))).))))))))..))))...........(((.((((..((((((.(.......).)))))).))))..)))..)))))))))......(((.(((((...))))).)))((((((.(((((.(((......))).)))))))))))..................(((((.(((...((.(((...))).))..)))...)))))........))))...))))).).))))........)))))).)))))))(((......)))......(((((........))))))))))))((((((((...(((((....))))))))))))).)))))))))(((...(((...)))...))).......................))))).))))).......)))))).)))))))....)))))......(((((....)))))))))))))))))))))))))).......(((......)))((((((.(((....................)))))))))...)))))))....... (-406.40)
Adalimumab_HC_topk_186	1416	0.4653954802259887	-411.7	-0.29074858757062144	...(((..((((((..................(((((((........(((......))).)))))))....(((.((....(((((.((((((((((....(((.(((.(((.((..........(((((..(((((.(((......))))))).)..)))))......)).)))))).)))(((.......)))((((((.(((((((((....(((((((..((..((....(((((((.(((((...))).))..)))))))............(((((..(((((((....((.(((.((.((((.(((..(((..(((.((((.(((((.(((((((((....))))).......))))...))))).)))))))......))))))))))))))).))...)))))))...)))))...........))..))..)).)).)))....))))))))).)))))))))))))))).)))))...))))).(((((((((.(((((....)))))....)))))))))((((((.....)))))).....((((((((((.(....)))))))((((((((...((.((((..(((((((...((..((((((((......(.(.((((((((....)).)))))).).)((.(((...(((.((.((((((((((........((((((.((((......)))).....))))))(((.....(((....)))....)))..))))(((((((..((.(((...))).))....)))))))....((.(((((((((..(((((((.(((..(((((.(.(((((((((((...(...(((.((..(((....))).)).))).).)))))))))))))))))..)))..........)))...))))..((..(((...((((...))))....)))..)))))))))))))(((((....))))))))))))))))...))).)))))))))).))...)))))))...)))).)).))))))))...(((((((((((....((((((((((((((.((.(((.((.((.(((((((..(((((..((((((.((((((...)))).)))))...)))))))).......((((.(((((..((...((((((((...........))))))))..)))))))..))))...))))))))).)).))).))........((....)).........................(((((.((......))))))).((.(((((((((...((........))...))))))..))).))..)).))))))))))))....(((........))).)))))))))))..........((((....))))...))))))))))..)))... (-411.70)
Adalimumab_HC_topk_32	1416	0.4653954802259887	-398.2	-0.2812146892655367	.(((......)))........................(((..((.((((((((...........))))))))..))..)))((((((((.(((........)))((.((((((.(((((.(......)))))))))))).)).......((((((((((((..(((.((..(((.(((.((((...((((((((((((((((((((..........))))...)))))))((((.(((((..((((((...(((..((((((.((((((..((((((.......)))))).........................((((((....))).)))...(((((((...)))))))..........((((((((.(((((.......((((((((.(((....)))..(((((((((((.((((.....)))))).(((.((((((((((.((((((((.((((((....))))..........)).))))))))(((((.(((..(((((((((.((((.....)))))))).(((.(((((((.((....((((((.((((((.........)))))).(((((........)))))........(((((((...))))))))))))))))))))))))).....((((...))))((((((((((......))))................((((((.......))))))........((((.((......((((((........)))).))))))))..)))))))))))))).))))).)))))))))).)))..(((((((.(((....(((((..((((.((....)))))).((((....))))........((((((....))))))(((....)))..((((((.(((((((.........)).)))))(((((...((((...........))))..))))).......((((((((.........((((((....))))))......)))))))).)))))).)))))...)))))))))).))))))))).(((((.((((.....))))...))))))))))))).......))))).(((...((((..((...))..))))..((((....))))))).......)))))))).......(((...(((((.......))))).))))))))).)))))))))..))))....))..))))))))).........(((...))).................((((...((((((.........)))))).))))..)))))))))...))))((((.((((....))))))))((.((((((..........)))))).))))).)))..)).)))..))))))))))))....((((....))))......)))))))).... (-398.20)
Adalimumab_HC_topk_107	1416	0.4661016949152542	-408.9	-0.28877118644067795	...(((.((((......))))..............((((((............((((.((.(((((((..(.((((.((((...((((.((((...(...((((((((.((((....(((((.(((.((((((((((((.(((..................))).))))))(((((...((..((((((((.(((((((......)))).))).))))))))..)).)))))...(((.......)))))))))))).)))))............((((((.............))))))..(((((((...(((((..(((((((((..((((..(((((.....)))))(((......)))....))))..)))).)).)))..))))).)))))))(((((((((........)))..))))))..........))))))))).)))...).)))).)))))))).)))).)..))))))).)))))).........)))))).((((..(((.....)))..))))(((((...(((.....)))....)))))((((....))))((((((((((((((((((((............((((.((((((((((((((((((.(((((((...........((((((((((((...(((((......)))))..((((((((...................))))))))...((((...))))..((.(((((......)))))))..(((.((...((...(((....))).))..)).))).((((.(((((...((((((((((.....(((((...))))).((((((((.((.(((.((((..(((((.((.......))))))).)))).)))..)).))))))))...(((((......)))))))))).)))))...........)))))))))))))))))))))..((((........))))...(((((..((((....)))).))))).....)))).)))..)))))))))))))))(((((...(((...)))...)))))(((...((..((((......))))..))..)))...((.((........)).))...((((((.....)).))))))).)))).((((...(((........)))....))))...(((((((((((((.....(((((((.((....(((.((......)).)))..(((....)))...........(((((((........)))))))...)).)))))))......)))))))))..))))...((((((........))))))..)).)))))))))))......(((.(((.((((.....)))).))).)))..........................))))))))))... (-408.90)
Adalimumab_HC_topk_275	1416	0.4675141242937853	-414.2	-0.2925141242937853	..((((((((((((((((((((((((.((.((((((.(((.((..((..((((((((...))))))))..))...)).)))..(((((((((((((((...)))))(((((.((....((((.((.((.(((((((..((((((....((((.((((...((((((.((((.....)))))))..)))....))))))))(.(((((.(((..(((((..(((((.(((((((...)))))))((((....(((.((((....))))))).((((((.......)))))).........((((((((.((((..((.....(.((((((.(((((((.((...((((..(((((..((((((..((((......(((......)))))))....))))))..)))))..)))).............((((.......)))).)).))))))))))))).)..............))..)))).))))))))..)))).(((((((....)))))))((((((..((((((.....((((((((.((.((((.....((((....((((...))))))))....)))).))..))))...))))))))))....))))))...))))))))))..)))))))).)((((((.((((((..(((((......)))))...(((.((((((.((..(((........(((((((......))))).))..)))))))))))..))).......(((.......((((.((((((.(((((((((((((((.....)))))))............((((...(((..(((...(((((((((.(((..(.............)..))).)))).).))))...)))..)))...)))).........))))).)))..)))))).).))).......)))........))))))...((((((..(((((((........)))))))...))))))..(((((((.....)))))))(((....))).............(((..((((......))))..)))(((......))).)))))).......))))))..))).)))))).)).))))...))))))).....)))))))))))))))).))..))).)))))).))))))))))))...))).....((((((....)))))).((((.(((..(((((((((........((((...))))...............)))))))))((.(((((.....((((..(((......((.............)).....)))..))))......))))).))..((((..((((.((((......)))).))))....))))....((((...............))))))).))))....... (-414.20)
Adalimumab_HC_topk_5	1416	0.4689265536723164	-409.4	-0.28912429378531074	..((((..(((((((........................(((.....))).(((.((((....))))..)))..(((((...((((.(.((((....)))).)))))....)))))..)))))))...))))(.((((((((((..((..(((((((..(((.(((((((((.(((((((((((..((...(((..(((((.(((((........)))))(((((..(((.((((.....))))))))))))..(((((....)))))....(((((((((.(((((((.......((((.(((...(((((((..((..........((((.(((...(((((....)))))...))).))))..........)).)))))))...)))...))))(((((.........(((((((...((((((..........((.(((...((.....))...))).)).....(((.(.((((....(((((.....)))))....))))).))).(((((....))))))))))))))))))((((.((((.....)))))))))))))...))))))).......)))))))))........((((.((((((((.((((.((((..((.((((...((((((..(......)..))).))).....((((((.....)))))).................)))).))..)))))))).)).))))))...))))..((((((.......)))))))))))..)))....)).))))))...))))))))(((((((.........((((((.((.((.((..(..((((........)))).((((((.......))).)))(((((((((.(.((((((((.(..((((...(((...))).))))..).)).))))))...).)))))))))....)..)).)).)).))))))((((((((.((((((....)))))).))))...))))))))).))((((((....((((((....(((((....(((....)))((.((.(((((.....))))))).))(((.((((((......)))))))))....(((....)))...(((((...))))).....)))))....))))))))))))..((((((........))))))..(((((((((((((((((......)))..(((....)))..(((((((((((......((...(((((((((......(((((((........)))))))..))))..)))))...)))))))..)))))).........)))))))).)))))).((((((((((((....))))))))..))))))))))...))).......)))))))..))...)))))))))).).((((((...)))))) (-409.40)
Adalimumab_HC_topk_124	1416	0.4689265536723164	-403.3	-0.28481638418079097	.(((((....(((..(((((((....((((((..((.(((((((((...(.((....)).).))))).......))))))))))))(((((((..((((((((...((((....))))......))))))))(((((((...((((....).)))...)))).))).(((.......)))))))))))))))))..)))..((((((((((......)).)))))))))))))..(((((..((((((((((.(((..(((..(.....(((((.((((.......................)))).)))))....)..)))..(((((((.....(((((..(((((((((...((((.....))))...(((...((((((((((((((.....))))))))......)))))).)))......(((((.....(((((((...)))))))...)))))(((((((.(((.((.(((((((((.(((...)))..))))))))))))))))))))).......((((((((((..((((((....((((...((((((((.(....))))).)))).....))))))))))....))).)))))))..............)).))))))).)))))............)))))))..))).))...))))))))..))))).....(((.(((......))).)))................((.(((((((((.((..((((((.((((((...((((((...((((((......))))))........((((.(((((((......))))...))))))).......(((((.((((.((((...((.((((((((.(....).)))))))).)).)))))))))))))...........))))))..)))))))).).)))...)).))).)))))).))(((.((..(((((...((((..((..((...((((((((...((((...((((.((......))))))...))))(((((((..(((....)))..............(((.....)))((((...((((......))))..))))....(((.((......(((((...))))).....)).))))))))))((((((..((((.......)))).)))))).....((((((((..((((......(((((..((((....))))..))))).......(((.....)))...................)))).(((((((((....(((((((((((((...........))))))).)))))).....)))))))))..))))))))..(((((((..(((........))).)))))))........))))))))..))..))..)))).)))))..))))).... (-403.30)
Adalimumab_HC_topk_191	1416	0.4696327683615819	-425.8	-0.30070621468926556	.(((((((((((((......)))))))))).........((((.(((((((.........))))))).))))((((((...(((((((.(.((((((((((....(((.(((((...))).))))).(((((.....((((..................))))))))))))))))))).).)))))))....)).))))...(((((((((......)).)))))))(((((((.(((.....(((((((((...(((.((((((.(.((.(((((((.......(((((.((......)).))))).((((....)))).)))).)))))).)))))).)))))))))).))))).))))))).(((((((((...((((((.((((((....(((((((((((((.((((((((.(((((...((((((((((...(((..(((((((......((((...(((((.......((((((((((((((((.((((((...))))))((((..(((((((........(((((((.((((((..(((((....)))))..))))...))))).))))(((((..(((.(((((........)))))))).))))))))))))))))..........)))))).((((..((((.((...))))))))))........((((...)))).((((((......))))))(((((.(...((((.......((((((...)))))))))).).))))).....((((.(.((....)).)..))))(((.(.((.((((.((((((..(......)..)))))).)))).)).)...)))......))))))).)))..(.(((.((((.(((....))))))).))).))))))))))....)))))))..))).....))))))))))......((((.((((((.((..(((...((((((((.((.((((((...)))))).))..)))))).))......)))..)).))))))...))))...))).))..)))...(((((((......(((...(((..((...((((((......))))))..))..)))...)))...)))))))))))).)))).).)))))))))))))).))))))..((((..........)))).......(((((.((((.....((((((.((((((....)))..))).))))))...)))))))))..((.((((((...................)))))))).((((..(((.(((..........)))))).))))...))))))))).(((...)))..((((((((....))))))))....((((((((........)))))))).................((((.....)))))))...... (-425.80)
Adalimumab_HC_topk_281	1416	0.4703389830508475	-410.7	-0.2900423728813559	...((((.(((.....................((((((.(((.....))).))))))(((((((.......((((.....))))(((.(((......))).))))))))))(((((..(((((((...(((((((((((((((...(((((((((....((((......(((.((((((.(((...(((........(((((.(((.((((.(((((((......)))))))...))))....))).)))))(((....)))(((((......(((((......))))))))))..(((((........)))))(((((..(((((.((((((((((((((((((......((((....))))..(((((((.(((.(((((...)))))...))))))))))))))))).)...)))))))))).)).)))...)))))))).))).)))))))))))))....))))))))).........(((((.....)))))(((((((((((......(((.(((...(((((...((.((((((.....(((((....(.((((((.....)))))).)....)))))..))))).)..))....)))))...))).)))((((((.((((((..........))))))...)))))).((((...(((((..((((((.(((......(((((((....(((((((.........((((.((.((....((.(((((......)))))))..)))).))))..((((.((((.(.((((((((((((..................)))))))))...)))((((((((.(((((..((((((((.....)))..)))).)..))))).))))))))...).)))).)))).............(((((.(((((.(((.((((((((.....(((((.........(((....))).....(((....)))........((((((((..((((((((...((((((....(((..(((......))).)))....)))))))))))))).....((((((...(((......((((......))))...))).)))))).......))).))))).))))).......)))))))).)))))))).)))))........((((((.....))))))))))))).)))))))..........))).))))))....))))).))))...)))))).)))))........(((.(((........))).))))))))))))(((.......)))..........)))).))...)))))))..))).))..(((((((..((((((((.(.....).))).)))))..))))))).................................))).))))... (-410.70)
Adalimumab_HC_topk_47	1416	0.471045197740113	-418.0	-0.2951977401129944	.((((((......(((((.((((......((((.............))))(((....)))((((.....))))((((((....))))))(((((..(((((.((((((.(((.((((((((((...((.((((((..((((((.....((((((......(((((....(((.(((....(((((((((((((((.(((((.(((((((((((...(((((((.....(((((.((((.......))))...((((((((..((((((((....(((((((.............)))))))....(((((((...(((((.((.((.((((((...((.(((.((......((........)).....)).))).))...))))))......(((((.(((.(((((....))).)).))).)))))...)).)).))))).)))))))...(((((((.(((((((((....(((((.(.(((.((....))))).).)))))))))))))).((((......))))....((((..(((.....))).)))).((((.(((((((.((((((..........)))))))))....)))))))).(((((((((((.(...(((((((.(((....((((((((....)))))))).....)))..))).))))...).)))).)))))))...........)))))))......)))))))).....)))).))))............))))))))))))..)))).((((....)))))))))))))))).)))))...)))).....(((((..((((.(((.((((..(((((((....)))))))..)))).))).((((.((....))..))))..))))..)))))....(((.((((...(((..((((((((.((((.....(((..((((..(((((.(((.((((........)))).)))...)))))))))..)))..))))...)))))))).)))...)))).)))..))))))......(((.((((........)))).)))))).))))))))......))...))))))))))..)).))))))...)))))))))).............))).))).))).))))).))))))))).)))))...((((((.((((.(((..(((((......))).....((.(((((..((((((...(((..((((...)))))))............))))))...))))).))(((((....)))))..............))..)))))))))))))..(((((((..(((....((((..((.....))..))))....)))))))))).)))).)).................((((((..........)))))).. (-418.00)
Adalimumab_HC_topk_120	1416	0.471045197740113	-413.4	-0.29194915254237286	.((((.(((.((..((((....(((((((...((((((((..((((...(((((.(((.((...........)).)))))))).))))(.((((((((((...(((((((.(((...))).))))))).)).(((((((....(((..((((((((.(((((.((((((((((..(((.((((((((((((.((((((((((((((...((((((........))))))))).)))((.((((.((((((.((((((((.....))).))))))))))).))))))....((((((.((((....))))..))))))(((((((((((......)))).......(((((((((((.((......((((((..(..((((....))))......)..))))))..)).)))).)))))))((((((((((((........(((((..(((....((((((((......)))))))))))..)))))...(((.((....)).)))(((((....)))))....((((((.(((((...))).)).))))))...)))))))).)))).)))))))..(((((.....)).)))..))))))))((((((((....(((((((....................))))))).(((((....)))))......((((((.((((............)))).))))))(((.(((....((((((((.....(((....)))....)))).))))))).)))......)).)))))).)))))))).))))(((((((((((..(((........))).)))).....)))))))....)))..))))....)))).))))))).)))))))).)))((((((..(.((((((((......))))...)).)).)..))))))))))))).............)))))))).)))))))))((((((....((((((...)))))).....)))))).((((.((.....)).))))(((....))).)))))))...((((((((((((......(((...)))..........((((......))))..(((((((((((.(((..((.((((.((((((....)).))))...((((....)))).)))).)).........))))))))))...))))((((((((((....(((((((.((((..((((.(((((((...(((...((....)))))..............)))))))..))))..))...)).))))))).....))))))))))....(((...(((.((....)))))..))).((((.((((((((....)))))))).)..)))..))))))))))))............))))..)))))))))............... (-413.40)
Adalimumab_HC_topk_201	1416	0.4724576271186441	-418.3	-0.295409604519774	.((((..((((..........(((((((...((((((((....................((((((((((((((((((((..((.(((.(((((........)))...)).))).)).))))))).)))...)))))).)))).......(((((..((...))..)))))(((((.....))))).))))))))...)))))))))))..))))((((((((..(((((((.((((((...(((((((((((((((.((((((((((((........)))).))))))................(((((.........)))))(((((......)))))......((((((((((....))))..((((((....(((((.(((.....(((((((((........)))))))))......((((((..(((.((..(((((((((((.....(((((((.(....((((...))))..).)))))))...(((((..(((((..(((((....))))).....)))))...))))).(((....)))((((((((.((.......)).))))))))..((((...(((.((((((((((((.((((((..................(((((((.(((..(((.........(((.....)))........)))..))).)))))))..(((((........)))))(((..((((((((((((......))).)))).........(((((.....))))).((((((((.(.....).))))).)))......)))))..))).(((.........)))..)))))).)))).)))))))).))))))).(((.....)))..)))))).))))).)).)))..))))))...........((((..((((((.........))))))...))))))).)))))...)))))).)))))).....))..))))))).....))))))))...))))))....(((((.((((((.....((((((((((....))).((((((((....(((((.((((........((.....))...(((((...))))))))).))))).))))))))..(((((((((((((.(.(((..(((((.(((...((((........))))....)))))))).))).).))))))((((((.((((...)))).))))))...((((((((..((((((.(........................).)))))))))))))).)))))))......)))))))....))))))((((((((....)))))))).((((((((((....)))))))))).(((((((((........)))))...)))).............)))))))))))).)))))))). (-418.30)
Adalimumab_HC_topk_257	1416	0.4752824858757062	-418.9	-0.29583333333333334	.((((.(((((.(((.............(((.....)))(((((((....(((((.(((((((.((......)))))))))))))).((((((..(((.(((((.((((.(.(((.......))).).))))..((((((.....(((..((((..(((.(........).))))))))))..))))))....)))))..)))((.(((.(((((((..(((........)))...)))))..)).))).))(((((.......)))))........(((....))).....(((((((........))).)))).))))))((((((((((...(((((((.((((..(((((..((((((......(((................)))....))))))..)))))..)))))))))))))))))))))........(((((((((((((((((((.(((...((((..(((...(((((((((.((((.((((..(((((((((.((((.(((((....))))).)))).)))).(((((...(((((.((((((((......)))))))).))))).......(((((((........)))))))))))).((((((((((((...)))))).(((((.............)))))..................((((...)))).(((((........)))))........))))))..)))))....))))...............(((((((.......(((....)))....)))))))..))))((((((..(((..((.(((....(((.((((((.((((..(((...((...))))).))))..)))))).)))))).))..)))...)))))))))))))))...)))..(((((((.(((((...))))).)))).))).)))).......)))))))))))).((((((.............((((((((...((((((...((..(((.(((....))).....((((.............((((.((((......)))).))))(((.(((..((((.....((((.((((.(((...((.....))(((.((((.....))))...)))..((((....))))((((....((((...(((((((((.......)))..))))))...))))......)))).......))).))))))))...))))..)))))))))).)))..))..))))))..))))))))))))))....))))))))))(((((..........)))))...(((((((....)).)))))....((((((((....))))))))...(((((((((........))))))))).......))))))).))).))))).))))......... (-418.90)
Adalimumab_HC_topk_173	1416	0.4781073446327684	-418.9	-0.29583333333333334	................((((((((...(((.................((((((((.((((((((.........)))))))).)))).))))((((.(((.((((((((((..(((...(((((((((((((((...)))....)))))..))))))))))...))).)))))))))).))))...((((((((((..(((((((((((((...(((((.(((......((((.....))))((((((.....((((((((....((((.((((((....))).))).))))....))))))))........((((((((((((((((((.((.((((.((((......))))...((((.....))))((((....((((....)))).....))))((((((.....)))))).)))).)).))))).........((.((((((.(......))))))).))..(((((((((.....((((((...))))))))))..)))))....))))))).))))))(((((((((((((((((.((...((((.....((((((........)).)))).....)))).)))))))..)))).)))))))))))))).(((((.((..((((((....(((((.(((.....))).)))))....))).)))..)))))))((((((.......(((((.........))))).....))))))((((.....(.(((....(((((....))))))))).....)))).)))..)))))..))))))))))...))).))))))))))...)))...))))).))).........(((((((((..(((((((((.(.((.((((((.((((.(((((((...(((..((((((((.(((((.(((((.....(((((.(((.(((((..........((((...((((.(((((((.........)))).)))...)))).))))((((....)))).((((.......(((((((..(((..............)))..)))))))....))))..))))).))))))))..(((((..((((.....((...((((..((...))..))))...))))))..)))))(((......)))...............))))).))))).)))))).))......((((......))))((((....)))))))..))))))).)...(((....))).........(((((((.((....((((((..(((...)))))))))...)).)))))))......((((.(((.((........))))).))))((((...(((((................)))))...)))).....)))))))))..)).).))))).))))...)))))))))... (-418.90)
Adalimumab_HC_topk_76	1416	0.480225988700565	-415.8	-0.2936440677966102	..((.((((.......)))))).....(((((((((((((((((((((.....))))..)))))).((.(((..((((...((((((((((((((.((((..((((((((....))).(((((((((((.(((......(((.................))).....))).)))))).))))))))))....)))).))...((....))))))))))))))))))))).))..(((((((....(((..(((((((((((((((((.....(((((((((((.(((.....((((((.((..((.((...........)))).)).))))))...))).))).))..)).)))))))))))))....))))))))..)))(((((........((((((..((..(((((((...(((((.....))))).)))))))..))((((((......))))))(((((((((((((.....)).)))(((((((.((....)).))))))).))))))))....((((.((((((((((.....(((((((((.....((((((........)).)))).....)).)))))))((.(((....((((((((((.......((((((.(((.(((((((((.....(((((...(((((((((.((...((((.....))))...))....((((((((.(((..((((.(((((..((((...))))......((.((((...........))))))..)))))....))))..).)).))))))))....))))..................)))))))))).....)))....)))))).........(((((((.((.((((((((((((.(((...........................))).)))))))))))))).))))).))...))))))))))))))))))).(((((((((((((((........)))))))..........))))))))))).)).))))))))))..))))..........(.(((.(((((......))))).))))))))))........))))).........(((..(((.....)))...)))....)))))))((((((((........)))).))))(((((..........))))).......((((......)))).....(((((..(((.((.((......)).)))))..)))))......)))))......((((..((((.....)))))))).....(((((.(((.(((...........))).)))))))))))))).((((((((((...((((((.((((((((.(((..((..(((((.((...)))))))...))..))))).))))))...)))))))))))))))).... (-415.80)
Adalimumab_HC_topk_27	1416	0.480225988700565	-433.4	-0.3060734463276836	..(((((((....(((((.....((((((........(((((((.((((((..(((((((((((.((((((((....((((.((((..(((......)))..))))((((.......)))).))))...)))))))))))).................((((((((.(((.......))))))..)))))..((((((((((...(((((((((.(((((((..(((..((((((((...)))).......)))))))..)))).......((((((.......)))))).........))).))))))))).)))))....)))))(((((...((((((..((((......(((...)))......)))))))))))))))))))))).))))))))))))).(((((((.(((...))).))))))).......((((....(((((........)))))..))))...............(((((...(((((((((.((((((..(((((........(((((((((((....)))))))..))))..(((((((((........((((.((....)).))))((((.((((......(((((((...))))))))))).))))((((.(((((((((((((((.....)))))..................((((.(((...................))).))))....))))))))))..((((((...))))))(((....))).)))))))))))))((.((.....)).)).....(((((..(((((.(((((.............((((.(.((((((((.((((.(((...(((.((.....)).)))..)))..)))).)))))))))))))))))).)))))...)))))....))))))))))).))))))....)))...((...((..((((((.(((((..((.((((........)))).))...)))))))))))..))...)).((((((......(((...(((........(((.(((((((......)).)))))))))))..)))......))))))....((((...)))).)))))))))))..))))).....)))))))....((((((((.(((..(......(((.((((...........)))).))).(((((((((((.((((.((((....))))..((((...((...((((...)))).))....)))).........((((((((((.((.((((..((((..((.......))..)))).)))).)))))........)))))))..((((((...((((....)))))))))))))).))))))))))).............(((((......))))))..))))))))))).. (-433.40)
Adalimumab_HC_topk_151	1416	0.481638418079096	-422.9	-0.29865819209039546	..((((.((((.((....................)).))))..))))(((((...((((.((.(((((((.....((((((..((((((((((......((((.((...(((((...))))))))))).)))))))))).))))))...(((((.(((((((.(((....(((((.....)))))((((....)))).....(((((((((((....)))))).((((((..((.(((......))))).)))))).(((((((...(((....(((((.((........(((((((((........)).)))...))))..(((.((((((.......(((((...((((((.((((((...)))))).)))))).((((((((((((((...((((.(((((((.((((((..((.(((...(((....)))))).))...)))))).))))..))).))))........))))))...))))))))(((((((((((......(((((((...(.(((.((((.((((((......)).)))).))))))))((((((((.((..((((.(((.(((.((((.(((((.........))))).))))..))).)))...)))).)))))....)))))..(((((((((.((((.....(((((((....)).)))))........(((.((......)).)))........((((...))))..(((.((((.((.((((((((((..((...((((((((((((.......(((((((((..(((((((((((((((((......))))...)))).)))))))))..........)))))))))......))))))...(((((.(((.....))).)))))..((((......)))))))))).))..)))).)).))).).)).))))..)))...)))).)))))))))...(((((((........)))))))...(((((.....))))).))))))).((((((((.......(((((...((.(((((((..........))))))))))))))((((..(....)..))))............)))))).)))))))))).))).))))))))))))))...((((..(((.((......)).))).)))).......)).))))).....))).)))))))..(((...((((((((.((.((((((((..(((....)))................))))))))......)).))))))))...)))..........))))).........((((.(((....((((((.((((..((((....)))).))))))))))))).))))..))).))))))).)))))......)))...)))).)))))).....))))). (-422.90)
Adalimumab_HC_topk_56	1416	0.4823446327683616	-426.1	-0.30091807909604523	..((((((......))))))......(((..(((((.((..(((((....((((.((...)).)))).))))).)).)))))..)))(((((((.(((((((((((((((((.(((((((.......)))))))....(((....((((.((.((((((((...))))..((((((.((((((((......))))))))..))))))((((((....(((((((.((..((((((.....)))))))))))))))....))))))....)))))).)))).....)))..(((((((((((((((.(((((.....))))).))).))))))).....(((((((.((((((((...((..(......((.(((.(((((((((..........(((((...((.((..((((..((((((((((((.((......(((((...(((..((....))..)))..)))))........))..))))))))))))((......))((((((.(((.((((((..((((((((...((((.((((((((.((((...(((((((.........))))))).....)))).))..))))))...))))..((((((((((.((((((......)))))))))).))))))....)))))))).(((((......)))))...(((.................)))...(((((((......))).))))..))))))..))).))))))..........)))).)))).)))))((..(((.((((((((.............)))))))).)))..)).(((....)))))))))..))).))).)).....)..)).)))))))).)))))))....(((.((((((..(((((((....((((((.((.(.(((((((((.(((((((((..(((....((((.....((((.(.((..((((......))))..)).).)))).....))))...)))..)))))).((((((((((...((((.((......((((...(((((.................))))))))).......)).))))....((...(((....))).)))))))...)))))......)))))))))))).).)).)))))).....))))(((((.....)))))(((((....))))).))))))))).)))...(((((((((((.((((((((((..((((.(((....................))).)))))))))))))).))(((.((.......)).))).....)))))))))......((((..((....)).))))...))))).)))))))))....((.....))(((((.............)))))....)))))))).)))))))...... (-426.10)
Adalimumab_HC_topk_163	1416	0.4830508474576271	-421.8	-0.2978813559322034	..............(((((((.......(((.....)))...........(((((((...)))))))......(((((((((((((..((((...((((((....((((.(.....).))))....)))))).)))).....))))))))))))).(((.(((....))).)))))))))).((((((..((((....(((((((((((((........)))).....((((.....)))).(((((...)))))..((((((..(((.......(((((...(((((.(((......)))....((((.........))))(((((.(((.(((.(((..((((....))))...)))...)))))).))))))))))....((((((((.(((((((.(.(((((....))).)).).)))))))..)))..)))))((((((..((((((((....(((((.(((((((((.....)).)))))))((((((((((((((((((.((((..((((((.......((((.(((((((.(.(.(((((((.(((((((...........((((........)))).))))))).((((((((...))))))))......))))))))).)))))))...(((((((..(.....)..))).))))(((((.....)))))...........))))........(((((((......))).))))..))))))))))....))))....((((..(((((((..((((((...........))))))....(((((((((..(((((.((..(((..(((((..((((.(((((.....((((((((((....))))...)).))))......))))).)))))))))..)))..))........((((.(((((...))))).)))).....(((((.....(((.((.(..(((((.((((.((((........)))).))..)))))))..).))))).........)))))....))))))))))))))...)))))))..))))............(((((.((((.................)).)).)))))..))))))).......(((.(((.((((((......))))))))).)))..........(((((((...)))))))...((((..(((......)))....)))))))))))))))))))))))).))))))..))))).........)))..)))))))))))..))))...((((.((((((((......(((((((((...)).))))))).))))))))))))..((((((..........)))))).((((...))))((((((((((................)))))))))).))))....))))))... (-421.80)
Adalimumab_HC_topk_155	1416	0.4865819209039548	-425.0	-0.3001412429378531	((((((....(((.(((((((.(((.(((...............((((((((.......))))))))......(((((((((((((((((((..(((((.......((((((.....((((.((((((((.......((((((.(((((((((......((....(.((((((.(.....).)))))))....)).........(((((((((((...)))).....)))))))....(((((....)))))))))))))).))))))......)))))))))))).......(((((((((.(((........)))..)).))))))).......(((((.....)))))((((((((((((..((((.........................))))..)))).))))))))..........)))))).........(((((.((.(......).)))))))..(((((((..(((((.....)))))((((((......)))))).......((((......))))(((.(((...))).))).)))))))((((((((((...(((.((((....))))....))).)))))))))).(((.(((((((........))))))).))).)))))..))))))))).)))))))...)))(((((.........)))))......................))).))).)))))))))).......((((((...))))))...........))))))..............((((((((.(((.(((((((.......((((((((....((....((((((.......((((((.(((...((((....)))).))).))).)))))))))......))....))))).))).......((((.(((.((.((.(((...(((((((((((.........)).(((((((((((..(((((((((((((...((((((((..((((((...(((((((((((((......))).)))(((.(((.....(((((...............)))))))))))(((..((((((......)))))).)))...(((....))).)))))))...(((......(((((((((((.(((.(((..................))).)).(((((.....)))))..(((....)))...(((....)))).))).))))))))......)))......)))))).......)))))))).....))))))))))...)))...)).)))))))))........(((((.........)))))...((.((((((((((....)))))))))))))))))))))..))))).)))))))))......))))))).)))...........)))))))). (-425.00)
Adalimumab_HC_greedy	1416	0.3771186440677966	-343.6	-0.24265536723163844	.....(((((..((........))..))))).............(((((((((...(((.((.(((......))))).)))...)))))))))((((((.((((((((((.(((...))))))))..((((.((......(((.......)))......))...)))).))))).)))))).....((((((((((((((((((((((((((((((((..((((((..((.((((.....))))))))))))...(((((((((.........(((((((((.......(((((((...............)))))))...(((((.(((((...................((.(((((((((((................(((((........))))).(((((((..........)))))))..........)))))))))))..))...)))))..)).)))...................(((((((.((.((((..(((.(((((....))))).....))).))))...............((((.....(((((((.......)))))))......)))).)).))))))).))).))))))........)))))))))....(((...(((((.............)))))...)))........))))))...((((...(((((........)))))))))(((((((..(((....(((((((((((.(..((((...((((((......((((((((...(((.....((((((.................))))))(((((((((.(((((.....(((((((.(((...))))))))))...))))).)))........(((.(((((((((((.(((((.((((...(((((((..(((............)))..))))))))))).))))).))))((((((..(((((((((....)))))))))...))))))......)))))))..)))..))))))..(((.((((((((((((...((((((((....(((...(((((...(((...((((......))))..)))...)))))...))).))))))))...))))))))))))..))).((.(((((((((((((.(((((..(((((.......)))))))))).))))....)))))))))..))....)))...)))))))).......))))))..))))..).))))))))))).)))..)))..))))(((((....)))))..............(((.((((((....).))))).)))(((((((((((((((....)))))))))..))))))))).)))))))..............)))))..)))))))))))((((((...)))))) (-343.60)
Adalimumab_HC_topk_253	1416	0.4576271186440678	-407.75	-0.2879590395480226	...((.(((((((......................................)))))))..))(((((((((.....((((((((((..((((((((((....((((...((......((((((((((..((((((((((((...(((..((..........((((((..((((((((...(((...(((((((....(((((((((((......))))))....(((((((((((.....))))))...((((((....))))))....((((......)))).)))))...)))))))))))))))..))))))))((((((((.(..((((..((((((.....)))))).....))))..)..))))))))))))))((((((((....((((((((.(((((((........))).)))).)))))))).))))))))))..)))...)))))))((((((.((((...........)))).))))..)).((........))..((((..(((......)))..))))((((((((....(((((((((((((((.(((((....(((((((.((.......)).)).)))))....(.(((.......))))............((((((((((((.((..(((...(((...)))(((((.((((((....(((.......)))...))))))...)))))......(((((((.......((((((((......)))).))))..)))))))....((((((((..(((((((((((......(((((((..((((......))))..))))))).((((.((((..((..(((((((.(.(.....).).))).))).)..))..)))).))))...((((((((.((((...(((((((...(((.........)))....))))))))))).)))))).))....((((((((((((........)))))))).)))).(((((.(((..(((.......)))..).)).)))))..........(((((((((......))))))))))))).))))))).((((....))))...((((..(((....)))....)))).))))))))........)))..)).))))))).).))))...............))))).)))))).......)))))))))..))))))))..)))))...)))))))))).....))..))))......))))............)))))).)))))))))).)))).)))))...............((((((...((((((.((((((((((.(.(((((...))))).).)))...((((((((........))))))))................)))))))))))))....)))))) (-407.75)
Adalimumab_HC_topk_194	1416	0.4639830508474576	-398.9	-0.28170903954802257	..((((((......))))))....(((((.......(((..(((((((((((((((..((((....)))).((((.....))))...)))))))))).)))))..))).((((.((((((((((((((((.(((((((((((((.....(((((..(((.(........).))))))))(((.(.(((.(((((((.((.((((((((....((((((..(((.(((.(((((.........)))((((((((((((((.(((((.((((.....(((((((...(((.((.((..((((((.((.((((((.........))).))).)).)))))).))......)).)))....)))))))......(((..(((((..(.(((..((....))..))).)....))))))))))))..))))))))))))).(((((.....(((..(((.(((((.................((((((.((((((....)))))).)))))))))))...)))..))))))))(((((......)))))...((((.....((((((((.....))))))))......))))(((((..(((.((((((...)))))).))).)))))...(((((((((......)))))..))))((((........))))............))))))..((((((....(((....)))......))))))...))))).))).)))))))))))))).)).)))..)))).))).).)))((((..((((((((((((....(.(((.............))))....)))).)))))).)).)))).)))).))))))))).)))))).((((((((((((((.(((((..((((((...(((((((((....)).)).)))))))))))............(((.......)))..))))).))))).......))))).))))(((((((...(((((((....(((((...(((......)))..)))))..)))))))...))..............((.(((.(.((((((((.(((((((((..........((...((((.(((((.(((...))))))))....))))))........(((((((..((((.......)))).)))))))...((((((((((...(((((((((.((.(((......))).)).)).)))))))..(((....))).......................((((((.(((..((((((((((..........))))))))))...............)))..)))))))))))))))).)))))))))...)))))...))).).))).))............))))).))))))))..)).)))).....))))). (-398.90)
Adalimumab_HC_topk_215	1416	0.4639830508474576	-417.4	-0.29477401129943503	..(((((((((......((((((....(((((((((((((((((.(((((((..((..(((....(((((.(((((((.(((...((((((......(((..(((((..((((..(((((.((((((..((((.((.(((.((((((((((..((((((((...)))).((((((....)).))))(((((((((((...((.((.((((((.((((..((..........))...))))...)))))))).))...)))))..))))))....((((((((.(((.((....................((((((((((((((.((((.((.((((....)))))).)))).))))))....))))))))...((.((((((((((((((....(((((((.((((.(((.(((((((.((....((.(((((((.(((((((((((.....((((.((((((...((((........(((((((((((....)).))).))))))....(((..((........))..)))))))....))))))))))))).))).))))).....((((((((...........(((((((.((((((..(.((((..((((((((.............))))))))..)))).)..))))))..))))).))))))))))...(((.(((.....................))).)))....)))))))))...)).))))))).)))....)))))))))))...)))).......)))))))))).)).......(((((((..((((......))))..))))))).)).))).))))))))(((.......)))....((((((....))))))(((....))))))))))))))))).))))).))))))).)))..(((........))).)))))..)))).....))).).)..)))......)))))).............))).))))))).))))).)))...))..))))))).))))))))).......((((((((........)))))))).((((....((((((......)))))).)))).))))))))....))))))(((((((((...((((((((......))))).)))............((((((.....)))))).........(((......))).(((.((.((......)))).))).........)).))))))).................((((((.((((.(((.(((((....))))).)))..))))(((....))).))))))....(((.((((...(((((((........(((.((((......)))).))))))))))..........)))).))).)))))))))((((......)))).. (-417.40)
Adalimumab_HC_topk_23	1416	0.4745762711864407	-406.8	-0.28728813559322036	..((((.(((((((......))))))).(((.....)))(((((.(((.(((((((...(((((((......))))(((((((((((((.((.((((.(((((((((.((((((..........)))))).(((.....))).....((((((((((((((...))))..))).))))))).((..(((.(((((.(((.(((((((..((((((...((((((.(((((((...(((((...(((..((((((...((((.(.((((.....(((.(((.(((.(.((.....)).).))).))).)))))))).))))....))))))((((((..((((((....))))))..))))))..........(((.((((((((....)))))))))))..((((.((((......)))).)))).((((.((.....((((((..((.....))..)))))).....))...))))(((..(((((((...)))))))..))))))...))))).)))))))))))))..(((.(...(((((.(((.....((((((((((((.....((((((((....(((...((......)).)))...))))))))......)))).)))((((((..(((....(((.((.....))))).....)))..)).))))..............)))))))))))))..).)))......((((...))))....))))))....)))))))..)))...))))).))).)).)))).)))))))))...))))))))).))))))..((((..........))))..........((((((.(((.((((.(((.(((((............)))))..)).).)))))))))))))........((((((((.(((((...))))).)))).)))))))..))).)))).)))..)))))..((((.((.(((....))).)).))))((((.((((.(((...))))))).))))(((((..((((((((.....(((((...(((...)))...)))))((((..((...((((((......))))))..))...)))).....(((((.((((((((((.....((((((....(((...((((((...(((........)))))))))..(((((((((...(((((....)))))))))))).))..)))....)))))).....((....))...............((.((((.....)))).))))).)))).)))..))))))))))...)))...)))))((((.((((((((((.(((.(((........))).))).)))))))..))).)))).))))..............................((((........)))).. (-406.80)
Adalimumab_HC_topk_106	1416	0.4745762711864407	-425.2	-0.3002824858757062	.(((((((((.........)))))(((((((((..(((((((.......((((((.....(((.(((((((..((((((((..(((((.((((...((((((((((((....))))).......)))))))....)))).)))))..))))))))...)))...)).)).)))...)))))).(((((......)))))...)))))))...)))))...))))(((((.((.....(((((.((((((...((.(((((((..(((.(((....))))))...)))).....)))))...)))))).......)))))...)).)))))......(((((.....))))))))).(((((((((((..((.((((((..((((((((....)))))))).((((...((((((..(((.......)))..))))))...)))).(((.((((((.((.(..(((((..((((..((....(((.(((((.((((..((((((.(((((((((...((((.(((((((.((((((((((((((....((((.....((((((((.....)))))))).....)))).))))))(((....))).(((((((..........(((.(..((((((.(((((((.....((((((((((..((((((((....))))..............((((((......))))))((((......)))).........((((.((((((.......))))))...))))..)))))))))))))).(((((((....((((......)))).)))))))....(((((...))))).((((((((.(...(((....((.((..((((((....)))))))).))....))).).))))))))........))))))).)))))).).)))))))))).....((((((((((((((...(((...............)))...)))..))))).)))))).(((........)))))))))))...))))))).))).)...)))))))))))))))..)))).))))).)))...........))..))))......)))))..)))....)))))))))........((((((((((((..(((.(.(((((((((..........))))))))).).))).))))((((((((...)))))).))...(((((((((((((((((((...((((...))))................))))))((((..............)))).))))))......)))))))((((.(.((((........)))).)))))..))))))))....)))))).))..)))..)))))))).................(((...(((.........)))...))).... (-425.20)
Adalimumab_HC_topk_141	1416	0.480225988700565	-431.8	-0.30494350282485877	..((((..(((((((((.(((((.((((((((.((..((((((.((..............))))))))..))...)))))))).)))))))).)))))).)))).....(((.((((.((((((..((((.((((((((......)))))).))....))))..))....)))))))).)))((((((((((((((((((((..((((......)))).....)))))((((((((.((((((((((...))))).(((.((((((((((.......(((....)))................(((((((((......((((((((.(((((...((((((..............(((((...)))))....)))))))))))...(((((.((((((..((((....(((.(((.(((((((((((.((((((((((((((((..(((..(((.(((.(((.....((((((((((.(.((((....)))))))).))))))))))..)))...)))..)))...))).)))).......)))))))))....))))))..)))))))).)))....).))))))))).)))))(((((.((...)).)))))....(((((.........)))))..((((((....)))))))))))))).....)))))))))))))))))...((((((((...((....)).....)))))))))).)))..(((....))).....((((((((((......(((((((....((...((((.((((........(((((((((..............)))))))))........)))).)))).))))).))))))))))))))))))).))))))))..((....(((((.(((..((((...(((((((.(((((...))))).)).......)))))))))..))).)))))....)).((((((.(((....))).)))))).((((((((((((((..((..........))..)))))))))).))))..(((((.(((((........(((((((...........((((......)))).........((.....))(((((((((...)))...........((((((.(((((.....(((((...(((.(((((.......)))))))).)))))(((((((((((((.((((((....))))).).))))......((((...))))..........))))))).))..(((......)))))))).))))))....)))))).............((((((((....))))))))..)))))))...(((((.((.((((......)))).))))))).......))))).))))).....))))))).......)))))))).. (-431.80)
Adalimumab_HC_topk_279	1416	0.4823446327683616	-430.4	-0.30395480225988697	..(((..((((...(((((....(((((.(((............(((((((((....)))).))))).((((((.(.(((((((((((((((((.(((.......(((((.((((((.(....(((((((.(((....(((((((((..((.......((((.(((((((((((.....)))))(((((((.(((((...((((..((.((((.(((.(((((.(((((.............))))).))))).))).)).)).))..))))..((((.((..(((((..(((((((((.........))))))))).......((((((((.((.(((((..........((..((((.....))))..))))))).((((...))))..(((((.(((....))).)))))....)).))))))))((((......))))..)))))...))...))))((((((.((......)).))).)))((((((.((....)).)))))).......)))))..))))))).........((((((((((((........((((((.((...((((........)))).))))))))))))).)))))))....((((((.((((((((((((((..(((((((...........)))))))..))).((((((...))))))......................((((.(((......)))..)))).(((((((.((((((.......))))))..(((((((((((((((((((((((.((.(((((((.(((................((((.(((.(((((.(...(((((((..((....)))))))))...).)).))).)))..)))).))).))))))))).)))...)))))...)))..)))))..)))))))..(((((..((((((..((.((((((((((((................)))))...)))))))..))..))...))))))))))))))))))))))).)))).))))))..)))))).))))(((......))).......(((.....))).....))..)))))))))....)))...)))))))...).))).....))))))))))).))))))(((((((((..((((...(((((((...))))))).)))).....)))))).))))))))))).))))))))))))))))))....(((....)))...........................(((((((((..(((.(((.......)))))))))))))))(((((((((.....))))))))).(((((((((.....))).)))))).....(((((........)))))...........)))))...))))..)))(((((...))))). (-430.40)
Adalimumab_HC_topk_207	1416	0.4682203389830508	-396.9	-0.28029661016949153	..((((((((......................))))))))(((((((((....(((.((((((((((((((((.(((.(((((..(((((((((((((((..((((((.(((((..((((..((..(.(((.....))).)...))..))))))))).......((.((((.....))))))))))))....))))))).....(..((((((....((((.....))))..........(((((.....)))))...))))))..)))))))))..(((....)))........))))).))).))...)))...))).))).))))).)))))))))))).........(((......)))..(((......((((((((((((((.....((((((..((((.((((((((...((.......))...)))))))).)))).((((((..(((((((((((.....((...((((((...))))))...)).(((((((((.((.((......))..)).))))..((((((((..(((((...((((((((.((((.(((.....))).))))...........((((((((.....((.(((((..((....))....))))).))....)))))))).((((((((.((((.....(((((((....)))).)))........(((((....((((...(((((((.....(((((((......))).)))).............((((((.((((((((((.......))))))))))((((((.(((((............))))))).))))......((((((..((((..(((.....))).)))).))))))((((.......))))))))))((((...(((...))).))))..)))))))..)))))))))...................))))))))))))(((((((...((((.......)).))...))))))))))))))))))))..))))))))..((........))...)))))..))))))))).(((((((((((.((..(((((........(((((((..((((..((((..((((.(((...))).)).))..)))))))).......(((((((((............((((((.....))))))(((.....)))...)))))))))........(((...(((((((((((....((((((...(((................)))...))).))).(((((....)))))...))))).))))))..))).....)))))))......)))))..))..))))))))))).........))..))))))...)))))).....)))..........))))))...)))))......))).... (-396.90)
Adalimumab_HC_topk_38	1416	0.4696327683615819	-394.7	-0.27874293785310733	.......................((((((((..............((((((((...((((((((.........))))))))...)))))))).(((((...)))))((((((((.(((((...))))).........(((((((.((((((((..((((.(((((((..((((((((((((((((((.....((((((((..((((((.((.....((..((((...(((.(((...(.(((((........(((((.((((....)))).))))))))))).))))))....))))..)).....))...))))))..))))))))..(((((((((.((((((((.((((((...(.(((((.....(((((.((((((.((((.(((((((.....((((((.(((((((((...........((.(((((((.....(((.((((...(((((((((..((.(((.....))).)).)))))))))..))))).(((((((((((...(((((......(((..(((((.....(((.(((..((((....((.(((...(((.(((((............((((((((((....)))))))))).............)).))).)))...))).))))))..))).)))(((......)))...........((((((((...................))))))))..((((.((.((..((((.(((.(......).))))))))).))))))....)))))..)))))))))))))))))))((((((....((((((((((...(.((((......)))).)......))))....))))))...))))))))))))))).)))))))).))).))))))......)))..)))).).))).))).))))))))((((.....))))...(((......))).)))))))))))).)))))).....)))))))))))...(((((((((((.....)))))))..)))).((.((((.(((((..(((..(((((((....)))))))...((((......((((......))))...))))..((.....)).........)))..))))).)))).))...(((((........))))).......)))))..)))))....(((((....))))))))))))).........))).)))).))))..)))))))))).)))))(((((((...................))))))).........))))))))......(((((((.......((((((........)))))).((((.(((((.....)))))))))..((.(((((........))))).)).))))))))))))))).....((((((....)))))).. (-394.70)
Adalimumab_LC_topk_73	705	0.451063829787234	-182.8	-0.259290780141844	..((...(((....)))...))........(((((((.((((.(((((((((.....(((((((...((((((((.(((...(((..((((.((.(((((((((....)))).))))).)).))))..)))..))))))))((((.....(((.....)))..))))))).)))))))....))).))))))...............(((...(((.(...((((((....(((((((((....))......((((((.((((.(((((((((((((.(((..(((((.(((((........)))))((((....)))).((.((((..........))))))........(((((((.........)))))))...........(((((...((..(((((((((((((((((............))))))).)))))(((.(((((((((....)))))..)))))))(((....))).......)))))))...)))))))))).))).))................((((....)))).))))))))).)))))).))))))...))))))).....(((((((((.((((....)))))))....))))))...((((.((((.............(((((......)))))....)))).))))....))))))...).)))...)))))))))))))) (-182.80)
Adalimumab_LC_topk_25	705	0.451063829787234	-187.0	-0.2652482269503546	........(((.((((((......................(((((..((((((..(((((((((.((........((((.(((((((.((.((........)).)).))))))).))))......)))).))...)))))..)))))).))))).((((((((((((..((((((.......((((..((((.......))))..))))....(((....)))...((((((((((((.....(((((((..((((...)))).)))))))..........((((.(((((((.(((.....(((((.(((..(((((((((...((((((((......(((...)))...))))).)))...)))))............((((((.((((..((.(((.((((((((((((((............)))))).))))))))...)))...))..))))))))))...)))).))).)))))...)))..)))).)))))))((((((((((((((............((((.(((((((.....((.......)).....)))))))..))))))))))).)))))))....)))))).)))))).......))))))..))).((((.(((...))).)))))))))))))......)))))).)))..(((((((((..........)))))))))....... (-187.00)
Adalimumab_LC_topk_106	705	0.44680851063829785	-166.9	-0.2367375886524823	..(((.(((((........................(((....)))....((.((((((.((........)).)))))).))........(((((.((((((((.((.(((((...(((((.......(((((((((........((...)).......))))))))).((((.((....))..)))).((((....)))).........((((((..(((((((......))).)))).((((....((((((((((..((((((((................((((.((((((........)))))).))))...........(((..((.......))..)))........))))))))...))))).....)))))......))))....))))))...((((((..................((((((((((...........)))))))..)))(((((((((((.....(((((..(((...)))....))))).....)))))))))))...((((((...(((((......))))).))))))))))))..(((((...(((((..........)))))))))).)))))...))))).)).)))))))).)))))...((((.....))))((((((((....)))).))))))))).)))....((((..................))))..... (-166.90)
Adalimumab_LC_topk_152	705	0.44964539007092197	-185.7	-0.2634042553191489	((((((((((((((......))))))).........((((((.....(((.((((((..(((((((.(((...((((...(((((((((((((((..((((((((.((((((((((.....)))))..((((.(((((...(((((((........)))))))...))).)).)))).(((.(((........))).)))..........((((((.(((((((...((((.((........)).))))))).)))).)))))).((((((((............))))).....)))..))))))))))))).((((((((((((...(((.....(((((((((.(((......)))...)))).......(((........))).((((((((((((....((............))....))).)).)))))))....)))))..)))..))))))))))))..........(((((......)))))....))))))....))))).)))).......(((.....)))....))))))))))))))..))).))))))..)))))))))).)))...............(((((.(((.((.(((((((..(((((.....))))).........(((((((((...(((........)))...)))...)))))))))))))..)).)))..))))). (-185.70)
Adalimumab_LC_topk_254	705	0.44964539007092197	-166.0	-0.23546099290780143	..((((((((..............)))))).))....(((((..(((((.((((((((.(.((((...))))).))))))))..((((.(((((...((((....))))(((((.((...)).)))))..((((((.....((..(((((.(.((((....(((....((((((.......))))))..)))....)))).).))))).))....))))))..........((((......((((..(((.((((..((..((.(((..............((((........(((((.....)))))))))))).))..))...)))).)))......))))))))....(((((.((........))))))).)))))...)))).((((.(((((((((((.((((((..((((((((.((((................(((((.....)))))((((((.((((...((......))...))))..)))))).)).)).)))))))).((((..(((...))))))))))))).)).))))).)))).)))).....((((..(((((((.....(((((...(((....((((.((((((..((((.(((...((((.....)))).))).).)))..(((((....))))).)))))).)))).))))))))....))))))).)))))))))))))). (-166.00)
Adalimumab_LC_topk_181	705	0.4524822695035461	-184.0	-0.26099290780141843	.................................................((((((((.(((((((((...(((((..........)))))....))))))))...(.(((...))))((((((.(((((((((..(((((...(((.(((((((.......(((((((.((.(((((......(((...)))......))))).)))))))))(((.(((((.(((..(((((.(((((.....)))......)).))))).........((((((((((((.......((((.((((....)))))).))((((..........(((((((((.((..(((...))))).)))))))))...)))).)))))).))))))....))).))))).)))......(((((..............(((((((((((((.(...((((....)))).).)))))))).)))))))))).))))))).)))..)))))....((((..((((.(((.......))).))))))))((.((((((...((((((((......)).))))))..))))))))...........((((.((.(((((((...)))))))))))))((((.....)))).......)))))))))))))))((((..(((.((....)).)))))))...............).)))))))). (-184.00)
Adalimumab_LC_topk_151	705	0.44964539007092197	-171.3	-0.24297872340425533	.(((......)))(((((((((((((......((((((((((....((((((((..((((.(((((((...((((.(((.((((((..((..............))..))))))...)))..))))..)))))))))))...)))))))).((....((((((((((.((((.(.((((((((((...((((((...(((((........((((........)))))))))))))))))).)..))))))).))))..(((((((...(((((((........((((((((((......((((((((.((((((.......(((((....))))).....)))......))).))))))))(((((......((((((.....(((((..((......))..)))))))))))......)))))..)))))..))))))))))))...))).))))...(((((((((.((..((((((.......((((((....(((......(((((((.((..(((...(((..((((......(((......)))...))))............))).....)))..))))))))).....)))....)))))).....)))))).......)).))))))))).))))))))))...)).....((((....)))).)))..))))))).....))))))))))))).. (-171.30)
Adalimumab_LC_topk_96	705	0.44964539007092197	-188.6	-0.2675177304964539	......((((((...........(((((((((.....(((((.((((((......))))))(((((((.....((((.(((..((....))..)))((((.(((.....))).)))))))).......)))))))......))))).))))))))).((((((((((((.((....)).)))))))...((((((.....((......))(((((.........))))).))))))(((.....))).((((((((....))))))))))))).....(((((..(((((((....(((((((((((((...(((..........(((.((((((((...((...)).)))))))).)))...(((((...(((((........)).)))))).))(((((((((.((((((..............((((((.(((((...((((((((((((.....))).))))).)))).))))))))))).)))))).))).))))))..((((..(((.......)))))))....))).)))))))))..(((((.(((((((.((((...(((.......))))))))))))...)))))))....))))....)))))))..))))).((((...))))((((((........))))))...)))))).((((((((((((..........)))))).))))))... (-188.60)
Adalimumab_LC_topk_75	705	0.44680851063829785	-164.8	-0.23375886524822698	.........(((..((((((((...............((((((((((..(((((((......(((......(((......)))....)))...)))))))....)))))))))).(((((((..((.((((((((((((((((((.((........))))))))))).....(((((.....((((.....))))...)))))..((((((.(((..((((.((((..((((.....))))))))...(((((((..(((...((((..((((((((..(((...............)))..))))...))))..)))).)))..)))))))))))......))).))))))..))))).))))))......((((.(((.((((((((..............))))))))..))).))))..(((((.............)))))....((.(((((.((((((((((((....((((((..(((....))).))))))....))))))))))))...)))))))...(((......)))........(((((((.....((.((((.......))))...)).((((((....(((((.((((....)))).(((((.((....((((...)))).......)).))))).....))))))))))).....)))))))...)))))))...)))))))).))) (-164.80)
Adalimumab_LC_topk_245	705	0.44964539007092197	-188.3	-0.2670921985815603	..........(((.((((((.(((..(((((..(((((..((((((......(((((((((.((((........(((...)))....(((...((((((((....)))))))).))))))).))))))))).)))))).....((((.((.((((((((..((((.((((..((((((....(((...((((.(....((((((((((..(((...((((((((.....(((..((((((((.(.((((((.((((..(((..(((....((((..............)))))))))))))).)))))).).)................)))))))..)))(((..............)))))))))))..)))..))))))))))....).))))...)))))))))..))))..((((((((((........))))..).)))))(((((....))))).....))))..)))))))))))))).)))))..)))))..))).)))))))))...((((((.(((((((((....)))).....)))))(((((.((((((((....(((..........))).((((((..((((.......))))..))........)))).......))))).))))))))..(((((.....((((..(((((.........)))))..)))).....))))))))))) (-188.30)
Adalimumab_LC_topk_9	705	0.4453900709219858	-179.5	-0.25460992907801416	..(((((((.(((..........((((((((..(((((...................(((..(((...)))..)))...((((.(((...(((((((.((....)))))))))..))).))))...........((((((((((((..((((((..(((.(((((.((((....(((((((..(((.....)))...))))))).....(((((((((......(((((((((....(((((((........)))).)))..)))).)))))....................(((........)))))))))))).........))))))))).)))...(((......((((((((((...((..((...((((...........))))))..))...)))))))))).......)))...)))))).(((...)))......((((((((....)))))..)))................)))).))))))))..(.(((((((..............))))))).)..)))))...))))))))..(((....))).(((.((....)).))).....))).)))))))..((((((.(((.((..(((((.((((..............((((....))))..((((((((.....)))))).)).....)))).....)))))..))..))))))))).. (-179.50)
Adalimumab_LC_topk_89	705	0.44964539007092197	-184.4	-0.26156028368794326	...(((......(((.((.(((((....(((((((((((.....................))))).....))))))((((..(((..(((....)))..)))..))))))))).)).))).......(((((.(((((((.(..(((....((..((.((((((.((.......))...)))))).))..)))))...............(((..(((.(((.((((......(((((((....((((((((((((.((((((((((.................((((((..(((((...((((((((((((..((((((((((..(....)..))))).))).))....)))))))..)))))....)))))..))))))........(((((((((.....................))..)))))))(((((((((..((((....)))))))))))))....))))))))..))...))))).)))))))..))))))).)))).))).)))..)))......).))))...)))))))).....(((((((((.(((((................((((...))))....(((((.(((.((((.....)))).))).....((((..((....)).)))).((((...)))))))))..))))))))).)))))...((((((....))))))...))) (-184.40)
Adalimumab_LC_topk_18	705	0.4453900709219858	-173.5	-0.24609929078014184	.....((((((............))))))......((((((((((...((((..((((((((((((....((.((((((.(((.(((.(((((......)))))...))).))).))))))))))))...)))))(((((((..(((....(((....))).((((..((((((.......))))))))))...(((.(((((((.....((((...(((...((((..((((((((((...(((((((.((((((....)))))))).................))))).....((((((.((((((((.((.(((((...((((((....(((...((((..........((((.....))))........))))...)))...)))))).........))))).)).))))))))......((.....)).))))))....)))))....))))))))))))))))))))))).)))..)))..)))))))...........(((..((((........))))..))))))))))...)))))((((...))))...(((.((....)).))).....(((((.((..(((.(((((........))))).)))..)))))))((((...)))).(((...(((((((.........((((.......)))).........)))))))...))))))))... (-173.50)
Adalimumab_LC_topk_268	705	0.4482269503546099	-168.4	-0.23886524822695035	.(.(((..((............((((((((.((.(((..((((((...((((......((..(((.....(((((((.........))))))).)))..)).((((((((.((.(((((((...)))))))..((((((..(.(((.(((((............)))))...........))).)..)))).)).....((((.((((.(((((((.(((......(((((.(((....))).)))))))).)))))))((((((..((.(((((((.(((..(((((....((((((..(((..(((((((....)))))..((((((((..((((..((.....))))))..))).)))))((((...((((((...(((((.(((....(((((((....((((..((((((((((((........))).....))))))))).))))....)))))))))).)))))..)))))).)))))).)))..).)))))...)))))..)))))....((.(((((......))))).))...))))).))..)))))).)))))))).(((..........)))...)).))))))))))))....)))))).))).)).))))))))...(((...(((((.....))).)).)))(((((((................)))))))....))..))).).... (-168.40)
Adalimumab_LC_topk_58	705	0.44964539007092197	-184.6	-0.26184397163120565	.........((..((((((..(((.((((((((((((.(((((.(((((((...(((((((........))))))).....((((......((...((((((((.(.((((......))))....).))))))))))......))))...........(((.((.((((.((....)).)))).)).)))....................((((........))))(((((((((....)))))))))(((.(((((.(((((((((.(((........)))))....))))))).).)))).)))(((((((.......)))).)))(((((.......)))))...........))).)))))))...)).))))))))))))(((..(((((((((((((...((((((((............))))))))...((((((((((......)))).))))))((((((..(((.....)))..))))))............))))..))))).))))....)))..((.(((....)))..))...((((((((.((.((((.....(((((((.(((((((((.((((.(((....)))))))....((((((((((((.....)))..))))..))))))))))..))))....))))))))))).)).))))))))........))).))))))..)).. (-184.60)
Adalimumab_LC_topk_128	705	0.4453900709219858	-169.6	-0.24056737588652483	.(((......))).........((((((((.............(((((((......((((((((.(((((...........(((((((.....((((((.(((..(((((..((((.(.(((((((((...(((((..((.((((((((.....(((.....(((.((((.........(((......)))...(((((..............))))))))).))).....)))))))))).).))..))))))))))))))))))).)))))..........((((((((((..........))))))))))...........(((...((.......)).)))((((...(....)...))))....)))))))))....)).)))))(((.(((.....(((((((((((((..........))))))).))))))...))).)))(((....)))))))).))))))))..............((((((((((((((.(((.(((((..(....)..)))))...(((.(...(((((......)))))...).)))..........))).))))).)))))))))..................))))))).........((((((((...))))))))((((.((((((.....(((.((....)))))))))))............)))))))))))). (-169.60)
Adalimumab_LC_topk_196	705	0.4553191489361702	-175.5	-0.24893617021276596	...((((...((..(((((..(((((((((((((((((((((.........(((((((((((.((......(((......)))(((...((((((.((((((.(((.((((((...(((...........(((((...((.((((((((.(((.......))).)))...((((.....((((((((((.(((....(((((.(((..(((.((...)).)))....))).))))).....).)).))))))))))))))))))).))))))).........)))...)))))).))).((((((....(((((.................)))))..)))))).............((((..(.((((...(((.......)))....)))).)(((.(((((((((.............)).)))))).)..)))...))))))))))(((((....).))))((((((.............)))))))))))).))))).)))))....)))))).........))))))))).))))))))))).)..)))))...)).))))....((((((((((.....)))))....((((((..............((((.((..(((((((.....))))))).)).)))).......(((((((.(((.........))).)))))))...))))))))))).. (-175.50)
Adalimumab_LC_topk_272	705	0.4553191489361702	-190.1	-0.269645390070922	..((((.(((((((....................))))))).((((..((......))..))))................(((((.((((((((((((((....(((((((((..((((.((.....(((((((((((......(((((((...(......)...)))))))......)))))))))))........)).))))......((.((((((.......(((((((........))))))).((.(((.(((..((((((...((((.((....)).))))))).)))..)))))))))))))).)).........))))))))).......(((..........))).)))))))))....))))).)))))......((((.((((((((((..((.((((((......(((........)))....)))))).)))))..((((((((((((..(((((((.....(((...(((...)))....)))...))))))).....)))))))).))))....(((.....))).(((((..((((.(((....((.(((((...))))).))....))).))))..)))))((((((((((.((.....)).)))......)))))))...)).))))))))).........))))(((.((((....(((.........)))..)))).))).... (-190.10)
Adalimumab_LC_topk_157	705	0.45390070921985815	-201.2	-0.2853900709219858	..((...((((......)))).....)).....(((((((((.((..((((..(((((((((((....(((((((((............((((((((((.(((...))).))).))))))).......(((((.((.....)).)))))(((((((.((((.((((((.((((.........((((.....)))).......))))))))))..................)))))))))))))))))....)))......))))))))..)))....((((((((.......((..(((((........))))).)).......))))))))((((....)))).........(((((((((((((..(((((((((((((.....((((((((.((.((((((.((...(((((((((((((.((((((((.(((((...((((((.(((.((....)).)))))))))...)))))))))).))))))))).)))))))..)).)))))))).)))).))))..)))))......(((((......)))))........((((((.(((((.......))))).))))))))))))))))))))))))))).(((((.((....(((.........)))...)).)))))..((((.(((........))).)))).......)))))).))))))))).... (-201.20)
Adalimumab_LC_topk_249	705	0.4524822695035461	-168.3	-0.23872340425531915	............................((((((...(((.(((...............))).)))....)))))).....((((((......(((((((((...((.((.(((((...........((((..((((((((((.(((((........)))))((((..((((...........)))))))).......((((((((((.....((.((((.((((..((((...(((..(((((......((((((....))))))....)))))))))))).)))).))))))(((((...))))).....(((......(((((....)))))......)))((((((...((((.......))))))))))..))))))))))((((...(((..((..(((((((....((((((((...(((((...........)))..(((((((....)))))))((.((((.................)))).))...))....))))))))(((((((((((((......)))).........(((((((((.((..............)).)).........)))))))...........))))))))))))))))....))..)))....))))......)))))))...)))..))))..))))).)))).))).)))))).........))))))...... (-168.30)
Adalimumab_LC_topk_72	705	0.451063829787234	-181.8	-0.2578723404255319	.........(((.((((((...(((....((((((.....(.(((((.(((..((((((((((((((.......((((...)))).........)))))))....((((((.((.(((...........))).)).))))))((((((((.((...((((......))))...))......((((....((((((........(((...(((............))))))))))))..))))..))))))))(((((((....))))))).............((((.(((((..........))))).))))........(((((....))))).....(((((.((((.....(((((.((((((........(((((...(((.(((.(((......))).))).))))))))))).)))))))))))).)))))...((((((..((((..((((((.((.(((((.....((((.((.((......)).))))))......))))).))))))))...)))).))))))........)))).)))..))).))))).).....))))))..)))(((((...)))))...........((((((((..(((..........(((...(((....))))))((((.((.((......)).)).)))).))).)))))))).........)))))).))).. (-181.80)
Adalimumab_LC_topk_22	705	0.44397163120567373	-174.7	-0.2478014184397163	......((((.(((.....))))))).........((((((((((((.((((((.((.(((((((......((.((((...))))..)).....))))))).((((((((....((.....))....))))).)))....))))))))..))))((((....((.((((((........((((((......((((.(((((((((..(((((((................)))))))..........))))))))).))))))))))..((((((((((..((((.((((..(((((...(((((((.(((((((......((((.....)).))......))))....)))))))))).)))))(((....)))........))))..))))((((((((((..((((((...(((((((...(((((...........)))))(((((((((((((((.(((.........)))...)))).....))))))...))))).))))))).(((.((((((((((((((......))).))))...))))))))))...(((((...(((((.........))))).))))).........(((.((((.....)))).)))..))))))))))))).))).)))))))))).......((((((....)))))))).)))).))....)))).))))))))... (-174.70)
Adalimumab_LC_topk_12	705	0.4553191489361702	-185.9	-0.26368794326241135	..((((..((((....))))...........................((((((((..((.(((((((((.....((((.((..........)).))))....))))))))))).))))))))...((((((((((((((....((((..(.((..........((((((.((....)).))))))................(((.(((..((((((.(((((((..((((((((......)))))))).)).))).))))))))))).)))............)))..))))......((((....(((((((((.........)).))))))).......))))((((...((.(((((((((((((((..((((....((.......))...))))...))))))))).........((((.(((.(((.....)))....(((........((..((((....))))..))........))).))).))))...)).)))).))))))......))))))))))....))))((((....)))).((((((((.((((((((((.(((((..............)))))........(((((((((.((.....)).)))......))))))...((.(((((......)))))))...)))))))).)))))))))).))))(((((.(....)))))).. (-185.90)
Adalimumab_LC_topk_270	705	0.44397163120567373	-172.2	-0.24425531914893617	.(((......)))..((((.......(((((((..........)))))))..........))))(((((((...(((...(((((((((((((.(((......))).))))))).((((((((...((((((...(((...(((((((........)))))))...))).(((((....((((....))))...........(((((..((((((..........((.(((.((.((((((((.((...)).))))..)))))).))).)).........(((........)))((((.....))))..))))))...)))))(((((.((((((((...((...)).))))))))..)))))((((....(((((......((((..((((..((((((((.((((.((((((............))))))..))...)).)))))(((((((.((((((((((((.(((................)))))))....(((((........)))))...))))))))))))))).((.(((....))).))..))).))))..))))..(((((((.......)))....))))....))))).))))....))))).......((((.....))))..))))))..))))))))....)))))))))..(((((((((..........)))))))))))))))) (-172.20)
Adalimumab_LC_topk_130	705	0.4482269503546099	-188.6	-0.2675177304964539	..((((((((.(((((.(((((.(((((((((((.......(((..((((.............))))...)))((((((.((((((..(((............)))..)))))).))))))........((.(((((((...((((.........((((((.((((.((....))..)))).))))))(((...................))).....(((((((.....))))))))))).))))))).))))))))))))).))))).)))))...)))).(((((((................)))))))((((((..(((((((((((((((((.........)))))))))))))...))))...)))))).(((((((((...(((((((((((.(((.(..............))))))).)).))))))(((..(((((...)))))..)))..(((((((..................).)))))).....(((((.....)))))...)))))...)))).((......)).(((((((((...(((((...........).))))..)))))))))..)))).((((((.(((((.(((..(((((((.((.......)).))))..))).)))..((((((....(((((((.....))))))).......))))))...)))))..)))))) (-188.60)
Adalimumab_LC_topk_17	705	0.4553191489361702	-188.2	-0.26695035460992905	((.((.((((....))))...(((((((((((..(((.((((.............((((.(((((.((((.((((.(((...((((((((....((.(((.((((((.....)))))).)))))..)))))..))).......)))))))..))))...)))))))))(((((.........))))).(((......)))..........((....((.(((.((((.(((((...((((...((......))...))))..)))))..(((((..((((((((....((((((.((.(((((.......))))).)).)))))))))).))))..)))))(((((((((..(((.((((..........((((.((.....((((((....(((((.(((...((.((((((((.(((......))).)))....))))).))))).))))))))))).....)).))))...........)))).)))....))))))))).)))).))).))....)).((((..(((((((((......((((((......(((.....)))...)))))).....)))))))))))))................)))).)))..))))...(((((.....)))))....)))))))..((.((((((.......))))))))................)).))...... (-188.20)
Adalimumab_LC_topk_162	705	0.45390070921985815	-188.5	-0.2673758865248227	.(((......)))......................(((((((((((((...(((((((((((.((((...((((((...........)))))).)))).))).((((..(((((...)))))....))))(((((((..((((((.(...(((.....)))).))))))...(((((......(((.....)))....)))))..........((((((...........)))))).((((((((((........))))))).)))....................((((((.(((.(..(((((((..(((((((((.....((((((((.(((((.(........)))))).))))).)))(((......)))..............))))))))).)).(((((((((((((..(....)..)))))))).)))))..))))).((((.((((.((((((.(((...(((......)))....))).)))))))))).))))).))).))))))..))))))).....((((((......((((((((((((.....)).))))..))))))......(((.((((....(((((((.(((..((.......))..))).......)))))))...))).).)))))))))......(((((....)))))))))).)))......)))))))))))))... (-188.50)
Adalimumab_LC_topk_189	705	0.45673758865248226	-189.3	-0.26851063829787236	.((.((..((((((.((((((((((.((.((((((((..(((((((((((..(((((.....)))))......(((((((.(((((..((((((.....))))))...))))).((((.(.......(((((...))))).(((((((........)))))))((((((.((....)).))))))...(((((((..............((....)).............)))))))..).))))......))))))))))))))((((((((............))))))))...))))..)))))))).))((((((....(((((((((((.(((.........))).)))))))).))).......)))))).......(((((((.(((......))).)))))))....((((......((((.....))))......))))(((((.(((.....))).)))))...............)))))))))).((((...((((..((((........))))..))))..)))).....(((((.(((....)))..)))))(((((.((........))))).))............))))))..)).))((((((...((((((((...)))))))).....)))).)).........(((((((...(((..............)))))))))).... (-189.30)
Adalimumab_LC_topk_171	705	0.44964539007092197	-199.5	-0.28297872340425534	..((((.((((......)))).)))).......((((((.....)))))).....(((..((((..........(((((.((.((((..(((((...((((....))))))))).((((((((.....((((.((((((.(((((((....((((.....))))..(((.((....)).)))((((.....))))...)))))))..(((.((((((((((.........(((.(((((((....((((((((((..(((((..(.((((..((((.((..((((......))))...))..))))..)))).)....)))))..)))))))).))..))).)))))))..(((((((((.((((((..((((.((((((...(((((((.(.((...))..).)))))))..)))))).))))(((((((((((((((.(.(((....)))))))))))))))))))............)))))).))....)))))))...)))).))))))))))))))).))))...))))))))..)))).)).((((((((((..((((((...((((((........))))))......(((((.....(((...))).....)))))((((((.....))))))((((......))))...))))))..)))...)))))))...))))).......))))..))). (-199.50)
Adalimumab_LC_topk_287	705	0.45673758865248226	-184.6	-0.26184397163120565	((((((((((((....))))))......(((.((((((.((.(((((((((....((((((((((((.......(((((.((.....))))))))))))))..(((.(((((.((((((..(((...((((.(......).))))....)))..))..(((..((((((.((....)).))))))..))).......((.((((((((..(((....(((((((..(((((...(((((((((.(((((...))))).)).)).)))))))))).(((.((((((.((..(.(((.((.((........)).))))).)..)).))))))..)))......((((............)))))))))))...)))..)))))))).))...))))...))))).)))..............(((((.(((.....)))...)).)))(((((...))))))))))...)))))..............)))).)))))))).)))(((((((((((((....((((((...(((((....)))))(((((.((((.......(((.((....)).)))...........(((...)))..)))).)))))....((((..((((............))))..).)))))))))....)))..))))))))))............))))))................. (-184.60)
Adalimumab_LC_topk_111	705	0.44680851063829785	-183.5	-0.2602836879432624	..((..((((....))))..))(((((((((((((((((...((((((..........)))))).........((((((.(((.(((.((..............)).))).))).((((.((........)).))))..(((.((......(((....((((((.((((..........)))).)))))).)))............((((((((((............((((((.......((((((.((((....)))).)))))).((((((.................))))))..)))))).(((((((.......)))).))))))))))))))).)))((((........))))..)))).)).))).))))))))))))))........((((((((((((((((((((((......(((((...........)))))(((((((((((.(((.......(((....))).......))).)))))))...))))...))))))))))).......(((.....)))..((((((........)))))).(((((...(((...((.((.(.((((((((((.....((.........)).....)))))))))).).)).))....)))...)))))(((.(((((.....((((((....)))))).......)))))))).))))))).)..))) (-183.50)
Adalimumab_LC_topk_33	705	0.44397163120567373	-174.8	-0.24794326241134754	................((((((.((((((.(((((((.........((((((........).)))))....(.((((((.((((((......((((.......)))).)))))).)))))).).....((((...))))...))))))).)))))).......(((((((((..........(((((..(.((((....(.((((((((((((((((.....)))))))((((........)))).....))))))))).)..)))).)...))))).((((.(.((.(((((..........))))).)).))))).......(((((((((((....(((...)))..))))))).)))).)))))))))...(((..((((((.((.(.(((((.((((..(.................((((........))))..)..)))).))))).).))))))))..)))..............((((..((((((..(((.((.((((.....((((((.(((((.((((((((((((.(......).))))))......(((...((((((((.....))))).)))...)))...(((((.....))))).)))))).......(((((.....))))).((((......)))).)))))))))))...)))).)))))...))))))....)))))))))). (-174.80)
Adalimumab_LC_topk_140	705	0.44680851063829785	-173.6	-0.24624113475177303	................((((((......((((((...((((((...(((.....)))...))))))....))))))...(((((((((((.........)))))(((((.((((..(...(((...(((((...((((((((((((..........((((......))))..(((...((((......)))).....)))........((((((..(((((((((.....((.(((((...((((((.....((...((((((((((...((.......(((....))).......)).)))))))..(((((......................)))))((((((((.....((((.(((...........))).)))).....))...((((.....))))..)))))).....)))))..))))))))))).)).))))))))).)))))).(((((((((.....)))))))))....)))).))))))))..(((((..((.........))..))))).....)))))...)))..)..)))).)))))...............))))))......((((((...((((....((((((((.....(((..........)))))))))))..))))....))))))......((((....))))((((((((............)))))))))))))). (-173.60)
Adalimumab_LC_topk_158	705	0.45673758865248226	-192.4	-0.27290780141843973	..................(((((((.(((((((((((((..(((((((((((........).)))))........((((.(((((((((((.(((...)))))).))))).))).))))((((((((...((((.((((....)))).....((((((....((((((..........((((......)))).))))))...)))))).....(((.((((...((((((((.((....)).)))))).....))....)))).)))..(((......)))..((((.((((((........)))))).))))))))...)))))))).((((((((...........)))))))).((((((((.......(((((((((((((((((((.(((...)))..)))).........(((.(((((((.((((((((.((((((.....)).)))).)))))))).)))...............((((.((((.(...).)))))))))))).)))..))))(((.((((((..((.(((....)))))..))))))))).(((.((....)).)))........)))))).))))).....))))))))...)))))...))))))).)))))).....(((((.((((...(((....))))))).))))).((((..............)))))))))))... (-192.40)
Adalimumab_LC_topk_54	705	0.45673758865248226	-181.4	-0.2573049645390071	.............(((((((((((((.....(((((((((....(((.(((.((((.((((((..(.....((((.(......).))))..((((.((((..(((((.((.(..((((....(((..(((((.((...)))))))..))).((.(((((.....))))).))........(((((((((((((.((((.......)))).).)))))..((((((.....))))))((((...)))))))))))((.(((((.(((.((((((((((...))).))))))).)))....))))).))..((((..((((.((......)))))).))))))))..))).)))))..)))).))))...)..)))))))))).))).)))(((((((..(((((.((......(((..((((((.(.((((((.((.(((.....((((.((((((....).)))))))))...))))))))))).).))))))..)))...))))))).)).)))))....(((((..(((.(((.(((....))))))...)))..)))))..((((((.......))))))..............((((...(((((...)))))...)))).......((((....)))))))))((((((......((((.....)))).)))))).)))).....))))))))))))).. (-181.40)
Adalimumab_LC_topk_180	705	0.45673758865248226	-173.4	-0.24595744680851064	........((.((((........)))).))...((((((((((((((.......(((.((((.(.(((((..(((..............(((...((((((((..(((((..(((((............((((((.(((.(((..((((.........((((((((.(((((.((...((((((...(((((.((((((.....)))).)).)))))..((.(((.....))).))..((((........))))..))))))...)).((((......)))).((((...(((((((....))))))).)))).(((........)))...)))))....((((((.(((......)))...)))).))(((((((.(((..(((..((((..((((.((((((.(((((((((............)))))).))).))....)))).))))..))))..)))....)))...)))))))..((....))))))))))))))..))).)))))))))............)))))..)))))..((((((((......))).)))))..(((((((..........)))))))..................))))))))...)))...)))...)))))))))).)))((((((......((((...)))).....)))))))))))).......))))))))... (-173.40)
Adalimumab_LC_topk_125	705	0.4524822695035461	-175.7	-0.24921985815602835	.........................................((.((((....(((((...)))))....)))).)).......((.((((((((.((.(((((((.(((.....(((((.......)))))))).)))))))))(((((........)))))((.(((((((........(((((.((..(((((((((...........))).......(((((((((((..(((((((.(((((..........)))))..))))))).......((((((.(.((((((.((((.....((((((((((......)))(((((...((((((((((.(((((..(((((((((.....)))))......(((((((....(((...((((....))))...))).......))))))).((((........)))).......)))))))))..)))))))..)))..)))))))))))).....)))))))))).).))))))..)))))).)))))........))))))..)).)))))....)).))))).))..((((((((((..........(((...(((...(.(((((((...))).))))).)))...)))..((((...))))..(((((...((((.(.......)))))..))))).)).)))))..)))........)))))))).)) (-175.70)
Adalimumab_LC_topk_291	705	0.4581560283687943	-182.2	-0.2584397163120567	..(((..(((....)))........................((((((.......)))))))))........(((......)))...((((((((((.....((((...)))).((((((.........(((((((.((.(((((((.....((.........))...((((((......((((......(((((..((((((((....((((.((((..........)))).))))...))))))...))..))).)))))).))))))........)))))))....((((((........)))))).((((.(..(((((((.(((...))))))))))..).))))..(((((.(((....)).).)))))......(((((.((((.((((((((.((((..((((((((............))))))))...))))...)))..))))).)))))))))(((((((.((..((.((.(((...))))).))..)).))))))))).))))))).)))))).....(((.....))).(..(((((((..(((......((((.(((((((((........)))))))))..))))......)))..)))))))..)((....(.((((.......)))).)...))........((((........)))).................))))))))))... (-182.20)
Adalimumab_LC_topk_120	705	0.4425531914893617	-178.4	-0.2530496453900709	..((((.......(((..((((((..............(((((((..((((((((((...(((((((...(((.((.((...))...)).))).))))))).(((((.((.(((.((...)).))).)).)))))((.(((((((((((((((((..((((.(((((((((.......(((.((((.((((.........)))).)))).)))..........(((.....)))))))))))))))))))))))))).((((((((((.(((...................))).)))..........))))))).....(((..((....))..)))..((((.(((...(((...))).))))))).......((((((((((((((...(((((((.....((((..................))))..(((.......)))..........))))))).)))))))...)))))))...))).)))).))..((((((((((..............)))))).))))(((....))).))))..)))))).)))))))...))))))..)))......))))...(((.((((((((((((((.....((((..((((.....))))((((....))))..((((.((((..........)))).)))))))).)))))))........))))))).))). (-178.40)
Adalimumab_LC_topk_271	705	0.45673758865248226	-189.9	-0.2693617021276596	..((((.....(((((..((((..(((((((((((((((((((....(((((.((((((((((((.....((((..((.((....)).)).)))).......))))))).....))))))))))......))))))......)))))))))))))..(((((((..(((((.((((.((((.(((.......)))..)))).)).)).)))))....(((((((((...)))))))))...(((((...)))))).))))))..))))..)))))..))))...((.(((.(((((.......((((((((((((((((.(((((((............(((...))).....(((((((.(((((..(((...(((((.((...(((.(......).)))...)).)))))..)))..))))).((.((((((..(((...(((((...)))))..)))..))))))))......(((((....)))))..))))))).))))))).)))))).))))..(((((((.(((........)))((((((((......)).))))))..(((((((((...(((((.....((((..((((((((.(.(((..(((.................))).))).))))))))))))).....)))))))))))))).)))))))...)))))).....)))))))))). (-189.90)
Adalimumab_LC_topk_177	705	0.4595744680851064	-209.8	-0.2975886524822695	.(.((((.((.(((...(((((((((.....(((((.((((((.((((((((((.((((((((((((....(((......))).......(((((((((....)).)))))))..((((((...))))))(((((..((((...)))).((((.....))))((.((((.((....)).)))).))..(((......))).........((((((((((((((.((((((.((.(..((.....))..).)).)).))))))))(((.((((....((............))....)))))))..)))))))))).)))))...)))))))))))).........((..........)).))))).))...)))))))))...))))).(((((((((((.((((.((..............)).)))))))).........((((.....))))((((((.((((((..((....(((((......)))))...(((((..((((....(.(((((.((......(((..((.((((((...(((((((((....))).))))))..))))))...)).))))).))))).)..)))).))))).)).)))))).)))))).....((((((.......)))))).)))))))...((((((.......)))))).)))))))))..))).)).)))).).... (-209.80)
Adalimumab_LC_topk_23	705	0.45673758865248226	-172.8	-0.24510638297872342	..((((..............................(((((.....((((.(........)))))......)))))....((..((((.((((((.(.((...)).))))))).))))..))........(((((((((((..(((((((...)))).))).(((((((.((....)).)))))))...((((....((((((........((((((.(((((.((..((((((........((((....))))((.((((((((...)))))))))).............((((..(((.((((((..(((((((((((((..((((...)))).))))).((((....((....))....)))).....((((...........)))))))))))).....(((((.(((.((((((((((.(.(((...........)))))))).(((.....((((((.((((..(((......)))...)))).))))))..)))....)))))).))).))))).)))))).)))..))))))).)))..))((((..((((.(((((..(((.......)))..)))))..)))).....))))...)))))))))))......)))))).....))))..))))))...))))).......))))...............((...(((.........)))...)). (-172.80)
Adalimumab_LC_topk_127	705	0.4595744680851064	-198.2	-0.28113475177304964	..(((.((((((((............)))).))))..))).........(((((((((((((............(((.....)))((.(((.......))).)).)))))))))))))..(((.((((((((((.((((....((((.........((((......)))).........))))(((.....)))......((((((.((((((((..(((.......(((.(((((.(((..........)))))))).))).((((..((((..............))))))))((((((........)))))).........)))..)))))))))))))).......(((((((((((.((..(((..(((((((((.....((((((...))).))).....(((((((((..........)))))))))...(((((.((.(((((...))))).)).))))).......)))))))))..)))....))...))))....)))))))....)))).)))).....((......))((((...((((((((.((......))(((.(((.(((((...((((.((((((.((((.(((...)))..)).))))).))).))))...)))))))).)))((((((.(((((....)))))...))))))))))))))...)))).......)))))).))) (-198.20)
Adalimumab_LC_topk_233	705	0.45673758865248226	-176.9	-0.2509219858156028	.......((((((........))))))..(((((...(((((((((..((((((..((((..(((...((...(((.(((..(((((((..(((((((.(((((((..((((((...))))))..)))))))...(((((.(.((((..((((((((((((((..((((.((....)).))))((((..((((.......(((((...................))))).)))).))))..))))))....((((((((.((((....(((((.......((.((((.....((((((.....))))))))))...)).......))))))))).))...)))))).......((((((((....))))))))..((((((((((((......)))...........)))))))))......((((...((((((.(((...(((((...)))))..))).))))))))))...)))))))))))).).))))))))))))........)))))))..)))...)))....))....)))..)))).(((((((...(((.((.((....)).))..((((.(((((..((.((..((((....(((((...)))))....)))).)))).)))))))))..)))...)))))))..................)))))).))))).........)))).))))). (-176.90)
Adalimumab_LC_topk_138	705	0.4553191489361702	-189.4	-0.26865248226950356	......((((((((......))))))))............(((((((.......((.((((........)))).))(((...((..(((((....((((((((...((((((..(((((..((((.....)))).((.(((((.((..........((((......))))..........)))))))..)).....((((...((((((.((.((..((((........)))).))...)).))))))....))))...((((((....((((((..((((((((....((((((((......((((.(((((............((...((((...)))).))((((........))))...........((((((........((((((...))).)))..(((...........))).(((((((((((((((((.....)))..))).))).))))))))))))))))))).)))).....))))))))....)))).))))..))))))......))))))(((((((((((.((......)).)))))).....)))))...(((((((.((.....)))))))))..)))))..))))))...)))))))).)))))..))....((((((((((.(((((.(.(((......)))...).))))).)).)).))))))........)))))))))). (-189.40)
Adalimumab_LC_topk_49	705	0.4595744680851064	-184.3	-0.26141843971631207	..((.((((......)))).))........................((((((((((((...(((((((((.((((.((((..((((((...(((....))).......))))))..))))..)))).((((.(......).))))......)))..)))))).((((((..........))))))..(((((....(((.((((..(..((((((.(((...((((.(((((((((((((.(........))))))..(((((.......)))))..((((((((((..((...(((((...))))).....))........))))))))))(((((..((((((.((....(((((.(((...((......))...))).)))))......)).))).)))..)))))............))))))))..))))....)))))))))..).)))))))...)))))........(((((...(((....)))..)))))...))))))))))))....(((((((..((..((((((((...(((((((((....))).))))))....((((((........)))))).((((....))))...(((.((((.((((.............))))...)))).)))(((.(((.....(((((....))).))))).))).))))))))....))..))))))) (-184.30)
Adalimumab_LC_topk_102	705	0.4595744680851064	-185.0	-0.2624113475177305	..((..(((((..........................)))))..))...(((((.((((((..((((((.((((((...(((((..(((...((...((((.((((..((((..((((((((((((..(((.((((.((((...))))...(((....)))(((((..(((((.........))))))))))...((((.((........)).))))...)))).)))))))))).)))))..))))....)))).))))...))))).)))))))).)))...))))))...........((((((..((.(((........(((((....((((((.........)))))).....))))))))))....((((.(((.((((((((.(........).))))).)))...))).))))))))))((((((((((((((..........))))))))))))))...................((.((((((...((((((.(((.....(((.((((((.((...((.((....)).))...)).)))))))))............((((((((.(......).))))))))....(((((((.....(((((....((............))...)))))..)))))))..)))..))))))..)))))).))................)))))).))))). (-185.00)
Adalimumab_LC_topk_156	705	0.4595744680851064	-195.6	-0.2774468085106383	.....................((((((((...........(((((((.....((((((..(((((.....((.((((...)))).)).....)))))((((((((((.(((.((((((((((........)))........((((.............)))))))))))))).))))))).)))((((((.......(((((.......(((((...(((.........((((((...((((((((((....((((((((((.(((......))).))))).........)))))...)))))..))))).))))))......))).))))).......))))).))))))...(((((((....)))))))(((((((.....(.(((((..((.(.((((.((((((((((((..........))))))).)))...))..)))).).))..))))).)......)))))))........(((((.((.(((....)))))))))).(((((....(((.(((....)))))).)))))((((((.((((...(((.((((((....(.......)....))))))..)))..)))).)))))).....)))))).....)))))))...(((((..(((.(((((.(((.((......)).))).))))).)))....)))))........))))))))... (-195.60)
Adalimumab_LC_topk_24	705	0.4595744680851064	-176.6	-0.25049645390070924	.....................................(((.......))).((((((((((((((........(.((((.((((((..((..............))..)))))).)))).)........(((((.(((((..((..(.....)..))..))))).))))).........(((......)))......((((((((....)).)).))))..)))))).(((((((.(((......(((((((((..(.((((.(((((.((............)).))))).)))).)..))))))))).((((((.......))))))((..(((..(((.((((....(......)....)))).)))..)))....))....))).)))))))..((((.(((((..((((.((..((.(((((((...........))))))).((((...((((.(.((((((((.................))))))))..).))))))))..))..)).))))...)))))..)))).((((....)))).(((((((..(((.....((((((.(((.((...........)).))).))))))........(((((..(((((.....)))))))))).....)))..)))))))....((((((((((((.....))))..))).)))))....))))))))... (-176.60)
Adalimumab_LC_topk_148	705	0.4595744680851064	-184.4	-0.26156028368794326	..(((((((((......)))))))))..........(((.....))).........((((.(((((.....(((((((.(((..((.......((((((((((..(((((.(((((((((.......(((((((((.((((..........))))...))))))))).((((...........))))....(((((((((((((((....((((((.((.((((((.(((.(((((......))))).)))..))))))))(((((...((((((...............))))))....)))))...)))))).........((((..........)))).((((...........)))).(((((...(((((((((((..((((...((....)).)).))))))))))))))))))..))))).....)))))).....))))..)))).))))).)))))(((((..((...((((((....)))))).....))..))))).)))))))))).(((.........)))..............((((((.(((.(((.((.((((.......)))).)))))))).(((.((((((......((...(((..........((((((.....)))))))))..)).......)))))))))..)))))).))..))).)))))))..)))).).))))... (-184.40)
Adalimumab_LC_topk_185	705	0.4581560283687943	-177.0	-0.251063829787234	.................((((((((..(((((((((......(((((((.(..((((.((((.(((((.......((((.(((.((.((((...((....))...))))))))).))))(((((....)))))(((((((((..((..........((((......))))..........)).))).)))))).............)))).).)).)).))))..)))))))).(((((((.((((...)))).)........))))))....(((((((....(((((((.((.....)).)).))))).((((.....(((((((.......))))))))))).((........))(((((((.......((((((............(((....((((((((((...((((((((.(((((..((((((....(((((...((((.(((.......))))))).))))).....))).))).)))))..).)))))))..)))))))).))....)))(((((...)))))...(((..((((((.((......))..))))))..))))))))).....)))))))((((......))))...(((.((((.................)).)).))))))))))((((((......(((((....))))))))))))))))...))))..))))))))... (-177.00)
Adalimumab_LC_topk_99	705	0.4595744680851064	-188.1	-0.26680851063829786	..(((.(((((......))))).))).........(((((((((((((((.(((.(...(((.(((.(((...(((.((......((((.((((((((.((.((.(((((((.(.(((((((.((((((((..((((.(.((..(((.........((((......)))).........)))..)).).)))).)))))))).)..)))))).)))))))))).)).((..((.((((....((((((((((((((..(((((((...))))))).)))((((((((((..((((.((..((...))..))))))..))))...))))))))))).)))))))))))).)).......)))))))).((..((((((((((((((((((((.(..((((....(((.((((.((.((..(((((...))).)))).)).)))))))...))))...)))))))))))).......)))))))))...))))))....)).)))...))).))).....(((........))))))...).)))))))))..((((..(((((....((((((..((.(((.(((((((....((((((.((((((((.....((............))..)))))))).)))))))))))))......)))))..)))))).))))).....)))).......)))))))))... (-188.10)
Adalimumab_LC_topk_13	705	0.4581560283687943	-187.7	-0.266241134751773	........(((.((((((....((((((((.(..((.((((((((........((((((((........))))))))...............((.....))....((((((((.(((((((((((.....))))..........(((((((.(((....)))((((((.(((((.((.....((((...)))).....)).)))))))))))(((....(((((......))).)).....)))........(((((..((((.(..(((((((((.(((((((.....((((((........).)))))((((((((......)))).))))..(((..(((.......)))..))))))))))....................((.(.((((((.....(((((((((...((((((.....((...((.((((((..(((......))))))).)).))(((((((((.((((...))))..))).))))))...)).....)))))).....)))))))))......)))))).))).)))))))))..).))))..)))))...)))))))..)))))))...)))))))).........))))))))..))..).))))))))..((((....))))(((......)))...)))))).)))...((((((((..........))).)))))....... (-187.70)
Adalimumab_LC_topk_16	705	0.45673758865248226	-172.5	-0.24468085106382978	...((..((((.....((((((((..............((((((((((.((((((((...))))..........((((.((.....))))))......)))).)))))))))).((((((.....((((.((((((((((((................((((((..(((((.......(((.(((...(((.........)))...))).)))....))))).....)))))).(((((((.((((..(....)..))))..))))))).)))))...)))..)))).))))......)))))).(((.((.(((((((......((((((..((((..(((...)))))))..))))))......))...((((...........))))))))).))))).(((((((((((((..........))))))).))))))..((((((((((...)))))((..((((((((...(((((((.(((...)))...)))))))...))))))))..)).............)))))...(((((....((((...))))...(((((((.(((..........................)))..))))))).....)))))..))))))))....))))..))..........((((((((.((((..........................)))).)))))))).. (-172.50)
Adalimumab_LC_topk_30	705	0.4581560283687943	-189.2	-0.2683687943262411	..(((((...((((((((((((((((..(((((((((((.(((...((.((((((((...((((....((....)).....))))(((.(((((...((((....))))))))).))).........((((((((..((.((.........)).))..))).)))))(((((.......((..(((...(((((...((((........((((((......))))))))))))))))))..)).(((((...)))))..(((((((.((.((((...((((..((((.(((((..........))))).))))..(((......))).))))....))))((((((.........(((((.((((......((..(((((...((((((((.((......)).))))))))))))).))))))))))).)))).))....)))))))))((((((((.(((....................)))))...))))))..)))))...))))))))))....)))........((((....)))))))))))))))..))).))))....))))))))).....)))))........(((((.((((((...((((((..(((((.....))))).((((....))))...((((((......((.((....)).))))))))....))))))...)))))).))))) (-189.20)
Adalimumab_LC_topk_236	705	0.44113475177304967	-174.8	-0.24794326241134754	......(((((((........))))))).......((((((.((((((((....(((((((........)))))))....(((((..(((((((((.(((.(..(((.((((...((((..(((....)))..))))....(((((((........)))))))((((((.(((.........))).(((((......)))))........((((((((((((((.......)))))((((((((((...))))))..))))(((((..((((........................))))))))))))))))))...(((((........)).))).))))))))))..)))..).))).)))))))))......)))))......(((((((((((.((((....((((((((.((..(((..(((((...........)))))(((((((....))))))).(((.(((..............)))))).......(((.(((...(((((((.........)))))))....))))))..(((((.((......))..)))))((((((....((.((((((...)).)))).))....))))))...))).)).))))))))(((.........))).((((......))))..)))).))))))....))))).........)))))))).))))))... (-174.80)
Adalimumab_LC_topk_241	705	0.4581560283687943	-186.7	-0.26482269503546096	.(((......)))......((((((...((((.(((((((((((.(((.((((..((((((..((((.((((((((...........)))))...(((((((..(((....(((.((((.......))))))))))..)).)))))...(((........)))..)))))))..))))))..)))).)))....(((((.((........)).)))))......((((((((((..((((((((......))))...))))))))).)))))........((((....(((.((((.(.(((.(((((((.(((..(((((((.((((...)))))))))))))).)))...)))).)))..).)))).(((((((((((...(((.((((.((......)).)))).)))..)))))))))))..........)))...))))((.(((((..((((((((.((((.(((....((((((.(((...)))...))))))....))).)))).))))))))...)))))))))))......))))))).)))).......(((.((....)).)))...........(((.((....)))))((((.((((......))))))))......((((....))))(((((.((((((.....))).))).)))))...........(((......)))))))))... (-186.70)
Adalimumab_LC_topk_82	705	0.45673758865248226	-189.2	-0.2683687943262411	..................(((((..(((((.......((((.((((((...((((.((((((((.....((((((((........(((((.(((..(((.((.....)).)))..)))............(((((.....(((((((....(((...((((((.(((((((((((....).)))))).....))))..)))..)))...))).......)))))))...))))).....(((((((((...(((((((......)))))))............((((((((..(((......)))))))))))................((((.......)))).(((........)))(((..((((...((((((((((..((((((((..(......)..)))))))).))))))))))))))..))).........))))))))).))))).))))))))(((((.(.((((...)))).).))))).((......)).....(((((.......))))).))).))))).)))).))))))))))...)))))((.((((.((((((((.......(((((.((.(..(((....(((((((......((.......))....)))))))))).).))))))).....(((.((((((.......)))))))))...)))))))))))).)))))))... (-189.20)
Adalimumab_LC_topk_227	705	0.4595744680851064	-180.4	-0.255886524822695	..((((((((((((............)))).)))))........(((((.(...(((((............))))).).)))))..........((((..((.....))..))))((((((((......(((((.((((..((.(((.............(.(((((((.(((((....(((......)))........(((...........)))...(((((...(((((((((.(((..((((((...((((((((((....)).))))....))))....))))))(((((((....))))))).(((((((((......))).)))))).....))))))))..........)))))))))......))))).))))))).)))).))..((((((((((((....((((((((((.(((((((...........)))))))(((.....))).(((((.....((((.....))))..))))))))).))))))...)))))))).)).)))))).)))))..((((......))))(((((((((((((((.((....................)))))).....)).))))))))).((((.....))))..((..(((((.........))))).)).)))))))).....((((...)))))))..(((((...(((......)))))))).... (-180.40)
Adalimumab_LC_topk_48	705	0.4425531914893617	-185.3	-0.2628368794326241	.((((((..((.................(((.....)))(((((((((.(.(((((((.(((.((((......((((((.(((.((((...((......)).....)))).))).))))))......(((..((.....))..))).....(((((((((((((..((((.(((((.(((((..((((((.......(((((........))))).....)))))).((((((.(((((((((((((((...))))))))))..)))))(((((((((.((((((.....(((..((((((........))))))..))).....((..(((((...)))))))(((..........)))...)))..))).)).)))))))...........(((......))).(((((((..............)))))))........)))).))))))).)))))..)))).))))))))))))))))).))).)))))))..)..))))))))).(((((..(((...))))))))))..))))))(((((((((......))).))))))...(((((((((((.....))))).((((....(((((........((.......))........)))))....))))..((((...)))).)))))).(((((.(((((..............)))))))))).... (-185.30)
Adalimumab_LC_topk_214	705	0.4581560283687943	-192.2	-0.2726241134751773	.(((....(((...........(((((.((.(..((((((((((((((..(((.((((((.....(((((.......(((.(.(((((...((((((((.(((.....((((((.(((.......))).(((...(((((.(((((((........))))))).)))))....)))...(((((((.((((..(((((.......)))).)..)))).(((.(((.((((((((.......)))))))).))).)))...)))))))..........................(((((.....))))).))))))(((((((((((...(((((.....(((...)))...(((((((((....)).))))))).(((((((((((..((..((....))..))..)))))).))))).(((((....((((...))))...))))))))))..)))))))))))..((((..............)))))))))))))))...))))).).)))...(((((((((.....(((....))).))))))))).........)))))....)))....)))...)))..))))))))................))))))..).)).)))))...(((((....(((((......)))))...))))))))....)))..(((...((((((....))))))..))). (-192.20)
Adalimumab_LC_topk_168	705	0.4581560283687943	-188.1	-0.26680851063829786	....((((((((((......)))))))))).((.((((((((..((((((((((((...(((((.(((..(((((.....((.((((((((...(((((.........((((((.((....))))))))((((..((...))..))))..)))))......)))))))))).(((((.(((((....)))))......))))))))))))))))))....(((((.((((.((((...))))..))))))))))).)))))))))).........((((((..((((......))))....((((((.((((((...((.(((((((.......))))))))).))..)))).))))))..))))))...))).))))).)).......((((((((......(((((.(((.......((((((((((((((((((((.(.((......))))))))))))))))..............((((....(....)...))))....)))))))))).))))).....((((.(((....))).(((((((((......))).))))))...)))).......(((((.(((((((((((.......)))).)))).)))...))))).....(((((.((...(((((((((((.((........)).))))))...)))))..)))))))..))))))))..... (-188.10)
Adalimumab_LC_topk_117	705	0.4595744680851064	-181.6	-0.2575886524822695	..((((((((.(((..............))).)))))))).....((.((((.((((.(((((..........)).)))))))((((.(((......((((((..((((((((((((((((.....(((..((.((.....)).))....))).......)))))))))......((((((.(((........))).)))))).....(((((((.((.........)))))))))(((..((((.(((((.....))))).))))...))).....)))))))....((((((........))))))((((....))))(((((((.......)))))))((..((((((.......)).))))..)).(((((((.....(((.....))).....)))))))(((.(((((..((((((.((((.(((((.(((....))).(((((((....)))))))(((((.....................)))))....))))).)))).)))))).)))).).))).))))))....))).))))....((.((((...((((((((..((((.((....)).))))...........(((((....(((..(((((((.............)))))..)).)))..)))))(((....)))))))))))...)))).))..............).))).))... (-181.60)
Adalimumab_LC_topk_237	705	0.46099290780141844	-193.0	-0.27375886524822696	..((((((((((((....................)))))))).................))))............((((..(((...((.((((.(((((((((((.(((((..((.((((((..(((((((..((((.(((..(((....((...((((......))))...))....))).))).(((((....)))))........)))))))))))..............(((((((..(((..(....)..)))...)))))))...(((....((((((...((((((((((..((.(((((((..(((......((((......))))......)))....))).)))).))))))))))))..))))))....))).....))))))))))))).)))(((((((((..........)))))))))(((((((((((((((((((((((((((.........(((....)))...(((.((....)).))).)))))))))((((.......))))))))))((((((.((...(((((((......(((.....)))...)))))))..)).))))))..)))).))))))))........)))))))).))))))..((((.....))))..((((....))))....((((((((((((......)).)))))))))).......)))..)))) (-193.00)
Adalimumab_LC_topk_209	705	0.46099290780141844	-199.7	-0.28326241134751773	((((....((((((((((((((((.............((((.(.(((..(......)..))).)..........(((....(((....)))....)))(((.((((((((((((((.....)))))))))))))))))....))))...)))))))((((((((((((.(((.((((.(((((((...(((.........))).......((((.(((....))))))))))).))).))..)))))...)))))))))))).((((.((((((((((.((((((.........(((((((........)))))))........))))))..(((((.(........))))))..((((((.(((....((((((((((...((((((....))).)))...))....))))))))....)))...((((((...(((....(((((.((((..((((((((..((((((.(((...(((...(((....))).))).))).)))))).....))))))))...)))))))))...)))...(((((((((......)).)))))))..(((((........))))))))))).....((((...))))..)))))).......(((((((.....))))))))))))))).)).))))))))))))).....))))........(((((.........))))). (-199.70)
Adalimumab_LC_topk_135	705	0.46099290780141844	-191.4	-0.2714893617021277	..((((((((.....................)))).))))...................((((((((((((((((.((..(((((....((.(((...))).)).(((((((((((((((((........)))((((((..((((.((((...)))).))))((..(((.((....)).)))..)).)))))).(((((((........(((((((.((((((.....(((..((......))..)))...)))))).)))))))....))))))))))))...........))))))))).....(((((((.((........)).)))))))......................((((((.(((.((..(((....)))...)).))).)))))).....(((((((((((((..........))))))))).))))...)))))..))))))))))...)))))))).....((((((.((((..(((((....(((..(.(((((((.((((..(((((....)))))(((((((((...(((((((...(((.(((...(((((..(((..(((.......)))..)))..)))))..))))))...)))))))............((((....)))))))).))))).........)))).))).)))).).))).....)))))..)))))))))).. (-191.40)
Adalimumab_LC_topk_293	705	0.46099290780141844	-200.2	-0.28397163120567376	.((((.((((((.....(((((((.(((((.....(((...(((((((((((((((((..((((((....(((((..........))))).(((((....)))))((((((....((((.......)))).....))))))((((((((((..((((.((((((((((((((..((((((((((((..(((..(((.((.((........)).)).))).(((((....)))))..))).)))))))).))))..(((((..(((((((((((............))))))....))))))))))..((((....))))......((((((.((((((.........)))))).))))))...)))))))(((((((((......((((....(((......))))))).....))))))))))))))(((((.(((((((.(((..(((((....)))))))).)))).......((((.......)))))))....)))))..))..))))..))))))))))...((((((....))).))))))))))))))....))))))))))))..)))......(((((.(((((........)))).).))))).......)))))(((((.....)))))....)))).))).......))))))..)))).((((((((....))).....)))))....... (-200.20)
Adalimumab_LC_topk_239	705	0.4624113475177305	-198.4	-0.2814184397163121	...(((.(((((..........((((..((((....((....(((((((((..((((((...(((...))))))))).....(((((((((((.((((((..(((.(..(((((...((..((((.....)))).))))))).).)))..))....(((((....((((((((((((.....((........))....)))))......(((((((((..((((.....(((.(((((((((((..............))))).))))))((((..........))))......))).....)))))))))))))........((((((((((((((...........))))))))).)))))))))))))))))))))...)))))).)).))).((((..((((((((((((............))))))).))))).)))).(((((...(((((...(((.(((((((..(((((((((.....(((((....(((...((.((...)).))...))))))))..))))))))).))))))).)))..)))))...)).)))..(((((((..........)))))))..........)))))))))....))..))))..))))...))))).)))..((((((((...))))(((((((.................)))))))...))))......... (-198.40)
Adalimumab_LC_topk_178	705	0.4624113475177305	-191.7	-0.27191489361702126	..((((..((((....))))..))))..((((......(((((((.............))))))).......)))).(((.(((((((((((((.(((.((......(((((.(((((((((((..((.((((((((((.....(((.(((((...((((......))))...)).))).)))(((.....)))...((((((.....((((((.((((...(((((((..((....))............((((((((((((((.....((((((.((((......((((((((((..((((((((..((((.....((((((..........)))))).....))))...))))))))))))).))))))))))))))).......))).))))))))))).(((((.............))))).......)))))))...)))))))))).)))))).(((((.(((...........(((((.((((.(...).)))))))))))).))))))))))))))))).))))........((((((...((..((..((((((.....))))))..))..)).))))))..))))))).)))))......)).)))...))))))((((((.......))))))...............(((((((...................)))))))))))))).))) (-191.70)
Adalimumab_LC_topk_110	705	0.4624113475177305	-195.2	-0.27687943262411346	.(((......)))((...(((((((..((((.((((((((((.(((((.(((((...(((((((.((.(((((((((((((((((........(((((.(((.....((((((..((.......))..)))))))))..))))).....((((.....))))(((.(((..........))).)))..((((((...((.((........)).))..(((.((....)).)))))))))...))))....))))))))...))))))))))(((((..((........(((((((.(((.((...)).)))))))))).......))..)))))..................))))))))).)))))..)))))))))).)))).....((((((((...........................(((((...........)))))......((((((((((((.((((.((.............)).)))).))......)))))))))).((((((((.((((........(((((((........)))))))((((((((.((...(((((((..........))))))).)).)))).)))).....((((.(((((((.....)))..))))...))))(((((....))))).))))))))))))...))))))))............)))))))...)) (-195.20)
Adalimumab_LC_topk_65	705	0.4624113475177305	-198.0	-0.28085106382978725	((((..((((.((...((((........................((((((.((((((.(.(((((((..(...(((...........))).)..)))))))).)).)))).))))))(((((((((.(.((((((((((.(((((((.((.((...((((......))))...)).)).)))((((...((((((..(((((.((................)).))))).))))))))))(((((((((...)))))))))....((.((.(((.(((((((((.(((((((..(((((...)))))....))))......))).))))))).)).))).))))(((((.((((((.(((((((((...(((((((((((....(((......))).........)))))))))))...)))))..((((((..(((((.(((....(((((....)))))....))).)))))....)))))).......))))))))))..)))))...)))).)).))))))))))))))))))......((((((.((.(((.......))))).))))))))))...))))))))))......((((.((((.((.((((((((.((.......)).))))..))))))))))))))(((....)))((((((((((..((.............))..)))))))))).. (-198.00)
Adalimumab_LC_topk_26	705	0.4624113475177305	-197.7	-0.2804255319148936	..((((((((...............)))))...(((((((....((.(.((((..(((((((((((((((((.((((((..((((((....(((((.....))))).))))))..))))))((((.....))))((((....(((((...........((((.((((((..(....)..)))))).)))))))))....)))).......((((((((......(((((((.((.(((((((..((...))..)))..)))))).)))))))................(((.(((...))).))).))))))))...........((..(((((...)))))))..((((..(((...((....))...)))..)))).....((((.(.(((.(((...(((((((((((....(((.......))).)))).))))))).))).))).)))))..)))))))))))))))))...........(((((.(((..(((((.((((((((((((.(((....))))))))).......(((.(((((((...........)))))))...)))))))))))).))....))).)))))............)))))))..)))))))(((((.....)))))..((((((..((((....)))).)))))).)))......((...(((((....)))))...)). (-197.70)
Adalimumab_LC_topk_79	705	0.4624113475177305	-195.4	-0.2771631205673759	..(((((.((.....((((((((..(((((((((((((((.(((..((((((((..((((.(((.....))).)))).))))......(((((((((((...((((((((.....((.......)).....))).))).))...)).)))))))))(((((((.(((.......)))...))))))).......((((((((((...(((.((((((..........)))))).)))..))))).)))))..((((((((((((.....(((((((.((((((((..(((..(((...)))..)))((((((........((((((((....).))))))).........)))))).))))))))))....)))))........))))))...))))))((((((...((((((......(((((......(((((((((((((...))).))))))))))..((.((((((.............)))))).)))))))...))))))))))))....(((........))))))).))).)))))))))).......)))))....))))))))...)).)))))..((((((.......((((.((..((((..((.((............))))..))))..)))))).........((((((((.........)).)))))).........)))))).... (-195.40)
Adalimumab_LC_topk_295	705	0.46382978723404256	-189.2	-0.2683687943262411	((((((((.......(((..........))).......)))))))).....((((((((((((((...........(((((.((..((((((.....)))).)))))))))....(((((.((((.((((((((((.((((...(.....)...))))))))))).))).............(((..(((((.(................).)))))...)))......(((..((((.(((((......)))))...)))))))(((((((((((..(((((...))))).((((((.....)))).))((((((.......))))))(((((..........)))))..(((((.(((......)))))))).))))))...))))).)))).)))))..)))))..........((((((((((((...........))))........))))))))....((((((((((..((((...((......)).))))))))))))))..(((..((((.(((........((......)).((((((.((((.((.((.((((((..(((((.......))))))))))).)).)).)))).))))))...((((....((.(((.(....).))).)).)))))))))))..)))...(((((....)))))...((((....))))....)))))))))... (-189.20)
Adalimumab_LC_topk_91	705	0.46382978723404256	-187.3	-0.26567375886524824	..((((.((((.......(((.((((((((((....(((((..((((..(.....(((.((((.(........((((((.(((.((.....((((.......))))..)).))).)))))).......((((((((..(((((((......((...((((......))))...)).....))))))).(((((....(((....(((((((.((((((.(((....))).))).))).)))..))))..)))))))).((((((((........(((((((......((((..((....)).))))))))))).......)))))))).((((.......)))).))))))))...).)))).)))......)..))))....)))))((((((((.((...((((..................))))))))))))))......(((.((((((.(.(((..(((..(((((((..((.(((((...((((((((....(((........).))....))))))))..((((..((((..........)))).))))....))))).))..)))))))..)))......))).)((((.......)))).))))))))))))))))))).))))))).)))).....((((.(.......)))))((.((((((((((......))))........)))))).)) (-187.30)
Adalimumab_LC_topk_116	705	0.4652482269503546	-202.2	-0.2868085106382979	..(((..(((((....((((...((((.(((((...(((((((((((((.....((((((.(((.....))).)))...)))((((((((((.....)))))....))))).(((((((((.((((.((((....((((....))))..))))))))...))))))))).)))))))).....(((.....)))...................((((((((((((.....))))))).)))))..((((((((((((((.........))))))....((((.(....(((((...(((((.(..(..(((((((((((......((.(((.((((..((..((((...........))))..))(((....)))...........(((((.(((((..((((((((((((((((..........)))))))).)))...)).)))..))))).))))))))).))))).............(((((..(.(((....)))).))))))))))).)))))..)..).).)))))))))....)))))....)))))))).(((((((..((((((..........))))))...........))))))).)))))))))).))))))))...)))))..)))........(((((((((.((....(((((............)))))....)).))))))))). (-202.20)
Adalimumab_LC_topk_210	705	0.4652482269503546	-191.9	-0.2721985815602837	.(((......)))...............(((.....)))..(((((((((((((.....((((((((....(((((...........)))))..)))))))).......(((((((((......((.(((((...(((((.(((((.(........).))))).))))).....(((..((((((....((((((.(((((((....(((((((................)))))))...)))))...))..))))))...)))))).)))((((((((((.....((((((.((((......))))((((....))))......(((((((((.(......).))))).......)))).))))))..)))).))))))..(((.....)))(((((......(.((((((((............)))))))).)......))))).((((.((.((((((((((((((........((((((((.((....)).)))....)))))))).)))).)))))..)).)))))).........(((((.(((((((((...((.(((........))).))....))))))).)))))))((((((((.....(((..........)))))))))))...))))).))((((((((....))))...)))).))))))))).........))).)))))))))).. (-191.90)
Adalimumab_LC_topk_76	705	0.4652482269503546	-188.8	-0.26780141843971633	..((..((((....))))..))(((((((.((..((.((((..(((..((((..((.(((((((((..((...((((((...(((..(((((((((.......))))))).))..))).........(((((((((((..((.((((.((.(....((((......))))....).)).)))).))..)))))............))))))..))))))..((........)).((((((.(........).)))))).((((((...((...(((((..((.((((..(((((((.((...(((((((((((((...............))))))..((..((.(((........)))))..)).....(((..((((...(((((.....(((...))).....)))))..))))))).....(((((.(((((....((((......))))..))))).)))))..............))))))))))))))..))....)))))).)))))...)))))))).....))..))))))))).))..))))..)))..))......(((......)))(((((...................)))))...)).))..)).))))))).........((.(((((......)))))))((((.......))))..((((.....((......))..)))).... (-188.80)
Adalimumab_LC_topk_218	705	0.4652482269503546	-189.7	-0.26907801418439714	.....(((((......)))))...........((((((.((((((((((..(((((.((((((..........((((((.(((.(((..((.(((...)))...)).))).))).))))))((((.....))))(((.((((..(((...(((((((((((..((((((..........))))))..)))......((((((((((((.........((((((.(((((((((((....))))))))....)))))))))....(((.(((.....((.(((((.....(((((((.......)))))))...............))))).)).....)))..)))((.........))...)))).))))))))((((....((((((((..(......)..))))))))..)))).....(((((((((((.(((.((((........)))).))).))))))).))))..)))))))).)))..)))).)))..)))))..).)))))(((...((((.((((..((........))..)))).))))...)))...(((.((....)).)))...............(((........))).)))))))))).....))))))...........(((.(((((((((((....(((((.........))))).......))))))...))))))))..... (-189.70)
Adalimumab_LC_topk_165	705	0.4652482269503546	-184.8	-0.2621276595744681	...(((((((......)))).....................(((((((((((((((.......)))).....)))))).)))))..((((.((((.......))))..)))).....((((((((..((((.(((...)))))))..))).)))))......((.((....)))).(((((((.((...((((((..(((((((((((...((((.......(((((...)))))......)))).......((((((((...(((((........(((((......((((.(((...))).))))))))))))))....))))))))..........((..(((((((...(((((......((((..(((((.(...(((((((((((((....))....(((((((((((((..........)))))))).)))))....(((((((...))))))).).))))))))))).)))))))))....)))))..)))))))..))..)))))))))))(.(((((......))))).)..)))))).(((((((..((.(..(.....)..).)).(((((((((((.....................)))))))..))))....((((((...))))))......)))))))..))..))))))).((((((((.................))))).)))))) (-184.80)
Adalimumab_LC_topk_150	705	0.4652482269503546	-203.3	-0.28836879432624113	..((((((((((....))))))))))((((((((......(((((.......(((((.....)))))......)))))((.((((.(((((..(((((((((..((((((((((...))))))..)))))))).)))))((((((.((((...)))).)))))).((((..........))))(((.....)))....((((((...((((((((((((...........))))))...((((((((((...(((....)))...))))))))))...........(((((.((((.(((((((....(((((((...............)))))))..)))))(((((....(((((((..(((((....(((((((((...((((((.(((((...)))))..))))))..))))))))).........((((((...(((((....))))).)))))).))))))))))))..(((((.......)))))..)))))....)).)))).))))).(((........)))....(((....)))))))))...))))))(((..(((((..............))))))))((((.......)))).))))).)))).))....(((((.....)))))))))))))..(((((((....(((((..(((.((.......)).))))))))...))))))).. (-203.30)
Adalimumab_LC_topk_256	705	0.4666666666666667	-183.7	-0.2605673758865248	.............((((((((((((((((((.......((((((((...((((((.....)))))).......((((.(.((((((..(.(((......)))...)..)))))).).))))......(((((((.(((((....(((((((....(.....)...)))))))....))))).))))))).((((...(((((((.............(((((..((.((((.((..((((...))))...)).)))).))....)))))................((((((((..........)))))))).((((.......)))))))))))....(((.((.........)).)))...)))))))))))))))))....((((((((((((.(((((...(((((((..........(((.(((.((((((.((((...((((..((.((((.((.(((.(((((((....((((...((((.(((..((..........((((..(((((......)))))..))))))..)))..))))))))......)))))))))).)).)))).))))))....)))).))...........))))))).))).........)))))))...)))))..........((((((((....))).......))))).)))))..))))))).))))))))))))).. (-183.70)
Adalimumab_LC_topk_224	705	0.4666666666666667	-201.1	-0.2852482269503546	...((((((((......))))))))(((((((((((.(((((((.((((((((..((.(((((((.........(((..((....))..)))....))))))).))..)))))))).)............))))))......)))).)))))))..(((((((((.(((((..((...((((((((...(((((((.(((((.((..(((.......))).)).))))).))))).)).)))).)))).((((.(((((....))))))))).......(((..(((((((((((((...((((((.(((....(((((...........)))))....))).))))..........)).))))))........)))))))..)))..(((((.((((((.(((((((..................))).....))))..)))))))))))..(((((((((((((((((((....(((((.......))))).(((((((..((.((...)).))..))))))).((((((...((((...((((.(((((..((((.....))))...)))))........))))...))))...)))))).))))).))))))))))).)))........))..)))))))))))))).(((.....((.((....)).))..(((((..((.......))..)))))))). (-201.10)
Adalimumab_LC_topk_42	705	0.4666666666666667	-186.9	-0.2651063829787234	.(((((...((((....((((((....((((((.((.((((.(((..(((((((.(((((.............))))))))..(((((...((((((((.((.....)).))))))))..........((((...))))...))))).....(((((..((((((((((((.(((((.....((((.....))))...))))).....)))))((((((((((...(((((((((..((.....))..))).....))))))(((((...(((.................)))..)))))(((((((..(((((((((((((.........))))).....(((.((..........))))).(((((.................)))))))))))))..))....(((((((((..(....)..))))))))).......)))))(((((...))))))))))))))).....................)))))))))))).(((((((((((....(((..(((.((..(((.(((.((....)).))).)))..)).)))..)))(((......))).)))))....))))))....)))).)))..)))).)).)))))).........((((..((((...)))).))))...))))))..))))....))))).....((((((....))))))..... (-186.90)
Adalimumab_LC_topk_248	705	0.4666666666666667	-190.8	-0.27063829787234045	..((.(((((......)))))))....((((((((.(((((((((....(((((((((.(((.((((...(((((..........)))))....)))).)))..(((((((((((((..........))))))..))))))).((((((((.......(((.(((.(((..(....)..))).))))))((((..(((..(((((((((((((...)))(((((((...)))))))(((.(((((((........))))))).)))((((((((((....(((........))).....(((((((((..(((((.........)))))..(((........)))......((((((((....(.(((..(.(((.......))).)...))).)....)))))))).........)))))).((((((((((.((((((............)))))).)))))...)))))....(((((.....)))))))).)))).))))))....)))))))).)).)))..)))).).)))))))))))))))).....))).))))))...)))).)))).............(((((((((((((((((.....(((..(((((.....)))))..)))..))).)))..((((((.....((((......)))).))))))........)))).)))))))..... (-190.80)
Adalimumab_LC_topk_263	705	0.46808510638297873	-179.7	-0.25489361702127655	..((((.....((..((((.(.(((....((((((..............((.......))(((((((...(((((..........)))))....)))))))(((....)))(((((((.......)))).)))((((((((((((((.((((((..((((..((((.((....))..))))..))))(((((....))))).........((((((....(((((.((((.(((......))).)))))))))..))))))))))))...((......))...........))))).((((.(((((....(((.......(((((....))))).......))))))))....(((((.(((((........((((((......((((..((((((.((.(((......................))))).))))))..)))).((.((((.((((((((((((.(((..................)))..))))....))))))))..))))))...((...))((((((((........((((((.....(((.......)))....)))))).)))))))).)))))).........))))).))))))))).....)))))))))))))))...))).).))))....)).....))))....(((.((((....(((....)))...)))))))..... (-179.70)
Adalimumab_LC_topk_53	705	0.46808510638297873	-189.9	-0.2693617021276596	..((((((((........)))))))).........((((((((((......((((.(((((((((....((((.(((..............)))..))))..))))).))))....((((((........((.(((((((((((((((((.((.........(((((((..(....)..)))))))...((...................)).)).))))))))).....)))))))).))...((((..(((((..(((((.(((......))).))))).)))))))))...((((..((...))..))))((((((.((((((((...(((...(((.(((.(((........)))))).))).......((........))(((((.(((........))).)))))....(((((.....(((........)))....)))))..((..(((....)))...)).......(((((.....))))).)))...).))))))).))))))...((((.((((.((.((....)).)).)))).))))((.((((.((....(((((.((..(((((....((((.((.(((.(((..((((....)))).))).))).))))))...))))).)).)))))....)).))))))..(((((....))))).)))))).))))......))))))))))... (-189.90)
Adalimumab_LC_topk_97	705	0.46808510638297873	-193.0	-0.27375886524822696	(((((((((............................((((......)))).((((.......)))).......(((.....))))))))))))....((((((((((((((((...((.(((.((((((((..((((((((((((((...((((.(((((((((((((..........)))))).(((((((.(((....)))......(((((.(((...(((.((((.((....)))))))))......))).)))))(((((..(((.((((...((...(((((.(((.........(((((((((((((((((....((((((((((((((...........))))))))).))))).......))))))......(((((....))))).....)))))))))))..........))))))))...))...)))).)))..)))))........)))))))))))))).)))))))))).))))))))..((((...((((((((((.(((((..((((.....(((....))).))))..))))).)))...........(((((((..........)))))))...........))))))).)))).........((((.....))))..))))))))((((...))))..(((......)))..))).))...))).)))))))))))))..... (-193.00)
Adalimumab_LC_topk_64	705	0.4695035460992908	-182.4	-0.25872340425531914	..(((..(((((......(((((((...................((((((.((((((((((((......................((.((((......((((((((((((....(((((((...)))))))....(((((.(((((((........))))))).))))).)))))))))))).((..(((((((..............((((.((.(((.......))))).)))).........((((((.((..((((((((.((.....(((((..((((....(((((((..((((.((((((.(((.((.(((......((((...))))((((.....(((((..((.....))..))))).....)))).............))).)).))).)))))).)).............)).)))))))....))))...))))).....))..)))))))))).))))))...((((.......))))(((((..(((((((((.(((.......))).))))..)))))..))))).)))))))....)))))).))((((.((((((..........)))))).)))).)))))).)))...)))))))))..)))))))......)))))..)))((((......))))............((((((.((..............)).))))))..... (-182.40)
Adalimumab_LC_topk_137	705	0.47092198581560285	-170.2	-0.24141843971631205	.(((......)))..................(((((((((((.((((...(((((.((((((((((..............))))....(((((((.(((((((((.....))).)))).))..........(((((.((((..(((((.............(.(((((...(((.((((((.((((..(((.........)))..))....))))))))...)))....))))).))))))..))))....((((((((((....)).)))))))).))))).......(((......)))..)))))))..(((.........)))..(((((.......)))))......((((.(((.((((....(((((((((((((((((.(((((..((...((((((((...(((((((........((((.....))))....(((...((((((((((.(((((((((((.................))))))))....))).)))).))))))....)))((........))..........)))))))..)))))..)))......)).))))).)))....)))))).))))))))..))))))))))))))))).))))).)))).)))(((...(((.(.(((.(.((((.....))).).).))).).))))))................)))))))). (-170.20)
Adalimumab_LC_topk_101	705	0.47092198581560285	-185.7	-0.2634042553191489	..(((..(((((...((((.....((((((((((...((((..((((((((.....((((((.....((((..(((.......(((((.((((((..(.......)..))))))(((((((...)))))))...((((((((.(((.((..((((.((((.(((((((..........((((......)))).)))))))...))))....((...(((((.(.((((...((((((....))))))...))))).)))))...))(((((............((((.(((((..........))))).))))..........)))))..(((((.(((((.((((......(.((((((...(((......)))...)))))).)....((((.((((.(((.((((((((((............)))))).)))).)))...)))))))))))).)))))))))).........)))).))))).)))))))))))))))).))))..)))))).((((((((..(.(((....))).)..)))))))).......(((((((((((((.((........)))))))).))).).)))..))))))))))))))))...)))))).)))))))))..)))(((..(((..(......)..)))..)))................................... (-185.70)
Adalimumab_LC_topk_123	705	0.4723404255319149	-209.7	-0.29744680851063826	..((.(((((..((....))..))))))).((((((((((((.......((((.((((((((((....))...............(((((((((...(((((......((((((((.....)))))))))))))))))))..))))))))))).......((((((.((....))..))))))(((((((((....)))))........))))..(((.(((.((((((((((.(.((((...)))).))))))))((((((((((...........)))......(((((((((((......(((((((((.(((((.....(((((..((((...))))...(((((.............)))))..((((((((((..(((....(((.(((...))))))....)))..))).)))))))(((((...........))))))).)))....))))))))))))))................)))))))).)))))))))).))).))).)))..(((...))).(((((((.......(((((((((((((..(((((............((((((...((.((((((((.(.(((((...)))))..).))))...)))).))...))))))...)))))..)))))).......)))))))....)))))))....)))).......)))))))))))) (-209.70)
Adalimumab_LC_topk_223	705	0.4723404255319149	-189.6	-0.26893617021276595	...................((((..(((((.(((.........(((((.((((((((((..((((...))))..))(((((...(((((.(.((((((.(((......))))))))).)...)))....((((.(........)))))...(((.((...((.((((((..........)))))))).)).)))................((((((((......((((..(((....))).)).))....))))))))))..))))).((((((((((((((...........(((((.....))))).((((..(((......)))))))(((((....))))).............((((((((..((((((.(((....(((((.(((...)))...)))))...)))))))))...)))).))))))).)).)))))))))((....(((((((((((..((((........((((((...))))))...)))).)))))))))))....))..............)))))).)).))))).........))).))))).....))))...........(((((((((((.(((((....((((...))))((((.((..((((((((...)))))))).)).))))......))))))))....................(((.....))))))))))). (-189.60)
Adalimumab_LC_topk_172	705	0.4723404255319149	-194.9	-0.2764539007092199	.....(((((..((........))..)))))......((((((.(((((.....((((.((((((.............((((.(((((...(((.(((((((((((.(.((((..((((((((..........(((((((((..(((.........((((......)))).........))).))).))))))...))))))))..)))).)))).......)))))))).))).((((((.(((......))).).)))))))))))))).............(((.((((((.((((((........))))))....))))))))).(((((((...((((....(((...((((((((((((((....(((((((.((....)).)).)))))((((...))))(((((((((((.((((.((....(((((((.........))))))).)).)))).............((((((..((.......))..))))))....)))))))))))..))))))))..(((((......)))))(((((((......)).)))))))))))....))).....)))).....)))).)))....)))))).)))).....((..((((.....)))).))...((((.((((((....((((....))))....))))))....))))...)))))))))))... (-194.90)
Adalimumab_LC_topk_243	705	0.4723404255319149	-205.9	-0.29205673758865247	..(((..((((((...(((.......((((((((.(((.....((((((((((.......((((((((.....((((.(.(((.....((((.((((.....)))).))))))).).)))).......)))))).))......)))).))))))..(((((((.(((.......)))...)))))))((((..(((((..((((((..((((((................))))))((...(.(((....))).)...))(((((((......))))))).....)))))).)))))..))))(((((.((((((((...((.((.......((((..(((((((((((........)))..))))))))..))))......)).))...)))))))))))))...((((((((............)))))))).)))))))))))....)))....))))))....)))........(((((((....(((((...(((((((..((....((((((..(((.......((((....)))).......))).((.....)).......(((((.(((((.(((((....((((.((..(((...)))..))))))...))))))))..)).)))))((.((.((((......)))).)).))))))))))..))).))))....))))).....)))))))... (-205.90)
Adalimumab_LC_topk_253	705	0.47375886524822697	-200.3	-0.284113475177305	.(((......))).((((.((((((((...((.((((((.......((((((...(((.((((((((.......(((...)))...........)))))))))))..))))))..((((((((((...(((.(((((...((.((((..(((.((((...(((((((((.(((((.......(((((..((((....(((.((((((((((((.(((((((......)).))))))))((((((((....)))))..)))((..(((.((((......(((.......))).....)))))))..))..))))............))))).)))......)))))))))....(((((.........)))))))))).)))))))))..)))).)))..)))).))(((((.((............)).)))))((((.((((...((((((((((.(((((((..((............))..))))))).)....)))))))))...))))..))))))))).))).))))))))))...)))))).))....))))))))...))))((((((.(((.....(((((((.................)))))))..........((((...))))....(((((....)))))....))))))))).((((((.((..............)).)))))).... (-200.30)
Adalimumab_LC_topk_217	705	0.475177304964539	-190.4	-0.2700709219858156	........((((((.....................))))))(((((((((...(((.((((........)))).)))....((((....((((((....(((..((((((((...((.(((((......))))).)).(((.(((((((.....(((.((((((((.((((............((.......))...(((((........))))).....((((((((((((.((.(((.((((((....))))))..))).))....)))))).....................((((((((.....(.(((((........((.....))((((....))))..............))))).).....)))))))).....((((((((..(......)..))))))))...(((((((((((...(.((...)).)...)))))...((((((.(((((((((....).)))).....)))..).))))))...(.(((((((..............))))))).))))))).......)))))).)).)).)))))))).)))....))))..))))))............))))))))...))).)))))).....))))......((((....))))....((((...))))(((((((.((.(((...)))..))))))))).....))))))))).. (-190.40)
Adalimumab_LC_topk_6	705	0.475177304964539	-185.7	-0.2634042553191489	.(((......)))((((..(.((((((...((((.(((((...(((...((.(((((...(((((......((((((.........))))))....))))).(((((((....)))))))........(((((((((...(((((...(((((...((((......))))...)).))).)))))....))))................(((((((...(((((..(((((((........))))))).)).)))...))))))).)))))((((..((((((((....(((......)))((((((..(((((....((((..(((..((..(((....((((((((........))))....))))....)))....))..)))...)))))))))..)))))).............(((((..((((((((..........((((((((....).)).)))))))))(((....)))))))..)))))......))).)))))..)))))))))..))...)))....)))))......(((((((((...((.(...((..((.(((...(((....)))))).)).))..)))..))))))))).....))))...)))))).)..))))...((((.((((((...((...(((((.........)))))...))....))).....)))))))..... (-185.70)
Adalimumab_LC_topk_38	705	0.4765957446808511	-182.5	-0.25886524822695034	.(.(((..((..............................((((.((((((((((.((((((((.(((..((((((.(((((........((((...((......))))))(((.(((((.((......)).)))))..))).(((((........))))).(((.(((.((....)).))).)))...........))))))))))))))))))...((((..(((.(.(((((((((.(((((.((((.((((((((((((((...)))))))........(((((((((((........)))))))))))...(((((((.((((...)))))))))))..(((((...((....))..))))).......)))).)))..)))).)))))..((((.((((((.((((((............))))))..))))))))))))))).)))).).)))..))))......................)).)).)))))))))).)))).((((((.((((.((.((.((((((.........(((((.((......))..)))))(((((.............))))).......................)))).)).)).)).))))...))))))..(((.(......).)))..(((((((((.(((....))).).))))))))..))..))).).... (-182.50)
Adalimumab_LC_topk_126	705	0.4765957446808511	-191.5	-0.27163120567375887	...(((.....(((.....)))........................((((...((((.((...((((....(((((((.((((......(((((((((...(((.((....((((((.(((((((((((((..((((((...(((((....((...((((......))))...)).......((((.....))))...)))))......(((((((((((((..((..(((..((((......(.(((((((((((.((((......))))..........(((........)))...))))))))))).)((......((((((..((((.((((((((.((((.........(((((((..(...(((((((((((((...((((((((.((.....))..))))))))..)))))))))))))..)..))..))))).........)))).).))))))).))))...))))))......)).))))..)))..))...))))).)))))).))))))))..))....)))))))))))....)))))))).)))...)))))...))))........)))).)))))))...........))))....))))))...))))))).....((((.(((((.(((((((((....(((((.........))))).......))))))...)))))))).)))) (-191.50)
Adalimumab_LC_topk_63	705	0.47801418439716314	-184.1	-0.2611347517730496	..(((((.................................(((.(((((((((.....(((((.......((((((...........))))))....(((((...((((.((.........)).)))).)))))((((((((.(((...(((((((((...((...((((.(((((((...(((.........................(((((.((((....(((.....)))((((((((((((...))))...))))))))(((..........))).........)))).)))))((((((...(((..((((((....((((((((((((....(((...)))..))))))).))))).......)))))).......)))......((((((..((((((((.............)).)))))).))))))....)))))).)))..)))))))..)))).))....))))))))).))).))))))))..)))))))))))))).)))......((((......(((.(((((((((....(((((((..((......))...(..(((.(.((.((.(((((..(((........)))..)))))..)).)).))))..)....)))).))))))))).))).))).....)))))))))((((((.((((..........))))...))))))... (-184.10)
Adalimumab_LC_topk_194	705	0.47801418439716314	-202.9	-0.2878014184397163	.(((......)))......................(.((((((....(((((....(((((((..........((((((.(((.((..((..............))..)).))).)))))).......((((((((((((.(((((............))))).)))))...(((((.....((((...)))).....))))).........(((((...(((((.(((((((((.(((.....))).)))).((((((((((((.(...(((((((((((...........((((((..(((((((.((((........((((((.........)))))).......)))))))))))))))))....))))).)))))).).))))))..(((((((.(((..((..(((..((((((((((.((((.....))))))).)))(((((((((((((((.....)))))......((((.....))))))))))...))))...))))...)))..))))).)))))))((.(.((((....)))).).)).)))))).))))).))))).))))))))))))............(((((...)))))..)))))))...)))))((((...))))......)))))).)((((((((.((.(((.......................))))).)))))))).. (-202.90)
Adalimumab_LC_topk_216	705	0.47801418439716314	-203.5	-0.2886524822695035	..((.((((......)))).)).......................(((((.....((((((.((((.......((((((.(((.((..((..............))..)).))).))))))............((((.(((.(((((.(((.(.....(((((((.(((..........))).)))))))....(((((..............)))))...(((((((((((((.(((((((((..((((((((((..((((((..(((((((...........(((.(((.(((((.(((((((..(((..(((((........)).)))..)))..)))))))(((........)))((...))..))))).))).)))(((((.((((..((.(.((((((..((.((.(((..(((....)))..))).)).))..))).))).).))..)))))))))))))))).....))))))))))).)))))............))))))))).))..))))))))))).).))))))))..)))))))))))))))))..))))).................(((((((((......(((((((....)))).)))......((((.((..((((.(((...((..((((((((.....))))))))..))..)))))))..)).)))).....))))))))). (-203.50)
Adalimumab_LC_topk_159	705	0.4794326241134752	-204.9	-0.2906382978723404	..(((...((((....))))......((((((......(((((....(.((((....))))).(((((.....((((.(.(((.((((((((..((....)).))))))))))).).)))).......)))))(((((((((.((((..(((..((((((((((..(((.(((((((..(((......)))..)).((((((((((((..((.(((((.(((((((...)))))))...))))))).....((((((((((((((.((.(((................))))).))).)))))((..(((((((.(((......)))..)))))))..))))))))...........((((.(((..........(((((.(((...(((.(((......))).)))))).))))))))))))..))))))))))))...).)))).)))))))).))))))))..))))((..(((((((...((.((((.((....(((((.(....).)))))...)))))).))...))))))).)).(((((((((......))).))))))...(((((.(((...)))))))))).))))))).(((.(((.......))).)))....((((((...))))))....))))).....))))))))).........((.((((((.((.......)).)))))).)). (-204.90)
Adalimumab_LC_topk_70	705	0.48226950354609927	-206.3	-0.2926241134751773	..((((((((........))))))))..........................(((((((((.(((.......((((((..((((((..((((((....)))))..)..)))))).(((((((..((.((((((..(((((((((((...((((........(((((..(((((((....).))))))..))))).......))))....((((((....((((((((((((..((((((((((((......((((...(((((.......)))))...)))).((((.((((((........)))))).))))...........(((..(((.......))))))...........)))).))))))))..))..........((((.......)))).....((((..(((..((((((((......(((.....))).....)))..(((.((.((((.(((...(........)...)))))))..)).)))..........)))))..)))..))))))))))))))(((....))).(((((.(((..((..((......))..)).....))).)))))....)))))))))))))...))))......((((.((.......)).))))..)))))).)).))))))).....((((.............)))).))))))))).))))))))).... (-206.30)
Adalimumab_LC_topk_229	705	0.48652482269503544	-186.1	-0.26397163120567374	..((((.....((((((.....(((((((((((.((((((((..............))).)))))......((((((.........))))))....(((((((...((((..(((((.((..(((((((((((((((((.....(((((((((.........))).)))))).....))))))))..((((.........))))......((((..(((.(((((.(((((((((....)))))))))...(((((..(((..(((((..(........).)))))..)))))))).(((...(((((((((((.((........))..))))))(((((.(((((((.........))....))).))..)))))..(((((((((...((......))...))).))))))...)))))...))).(((.....))).)))))))))))).(((((.(((.((.(((.....(((((((.((.....))...)))))))....)))..)).))).))))).......))))))))).....)).)))))..))))..((((.(((((.....((.......)).....))))).))))..........))))))).)))))))))))..)))))).((.(((.(......).))))).))))...(((.(.((((.................)))).).))). (-186.10)
Adalimumab_LC_topk_161	705	0.44964539007092197	-186.2	-0.26411347517730493	...............(((((((.((((((((((((((..((((((....((((.(((((.((.(((.....(((((((...))).))))..((......))))).)).))))).))))...........((((((((((.((..((..(((.....((((......))))......)))..))))...((((((...(((((.......(((.....)))......))))))))))).((((..(((..((((((((((((((((...)))).........((((...((((((........))))))))))))))))).)))))))).)))).......))))))..))))...((((........))))((((((((....(.((((((.((......)).)))))).)...)))))))))))))))))).)))))))))).)))))))(((((((((((((((((((.................)))))))))....)))))))))).......(((((((((......((((((....((((((((((....))).)))))))...))))))(((((.....))))).((..(((((.(((..((((.(((.(((.((.......)).)))...)))((((.(((((.(.......)))))).)))).....))))..)))...))))).))))))))))) (-186.20)
Adalimumab_LC_topk_114	705	0.4482269503546099	-177.7	-0.2520567375886525	.................................................((((((((.((((.((((..(...((((.........)))).)..)))).))).((((((((((..(((((.......(((((...(((((((..((((((.((..........)).)))))).)).))))).((((.....))))...............(((.((..((((.........(((......))).........))))..)).)))(..((((((((....(((((.(((((..((((...((...(((.(((((((((((.(((((((((((((((((...((...)).)))))))))))...(((((..(((((((.....(((.(((((.(.((((((((((.((((((((((............)))))).)))).)))...))).))))...).))...)))))).....))))))))))))......(((....))))))))).)))))).))))).)))))..))))))))).)))))))))))))..)......(((((((.(((((..............)))))..........)))))))...(((..(((((.....)))))..)))..))))).(((....))).....)))))...))).)))).)))..............).)))))))). (-177.70)
Adalimumab_LC_topk_258	705	0.451063829787234	-191.2	-0.27120567375886523	..((.(((((.((((........))))....))))).))....((((..(((...(((((..(((.....(((((((.......((....((((((((.(((.....((((....((((((...)))))))))))))..))))))))....))...((((......))))....(((....)))(((((((((....(((((........))))))))..))))))....(((....))).)))))))))).))))).)))..))))....((((((((((..(((((((((((........)))))))))))...(((..(((((((..........(((((((((((..((.....)).))))...((((((.(((((...((((..(((....)))))))..))))).))))))((((((((((.((.(((((((((((..(.(((((...))))).)..)))))..............((....)).))))...)).)).))))))))))....)))))))..((.((((.(((.((....)).))).)))).))..)))))))))).......(((((((....)))))))(((((...(((((...)))))...))))).............((((.((((((..(((......)))....)))))).))))...............)).)))))).)) (-191.20)
Adalimumab_LC_topk_235	705	0.44964539007092197	-188.9	-0.2679432624113475	...((((((((.......................((((((((.((((.((......((((((((.((......(.((((.((((((((((.((....)).))))....)))))).)))).)....)).)))).))))....(((((((........))))))))).)))).))).)))))((((((..(((((....(((((........)))))..(((((((((((.((((((((((((((((((((...)))))))).)).))))).....(((...))).........)))))....)))))).)))))....((..(((((....)))))..)).))))).((((((((((((((((((((((.(((((((.............(((.(((((((.((.((((.((((((........(((((((((((((.((...(((...)))..)).)))))))))).))).....((((...(((((.((..((....)).))))))))))))))))).).))))).))))))).)))....((((((.(((..(......)..)))...)))))).........)))))))....)))..))))))))))).....(((((.....))))))))))))).....(((....)))))))))))))))))(((((..((..(((....)))..))..))))).... (-188.90)
Adalimumab_LC_topk_118	705	0.44964539007092197	-178.0	-0.2524822695035461	......................................((((((((((.(((.((((((.(........).))))))..)))........((((.((((......))))))))....((((((...(((((..((((((.(..(.(.........((((.((((((((((((......(((((....))))).....((((((.((..((.((((............(((((((((((..((((((((.((((((((((((......)))).))...)))))).........((((((.....))))))(((.(.........(((((.((((((((...........))))))))..)))))).)))...))))))))....)))))))).)))(((((.((((((.......((((((....(((((((...((((((.(((.....(((((((.(.(.(((................))).).).))))))).)))))))))......)))..........))))..)))))).((((..((((((((......)).))))))....))))....))))))...)))))...(.((((.....)))).))))))).)).))))))....)))..)).))))))).))))).)..).))))))..)))))..))))))............))))))))))... (-178.00)
Adalimumab_LC_topk_281	705	0.4524822695035461	-171.9	-0.24382978723404256	..((((.((((......)))).))))..............((((..((((((.....((.((((((.(((...(((((....(((.((((.(((...........)))))))...)))...((((.....))))((((((((..((...(((((((((..(((((.(((.((....)).))).))))).((((.................((((((((.........((((((.(......)))))))((((((...(((.(((.(((.(((......)))))).....)))))).....)))))))))))))).......(((((....))))).....)))).............(((((((.((((..(((((............(((...(((((.((((((..................))))))...)))))....)))...)))))..)))).)))))))......))))))))).))..))))))))..))).))...))).)))(((((((.(((((..(((.((.....)).)))....))))).(((.....(((.((((.............)))).))).....))).)))))))...))).))....)))))).....(((((.((.((.....)))).))))).))))......((((((.((..............)).)))))).... (-171.90)
Adalimumab_LC_topk_32	705	0.4524822695035461	-195.8	-0.27773049645390074	.(((......))).................((((((((((((......((.((.......((.(((((...((((((((.(((((((.((..............)).))))))).))))...))))..)))))))((((((((((.((((((((..(((((((((((((((.(((((...(((((((.((((((...........(((.(((((........)))))...))))))))).))..((((((((.(((((((((..((..(((((......((((((((.(((((.(((((((........))))))).)))))))))))))(((......(((....)))......))))))..))..))..))))).)))).))))))))...((.(((((((..(((..........)))...)))..)))).)).....)))))..)))))...(((.(((((((.(((................))))))))))..)))..(((((((((((.........)))))).(((....))).((((((((((....))).))))))).....))))).)))).)).))))))))).))))....(((((.((.....)).)))))...........)))))))))))))).........((((......)))).........)).))......)))))))))))) (-195.80)
Adalimumab_LC_topk_147	705	0.45390070921985815	-191.8	-0.2720567375886525	..(((..((((......))))..))).........(((((((((((((((((((.....((((((......((((..........)))).......))))))(((((..((((((((...))))))))..)))))......))))).))))))((((..((((.(((((.....(((..(((((((.............(((((.......))))).....(((((((((((.....((..((.(((((((.((((..(((((((...))))))).))))........((((((........))))))(((((((((...(((((((..................((((.....(((.....(((...((((((((....(((..((((((((((((.(((((((((((((((((..........))))))).)))))))....))).))))))...))))))..))).....)))))))).)))....)))...)))).)))))))...)))).))))).(((((.(((.((....(((...(((((.((......))..)))))...)))..........)).))).))))).........(((((...))))).....)))))))))..))....))))).)))))).....))).))))))).....)))))...)))).))))......))))))))... (-191.80)
Adalimumab_LC_topk_262	705	0.44680851063829785	-176.8	-0.2507801418439716	((((((...(((...((((((....((((..............((((((.....(((...((((((.(((...((((.(.(((((((....(..((....))..)..))))))).).))))......((((((((((((..(((.(((((((..(((..((((.((....((...........))....)).)))))))..))))..))).))).......(..((((((..(((......)))....))))))..).)))))))))).)).((((.((((((((.(..((((.((((((((.....((((....)))).....((((.((.......)).))))..........((((((....)))))))))))))...........(((((((...((.((.(..............).)).))...)))))))...((((((((((..........)))))).))))................).))))..).)).))))))))))((((.((.(((((....))))).)).))))..)))))))))...)))))))))......(((((.((.((..((((....((((.(((((((...))).)))).))))...)))).)).)).))))).....((((....)))).....))))..))))))...))).....))))))................. (-176.80)
Adalimumab_LC_topk_280	705	0.451063829787234	-188.8	-0.26780141843971633	...(((.(((((....))))).((((((((((..((..((((((((((((((((((((.((.(.....))).))))))..((((....))))(((((..((((((.(.((....(((((((.(((..(((((((.(((.(.(((((((..........(((..((((((..........))))))..)))....(((((..(........)..)))))))))))))))).)))))))..)))..(((((....)))))((((.((((....)))).))))..........(((((((....))))))).(((((((.......))).))))(((((....)))))....((((((.(((.....((((((((((((((....(((((((..(((.((....))))).)))).))))))))))))..........(((....)))))))).....)))..))))))........)))))))...)).).)))))).)))))....((((.(((.......))).))))....(((....)))))))))).......)))))))..((((..(((((.((.....)))))))...)))).....(((......))).))..)))))))))).........))).........(((((.(((.((.(((.....((.((....)).))....))))).))).))))). (-188.80)
Adalimumab_LC_topk_104	705	0.4524822695035461	-181.5	-0.2574468085106383	..((.(((((.((...)).)))))..))....((((((.((.(((..(((((((((((((...............)))).((.((((....(((.....))).....))))..))(((((((....((((((..((((((((((((((((((((......(((((((((..........)))))))))((((.((..............)).)))).(((((((.....(((.((((((...........(((.((((((.((((((((.((..((........))..)))))((((((.((...)).))))))......))))).)))))).))).....(((..............)))..(((.((..(((((.......((...(((((((((......)))))...........)))).))......)))))..))))))))))).)))....))))))).))))))........)))))).))))))))((((.((((((..(((.((((((.((........(((......)))......((........)).(((.((....)).))).......))))))))))).))))).).)))).......((((((((.....))))..))))..))))))...)))))))(((.((((......)))).)))))).))).))).))).)).))))))... (-181.50)
Adalimumab_LC_topk_8	705	0.44680851063829785	-166.8	-0.23659574468085107	..(((.((((((((((.............))))....(((((....(((((..(((((((((((((((.......((.(.((((((.......(((.......)))..)))))).).)).........))))).)))....(((((((........)))))))...(((.((....)).))).(((((((.......(((((((((((..((((...((((((((....)))).))))....((((....)))).((((((.(((((..(((................)))..))))).))))))..((((....))))....))))...)))).)))..))))............((((..((((.....(((((...............)))))..)))))))).......))))))).....)))))))..))))).)))))(((((((..((((((((..................)).))))))...))...)))))........(((((..((.((((....))))))..))))).(((((((..((((.....))..))...))))))).((((..((((((.((............((((..((.....))..)))))).))))))..))))...(((((....)))))...)))))).)))((((.((((.((....)).)))).))))....... (-166.80)
Adalimumab_LC_topk_109	705	0.4553191489361702	-194.2	-0.2754609929078014	..(((.((((......))))...((((((((((((((.....((((((.((..((((((((........)))))))).......(((((((((.((........)).)))))).))).............)).))).)))..))))))))))))))((((......))))((.((....)).))....((((....))))..........)))....(((((((((..((((((((((......((....))(((((..(.((((..(((((((((....((((.((((((((.(((..(((.((((.((((....(((.....((((...)))).....))).....)))))))).)))..(((((..(((((((...........(((((((.....))).))))((((((((..........))))))))....((((.((((((((.....)))).)))))))).....))))))))))))....(((.(...).))).....(((((.......))))).))).)))))))).)))))))))))))..)))).)..)))))...))))))......(((((((((((.(((((.......))))))))....(((((.....))))).(((......)))..((((...))))))))))))(((((.........))))).......))))))))))))) (-194.20)
Adalimumab_LC_topk_134	705	0.4524822695035461	-189.0	-0.2680851063829787	.(((......))).................((((((((((........(((((((((((.((((((((.....((((((.(((.((....(((......)))......)).))).)))))).......)))))(((((.....(((((........)))))..((((((.((....)).))))))...))))).....((((........))))..)))(((((..(.(((((((((.......))))).)))).).))))))))))).)))))..........((((((((((((((.(((((((..(((((((..((((..((.....))..))))...))))....)))..)))))))...))).).))).)))))))........(((((((.(((..(((((((..(((((...((.((((.((((.(((((.....((((((.(((((.(((((.((.((((..........((((((((..(((........)))..))...))))))...(((...)))..(((((....)))))(((((((((....))).)))))))))).)).)))))...........))))).......))))))...))))).)))).))))))..)))))))))))).))).)))))))......(((((....)))))....................)))).)))))) (-189.00)
Adalimumab_LC_topk_250	705	0.44680851063829785	-177.7	-0.2520567375886525	..............(((((((.....(((((((((..(((((((.((((((..(((.................((((((..((.((((...(((....))).....)))).))..))))))........(((((((((..((.(((((........))))).((((((......(((((((.(((.......)))..)))))))..)))))).....(((((((((((...(((((....((((((...))))))(((((.((.......))..)))))..............)))))...)))))).))))).....(((((.((((...))))))))))).))))))))))))..))))))..))).))))..)))))))))((((....))))........((((.(((.(((((((........(((((..((((((.(((...)))))))))...(((((((.(((................)))))))))).))))).))))))).))).))))....((((((..((.....))..))..))))....)))))))......(((......)))(((((((((((((..(((((((...)))))))(((..........))).....((((.(((((...)))))))))....(((.(((.......))).).))..)))))......)))).)))).. (-177.70)
Adalimumab_LC_topk_260	705	0.44680851063829785	-178.8	-0.25361702127659574	.(((((..((((((..............................))))))..)))))(((.(((.....))).)))...((((((.(((((((((((((((.((((((((((((((.((........(((((((((.......((....)).......)))))))))....(((((...((..(((......)))..))))))).....(((((((...(((....((((.((........)).))))....)))...)))))))..)))))))))((.(((((.(((....(((((((...))))).))...........))).)))))..)).)))))))..))...........))))))))....))))).))))))....(((((...((........)).))))).......((((((..(((((((.(((((...(((....))).))))).))))))).(((((((..(((((.......)))))....((((...(((((((((......((.((......))))........(((((((((......))).)))))).(((((((.(((((.....))))).))).)))).))))))))).))))..(((((.....)))))((((((((((.(.(((((((((.((....)).))))))))))))))..))))))))))))).))))))..... (-178.80)
Adalimumab_LC_topk_7	705	0.44964539007092197	-184.7	-0.26198581560283685	..((.(((((......))))).))..........((((((.........((((((.....))))))...(((((((...(((.....)))...)))))))..(((.((((((.((((((.((........)).))))(((.((((...(((.....((((......))))......))).))))))).)))))))).)))(((.(((((.((.((............((((((((..((.....))..))))))))..(((((((...))))))).....((((((((......(((((.((...)).)))))........))))))))(((((.((....)).)))))...((((((((..(((((.((((((((((.....((((.........)))).))))))))))....)))))..)))))))).)).)).))))).)))....((((((((((((.(((((.(((.((((((...((((......(((....)))..)))))))))).)))...((((....((((((((((....)))).))))))....)))).......((((((....((((........))))........))))))))))).)))))).))))))...((((....))))))))))..(((((((..((....((((((..........))))))....))..))))))).. (-184.70)
Adalimumab_LC_topk_86	705	0.4553191489361702	-185.6	-0.2632624113475177	.......((((...(((((..(((..((((((...((((....................(((((((........((((....((......))..)))).......)))))))...(((((((..(((((((((((((((.....(((((((....)))))))(((..(((.((((((.....(((.......)))...))))))...)))..)))...((((......))))((((((.(((((.((((((((((.((((((..((..((((......)))).))..)))).....)).)))))))))).)).((((((.((((((((...(((.......))).............(((...(((.....((.(((((...(((((...(((....))))))))..))))).))))).)))(((((((...........)))))))(((((....)))))((((((.((.................)).))))))..).))))))).)))))).....((((((...((((((....))).)))))))))....)))..))))))..((((...((((...))))..))))....(((.....((((..((.....))..)))))))...)))))).))))))))).)))))))...))))...))))))..)))..)))))..))))................ (-185.60)
Adalimumab_LC_topk_284	705	0.4453900709219858	-178.5	-0.2531914893617021	....((..((((((.(((.(((((((...(((((((.((((.((((..((.......((((.((((((((....(((((........................)))))((((((.((....))))))))(((((((((((...................)))))))))))...(((((.(((((((.................((((..((((((((((((...((((..((.(..........).))..))))..))))))))))))..)))).(((((((((((...((((((((.....))))))))..(((((....((((......)))).....))).))..........)))))))))))....((((((((......((((....((((......))))))))...))))))))...................)))))....)).))))).)))))))).)))).......)).....))))))))))))))).)))))))((.(((((((((((.....(((...........)))))))))((.((.(..((((((...))))))..).)).))..))))).))....))).))))))..))(((..(((((((((((((..((((.(((((((((........)))..))))..))...)))).))........)))))..))))))..))).. (-178.50)
Adalimumab_LC_topk_112	705	0.4453900709219858	-185.3	-0.2628368794326241	..(((((((......))).....(((((((((.(((((((.((((.((.(((.((((....(((...((((...((.(((.((((..........((((.(((...))).)))).((.(((((......))))).)).....(((((((((((...((((......))))...))...(((..(((.(((((.......))))).)))..)))...................)))))))))...........)))).))).)))))).))).....)))).)))))(((((.((((((.....))))))((((((((((.(((((((.......((..((((..(((...((((((((.........))))))))....((((((((.....((((((((......((((((((............)))))))).........((((...))))))))))))..))))))))...............)))..))))..))))))))).)))))).))))((........))))))))))).))))))).)))).)))))(((((((..((...........))..)))))))..((((.......))))..))))((((.((.......)).))))..(((...(((((((.....(((.(((((...)))))...))).....)))))))...)))........ (-185.30)
Adalimumab_LC_topk_29	705	0.4524822695035461	-188.4	-0.2672340425531915	..(((((((........................))))))).............((((((...(((...)))))))))(((..(((((.(((.((((..((.(((((..((((((.(((((((....(((.(((((((.(((...)))....((..((.((((((((.((....))..)))))))).))..)).....(((((((((((..((((((((((....(((((.(((.((((((((........))))....))))))).).))))...))))).((((.((((((...(((((((......(((((((.........)))).)))......(((.((((((((......))))..)))).))).)))))))...))))))..))))))))).((((((.((((...((((((.....(.((((((..(((((((((......))))))))).(((....))).........)))))))..)))))).)))).))..)))).)))))))))))))))))))))...)))))))....(((((((((....))).))))))...(((..........)))..(((((......(((((((((((((((((...((((.....)))).))))).))))..))))))))......)))))..))))))...)))))))..))))...))).)))))...))) (-188.40)
Adalimumab_LC_topk_274	705	0.451063829787234	-161.7	-0.22936170212765955	.((((((((.........)))).............(((((((.......((.(((((.(.(((((........((((...))))..(((((((.....((.(((((((((.(((((((((.((((.....))))(((((((((((....(((((....)))))((((((..........))))))..(((((((((..............((((........))))..)))))...)))).(((((....(((((((((((((.(............).))).)))))))))))))))..))))).))))))..))))..))))).)))))))))))..))))))).........)))))))))))))..(((((((...((((((.((.(.(((......(((((.(((...(((((.((.....)).))).))...))).)))))...))).).)))))))))))))))..............)))))))))))((((...(((((.(((.((((.....(((...(((((......)).))))))))))))).....(((.((....)).)))...............)))))))))((((((.(....(((..(((((.....))))))))...((((..(((....(((......)))...))).(((....))).............))))).)))))) (-161.70)
Adalimumab_LC_topk_170	705	0.45673758865248226	-187.5	-0.26595744680851063	..(((..(((((....)))))...(((((((((((((.((((((...((((.((((.......))))...))))(((((.(((.((..(...(((...)))....)..)).))).))))).(((((...)))))))))..)))))))))))))))...((((((((..(((((((....).))))))..)))))))).............)))((((((.((((........((.......((.((((..(((((((..((.(((....((((((((((((((...)))))(((((((.......))).))))........(((((....))))).....((((((((((..(((((.(..((((((.....((.(((.((....(((((...(((..((((((((..........(((....(((........))).......)))(((((....)))))......................)))))))))))...)))))..(((((..(((.((((((((((.....(((....)))...)))))))))).....)))..)))))..))))).))...))))))..(((.((((.........)))).)))......).)))))..)))))))..)))..)))))))))))).))..)))))))..)))).))........))........)))))).)))) (-187.50)
Adalimumab_LC_topk_283	705	0.45673758865248226	-190.9	-0.27078014184397164	.............((((((((((....................((.(((((((((.((((.(((..........(((.....))).((((.(((((((.((........)))))))))..)))).......))).)))).)))))).))).))........((((..(((....(((((((..((........))..)))))))...)))..))))((((((((..(((((((((((....)))))).((((((........))))))..(((((((...........((((((........))))))((((((((((......)))..).))))))...(((((.(((((((((((((((...(((((((((.((((((...((((((.(.((......)).).))))))..)))))).)))).((((.....)))).)))))..)))))..)))).))))))..))))).....(((((.......))))).)))))))((((.....)))).....)))))..))))))))..(((.((..(((((((..........((((((.((...........)).)))))).....(((.......)))....))))))).)).)))((((...........))))..(((.....))).((((((...)))))).(((((...))))).....)))))))))).. (-190.90)
Adalimumab_LC_topk_2	705	0.44397163120567373	-168.7	-0.23929078014184396	......................((((((.................(((((((......................))))))).((((...(((((((((.((....(((((((((.(.....).)))))))).)..))..)))))))))((((...(((((.((((((((......((((((((((((.(..(((.....(((((((.....(((((((((((.(((((((((..(((((.(((...(((((((((.((((....((((((.............)).))))....)))).))))))))).)))(((((........))).))..........)))))....)))))).)))...))))))..)))))..))).))))......)))..))))))).))))))........))))).(((((.((((((((.....(((...))))))))))).)))))..................(((((((((...((((...((((..(.((....)))..))))((((((((((((....)))).))))........))))((((.(((((..........((.(((.((..((.(((.....))).))...))))).)).........))))).))))((((....))))))))...).))))))))))))))))))))...........)))))))))). (-168.70)
Adalimumab_LC_topk_14	705	0.45673758865248226	-193.2	-0.27404255319148935	..((.(((((....))))).)).......(..((((((((((((..(((((((.((...(((((....(((((.((((..(((((((((.(((......))).)))..)))))).(((((.((((.....))))))))).....(((((.((((((..((((((((....((...........))....))))))))...)))..))))))))((....(((((((...))))))).....)).)))).))))))))))...)).)))))))...(((((((....((((.......(((((...(((((.(((((..((((((((((.(((......((((....(((.((((((((.........)))))))))))....(((((..((((....))))((((........((((((.....(((((...........)))))((((.((....)).))))..(((((((((....((((.(((....))).)))))))))))))(((((.......)))))((...)))))))).....)))).))))).))))......)))...)).))))).)))))))..).)))))...(((((...))))).))))).....))))....))))))).......((.(((((..........))))).)).....((((((...)))))).))))))))))))..) (-193.20)
Adalimumab_LC_topk_77	705	0.45673758865248226	-174.6	-0.2476595744680851	..(((......(((((.............)))))...(((((((.(((((((((((((((((.............((((..((.(((((((.......))).....)))).))..))))...........)))))))))....((((...(((.....))).))))(((..........)))((((.((((..((..............))..))))..(((((.......)))))))))...)))))))).)))))))((((((...))))))..........(((((((.((((((.....))))))..(((...........)))))))))).....(((((.((((......))))...)))))...((((...........)))))))(((.((((((.........(((((.......(((((((....(((..((((((((((((((.(((((((.(((((...................((((((..(((((((..((((((((((..(((((.(((.....((....)).....))).)))))..((((..............)))).....)))))).)))))))))))..).))))).))))).)))))))..))))....))))).))))).)))(((..((....))..))).))))))).......))))).........))))))..))) (-174.60)
Adalimumab_LC_topk_84	705	0.4425531914893617	-166.4	-0.23602836879432626	......(((((......).)))).............................(((..(((((......((((.((((((((.((.......)))))))....))).))))(((((((..........)))))))....(((((((.((((((((((((.((.(((((((.((((..(((((((((((.(((......)))........(((((((..............)))))))...))))))))))).((((((.(((.((((.((((((((((..(((......(((((((((..((((((.(.(((((....((.(.((((((....).))))).).))...)))))).))))))..)))......(((((.((.((...(((.....((((......)))).))).)).)))))))...)))))).))).))))))).))).)))).))).((((((.((((..(((......)))...)))).)))))).)))))).((..((((.......))))..))(.(((....))).)(((((((.(.....(((..(((((....)).)))..)))...).))))))).....)))).)))))))..)).))))))))).((((.....))))))))))))))((((((.....(((((....)))))...)))))).............)))))..))). (-166.40)
Adalimumab_LC_topk_119	705	0.4553191489361702	-187.0	-0.2652482269503546	..(((((((((..................).))))).)))......(((((((((((..(.(((((........((((...))))........(((((.(((((((((((..((((((...(((...((((.(((...)))))))....))).........)))..))).))))))))))))))))......(((.((((.((((((((....(((.(..((((....))))..))))....)))).)))).)))).)))))))).)..))))....((((((...)))).))(((((..(((((((.(((...((((......))))(((.(((...))).)))....))))))))))))))).......)))))))....(((.((((.((((((..(((((((((.(((((.........))))).))....))))....)))..)))))).)))).)))((((((((........(.((....((((((.((((((((..((((((((((((...............((((((......((((((...((((.......))))..)))))).....))))))....)))))))))..((..((((.....))))..))..(((((((.....)))))))..(((....))).)))..))..)))))).))..))))...)).)........)))))))).. (-187.00)
Adalimumab_LC_topk_45	705	0.4581560283687943	-178.3	-0.2529078014184397	.(((......)))(((((((((((((....((((...((..((((.......))))....)))))).......(((((..((((((...((((((((((((((.(((((((((.((((.(((......))).))))..))))(((((((..(((....))).((((((...(((((...((.(((.......)))..)))))))..)))))).(((.(((((((((...))...(((((.(((.(((((...))))).)))...)))))((((((...(((..((((.((...((((....)))).)).))))....((.(((((((.......))))))))).((((........))))..))).....))))))..........))).)))).))).((((.((.((((...((((((......(((((((((((..((.(((...))).)).)))))))))))....................))))))...)))).)).))))((((((.....)))))).....(((((....)))))(((((((((....))).))))))....((((((........))))))..))))))).......(((.....))))))))..((((.....)))))))))).)))))))).......)))))).........)))))...........))))))))))))).. (-178.30)
Adalimumab_LC_topk_34	705	0.4482269503546099	-179.5	-0.25460992907801416	..((((......(((((((.(((((((..........(((..((((.((((((..(((.(((.((((..(((((......)))).......)..)))).))).)))..))))))))))....)))....((((((((((.....(((((((..............))))))).....))))))))))(((.......(((.(........).)))......))).....((((((((((((((..(((.......))).))))))....((((((..(...((((.(((((((.(......((((.((((...........)))).)))).((((((((((.((........(((((((...(((((...((((((((((..((.(..(((...)))..).))..))))))))))))))))))))))..((((((((......((....))....)))))))))))))))).........))))...).)))).)))))))....)..)))))).....(((((((......)))).)))...((((((((......)).))))))....))))))))..................(((((...))))).)))))))...............(((((....((....))....))))))))))))....))))(((((..(((....)))))))).......... (-179.50)
Adalimumab_LC_topk_52	705	0.44397163120567373	-184.2	-0.2612765957446808	.............(((((.(((((((...(((((((.((((..............((((((((..........((((((.((((((..(((..(.....)..)))...)))))).))))))........))))))))..(((.((((.((.(((((((.((((((((((((.((((.......((((..((......))))))..........((((((.....((((((((...(((((.((((......))).).))))).))).)))))................(((.(((...))).)))))))))))))..)))))).)))((((.((((....((((((.(((((((((((.........)))))))....)))).))))))((((((((..((.((.(((((((((............))))))).)).)).....))..)))).))))..)))).)))).))).))))))))))))).)))))))))))))).)))))))(((((((..((((((((......))))).).))...))).((((((..(((.(((((...(((..(((((((.....))))).))..)))....)))))..(((((.................))))).....)))..)))))).)))))))))...(((((.(((((...(((....))).)))))))))).... (-184.20)
Adalimumab_LC_topk_21	705	0.45673758865248226	-182.6	-0.25900709219858153	(((((((((..(((((.............)))))....))..)))))))...((.((((((.(((.........(((...)))........((((((((.(((((.((((((..(((...))).....(((((..((((....)))).)))))...((((......))))..((((((((..((((.....))))...((((.......((((((((((....((((((((((((..((.....))..)))).......))))))))...(((((((.....(((..(((.((((((((((........)))))..........(((((((((((....((.....))..))))))).))))))))).))))))))))))).))))).)))))))))...))))))))..........)))))).)))))....((((...((((..(((((((((..((((((((.....))))).........))))))))))...))....)))))))))))))).))(((....)))((((((.....(((((((((......))).)))))).(((......)))...((((((..((((....((((((((.....(((..........)))))))))))..))))..))))))..........((((...))))....)))))).......))).)))))).)).... (-182.60)
Adalimumab_LC_topk_90	705	0.4581560283687943	-184.5	-0.26170212765957446	..((((..(((.((((((.......(((((.(..((((...(((.((((((((((((((((.(((........((((.(.(((((((.((..............)).))))))).).))))..(((((..((((((.((((.(.(.....).).))))))))))))))).....(((.......((.(((((....))))).)).......))).((((((...(((((((((........)))))....))))..))))))...(((((((..............)))))))...)))..))))))))).............(((((((((.((((...........)))).)))))).)))))))))))))..))))..).)))))..((((((((((.....)))))..............)))))(((...)))...((((((.(.((.(((((((((((((((((((((....((((.((......)).)))))))))...))))))))))))))))..)).)))))))...(((..((((((.((......))..))))))..))).........((((((.......................))))))...........((((((.......))))))............)))))).))).))))(((((............))))).......... (-184.50)
Adalimumab_LC_topk_166	705	0.4581560283687943	-186.9	-0.2651063829787234	..((((((((.(((..............))).))))))))(((((((.(..((((((((((.((((.......((((...))))(((.((........((((......))))...((((((...)))))))))))((((.....((((((.(((....((((.((((((..........)))))).)))).)))...((((((..........((((..............(((((((((((.((((((((((....(((((..((((....))))))))))))))............)))))))))(((((((...............)))))))....)))))))..((((((((((....(((.(((..(((...........)))..)))..)))))))))))))..((((((((.(((((.(((((((....((...((((.....))))))..)))))))....(((....)))....)))))..)).))))))(((((.....)))))..)))).......)))))))))))).....))))))))))))...))))))..).))))))).((((((((((((((((((((((......((..((.....))..))......)))))))).)))).(((((....))))).(((((((.................)))))))......)))))))))) (-186.90)
Adalimumab_LC_topk_28	705	0.44397163120567373	-167.5	-0.2375886524822695	.(.(((....................((((.(..((((.((((...((((((((......((((.((((...((((..((((....(((.(((((.(((((((..((.((.((.((.(((((........))))).)))).((((..................))))...)).))..))).))))..)))))..))))))).)))).))))))))....((((((.....))))))...(((((.((((((..(((((((((.(.(((((.......)).)).).).)))..)))))).....)))))).).)))).(((((((.((....)).))))))).((((...........))))))))))))))))..))))..).))))((((.(((((((((((...........((((.......((((...........))))))))(((((((((((((((((((.((((..............(((((((((.((((.(.((.....(((.....((((((((.....)))....(((......))).....))))).))).......)).).))))..))))))))).............))))..))))))))((((.....)))).....))))))))).))..........)))))....))))))))))...................))).).... (-167.50)
Adalimumab_LC_topk_195	705	0.451063829787234	-167.7	-0.2378723404255319	.....................(((((((((...(((((((((.(((((..(((((((..((((((....((...(((..((..........))..)))))..))))))..)))))))............((((((((.....((((((........))))))((((..(((((((.....(((((((((((((..((((.....))))..)).)))....((((((.....)))))).........)))))))).((((....)))).(((((((((.((((.....(((.((((((...((((.(((((((((.........((.....))..........)))......))))))...)))).......((.((((((.((((((..((.(....).))..))))))....)))))).)))))))).))))))))))))))))........(((((((.((..((((....................))))....))..)))))))..)))))))))))......))))))))......))))).)))))).))).)))))....))))........((((((((((.....((((((....((((..((.....))..))))....))))))......((((..((((((......(((.....))).....))))))..).)))......)))))))))). (-167.70)
Adalimumab_LC_topk_201	705	0.4553191489361702	-190.8	-0.27063829787234045	..((.(((((.(((..............)))))))).))(((((((((.........((.((((((((((((((((.((.(((.((((......(((((((.((((.(((.(((...))).))).)))).).))))))....)))))))..))..))))))))....)))))))).))(((((....)))))..((((((((((.((.(((((((.((.........)))))))))....(((((((((.((((.(((((((.(((...(((......)))..))).....)))))).).)))))))))))))....(((((.((...)).))))).((((((((((((((......((..((((((((....(((........))).(((((((...((((...(((((...((((((((((....................))))(((((....)))))((((((.(((.....(((((.......))))))))))))))...)))))).....))))).....(((((....))))).))))....)))))))....(((.((....)).)))(((.......)))..))))))))..))....)))))).))..((((.....))))((((....))))..(((.((((((....)))..))).))))))))))).))))))))))..))))))))).... (-190.80)
Adalimumab_LC_topk_83	705	0.45673758865248226	-183.3	-0.26	.....................((((((((.(((((.((((.((((.((((((........).)))))..)))).)))).))))).......((((((((.((.....)).)))))))).((((.....((((((((.((((..((((.((.((...((((......))))...)).)).))))....((((.........))))......)))).))))))))...))))(((....)))..((((((((.((((...((((.((((...((((((((.....(((((((.(((........))).)))))))....((((((..(.(((((.....((((.((((((((.(((((.....)))))..))))))...........)).))))))))).)..))))))...........(((((......(((.((((....((((((...((((((((.(((((((((.(((((...((((((....)))))).....))))).)))...)))))).)))))).))..))))))))))))))))))(((((........((((..(((((((.........)))))))..))))......)))))..((((......))))...(((((.........))))))))))))).))))....)))).....)))).......)))).)))).....))))))))... (-183.30)
Adalimumab_LC_topk_113	705	0.4581560283687943	-172.1	-0.24411347517730494	..((..((((....))))..))...............(((((((....(((((((((.(.((.((((...(((.((...((....)))).))).)))).))).)).)))))))..(((..((((((..(((.((((((((....(((.........((((......)))).........))).(((.....)))....((((........)))).............(.(((((((..((.....((((.((.(((((((((..(((.........))).......((((((.((..(((...(((((.((((.......))))((((...))))........(((((((((((((.....)))))).))))).))(((.(((((..((((..(......)..))))))))).))))))))...)))..))..)))))).(((((((......(((((((((((.((...............(((((..(((.(...).))).))))).))))))))))))).....)))))))........((((..(((((......((((((((....((.....))....))))))))......)))))..))))..))))).)))).))))))....))...)))))))))))).)))))))....))))))...)))..((((.(((....)))..)))).))))))). (-172.10)
Adalimumab_LC_topk_259	705	0.4595744680851064	-179.6	-0.25475177304964536	..(((.(((((((((.((...........)).)))).)))))..((((........))))))).....((((...((((((((((......((((.(((.((.....)).))).))))...........(((..((((((.((((.(((((((..(((((((((...((....))....))))))).))..))................(((((((((((((((((.((((((((........((((.(((((.((((((((...((((((...................))))))..))))))))..(((((((((........)).))))..))).))))).)))).....))))))))...)...)))))))))).........((((((((((......)))...........)))))))..(((...........)))(((....((((.(((((((((((.(((......(((((((.....((((.......)))))))))))...))))))))))))))...))))....))).....(.((((..((((.....))))...)))).).............)))))).......(((((((.....)))....))))........)))).).)))).))))))..)))...))))))))))....))))((((...((((((....)))))))))). (-179.60)
Adalimumab_LC_topk_36	705	0.44113475177304967	-179.9	-0.255177304964539	..((((((((......))))..)))).........(((((((((.(((.((((....))))(((.....)))..(((...)))...(((((..((((.(((((.((.(((....(((.........)))..))))).))))).))))...)))))...((((((((.((....))..))))))))..((((...((((((...((((...(((((..............)))))((((((.(.((((((...)))))).)...))))))...............))))...))))))..))))((((((...(.((((.....((((((((((((((...........))))))))))).)))((.....(((.(((((((..((((((((..(......)..))))))))...............((((((((..((..(((((.((((.(((..((((((.((((...(((....))).....((((..(((....)))..))))....(((((((((.........((((((.(((....(((((.(((....)))..)))))...)))))))))........(((((.....)))))))))))))))))).)))))).........))).)))))))))..))..)).))))))..))))))))))..)))))).)...))))))))).)))))))))... (-179.90)
Adalimumab_LC_topk_129	705	0.4595744680851064	-190.7	-0.2704964539007092	........((((....))))((((((((((((..(((...(((((((.((........(((((((((.......(((.....))).........)))))))))..((.(((((((((...)))))).(.(((..(((((.(((((((...........(((((((((((..(....)..))))))))))).)))).......)))...)))))))).)((((((((((.((((((...))))..(((((.((....)))))))((((((((((............)))))).))))...)))))))).)))))))))....(((((.((((((.......(((((((((((((.(((((........)))))(((.......)))))).))))).))))).(((.(((..................)))))).....((((.((((.(((((....)))))))))))))(((((..((.((((((.......(((((((((((((.....)))).).)).))))))(((((.(((..((....)).))).))))).....)))))).))..)))))......)))))).).))))........)).))))))).)))..))))))))...))))....(.(((((..((((((.......((((.....))))..........))))))..))))).)....... (-190.70)
Adalimumab_LC_topk_153	705	0.44113475177304967	-171.8	-0.24368794326241136	...................((((((.(((((............((((..........))))..........(((......)))((((.((((..((((..((.....))..))))(((((((..((((((((.((((((....)))).)).(((....(((((((.(((.((....)).))).))))))).))).....(((...((((((((((......((((((...))))))......)).......(((((..((((((..((((......(((((((((..((((.(((...))).)))).(((.((((.(.((((((.((....)).))))))))))).)))........))))))))).....)))).........))))))..)))))..((((.(((((((..((((((...(.(((((((.((.(((.(((.....)))..)))))))))))).).(((....)))..........))))))...)))))))))))...(((((.....(((((.((((((((((((..........))))))).....))))).)))))..)))))...(((((.(((..((.................))..))).))))).))))))))..))).)))))))).))))))).............)))).))))...........))))..).))))))... (-171.80)
Adalimumab_LC_topk_35	705	0.45673758865248226	-182.0	-0.2581560283687943	.(((......)))...((((((((((((((..(((((((((...........(((((.....))))).......((((.......))))..(((((.((((.((..((((.(((((.....))))).))))..)))).)).)))))..(((((..(((((.(((...((....))....))).)))))....))))).((((........))))....((((((((((....((((((...(((((.(((((((((((((((.((((..((((..............)))).))))..)))))))....((((....))))....)))))))).))....).))...))))))..))))..))))))...)))))))))....)))))....(((((......)))))..............((((..((((...(((...((((.(((((.(((..((((((((((((((..((((((...(((.(..((........))..).))))))))).)))))...........))))...)))))))).))))).))))..))).))))..))))..(((((..(((((...(((........(((((((((((((...(((((.....))))).)))).)))))).)))...(((......))).....)))...)))))..))))).......)))))))))... (-182.00)
Adalimumab_LC_topk_202	705	0.44397163120567373	-168.6	-0.23914893617021277	..((.((((......)))).))................(((((((..(((((((.(...(((.(((.....(((((((.((.....)))))))))))).)))...).))))))).((((((((((........(((((..((.((((.((......((((......))))......)).))))))...))))).....(((((((.....((((((.(((...)))((((((...(((((((((..(((....))).)))))).))).)))))).....(((..((((((.((((((....(((((..(((....)))..)).)))....((((.......))))((((..((.....)).))))....))))))))))))..)))...))))))((((.((..((((..((.............(((((.((.(((.(((.(((...)))))).))).)).))))).............))..)))))).)))).....)))))))...)))).))))))........(((((....)))))((((((((......)).))))))......((((.((((((.....(((.......))).....))))))))))..((((.....)))).(((.((((...(((((.(((.((......)).))).))))).))))))).............))))))).... (-168.60)
Adalimumab_LC_topk_175	705	0.45673758865248226	-193.8	-0.2748936170212766	.....(((((.(((.....))))))))((((.....(((..((.((((........)))))))))...))))...(((((..(((((((((((.((((((..((((((((..((((.....))))..))))).))).....(((((((........)))))))(.((((..(....)..)))).)..(((((.......)))))......(((((((((.......((((.((((....)))).))))....)))))))))(((((((.((....)).))))))).........((((.....))))(((.((((......(((((....)))))......)))).))).......)))))).))))))).(((((((.......((((((((((.......(((((..(((.((((((((.(((((((...........))).))((((((....))))))(((((.(((................)))))))).....)).)))))))).)))....))))).....((((....))))...((((((((........(((((((((((((.......)))))).((((.......)))))))))))..))))))))....................(((((((((....)))))..))))............)))))..))))))))))))))))))))).. (-193.80)
Adalimumab_LC_topk_61	705	0.4595744680851064	-200.4	-0.2842553191489362	..((((((......))))))...(((((.............(((((.(((((((((((((((.............((((.(((.(((((((.............)))))))))).))))...........))))).....((((..(.(((....((((((....(((((((......((((......))))(((((((.(....((((((.(((.(((.(((((((...))))))).(((((.((...)).)))))......(((((.((.(((((.((((.((((......)))))))).))))).)).))))).....(((((....)))))....)))))).))))))))))))))...)))))))))))))...)))...)..)))).(((((((..((((..................)))).))))))))).)))))))))))))((((((((((((((((((.................)))))))...)).)))))))))(.(((.(((((((((((.((.((....)).)).))))))))))).))).)(((((.((....)).)).)))...((((((.......((((.....(((..((((....(((............)))...))))..)))(((((......((((((....))))))))))).)))).......))))))))))).. (-200.40)
Adalimumab_LC_topk_247	705	0.4581560283687943	-180.8	-0.25645390070921986	...((((....((..(((((((.......(((((..((((.((((...(((((.......((.((((....(((((...........)))))..)))).))..((((((((((((.(((((..........(((((((((......((((.((((.......(((((((..........)))))))..(((......)))(((((..(((((((.(.((.......)).))))))))...)))))...)))).)))).....))))))))).........))))).)))))..))))))).((((((.((((((((((((((..((((...)))).)))))....((((.............))))......(((.........)))...))))))))).)))))).................))))).)))))))).))))).)))))))..))..))))..((((((((........((.((((..((((.(...).)))).)))).)).........(((((...(((((......)))))...)))))....(((((((.(((..((((...........(((..((((((....((((((((.(....((.......))...)))))))))..))).))).)))............))))..))).)))))))................)))))).)).. (-180.80)
Adalimumab_LC_topk_267	705	0.4595744680851064	-188.5	-0.2673758865248227	..((((((((....)))).((((.((((..((.(((((((.((((((.((((.((((((((.........(((((((.(((.(........).))).)).)))))(((((((.((((((...........(((.(((.(((...((.(((((((((..(((((((((((..........)))))))..((((....))))((........)).....(((((((.......)))))))))))..)))))...))))))))).))).)))..))))))))))))).....((.....))...))))))))))))....(((((((((((....((((((.(((((((....((((((((...(((((..(((((.(((((....(((((.(((....)))...)))))))))).))))).)))))....))))).........))).....))))))))))))).(((.((((((.....((.((....)).)).....)))))).))).))))).)))))).((((...)))).)))))).))))))).))...)))).))))......((((.(((....)))...))))......(((........)))))))...........(((((.....)))))..(((((.((((((.....))).))).)))))......((....(((((...)))))....)). (-188.50)
Adalimumab_LC_topk_226	705	0.451063829787234	-181.0	-0.25673758865248225	.............................................((((((((((.(((....))).....(((((((...(((((((((.(((.(((..((.....))..))).)))..))))....((((.((((((((((((.............)))))).)))).)).)))).....((((.....))))((((.((........)).)))).((((((((...)))))))).((((((((((((((.((((((.((((((..((((.....................))))...)))))).((((.(((((((..(((((((.((((.....(((((.(((((....(((((((............)))))))....)))....)))))))......)))).((((((............)))))).........(((.(.(((((.(((((((((..((((((((((........((....))........)))))))))).....)))))))))..)))))).))).((((....))))..(((....)))..)))))))))).))))))))................((((.........)))))))))).))))))))...............))))))..........((((...))))....)))))...)))))))..)))))))))).... (-181.00)
Adalimumab_LC_topk_232	705	0.44113475177304967	-179.4	-0.25446808510638297	...........(((((.....(((.......................)))....))))).(((((((.(((((((..........))))).)).)))))))(((((((((((((..((((((..(((((.(((..((((...(((((.........(((((.((((.((....))..)))).)))))......................((((((.((((((((........(.(((((((.........((((.((((....((((((........((.(((((((...(((((.((........)).)))))...))).....)))).))........))))))....)))).))))..)))))))))))))))).............)))))).)))))...(((..((((((((....(((((((...........))))))).........(((((...(((((.........((((((.((((...((....))...))))..)))))).........)))))...))))).....)))))))).))).))))..))))))))((((..............)))).(((((((..(((.((((.....)))).)))..........)))))))..(((((......)))))..((((......))))..))))))..)))))....))))))))..... (-179.40)
Adalimumab_LC_topk_288	705	0.4425531914893617	-204.0	-0.28936170212765955	((((.(((((......))))))))).....((((((((.(.((.((((((.(((.(((((.(((((...(((((((((..(((...))).)))).))))).....((((.(((((((((.(((((.....))))))))).......))))).))))......(((.(((((((((...........(((.(((..(((((((((((...((((((.........(((((((....((..(((.((.(((((((.(((((.....((((.......))))....(((((((((((........))))))))))).((((......)))).((.((((((.........)))))).)))))...)).))))))).)))))..))...))))))).)))))).......((((((((............))))))))......))))))...)))))..))).))).((((((((((..(((((.......))))).....))))))))))..))))))...))).))).)))))))))).....(((((((((...((((..((((.(((((.......))))).))))...))))..)))))))))((((.(((((..(((((.....))))).(((((..(((.(((((....)).))))))..))))))).))).))))...))).)))))).))))))))))) (-204.00)
Adalimumab_LC_topk_100	705	0.4397163120567376	-193.4	-0.2743262411347518	...(((.((((...............((((((........((((((((.....))))..)))).................(((.(((.(((((......)))))...))).))).(.((((((..((((((((.(.((...(((((............)))))((((((((.......(((..((((....))))..)))........))))))))..(((........))).(((((((((((((((....))).))))))..)))))).......((((((((((.((((.....((((........)))).....))))))))))))))..........(((.((((((...((((((((((((.(((.(((.((..(((((..((((.(((((......(((............))).(((((((...........))))))).))))).)))).)))))....)).)))..))).))))))......(((....(((..((.((((((.....)))))).))..))).....)))...(((((.((((.((((...((((((.((...........)).))))))..)).)).)))).)))))...)))))).)))))).)))...)).).))))))))...)))))).))))))))))).)))(((((((((............)))))))))...... (-193.40)
Adalimumab_LC_topk_286	705	0.45673758865248226	-185.8	-0.26354609929078016	((((........((((((((((..........................((((((...(((((((.((.(((..((((((.((((((..(((...((....))..))).)))))).))))))........((((((((((....))))............))))))))))).)))))))...))))))..(((((((.(((((........)).(((((((((((.......)))))).....)))))......))).))))))))))))))))).........))))....(((((((....(((((((.(((.......((((((..(((((......(((((((((......((((((............))))))....((((..((((.(((((.....(.(.(((((......(((........)))....))))).).)((((((((..((((((..((((.(((................)))))))......))))))...)))))....))))))))...))))...))))...((((((((..(((((.((((...((.(((((........))))).)))))).)))))))))))))....((............))...((((....))))(((((....))))).)))))))))))))).))))))))).))).))))...))))))).... (-185.80)
Adalimumab_LC_topk_160	705	0.4581560283687943	-198.5	-0.2815602836879433	..((.((((.....))))..))..............((((((((.....(((((...(((((.(.(((....))).))))))(((.(.(((((......))))).)..)))................(((.((..(((((....((((((((............))))))))....)))))..)).))).((((...(((((........)))))(((((((((.......)))))......((((((...((((((.((.((((....((((.....................(((((((........)))))))((((((((.(((...)))))))))))(((((((((((.(((.....((..(((...((((((.....((((.(((((.(((.....(((((.((((((............))))))..)))))...))).)))))...)))).((((((((.(((...(((((((..(((....))).)))))))...))).))))))))....)))))).....)))..)).....))).))).))))))))........(((((((........))))))).))))...)))))))))))).))))))....))))...((((.(((....))))))).)))).((((.(((((.((....))))))))).))))))).......)))))))).... (-198.50)
Adalimumab_LC_topk_211	705	0.4595744680851064	-180.8	-0.25645390070921986	..((((((((((........((((((....(((((..((..((((((((((..........((((...))))..((((((((((((.(.((((...(((......)))))))..).))))))............))))))((((((((........))))))))..(((..(....)..)))(((.......)))........((((((.((((...((.(((.......))).)).)))).))))))((((((..(((((.....((((.......)))).........))))).....))))))((((((((...........)))).))))......((((...))))......))))))))))....))..))))).))))))((((.(((((..((..((..(((..((.(((.......))).))..)))....))..))..))))).)))))))))..)))))............((((((...(((.....(((..((.(((((.......))))).))....)))....)))..(((..(((.(((..(((((((((((.......))).)).)).))))..)))))))))..(((((....(((((..((((.....))))((((....))))(((((.(((.((......)).))).))))))))))....)))))......))))))...... (-180.80)
Adalimumab_LC_topk_192	705	0.4397163120567376	-162.7	-0.2307801418439716	...(((((((((((......))))))).............................))))((.(((((((.(((.(((..((((((((.......((((((..(((..((((((((((.......))).(((........))).(((((((.((......((((((.((....))..))))))(((.....))).........(((...(((((........))))))))))))))))).....))))))))))(((((((..((((..(((..((........))..)))....)))))))))))..(((((..(((......))))))))........((((((((........)))....)))))...............))))))..(((((((((.....(((..................)))))))))))).....))))).))).))))))))))))).))......((.((((((((.(((((............(((.((.((((.(((....(((...(((((..((((((....(((((((((((.((((.....(((((((........))))))).......))))..)))..)))..)))))...)))))).....((((....))))(((......)))))))))))....))).)))).)).))).....))).)).)))))))).)) (-162.70)
Adalimumab_LC_topk_146	705	0.4425531914893617	-163.7	-0.23219858156028367	............(((((((..(((((((.(((..((((.....((((((.....(((.((((((......((((......))))......(.(((((((.(.......).))))))).).........)))))).)))....))))))...))))..)))((.((((((...........((((((((.((......(((((........)))))((((.(..(((((((((.((....)).))))))....)))..)))))..(((.((((((..........((((((((.(((...(((.......((((.......))))((((............).)))(((........)))....)))...))).))))))))......((((.(((((.(((((((.(((((....(((.......))).))))))))......)))).))))).)))))))))))))......((((((...(((((..(((.(...).))).))))))))))).....)).))))...)))).....)))))).))((........))))))))).))))))).........((((..(((((...((((...(((((...)))))...))))...(((((...))))).(((((......))))).((((.((((...((...))...)))).))))....)))))..)))). (-163.70)
Adalimumab_LC_topk_265	705	0.4595744680851064	-187.1	-0.2653900709219858	..((((((((..((((.............))))...))))))))(((((((((((((.....))))...........((((((.((((..........((((((((...((((..((((.((........)).)))).))))....)))))))).......((((((((((((((....).))))))((((......(((((((((...(((.((......)).)))))))))))))))))))))))((..(((((((((((..(((..((((..............))))..)))..))))..((..(((....)))..)))))))))..))........((((((((...(((((((.....(((.((((((((.....((((((((((.(((.(.(((((((...((((((............))))))..))))......))).).))).)...))))).)))).....)))))))).))))))))))...))))))))))))..))))))...(((...)))..(((((..((...))..)))))....((((.....)))))))))))))......(((((((........((((.((((..(((((((((((.....(((((((.....)))))))(((((....)))))...)))))))))))..))...))))))..........))))))).... (-187.10)
Adalimumab_LC_topk_215	705	0.4595744680851064	-193.4	-0.2743262411347518	.......(((((......((((((...((((.((((((.((((((.....(((((.(((....((((....(((.((((....(((((((((((((.(.......).))))))..(((((.((...((((((...))))))...(((((........)))))(((((((..........)))))))..)))))))............((((((((.(((.......)))))))))))......(((....)))))))))).((((((((.(((((((.((((...((((..(((((..(((.(((...(((..((.((.((....)).))))..))).))).)))(((........)))...))))).((((((.((((...(((((((((((....)))))))..))))....)))).))))))))))...)))))))))))..)))))))).)))).)))))))..))).)))))..........)))))))))))).))))((..((((.......))))..))..((((......))))........(((((((..(((.((....)).)))..)).)))))(((((.......))))).(((((...)))))....)))))).....)))))(((((((.(((.((((((.....))).))).)))(((((((............))))).))))))))) (-193.40)
Adalimumab_LC_topk_213	705	0.4595744680851064	-186.4	-0.2643971631205674	..(((((((((......))))))))).........((((((((.(((((.....)).)))(((..(((....))).))).((((.((((((((...((.((((.((..(((((..(((((.............(((((((((.(((((((.((((((((((((.....(((((((((...((((((.(((((.((....)).)).)))..((((((.....((((..((..((((.((((((((((.(((((((.......))))....))).))))))..............((((.(((.........((((...........))))..))).))))))))))))((.((((((((.........)))))))).)).))..)))).....))))))......(((((((.((............)).)))).)))....)))))).)))).....)))))......)))))))))))))))))))))))......)))))..((((.((.((....)))).))))..((((....))))......((.((((((.(.(((...............)))...).)))))).)).)))))..))))))).)))).))...))))(((((((.....)))))))..))))..)))).....(((((....)))))......(((....)))....))))))))... (-186.40)
Adalimumab_LC_topk_62	705	0.4595744680851064	-189.1	-0.2682269503546099	......................................(((((((((((..........((((....(((((..(((......((((..((((.((((((((((((((((((((...)))))))..)).))..)))).....((((((((((((.......((((..(((....(((((((.(((........))).)))))))...)))..)))).......))).....))).))))))..(((.(((..(((.((((((((((.((((.(....(((((.((((......((((((((........))))))))(((((((.(((...))))))))))...((((........))))..((((.....(((.............)))......)))).((((.((((((((............))))))))))))...(((((((((((....)))))...)))))).........((.((((..(((........)))..)))))))))).)))))....))))))))....)))))))....((((......))))...)))..))).))).(.((((((..((...........))..)))))).))))))...))))...(((((.((....))))))).(((.....))).)))).....)))..)))))......))))...)))))))))))... (-189.10)
Adalimumab_LC_topk_278	705	0.46099290780141844	-181.9	-0.2580141843971631	.......(((((((......)))))))........(((.((((((.((((.((.....(((..(((....((((......))))((((((.........(((((..((((.((((((((.((........)).)))).......(((((((((((.....))))).)))))).((((((((((((((.((.((((................)))).)))))))........(((((.(((((((((...((((...)))).))))).)))))))))..(((((((..(((((.(.(((((((((...(((((((...........))))....)))...))))))............)))).)))))....)))))))....(((((....)))))(((....(((((((((((.........))))).)))))).........)))..)))))))))))))((((.....))))........))))..)))))...........))))))..(((((((........((((((........(((((((...((((.......))))..))))))).......))))...)).........)))))))..(((((....(((((...(((...(((......)))...))).)))))...)))))...)))..)))........)).)))).)))))).)))... (-181.90)
Adalimumab_LC_topk_87	705	0.46099290780141844	-181.2	-0.25702127659574464	..((.(((((....))))).))...........(((((((((..........(((((.....)))))......((((((.((((((.((......)).(((....))))))))).))))))........((((.((((.((((((.((............)).))))))..........((((....)))).....................))))..))))....((((((((......))))))))))))))))).(((((((((.(((......(.((((((((.((.(..(((((((........)))))))..).)))))))))).)((((...(((((.(((....(....)...))))))))...))))..................))).)))).)))))....(((((((.((((....(((((..........(((....(((((((((((.(((....(((((..((((((.((..(......)..)).....)))))))))))..))).)))))))..))))....))).......((((((((.(((((.......(((((.......(((((.....(((..(((............)))..)))..)))))......)))))...)))))..(((.....))).(((........))))))))))).....)))))..))))))))))). (-181.20)
Adalimumab_LC_topk_289	705	0.46099290780141844	-198.8	-0.2819858156028369	..(((((.(((.((.....((........))....)).))).)))))...(((((((((((........)))).).))))))((((((..(((((.((((((..((.(((((((...))))))).))..))))(((..(((....)))..)))......(((.((((((.((....)).)))))).)))((((....((((((.......((((((.......)))))).((.((((..((.(((....(((.(((((((((...((((((...................))))))...))))).)))).)))))).))..)))).))))))))......))))........(((((.......)))))..)).)))))....))))))...(((((....))))).....((((((((((((((((((...........))).)))..((((((((((((((((((((((((.....((((((.((.((((.......))))...)).))))))...((((.(((....(....((((......))))......)....))).))))....)))))).......((((.(((...((((((.....))))))..))).)))).)))))))...)).))))))))).(((((((......(((((....))))))))))))............)))))))))))) (-198.80)
Adalimumab_LC_topk_197	705	0.46099290780141844	-179.6	-0.25475177304964536	..((((((((((((....................))))).)))))))........((((.((((.(((..((((((.(((((......(.(((((..((((..((((.((.(((((.....))))).)).)))).))).)..)))))...).......)))))((((((..........))))))..(((((....))))).))))))))))))))).(((((.......)))))((((((.(((.....))).)..))))).((((..(((((((((.((((...))))..((((((.....))))))(.(((.((((.((......))))))......))))(((..........))).((((((..((.((((((..((((((.((.(..((.(.(((((((((((((((((..(....)..))))))).)))...)))).))).).))..).))))))))..))))..))..))..)))))).((((((..((((((.((((((.(((((.........((((((.((((..(((....)))))))..))))))...((.((....)).))...))))).)))).)).).)).)))..))))))..(((((..(((((.....)))))......))))))))))))))...))))........(((((((.((((..........))))...))))))))) (-179.60)
Adalimumab_LC_topk_246	705	0.46099290780141844	-181.9	-0.2580141843971631	.............((((((((((......((((((.(((((...((((.(((((.(((...((((((.((((((.((((.........(((((.((((.......(((((((...((....)).....((((.(((((((.((((((((.....))).)))))))).))))..)))).((((......))))..((((((...))))))..((((((..((.(((.....))).))...))))))(((((((((..(((((((((...)))).)))))((..(((....)))....))..))))))))).(((((.........)))))((((.......)))))))))))(((((.(..(...)..).)))))((((..((((.(((((.(((........))).))))).))))..))))..)))))))))...........(((...))).)))).)))))).)))).............((((..((((.((..(((((........)))))..)).))))..)).))))...))).))))).))))...((((((((..((((((.......)))))).))))).)))..(((((........)))))...........(((((((...)))..))))..((((.(((((....)))))...))))...))))).)))))).......)))))))))).. (-181.90)
Adalimumab_LC_topk_41	705	0.46099290780141844	-176.34	-0.2501276595744681	..(((.(((((..........................................)))))..)))............((.(..(((((............((((......))))..................((((((((.(((((((.((((....)))).))(((((((.((....)).)))))))...((((((...............(((((.........))))).))))))...(((((((((((........)))))))....)))).....(((((.....((((((((((.((((((...((((((((((...((((......)))).......((((....(......)....))))......(((...........)))))))))))))..(((((((.(((((((((((((....((((((.(((((..((((((.((.(((.....)))..))))))))..)))))))))))....))))(((.......)))))))))).)).))))))).....)))))).((((....)))).(((.((((((..(((...................))).))))))..)))...............))))))).)))......)))))....(.((((((((....)))).)))).)))))).))))))))(((...)))........)))))..).)) (-176.34)
Adalimumab_LC_topk_88	705	0.4624113475177305	-184.2	-0.2612765957446808	..((((..........((((((((.(((((.....(((((.((((...(((((((.(.(.((.((((..(...((((.........)))).)..)))).))).).)))))))..)))).))))).....(((((.((.((((..(((((((((((((...(((((((((..........)))))))))..................(((.((((((.......)))))).))))))))))).....((((((((((.((((....((.(((((............))))).)))))).)))))))))).((((....))))....(((((((((.....(((....((((.(((((.((........))))))))))).....)))....))))))).))(((((((((.((((..((((((.((((.((.((...((((.((..(((((((....)))))))..)).))))...........(((....))).....)).)).)))).)))))).)))).)).)))..))))..)))).)..)))))).)))))...))))).((....))((((.((((..(..((((.......))))....)..)))))))).....))))))))....((((.(((((...))).)).))))...)))).....((((((.((..............)).)))))).... (-184.20)
Adalimumab_LC_topk_228	705	0.4624113475177305	-203.1	-0.28808510638297874	..((.(((((..........))))).))((((((..((...(((((((.....)))))))...)).....))))))..((.(((((..(((.....(((.((.....)).)))..(((((((..((((((((...(((((((.(((..(((((((.((((......))))........(((((....)))))...............((((((((.((((.(((((..(.((((.((((((((....((((((.....(((((((...)))))))..)))))).........(((((..(((((((((((.(((.......(((((....))))).......)))...))).)))))))).)))))......(((((((....((((((((.((......)).))))))))...)))))))....))))).))))))).)..)))))..))))...))))))))..)))))))..........))).)))))))....(((((.(....).)))))...((...))((((.(((..(((....((((((((......))).))))))))..))).)))).........((((((.(((((((...))).)))).)))...))).((((.....))))..)))))))).)))))))....((((((((...............))))))))...)))))))).)). (-203.10)
Adalimumab_LC_topk_199	705	0.4624113475177305	-195.0	-0.2765957446808511	..((((((((.((((........))))....)))).))))...((((((((((.......((((...(((...(.((((.(((((((((((...........))).)))))))).)))).)......((((((.(((.......((((((((((......)).))).))))).......))).))))))((((..(((...(((((((((.(((.(((((...((..(((((..((((((.((((.......((.((((((((((((.(((......((((((...)))).))....))))))..)))).))))).)).....))))...))))))..)...))))..)).....)))))))).)))..((((.(((((..((((..((.(((....))).))..).)))....))))).))))..))))))...)))..))))))).))))...(((((((.((((((.(((............(((((.(((...(((..((((((...((((..((.((...((((((....((((....))))...))))))...)).)))))).....)))))).))).))).)))))............))))))))).)))))))....((((((...))))))(((((......)))))..((((((....))))))((((.....))))......)))))))))). (-195.00)
Adalimumab_LC_topk_31	705	0.4624113475177305	-186.7	-0.26482269503546096	...(((................(((.((((((((((((((((((.(((.....(((..(((((...........(((...)))(((..((.(((((.(.(.(.((((.((((((.((...)).)))))).)))).).).).))))).))..)))....((((((((.((....))..))))))))...........(((((((((((.(((.........)))...)))))))))))(((.(((....))))))(((..((((((.((((((((((.............((((((.((...........)))))))).....(((((...(((.......))).(((((.........(((.((((....(((((((.(((..((((...((....)).)))).))).))))))))))))))..(((((...........)))))(((.(((((..((((....(((.((.(((..(((((.......))))).....))).)).)))....)))).))))).)))...))))).)))))..)))))))))).))))))..)))..((((((((.....)))))).)))))))..))).........))).)))))))))....))).)))))).))))))..((((((...(((....))))))).))..((((((...(((.....)))...))))))..... (-186.70)
Adalimumab_LC_topk_207	705	0.4624113475177305	-190.6	-0.270354609929078	..(((((((((......)))))))))...........(((((.((((((.(((.((((.((.(((((..(.....((((.(((((((...(((......))).....))))))).)))).(((((.((((((((.((((..(((((((........))))))).....(((((((...((((......))))..((((((.(........).))))))...((((...((((((((((...((.((...)).))...)))))))))).))))((((.((.(((((.((.(.((((((.....((((((.((((.(((........)))(((.((.....)).)))(((........)))...((((...((((.(((........(((((((((.....))).))))))))).))))...))))(((((((((.((.(....(((....)))..).)).))))))))).....)))).))).))))))))).).)).)).))).))))))))))))))))).)))))....))).)))))...(((((.(((....)))..)))))..(((......)))...)..))))).))..((((..........)))).....(((((.(((...((((....)))).....))).)))))..((((((....))))))...))))..)))......))))))))))). (-190.60)
Adalimumab_LC_topk_131	705	0.4624113475177305	-201.2	-0.2853900709219858	...(((...(((.......(((((((..((((((..(((((((........((((((.(((.(((..((((.(((....((((((..((((((((..(((...)))..))))).)))))))))....))).).)))((((.((((......((...((((......))))))........)))).))))(((...(((((((........)))))))...)))(((...((((.(((((.((((((....)))))).)))))))))...)))..)))))))))))).....((((((.....)))))).))))))).)))))).(((...(((((..(((((((.(.((((((.(((((((.(....((.(((.((((((...((((((((.((.....))..))))))))..))))))..))).)).....).))))))).)).)))).)...))))))).))))).....)))..........)))))))(((((.(.((..(((..(((((.(..(((((.(((..((........((..(((((((((...(((.(((((((............)))))))..)))........((((.....)))))))))))).)..)).......))....))))))))..))))))..)))..))))))))...(((((((..........))))))))))...))) (-201.20)
Adalimumab_LC_topk_164	705	0.4368794326241135	-179.9	-0.255177304964539	.(((......)))........................(((((((..(((((((..((((((..(((.......(((((.(((((.......(.((((((.((......)))))))).)...........((((.(((((.....................((((.((....))))))))))).))))(((((.......)))))((((((...((((((............)))).))...))))))(((((((((..((((..((..((((......)))).)).....))))....)))))).))).(((....(((((((.((((...)))))))))))......)))))))).))))).(((((((.(((.(((.........(((((((.....))).)))).((((((............))))))...)))..))))))))))(((((((((((.(((((((((................))))))..((((((.((((..((((.(((((........((((((((((.((....((((((((......)).))))))....))))))...))))))))))))))).))))))).)))......))).)))))).))))).....)))..))).)))..)))))))..(((((((((((((((...)))))))))..)))).....)).))))))). (-179.90)
Adalimumab_LC_topk_121	705	0.4368794326241135	-175.1	-0.24836879432624112	..(((((((((((........)))))........))))))...(((((((..........((((((....(((((((..((....))..)))).)))....))))))..((((((((((((((......))))((((((((.((...........)))))).))))(((.((....)).))).(((((((..(...(((...........)))(((((...........))))))..)))))))(((((((((.(((((((.((((((..((((..........))))..))))..)).)))))))..))))).)))).....((((((((.(((((..(((...)))))))).))))).)))(((...((((((((...........(((((((.(((....((((((....................)))))).((((((...(((((((....)))))))....))))))...........((.(((((((((.(((....((((..((.......))..)))))))))))..))))).))..)))))))))).....((((...((((..........)))))))).)))))))).)))..((((.....))))........(((((.....))))).(((..(((..(((....))))))..)))))))))))))..............))))))).... (-175.10)
Adalimumab_LC_topk_205	705	0.4368794326241135	-176.3	-0.2500709219858156	.....((((((......).))))).................(((((((((..(((((((((........))))))))).(((((((((.......(((((....(((((.((((((((((........((((((((((....(((.............))))))))))))).......(((((....)))))....))))))..))))...)))))(((..((((((((.(((....)))..(((((....(((.(((((((.(((...(((......)))..)))..))).))))))))))))((((.(((((.((((....(((((((((((...((.((...))))..)))))))).)))...))...((((...........)))))).)))))))))....((((((((............))))))))))))))))..)))..((((((((..((((((.....((((..((.((((((((....)).)...(((((........)))))..((((((.....(((((.((((....))))..))))))))))).))))).))..)))).)))))).)))).)))).....))))).......)))).))))).....((((((((...))))))))(((....))).......(((........)))....................))))))))).. (-176.30)
Adalimumab_LC_topk_115	705	0.46382978723404256	-202.2	-0.2868085106382979	..((((((((((....))))))))))....((((((.(((((((..........))))))).))))))............((((((((((.......((((..(((((((((((.(.....).)))))))))))((((((.(.((((((.(((((((((((..((((((..........))))))...(((......)))(((((....(((.(((...(((((.......)))))(((((..(((((..((((.((((((((((...)))).)))))).))))((((((((.(((..((((....(((((.((...........))..))))).......))))(((........)))..((....)).)))))))))))))))).)))))))).)))...))))).........((((....))))..(((((.((((..((((........))))..)))).))))))))))))))))))))))).))))))...))))...)))))).)))).(((((((.((...(((.....((..(((((.((((..(((((.....(((((((...........)))))))))))).)))).)))))..))...(((..........)))....(((...((((.(.((((.((.((......)).)).)))).).)))))))...........))))).))))))) (-202.20)
Adalimumab_LC_topk_297	705	0.46382978723404256	-194.1	-0.2753191489361702	...((((((.(((....(((((((((((((................((((((........)).))))...(((((((.....)).))))).((..((((((...((((((.(((...))).)))..))).))))))....))))))))))))))).....)))))))))............((((...(((((...((((.(((((....(((((.((....)))))))(((..((((...((((((....(((((((((((...(((((((..............))))))).....)))))))....((((.......))))...((((.......((.((..(((........))).)).)).......)))).(((..(((((.(....))))))..)))...............))))))))))))))..)))....((((...(((..(((((((((((...((.....((((((.(((...)))...)))))).....))...))))))))))))))....))))...((((((..(.((((.((((((((.((((((((..((((.......))))))))))))...)))))......))).)))))))))))...(((((((.....)))))))..(((....)))))))).)))))))))..)))).((((...((((......))))..)))). (-194.10)
Adalimumab_LC_topk_142	705	0.46382978723404256	-191.1	-0.27106382978723403	...(((((..((((.....((((((.((((.......((((((((........((((((((((((......((((((............)))))).......))))))))))))(((((((...)))))))..))))))))...)))).))))))...))))..)))))...........((((..(((((((...((((....((((.(((((((((((((((.(........(((((((((((....((((......((((((.((((..((((..((((.((((......))))))))..)))).))))............((((...))))...))))))......))))..)))).)))))))))))))))))........(((((.((......)).)))))((((((.((...((((.((((((.....((((((...((((((((.....)).)))))))))))).............((((((..((.(((((((((..............)))))).)))((((...)))).((((((((((....)))).)))))).(((((..((((...)))).))))).))..))))))))))))))))..)).))))))..((((...))))..))).))))))).........(((((...)))))..)))).....)))))))..))))......... (-191.10)
Adalimumab_LC_topk_57	705	0.46382978723404256	-178.6	-0.2533333333333333	..((..((((..........))))..))...............((((((((((((((((.((.........(((((...........)))))(((((.((.((((((((((((((..(((((..(((((((....((((((((((.............)))))).))))............)))))))((((....))))..................(((((((.....)))))))((((.((((....))))..))))(((((((..((....((..(((........)))..)))))))))))...)))))....))))...))))))))))))..)))))..((((((((.(((((((((.(..(((.((((((.......((.(((((((((.((..(((...(((((((..(....)..)))))))..)))....((((((.......((((.(((((((((((((((...((((((....)))))).....)))))...)))))))))).))))..(((.....)))....))).)))))))))))))).))......(((((((..........))))))).)))))).))).).))).....))))))(((((.....)))))))))))))...((((((.(((........))))))))).)).)))))..))).........)))))))).... (-178.60)
Adalimumab_LC_topk_108	705	0.46382978723404256	-196.2	-0.2782978723404255	..((((..................((((((((..((((((..((((.((((((..((..(((((((.......((((...)))).......)))....))))..))..)))))))))).))))....((((.((((......((((((((((.((((.(((((((.(((..........))).)))))))......(((...........)))...(((((........)))))(((((((((((((((((((((....).))))))).....((((..((((...(((.(((((((..(.((((((.(((((((......((((......))))......)))....)))).)))))).)))))))).)))..))))..)))).....(((((((..(((((..(((..........))).))).))..)))))))....))))))))))))).)))).))))))))))............)))))))).(((...((.((((((..((((.((..(((.(((...((((((((.((....((((((((((....)))).))))))..)).))))))))..))).)))..)).)).))..))))))))...)))))..)))))))).....))))..............(((((((((.(((...............(((....)))...))).))))))))). (-196.20)
Adalimumab_LC_topk_200	705	0.46382978723404256	-191.7	-0.27191489361702126	.....................((((((((.........(((((....((((....))))..(((((......(((((.........)))))..(((.((((....)))))))...((((.......))))((((.((((..((((..(((...)))..))))((.((....))))..)))).))))..((((.......)))).......((((........)))).)))))((((((((.((.(((((((....((((((((((((.(((((............))))).)).))).)))))))((((((....)))).)).(((((..(((((..(((((.((((((.((((((((.((.........((((((.(..((((((.(((.((((((..((.....(((((..................)))))..........))..)))))).)))))))))))))))).....(((((.....)))))))))))))))..)))).)).)))))(((((((..(.((((....))))...)..)))))))..(((..((((..(((((.......)))))))))..))).............)))))..))))).....))))))))).))))))))((..((((((((((((....))).))).))))))..))...))))).........))))))))... (-191.70)
Adalimumab_LC_topk_174	705	0.43546099290780144	-186.0	-0.26382978723404255	.................((((((((.(((((((((.(((((((((((((....((((((((((((.......((((.((....))..))))...........))))))))))))))))))))).......(.(((((..((..((.(((((((((.....(((..((((((.........((((((((((.....((((.((........)).))))....))))..)))))).))))))..)))..)))))))...)).))..))((((((((((..(((..((...............(((((((((((((...(((.((((.(((...))))))).)))...)))))).)))))))..((((((..(((((((....((((..(((((..((((.(((............(((..(((...)))..)))............))).))))..))))).....)))).....))))))))))))).))..))).))))).)))))..((((((((((..(((((.((((((((((((.((....)).))))))).....))))).)))))..).....)))))))))....))))))...(((((.((.(((((((((.((.......)).))))..))))).)))))))........((((........)))))))).)))))))......)))))))))).. (-186.00)
Adalimumab_LC_topk_122	705	0.4652482269503546	-183.1	-0.25971631205673756	..((.(((((((....)))).)))..))............((((((((..........))).)))))....................((((((((((.((.(((..(((((((((((((((.........((((.(....((((((.....((.....(((.(((.(((.((....)).))).))).)))..)).....))))))....).))))....(((((.....((((((((....(((((((..(((((((((((...(((((((((..............((((((((((((.(((..((.((((((...........))).)))))....((.((..((..........)).)).)).....))))))))............)))))))....)))))))))..(((((((....((((((...........))))))((((((.(((((((((..(((.((((((..((((((...)))))).......)))))).))).....)))))))))..)))))).)))))))))).)).)))))))))))))............))))))))...(((((.((((.((....(((.....)))...)).).))).)))))((((((...))))))(((((....)))))...))))).....)))))))))))))))..))).)))))))))))).... (-183.10)
Adalimumab_LC_topk_98	705	0.4652482269503546	-179.5	-0.25460992907801416	..((((((((..........................))))))))........(((((((.(..((.......(((((.........(((((((((...((((......))))...)))))))))....(((((((((((.((((((..(((((.....((((.((.(((.((....)).))).)).))))..)))))..))))))....((((...(((((.((((.(((((.((((((.......((((((((....((((((((((..((......)).))))))....)))).....)))))))).................((((((.(((((..((.....))))))).))))))...))))))(((((.(((..(((..((((((..(......)..)))))))))..)))..))))))))))(((...)))..((((....))))..((.(((((((...(.((((.....)))).)))))))).))............)))))))))...))))..((((.(((((((((((((....((((((..((.((((....((.(.((((((........)))))).)...))......)))).)).)))))).........(((((.....))))).))))).))))))......)).)))).))))))...))))).)))))))..).))))))).... (-179.50)
Adalimumab_LC_topk_66	705	0.4652482269503546	-191.8	-0.2720567375886525	..(((..(((((((.....((........))...)))))))...)))(((((.(((.((((((((((.......(((((.....((((..((((((((.((.((((.(((((((...))))))).)))).)).)))......)))))..))))..((((((.((.((.......))...)).)))))).(((((..((((((((((....(.(.......).)....)))))))))).(((((((...((((((..(((((.((((..(((......((((((.....((((.(((.(((..((((((...............((((((((((.......))))).............)))))(((.....((((...........))))...)))((((.....)))).......))))))..)))...)))))))....)))))).)))..))))..)))))...)))))).............)))))))....)))))..((((.(((.......))).))))...((((...))))..)))))(((((..((((.(((.((((((.......)))))).)))..)))).....))))).)))))...))))).((((.(((((.....)))).).)))).(((....)))..((((((.......))))))..................))))))))... (-191.80)
Adalimumab_LC_topk_264	705	0.4652482269503546	-189.4	-0.26865248226950356	.......(((((....))))).....((((((...(((..((((((((.((((((((..(((.((........(((....((((....))))....)))...)).)))..))))))))))).........((((((.(((...((((....(((....(((..((((((.((....)).))))))..))).))).....))))...))))))))))))))..)))..))))))(.(((((((((((((((((((..(((....((((.((((((.(((((((((............(((((........)))))...........))))))).)).))))).).))))..)))..))))((((((((.....(((((((....((((((...(((...)))....))))))...)))))))..((((.(((((((((.........))))))..(((.(.((((((((((.................)))))))))).)..)))((.((((((.....)))))).)).(((((....((((((((.(((((......))))).))))........))))...)))))....))).))))........((...))(((((.(((..........((((....))))...........))).)))))....)))))))).....))))))....))))))))).).. (-189.40)
Adalimumab_LC_topk_208	705	0.4652482269503546	-194.6	-0.27602836879432624	.(((......))).((((.....................(((((..........)))))...(((((......((((((.((.((((((((.......))))).....)))..))))))))........)))))(((((((((.((((((((........((.((((((.((....)).))))))))....(((...((((((((....(((((((.....((((((((((((((((((.....))......))))))(((((((...))))))).....((((..((((((((((((..(((((.(.((((((...(((.((((......))))...))).)))....)))).))))))))))))))))).)))))))))..))))).)))))))((((.((((.((..............)).))))))))...))))))))))).((((((((((((.....)))))))....((((((((((..........)))....)))))))..((((...........))))(((((.(((((((((((((....((((.((((((........))).))).)))))))).))))....))))).)))))..)))))..................)))))))))))))))))......))))..(((...(((.(((((............))))).))))))... (-194.60)
Adalimumab_LC_topk_37	705	0.4652482269503546	-187.8	-0.2663829787234043	..((((...........((((.....(((((((((..((((.(((........))).))))..)))).))))).(((...)))..(((..((.(((((((((((((((((((((.((((((((((((((...)))).))))...(((((((......((((((...(((..........))).(((..((((.((..((.((((((((..(((.(((...(((((..(((((((((..(((((.((((..((((..((((..((((((.............))))))..)))).))))))))))))).............(((((((.......)))))))..........)))))))))))))).)))..)))..)))))))).))..)).))))..)))(((((((((((((((((((((((..((((((..(((((...((((((((((....).)).))))))).)))))...))).)))..)))))............).))))))))))).(((.(((((.(((........))).))))).))).)))))))))))).....)))))))..))))))...))))))))))..))))))..).))))..))..)))..(((((.........)))))..))))...........)))).(((..((((.(((((......)))..)).)))).)))... (-187.80)
Adalimumab_LC_topk_275	705	0.4340425531914894	-186.1	-0.26397163120567374	.(((......)))........................(((......((((((........).))))).......))).((.(((((................((((((((((((.((((((((.(((((((.((.((.((((..(((......(((((((.(((..((((...(((((((((.(((((((..........)))))))................((((((...(((((((((((.(((((.((((((....))))))...)))))..)))).............((((((((........))))))))......(((((((((.(((((.........))))).)))).))))))))..((((((.(((((.....((((((((((...)))..))).)))))))))...)))))).........))))...))))))..)))))))))....)))).))).)))))))....)))..)))).))..........((((((((((((((((......(((.((.((((((....((((((((......)).))))))...))))))..)).)))))))))))...........))))))))(((((..(((((.....)))))))))).)))))))))))))))))))))..(((((...............)))))..))))))))))))).)). (-186.10)
Adalimumab_LC_topk_257	705	0.4652482269503546	-182.1	-0.2582978723404255	..(((.............................(((.(((((((((..(((((....)))))........((((.(..(((((........)))))..)))))))))))))).)))((((((.((((((((........))))(((((((.......(((((((.((((((((((......((((.....))))....)))).(((((.(((((((...(((((....)))))(((((((((((((....(((((((((((..((.(((..................))).))....)))))))....))))....)).)))))).....))))).....(((.((.((((..((((.......(((....))).........)))).))))..)).)))((((.((..............)).))))))))))).)))))..))))))((((.....((((((((.((((((..((((.((....)))))).....)))))).)))...))))).))))(((((...)))))...)))))))..((((((....)))))).......))))))).....((((...((.(((.((.............)))))))...))))(((((((.....)))))))))))))))))........)))....((((((((.................)).))))))... (-182.10)
Adalimumab_LC_topk_144	705	0.4666666666666667	-199.8	-0.283404255319149	.......(((((.(((((((........(((.....)))(((((.(((((((..((((.(((.((((..((((((.(......).))))).)..)))).)))))))..)).))))))))))..........(((((((((....(((((((((..(.....).)))))))))....)))))))))..(((((....)))))..........((((((((((((((.....))))))).)))))))....))))))).((((((((...))))))))...((((.....(((((((...(((((.....(.((((((.......)))))).).........)))))............(((((((((((((.(((.(.((.((.(((.((.(.((......)).).)).))).)).))).)))............(((((.((((((((((((....))))).(((((......((.(((((.......))))).)))))))...((((..(((.......))))))).((((.(....).))))..)))).))))))))((((((...(((......)))..))))))..))))))))))))).......(((((.((((((.....)))..)))...)))))..)))))))....)))))))))...((((.((((((..........)))))).))))..... (-199.80)
Adalimumab_LC_topk_103	705	0.4666666666666667	-183.5	-0.2602836879432624	..((...(((....)))...))......................((((((((....((((((((((.(((...........................))).))))))))))(((.(.((((((.((.(((((((.(((..(((((((((..(((....((((((.((.......))...))))))..((((......))))...(((.((((((((......(((((((((((((((....(((.((((((.((((.(((....(((...(((............)))...)))))).)))).)))))).)))...))))))))).((((.(((((((..((...))))))))).))))...........((((((((....((((...))))....)))))))).((((((((............)))))))).))))))...))))..)))).))).(((((((.((((..((..(((((.(((....))).))))).....))..)))).))))).)).....(((((.((((((((...................))))))))..))))).)))..)))))))))..))).)).............(((((.................)))))..))))).)))))))).))))(((((((.((((......)).)).))))))).....))))))))... (-183.50)
Adalimumab_LC_topk_182	705	0.4666666666666667	-183.4	-0.2601418439716312	..((((..(((............((((((.........(.(((.(((((.(.(((((.((.((((...)))).))((((...((((((..(((......)))..)).))))....))))(((........)))))))).))))))))).))))))).(((.....(((..((((....(((((((((.(((((((..(((((......................))))).))))))).........))).))))))))))..))).....)))..(((.(((.((.((((...((((((((((((.(..((.((((((..............((((..(((.((((....((....))....)))).)))..)))).............)))))).))..).))))(((((.(((..........))).)))))))))))))..)))).)).))).)))((((((((..(((((..(((((......)))))......))))).....))))))))..(((((((....((((....((....))..))))..)))))))((((((((...(((.....)))...))))).)))...........)))...))))...........((((..(((((.((.(((((......))))))).)))))....((((((....................)))))))))) (-183.40)
Adalimumab_LC_topk_10	705	0.4666666666666667	-190.4	-0.2700709219858156	..((((((((((((............)))).))))).....(((.((((...)))).)))))).........((((...((.(((((..((((((.....((((....))))...))))))((((.....))))(((((((((((((((((......((((.((((.(((...(((((..((((((..(((......)))........(((((((.((.........)))))))))..(((((.(((....(((((.((((((((...)))))))))))))(((.....)))......))).))))).((((((.((((.(((((((.............((((...))))((((((((....((((((....................)).))))...))))))))(((((.((((((((...(.((((((....((((((...((((.((....)).))))....)))))).....))))))))))))))).))))).))))))).)))).).)))))...(((.....)))....))))))..)))))))).)))).)))).....)))))).......((((..(((.((..................)))))....)))).((((...))))...))))))))))).......))))))).))))...((.(((((...((........))))))).)). (-190.40)
Adalimumab_LC_topk_266	705	0.4666666666666667	-190.0	-0.2695035460992908	...............(((((((.((....(((((((((((.(((.........(((.((((........)))).)))..(((((((..(((((.(((((((....).)))))).)))))....(((.(((.((((.....(((..((.((.((((((...(((..(((((((........((((((..(((....(((((.(........).)))))....)))...)))))))))))))))).)))))).))))..)))..)))).))))))..((((((.....(((((((((.((......((((.((((((((((.(((((((.......))))))).)).......(((((((.........)))))))................)))))))))))).(((.(........).))).....)).))).))))))..)).)))).(((((((((((.((((((.(((..............)))..))))..((((((..(((...((((....((.....))...)))).....))).))))))(((((((....((((((..(((((((.(((.......))).)))).).))....))))))....))).))))...........)).))))))))))).))))))).....((((......)).)))))))))))))).))....)))))))))... (-190.00)
Adalimumab_LC_topk_133	705	0.4666666666666667	-178.3	-0.2529078014184397	.....(((((((....)).)))))....................((..(((((((....((((....(((((.((((((.((((((..(..(((.......))).)..)))))).))))))......(((((...)))))((((((((((......)))))..))))).............)))))..))))..........((((((.((((((...(((..((((((((.((......)).)))))...(((((((.((((...(((((((((...(((((........(((((((((((..((..(.(((((....((((.((((...)))))))).(((.......)))....)).))).)..))..))))).))....)))).....(((((((...(((((((((.(((..........))).))))).))))..))))))).....(((((((((.((((((((....((((((.((.......)).))))))....)))))))).)))..))))))....)))))..........)))))))))...)))).)))))))..........(((((((((.............................)))))))))..)))....)))...))).)))))))))..(((..((((......))))..)))................)))))))..)) (-178.30)
Adalimumab_LC_topk_240	705	0.4666666666666667	-187.9	-0.26652482269503547	..((((((((........))))))))...(((((..(((((.((((((((.((....((((((((((.....((((...........))))...))))))).(((((((..(((.((....))))).)).)))))((.((((.((((.((.(....((((......))))....).)).))))))))..)).....(((.((......)))))((((((((((........)).))).)))))((((((((((((.....(((((...(((((((((.(((........(((((..(((...((((((.((((.......)))).(((..((.......)))))((((.........))))..(.((((....((..........))..)))).)(((((...)))))........))))))...)))))))))))))))))))).....(((((..((.(((((......................))))).))..)))))....(((((.(......).)))))....)))))...))))))))))))....)))..))))))))))...(((((((((((((((.......................))))...(((((.....)))))....)))))))).)))..(((((.((((((.((....)).))).))).).)))).......))))).))))). (-187.90)
Adalimumab_LC_topk_15	705	0.4666666666666667	-193.9	-0.2750354609929078	..(((((.((((((((((((((.....(((....(((((((..................(((.(.((((((((((((.........)))))..)))))))))))..((.((((((((..........)))))))).)).....(((((...(.(((((.((((((.(((((((((.((.((...((..((....((((((((((((...(((((((((((..((((.....))))...........((((((((((.(((((((((...((((.....)))).))))....)))))..))))))))))(((((((((........)).)))))))...))))).))).......((((.........))))(((((((((..((((.......((((......))))))))..)))))))))..)))))))))))))))...)).))...)).)).)))).))))))))))).))))).)))))).)))))))...)))......)))))(((.......)))(((.....)))..(((((.((((...((((....((..(((.....(((((........)))))...)))...))))))...))))..)))))....((..(((((.........))))).)).((((...)))).)))))))))))))).....(((....(((((....)))))...))) (-193.90)
Adalimumab_LC_topk_225	705	0.46808510638297873	-178.8	-0.25361702127659574	.....(((((.((.........)).)))))...........((((((..(.((((.....(((((((...((((((.((((...(((((..(((..(((((....))))).)))..(((((.......(((((.((.....)).))))))))))........((((((.(((((.((((.(..(((..((((((................((((((.......)))..)))))))))..)))..).))))))))).))))))))))).))))..))).)))...))))))).....)))).))))))).(((..(((((.((((((....((((...))))................((((((.(.....((((((((.((.........(((((((((...((.(((((.(((...((.((((.((((((((((.(((....((((...))))...))).))))))...........((((.((......)).)))))))).))))..))..)))))))).))....))))))))).....(((((((((......)).)))))))...))))))))))...).)))))).(((.((..(((((((.....(((..........))))))))))....)).)))(((((...((((...(((......)))...))))....))))).)))))))))))..))) (-178.80)
Adalimumab_LC_topk_176	705	0.46808510638297873	-197.7	-0.2804255319148936	....((((((((((......)))))))))).....(((((((((.(((((.((.......(((((((.(((...........((((.....((((((((.((.....)).))).)))))(((........))))))).(((((((..(((...)))..))))))))))))))))).......)))))))((((((..((((((.......((((........))))...(((((.(.((((.((.((.(((((..(((((((.((((.(((.....(((((((((((..((((((........).)))))............)))))))))))......)).).))))...)))..))))))))).)).((((((((((((((...(((((((((.(((....(((((((((((((((.(((.((.((.((..((((...(.(((((...))))))..))))..)).)).))....(((((.......)))))....))).....)))))))))).)))))..))).)).....)))))))......((........))(((((......).))))........)))))).))))).))).......)))))).).))))).))))))...))))))((((..(((....)))))))....(((.((((((............)))))).))))))))))))... (-197.70)
Adalimumab_LC_topk_19	705	0.46808510638297873	-185.6	-0.2632624113475177	..((.(((((....))))).))......((((((.((((((...(((((((....))))))))))).)).))))))......((((.(((.((((((((.(((...))).)))))))))))((((..((....))..))))..)))).........(((((..((((((..........((((((((((((.(((.....((......))(((((.......(((.(((((((...((......))...))))))))))(((((.......))))).................)))))..((((..(((((.(((.........)))..)))))....))))((((((((((((((.....))))).....((((...........)))).((((.(.(((((((.(((((((((..........)))))))))))))......))).).)))))))))))))(((((((............((((..(((........)))..)))).)))))))...(((......)))(((((((.(((.(...(((((((((((.((((((........))).))).))).(((((..................)))))....(((((.....)))))))).))))).).)))))))))).....))))))))...)))))))..............))))))..))))). (-185.60)
Adalimumab_LC_topk_231	705	0.46808510638297873	-182.6	-0.25900709219858153	...(((.((((.......((((((.(((((.(((.((((....((((((((((.(((((((((.................((.....))..(((((((((...((((((((((...(((..((.((.......(((...))).(((((........)))))..((((((..........)))))))).)).)))......))))..))))))((((((((((....(((((((((...))))).)))).((((((((.....(((((.(((.............(((((((....(((..((((((..(((((((...((((((.((....)).)))))).)))....))))..))))))...)))........))))))).............))).)))))((((((((((((..........)))))))))........)))))))))))..))))).)))))...................)))))))))...)))))..)))).)).)))))))).(((((.((.((....)).)).)))))..)))).))).)))))...))))))..((.((((((((((..(((..(((.......)))...))).))))))))))..)).....)))).)))..(.(((((..(......).))))).)(((((((.(((.(((....)))..))))))))))... (-182.60)
Adalimumab_LC_topk_11	705	0.46808510638297873	-182.0	-0.2581560283687943	..((((..(((.....((((((((..(((((.(((((.....(((((((((.........((.((((.....((((...........))))...)))).))...((((((.((((((...)))))).))))))((((((....(((............))).((((..(((((((....).))))))..))))..)))))).........((.((((((.((....(((((((((...))))).))))(((((((((.((.(((((((.......))).)))))).)).)).))))).....)).)))))).))...((((.(((((.......))))).)))).............)))))))))..))))).))))).))))))))..)))..))))...((((((((......((((((..((((((((((((.(..........).))).)).)))))))((((((((((..(((((......)))))......)))))))))).)))))).))))))))..((((.((.(((.....(((((((((...........))).....))))))....))).)).)))).((((((((.(((...(((..(((..(((((.....))))))))...)))..(((((((((((......(((........))))))))))...))))......))))))))))) (-182.00)
Adalimumab_LC_topk_107	705	0.4695035460992908	-181.4	-0.2573049645390071	...................................(((.(((((.((((((((.(((((((........)))))))(((.........((...((((((((...((.(((((((...))))))).))((((..((((........))))))))........((((..(((....(((((((.((........))...)))))))...)))..))))((((((..((....((((.(((((....((....((((...(((((((((..(((...........(((((.((.((.(((((((........))))))).)).)))))))...........((..(.((((........)))))..))......((((((((....((((.....(((........)))))))....)))))))).....................)))..)))))))))...))))...)).................))))).))))..))..))))))..)))))))).)).........)))..((((....))))..((((((((((..(((....(((((((...))))..)))...)))...)))).((((....)))).(((..((((.((((....((((...((((...))))....))))...)))).)))).)))))))))...)))).)))).))))).)))... (-181.40)
Adalimumab_LC_topk_261	705	0.4695035460992908	-184.8	-0.2621276595744681	.....(((((.........((.(((((((((((((.(((((..(((...(((((.(.(((((............((((.((((........(((((((..(((...)))..)))))))....))))...))))((((...((.((((.((.((...((((......))))...)).)).))))))....)))).................(((((((..........)))))))((((((((((((....(((((......))))).................((((((((.(((...)))....))))))))...........((((...((....))..))))........)))))...)))))))....((((((((((((((.......((.((((((.(((..............((((((.(.((..........))).))))))...))))))))))))))))))....)))))))....((....))...(((((.(....).)))))...))))).).))))))))..)))...)).))))))).)))))).))......(((..........)))...))))).((.((..((((((.((((..(((((..((((((((((.....)))))((.(..(((.....)))..).))....))))).))))).......)))).))))))..)))).. (-184.80)
Adalimumab_LC_topk_154	705	0.4695035460992908	-186.6	-0.26468085106382977	..((((((((.((...............)).))))).))).....(((.((((((((((((((((...((...((((...))))(((((((((((((.....)))).))))))).))..................(((((((.(((...((((.......(((((((((..........)))))))))((((...(((((...))))).))))..................(((((((....(((((((((..(((.((....((((((.....(((...)))......))))))..))))).))))))..)))(((((.((......))))))).....))))))).........((((.((((((((...(((((.....(((.....))).....)))))...)))))..)))))))))))..(((((((((((((...((......)).))))))))))))).................))).)))))))...)).))))))))))...(((...........)))(((....(((..((((((((...))))(((((.((.((((.......)))).))))))).))))..)))..)))...)))))))))..........(((((.....)))))..((((((((.((....)))))))).))(((((((.................)).))))).... (-186.60)
Adalimumab_LC_topk_276	705	0.4695035460992908	-186.5	-0.2645390070921986	((((.(((.(......).)))))))............((((....((((((((....(((((.((((((.((.((((((.((((((..(................)..)))))).))))))......((((((.(........).)).))))...........)).)))))).)))))....))))))))(((((((((((((..((...((((((......((((((..(((((.((((((..((((((((((((...)))))))))..............)))..)))).)))))))..)))))).((((((.........((((..........)))).....(((..((.....))..)))......((.(((((....((((.(((..(......)..)))))))....))))).))..))))))))))))...((.((((((((.((.....)))))))))))).................((((((((..(((((..((.(((((.(((..((.((((....(((((.(((((((((...(((((.(......))))))..(((......)))....)))))).))).......(((((....))))).)))))...)))).))..))).)).))).))..).....))))..)))))))).........))..))))))))......))))))))). (-186.50)
Adalimumab_LC_topk_59	705	0.4695035460992908	-204.0	-0.28936170212765955	..((((.((((......)))).))))....((((((((.....((((............))))(((.(((...(((((..((((((..(((((......).))).)..))))))(((((((...)))))))....(((((((((((((...........((((((((((..(....)..))))))))))((((..(((((((((.....((((((......))))))..(((((((((......((.((((((((((.((((..(((.(((((............)))))...)))..)))).))((((((....)))).))...)))))))).))......))))))))).......((((.((......((..(((((..(((((.(((.((......)).)))))))))))))..))))...)))))))))))))..))))((.....))..(((((((((.....)))))))))..)))))).))))))).....(((..((((..(.((....)))..)))).....)))..)))))))))))(((((((..(((((...............((((.(((....((.....(((((...)))))...))))).))))..((((.....))))...)))))..)))))))......(((((....)))))...((((............)))))))))))) (-204.00)
Adalimumab_LC_topk_187	705	0.4695035460992908	-199.8	-0.283404255319149	..((((((((((((....................))))))).....)).)))........(((((...((....)).)))))((((((.....(((.(.((((((((((((((..((((.........((((((((((.....((....))..........))))))))))(((((((.(((.((((((((............(((((..(((((((.....))))))).))))).)))))))).....((((....))))........(((((((((((((......((((.......(.((((((.((((((..(((..((((((.......))))))))).))))))...)))))).)))))...)))))).))))))).....((((.(((((..((((((((.((((((............))))))..)))))....)))..))))).)))).).)).)))))))....))))))))))))).)))))))))(((((.(....).))))).((((((((.......(((((((.(....).)))))))(((((((((.(((((.........))))).)))).)))))........((((((...))))))..............))))))))((.((.((((((((..(((...))).))))))))))))(((...)))..........))))))... (-199.80)
Adalimumab_LC_topk_251	705	0.4695035460992908	-187.8	-0.2663829787234043	...................((((((....((.(((((....(((...((.((((..(((((((((.........((((.((....)))))).....)))))(((((((((((((((.....))))))).......((((((((((......((...((((......))))...)).....)))))).))))..((((...))))..)))))))).((((((........)))))).....(((.(((..((((((((........))))).)))..))).))).........(((((((((..((((...(((((((........((((((((((...((((....))))))))))))))..(((((...((((((((......(((.(((((.(((.((......((((((((............))))))))......))))).)))))..)))((.((((((((((.((.....(((((.((......)).))))).....)))))))))))).))((...)).....(((((((..........)))))))(((.....)))......))))))))..))))))))))))..))))..)))..)).)))).((((.((((.................)).)).))))........))))..))))))...)))....))))).))....))))))...... (-187.80)
Adalimumab_LC_topk_163	705	0.47092198581560285	-187.9	-0.26652482269503547	...((((.(((.((......)).)))..............((((((((((((..(((((((........))))((((....(((((.....((.(((((((((...((((((.((.((((((..((.......))..)))))).))))))))....((((......))))....(((....)))(((((................)))))((((........))))....((((((..(((((((((....((((((((((.(.(.(((((((((((((..............(((((.....)))))..((((((((......))).))))).....((.(((.((..........))))).))......)).))))))........))))).).).)))).)))))).(((((((.(((((.((...(((...)))..)).))))...).))))))))))))))))........(((((......))))).(((........)))..........))))))....))))))))).))...)))))..)))).)))..))))))).)))))))))..................((((((.((((((...((.....))....(((((.....(((..((.((.(((...(((((....)))))..))).)).))..))).....))))).))))))..)))))) (-187.90)
Adalimumab_LC_topk_184	705	0.47092198581560285	-180.8	-0.25645390070921986	..(((..((((...(((((.(((.(((.......(((((((......(.((.(((..((((((((((......((((((.(((((((.(.(((......)))...).))))))).))))))((((.((((...(.(((((((.((((..(((((.(((((..(((((((..(....)..))))))).((((......(((((((((...((((..((((((((((.....))))))..((((........))))....))))..)))).((((((((((.((..((((.(((((........(((((((((((((((........)).))))..)).)))...)))).........)))))..))))..))))))))).)))((((...))))((((.........(((((..................))))).........)))).....)))))))))......))))))))).))))))))).)))))))).))))...))))............((........))((((((((......(((......((((.....))))...))).....)))))))))))).))))))...))).)).)..)))))))....)))))).)))))))))..)))............((((.(((((.....)))))...........(((.....)))))))..... (-180.80)
Adalimumab_LC_topk_221	705	0.47092198581560285	-200.4	-0.2842553191489362	.((((((......(((.............)))((((((((((((((((((((((((((((((((.....)))......))))))...)))))))))...)))...(((...))).(((((((..((((.(((..((((......(((((((((..(.....).)))))))))......))))(((((..((.((((..............(((((.....((((((.....)))))).....)))))((.(((((((((((((((...))))).))))))((.(.((((((((..........)))))))).).))..........)))).)).....)))))))))))..(((((((((..((..((..((.(((........))).))))..))..))))))))).......(((((((...(((((...........)))))..(((((....)))))(((((((((......(((((.....))))))))..)))))).)))))))((((((.((((((((.((((((.(((.(((..(((((((((......)).)))))))..))))))..))..)))).((((((...................))))))....))).)))))...))))))))).)))).)))))))...)))))))))))))))))...........((((....))))....... (-200.40)
Adalimumab_LC_topk_273	705	0.47092198581560285	-174.4	-0.2473758865248227	..((((.(((....)))((((((.....(((.(((((((((.(((((((((((((....((((((((..(((..((..((((.(((......((((.((((.((((((((((((((.....)))))....)))))....(((..(((....(((((((.((.(((((.((.((((((.....((((.....))))...)))))).))))))))).))))....)))..))).)))(((((...........)))))..(((((((((..((.......))..)))))).)))))))))))...)))).......((((......)))).((((((((.(.((...)))))))))))........(((((.((((((((((((((.((.(.......))).))).)))))(((...(((.......)))))).)))))).))))))))))))..))..)))..))))))))..)))))..........))))))....))...))))))))).)))...((((.........))))......)))))).((((((...(((((......(((......))).((((((.......................))))))........((((.....))))...)))))...))))))......))))..(((((((..((((.((....)).)))).))))))).... (-174.40)
Adalimumab_LC_topk_67	705	0.4723404255319149	-206.7	-0.2931914893617021	..((((((..(((((((...(((((..((((((....(((((..((((((((..((...(((((((((((....(((...))).....)))...)))))))).)))))))))))))))....)))........)))....))))))))))))...(((((((((((((((((....((((.(((....((.((((.(((((((((....((..(((((((((....)))..)))).)).....))..))))))))).)))).))....))).))))....((..((((.((.((((...((((((((.(((((.(((((..((((......))))..)).)))..))..)))))))))))..))))...(((((((((((..((((((.(......).))).))))))))))))))..(((((((.((((((......(((((..((((.((....)).))))..))))).......))).))).)))))))((((((..((((((((((((((.................(((....)))..((((((((......)).))))))...................)))))))))))..)))..))))))...)).))))..)).........)))))...))))))))))))(((....)))))))))(((((.(((..............))))))))...... (-206.70)
Adalimumab_LC_topk_55	705	0.4723404255319149	-189.6	-0.26893617021276595	.(((.(((.(((.....(((((((.((((((......((((((((((((((((.(((((.((.(((((.((((((.......(((((....(((....)))......)))))(((((.....((((((.((((((((.(....((((((((((((((.(((.(((((((..........))))))).))).((((((((((((.............)))).)))....))))))))))))....)))))))).)))).)))))))))))))))........(((((....)))))......((((((..(((((((((......(((..((..(.(((((.((((((..((.......))..)))).))..))))))..))..)))...)))))))))..))))))........((((((...(((........)))....)).))))...))))))....))))).))((((.....)))).......)))).).)))))))))........)))))))....))))))..........)))))))(((((((((((.....)))).(((((.......)))))((((((...........))))))....(((..........))).....)).)))))....(((....))).....))).))))))((((((.................))))))...... (-189.60)
Adalimumab_LC_topk_279	705	0.47375886524822697	-199.7	-0.28326241134751773	..(((.(((((((...(((......(((((((((((((..((.((((((((..((.(((.((((((((((((.((((((.((((((..(((((......)))...)).)))))).)))))).....(((((..((((.(((...)))............((.(((((((..(....)..))))))).)))))).)))))..))).))))).))))))).))((((...(((((((((...((..(((...(.((((....)))).)))).))...))))).)))).....)))).(.(((.((((((((((..((((((.(((((....((((.......)))).......(((((((.........)))))))...........((((((((.((((((..(((...(((((((..........)))))))..)))...)))))))))(((((((((((((((.....)))))))))...........))))))..)))))))))).))))))...))).))))))).))).)........)))))))).))..))).)))).))..))))....)))..))))))).)))...(((((((...((((((((((.................))))).)))))..((((.((.....(((((.((....)))))))........)))))).......))))))). (-199.70)
Adalimumab_LC_topk_105	705	0.475177304964539	-189.2	-0.2683687943262411	..((((((((.((...)))))))))).......(((((((..................(((.(((.....(((((((.....)).)))))....))).)))..(((((((((((..((((((......((((...((((..(((((((........)))))))..))))....))))..((((((((.(((((.(((((..(........)..)))))...((((...((((((((.(((.(((........((((..(((((((...))))))).)))).......((((.(((...))).))))))).)))..)))..)))))....)))).......)))))...))).....)))))((((((..((((.(((((......((((((..(......)..)))))).....))))).))))((((((((((..(((((((.((((.(.((....)).).)))))))))....((((((...(((...........))).....))))))...)).)))))....)))))..(((((.((((...((..(((((((.((((((.((...........)).))))))..)))..(((.((.(((((.....))))).)).)))........))))..)))))).).))))((((....))))......))))))))))))..))).)))))))))))))))... (-189.20)
Adalimumab_LC_topk_299	705	0.4765957446808511	-190.3	-0.2699290780141844	..((((.(((.(((..................))).))).))))...............(((((.(((....)))...)))))........((((...(((.((((((((((((...((((((((..(((((........)))))..))).((((((......((((((.....(((((((((((....(((((...((((..........................))))))))).....))))))).))))((.(((....))).))(((((((((((.........(((((........)))))((((((((((........)).)))))))).....(((((..((.(((((((.(((((((...(((((((((.....((((((.(((....))).)))))))))))))))..))))).))..)))).)))))..)))))....(((.(((((.(((.((((.((((((........(((((((.........)))...))))..((((((....(((((((((.......(((....))))))))))))..((......))..(((((((.......)).))))).....))))))))))))..)))).))).))).)).)))............)))))))))))...)))))).....))))))...)))))...))).))))))))).))))))). (-190.30)
Adalimumab_LC_topk_190	705	0.4765957446808511	-190.0	-0.2695035460992908	...((......(((((((((.((....((((...........(((((((.....(((((((((..((((((..(..(((...((((((...(((((.....))).)).)))))).((....))(((((..((((((......(((((((.........(((.(((((((.((....)).))))))).))).......((...........)).(((((.(((....)))))))))))))))))))))...)))))(((((.((((...))))......)))))((((.((((((........)))))).))))...........((((...)))).....(((((.......(((((((..(((((.........((((.((((((.((((.(((.(((..((.((((((((((............))))))).)))...))..)))...))).))))))))))))))........)))))..))))))).......))))).)))..)..)))))).)))..)).....)))).....)))))))))))....)))))))).)))...((((((............))))))..(((.....(((((...))))).....)))(((((((.....))))))).(((((((........((((((....)))))).........)))))))...))......... (-190.00)
Adalimumab_LC_topk_179	705	0.47801418439716314	-191.1	-0.27106382978723403	..............(((...........((((((((.(.(((((..((((((.(((...((((((...((....)).))))))...))).))))))..)).))).)..)))))))).((.((((.(((((((........)).))))).)))).)).(((((.((((((((((.........(((((.(((...................)))..)))))..........)))))..))))))))))..((((((((.(((...((((..(.(........).)..))))..))).).))))))).(((((((.((........)).))))))).....))).((((((....((((((((((((((.((.(((..........((((((..(((.(((((((.((((((.....(((((..((((........)))).....)))))((((..(((.(((((.(((((.((............(((((..(((....(((((.(....).)))))...)))......)))))....)))))))))).)).)))...))))..((((...(((((.......((((.(((.....))).)))))))))....)))).......)))))).)))))))..))).....)))).))........))).)).))))))))..)))))).........))))))..... (-191.10)
Adalimumab_LC_topk_47	705	0.47801418439716314	-191.1	-0.27106382978723403	..(((.((((.(((((.............)))))....))))..))).((((((((((.(((............(((((.(((...)))))))).((((((....(((.((((..((((((........(((((((((((.(.((................((((((((((.((((((.....(((...))).....((...........))((((.((((((...(((((((........)))))))...)))))).))))(((...))).......)))).)))))))))))).....))))))).)))))))......(((((((............(((((..((..(((((((((..(((((.....((((((((.....((.(((...))).)).....)))))))).))))))))))((((((..((((((....)))...)))....))))))...(((.(((............(((.((....)).)))..))).)))))))..))..)))))(((.((((((((((.(........).)))))).....)))).)))..))))))).))))))..)))).)))..)))))).....))).))))...........(((((.....))))).((((......)))).))))))...(((.((((.(((..(((....)))))).))))))).... (-191.10)
Adalimumab_LC_topk_143	705	0.47801418439716314	-193.7	-0.2747517730496454	.((((..((((......)))).................((((((((..(((((..((((((((..((...((((((...........)))))).))))))))..))..)))))..))..(((((....)))))(((((((.(.(((((........))))).).))))))).)))))).))))((((((((((...((..((((...((((((((((....(((......(((((((..((((.(((((...((((....)))))))))))))..)))))))......)))..........((((((.((((((.(((.((((.((((...))))))))))))))....))).))))))...)))))....((.((((((((.(((.....((((((.(((...((((((((..(((((((((..(...(((...)))..)..))))((((((.(..((((((.((...((((.....)))).....)).))))))..))))))))))))..)))..))))).........)))..)))))).((((((.((((...........))))))))))..))).)))))))))).((((((((..((((((.............))).)))...)))))))))))))..))))..)).....))))))))))((((((....................)))))).... (-193.70)
Adalimumab_LC_topk_51	705	0.4794326241134752	-190.2	-0.26978723404255317	.(((((((((.(((.(((((((..((((.........((((((.((((........))))))))))((((((((((.((.((..((((((((((.(((...))).)).)))))..)))..)))))))(((((........))))).....((((....((((.((.(((.((....)).))).))))))..)))).....((((.....(((((........)))))))))(((((......)))))..)))))))..))))..))))))).)))...)))).......(((((..((..((...))..)).))))).......)))))..((((((...((((.((((...(.(((((.(..(((......)))..).))))).)....))))..))))....))))))........(((((...((((((...((((.(((((.((((....((.((((((.((((.(((...............(((((((.....((((.((((.(((.......))).)))).).))).....(((..((((((......(((.....)))...))))))))).....)))))))......((...((((....)))).)).))).)))).))))))))))))))))).))))....)))))))))))......((((((((((..........)))))).)).)).... (-190.20)
Adalimumab_LC_topk_93	705	0.4808510638297872	-200.5	-0.2843971631205674	..((((...........(((((((..........(((((((((((((((((....(((((((.(((..((((..((..(((((............)))))..))..))))..)))))(((.((((((((....((((((..((((..((.....))..))))(((((((..(....)..))))))).))))))..(((((((........)))))))..(((((......))).)).(((((......))))).....))))))))))).(((((((((((..((.......(((((((...)))))))...((((.......))))((((((((((...((...)).)))))))))))).))))))...))))).........)))))....(((((((.((..(.(((((.(((((.((.....)).))).)).))))).).(((.((((....)))))))((((((((...............))))))))...((((((.((.........)).)))))))).)))))))..((((((........))))))....))))))).))))..............((((((((........))).......))))).........((((((...))))))..))))))........))))))).....)))).(((((((............)))))))..... (-200.50)
Adalimumab_LC_topk_3	705	0.4808510638297872	-196.8	-0.2791489361702128	.(((......)))..(((((((((((...(((((......((((((((.....((((.(.((((.(((..(((((.....(((((((.((.((......))...)).))))))).((.((((((....)))))).)).....(((((....((..((.(((((...(((..(....)..)))))))).))..))....))))))))))))))))))((((((.....(((((((((((((.((((.....)))).)).))...(((..((((((.(((.(((((...((((..(((((.......))).)).)))).........))))).).)).))))).)..)))...))).))))))..))))))...((((((.((.((((..((((((((((((....((((...............))))..))))))))........(((((((((((.((((..(((........)))....)))..).))))))...))))).((.((...)).))....(((........)))..((((((........)))))).))))..)))).))..)))))).................((((((.....))))))..))))...))))))))..((((....))))....((((((......((((........)))))))))))))))....)))))))).)))... (-196.80)
Adalimumab_LC_topk_50	705	0.48226950354609927	-209.0	-0.29645390070921984	....((..(.(((.((((((((.(((((((((..(((((..........((((((((((.(((((......(.((((((.(((.(((.((..((.....))...)).))).))).)))))).)...........(((.((((((((((((((((..((((.((((((((.((....)).)))(((.......))).........((((.(((((((.(((.(((......(((((..(((...)))..)))))))).))).))))))).))))...((((((...((((..((........))..))))((.(((((((.((.(((((..((((...(((..(.((((........)))))..))).....))))..)))))..)).)).))))).))...))))))(((((((............))))))).....))))).)))).)))))).(((((.((......)))))))...)))))).)))).))).....))))).))))).)))....))..........)))))..)))))))))..).....))))))).))))..)).......((((.((....)).))))(((((((((((.(((((((((((.((..(((((((.....))))))).)).))))......((((((.......))))))......)))).))).))))).)))))).. (-209.00)
Adalimumab_LC_topk_74	705	0.48652482269503544	-202.9	-0.2878014184397163	..((((((((..((....))..)))...((((((.....(((((...............)))))......))))))....((((((((((((((((.....)))))...)))).)))).)))......))))).((((((....((((((.....(((((.((.(((((((((((((.....((((.....))))...)))))))))(((.......)))...(((((..(((((.....))))).....)))))..(((((((((.....((((((((....((((.((((((........)))))).))))................(((((...)))))((((((((.(((((.(((......)))))))).(((((((((((.((((........)))).))).)))))))).((((..((((........))))...))))....(((..(((((((((((((.......((((((.((.(((((((((....(((((.(....).)))))...))))(((...)))....))))).)))))).))(((((((..((......(((((..(((.....))).))))).....))..))))))).)))))))))))))...))).)))))))).....))))))))......)).))))))).)))).))))))).....))))))....))))))..... (-202.90)
Adalimumab_LC_greedy	705	0.3588652482269504	-167.8	-0.23801418439716313	..((.((((...(((((((...................(((..((((((.......((((((...........((((((.((((((..(................)..)))))).)))))).........))))))......))))))..)))....(((((((((((((.((.....(((((....)))))...((((..(........)..))))..((((((...(((((((((((.(((((((((...)))))))))...)))))((((((((.(((((...((((((.(((......((((((....(((.((.(((((.(((...))))))))))))))))))).......))).)))))).))))).)))))))).(((((.(((((.....(((((((((....(((..(((((((..((((((((((..((((........))))..))))))))))....................)))))))..)))....)))))))))....))))).)))))..)))))).......)))))).)).)))))))))))))...)))))))...)))).)).........(((((((.((((....((((((...((.((((((...((((((....((((((((....)))).)))))))))))))))).))......)))))).....))))))))))). (-167.80)
Adalimumab_LC_topk_294	705	0.451063829787234	-198.2	-0.28113475177304964	.........(((..(((((....(((((((......((((((((((((.(((((((((((((.............((((.(((.(((.(.(((......)))...).))).))).))))...........)))))(((......))).......((((((((((.(((((...(((....((((((..((((.(((((.(((((...........)))))))))).))))....(((((.((((((...((((.....(((((((((..(((......)))........((((.((.(....).))))))((((((.......))))))........))))))).))...))))))))))...)))))................(((((.(((((.(((.......((((((((((((.....((....))((((((((...(((....))).)))))))).(((((((((.(((.....)))...)))))))))..........)))))))))))).)))))))).)))))......))))))....)))))))).)))))))))).(((((((...)))))))....)))))))).))))........))).))))).)))))))(.((((.......)))).).((((((.(.....(((((....))))))))))))............)))))..))).. (-198.20)
Adalimumab_LC_topk_188	705	0.4482269503546099	-179.3	-0.2543262411347518	..((((.(((((....((...((((((.((((((..........(((((((.((.((...)).)).)))))))((((...))))...((((.((((((((.((..(((((..((((((((.((.((((.(((((((.......(((..((......((((......))))......))..)))(((.....)))...(((((........))))).....)))))))..)))))))))))).((((((...(((.((((((((((...)))))).....)))).........)))...))))))...(((((((((((......))).))))))))....))..))))))).))))))))..))))......((((((.....(((((....(((((.....(((((.((((((((((..(((((.((((((...........(((((.(((....).))..)))))...........)))))))))))(((.......)))...))))))))))....))))).))).))(((....)))..(((((.((......))..)))))................)))))...)))))).........(((...))))))))).))))))))...))))).)))).......((((((....)))..)))((((((((.((..............)).)))))))).. (-179.30)
Adalimumab_LC_topk_198	705	0.451063829787234	-182.8	-0.259290780141844	..........................(((((....((((((..(((.......)))...))))))...)))))....(((.(((((((...(((...((((((.(((..(((.((((((.(((((..(((((...........(((((((.((((.......((((((.(((((((...((..(((.....)))...))))))))))))))).((((((.((((....)))))))))).)))).)))))))((((((((((((.......)))).....(((..((.((((.(.(((((((........))))))).).)))).))...)))......)))))).)).....((((((((....)).))))))(((........)))...((.((((((((.....(((....((((((.....(((((...........)))))(((((((((((((((...................))))).....)))))...))))).(((((..((.....))..))))).....))))))..))))))).)))).))...))))))))))....)))))))))....)))...))))))...)))..(((.((((.(...(((((.....)))))).)))).)))(((((((.(((....((((((.......)))))).......))))))).)))))))))).))) (-182.80)
Adalimumab_LC_topk_60	705	0.4482269503546099	-182.5	-0.25886524822695034	.(((.((........(((.((((.................((.((.(((((((((((((((..((.......(((....(((..((.(.(((((((.(((...))).)))))))).))..)))....)))....((((((((.((((((.((((.....(((((((((((((.((....))..(((.....)))...(((((........)))))..((((((....))))))))))))))))))).(((((((((((((....((((((..((((..(((..(((........))).)))..)))).)).)))).....))))))))))))).......((((...((.((...((((..((((......((((...........))))..((((......)))).............)))).)))))).)).)))).....(.(((((((....))))))).).))))...........))))))))))))))..........((((((..((...(((.((......))))).......((((((((.(.((.....)).).))...))))))......)).))))))))..))))).....)))))..))))).)).))...((((((...))))))......((((...)))).))))..)))........)).))).((((((....))))))...... (-182.50)
Adalimumab_LC_topk_132	705	0.4524822695035461	-197.7	-0.2804255319148936	((((.((((..............((((((.((((((.((((((.((((((((((.(..(((((((((...(((((((...))))...)))....)))))))))..).)))))))..................)))))))))..)))))).))))))..((((((..(((.((....)).)))((((((.((((.(((((.....))))).).))))))).))(((((((...(((.....(((((((...((((((....))))))..........)))))))....)))...))))))).(((((((((..(((..((((.((((....))))))))..).))..)))....))))))....((((.(((.((((((.....(((((.(((......))).)))))..................(((((((((((.((...(((....))).)).))))))))))).))))))..))).))))........))))))..(((.((((.((.(((((..(((.(((.((.((((.(((..........))).)))).)).))).)))...((((........))))))))).))...(((.(((..(((...(((((((.((..((((((((...)))))))).)).))))).)).....)))..)))))))))).)))........)))).))))......... (-197.70)
Adalimumab_LC_topk_124	705	0.451063829787234	-187.0	-0.2652482269503546	..(((((..........(((((((((((((.((((.((((((....(((((....)))))(((((.....((((((...........))))))...)))))..((((((..((((((.(((...))))))))).((((.((((((.(....(((....)))).))))))...))))....(((....))).......(((((((((....(((((((((.........(((((((((((((((((((((...)))))))).)).)))))(((......)))..................)))))))))))))))...........)))))))))....))))))((((.........)))))))))).)))).)))))))..)).))))..)))))((((((.((((((((((....((((..(.((((.....)))).)..))))....(((((((.....))))))).(((....)))((((......(((((...(((((........)))))..))).)).......))))...(((((..........)))))...((.((....)).))......((((((..((((............)))).))))))...))).))))))).))))))...((((((.(....).)).)))).((.(((.((.((.(((............))).)))).))).)) (-187.00)
Adalimumab_LC_topk_145	705	0.4524822695035461	-177.7	-0.2520567375886525	((((...((.(((..((((((...........(((((((....(((.(((.((((.(((((((((........((((((.(((.(((....................))).))).)))))).(((..(((((((((...))).(((((........)))))))))))..)))......((.(((.(((((.......(((.(........).))).....)))))))).))(((((((((.(........).)))...))))))((((.(((......)))))))(((((((((........)))))))))(((..((((.(((((....)))))...))))..)))........)))).))))).)))).))).)))))))))))))))))))))...))))............((((((((((((((...........)))))....(((((((((..(((((((.(((................(((((((.((((((((.(....).)))))..(((......((.(((((((.((.......))))))))).))......))).........)))...))))))).(((.(..((((.....)))).).)))...))).)))))))......))))))))).(((((((.......((....)).....)))))))............)))))))))... (-177.70)
Adalimumab_LC_topk_252	705	0.4453900709219858	-185.2	-0.2626950354609929	..((((((((........))))))))........(((((((.(((........))).)))).)))....................(((.((((((((.........(((((.(((((((...((((((((((...))))))...(((((((...(((((((((((((((.((....)).)))))).((((.(((((...))................((((........))))))).))))....((((.(((((((((((.(((((((((((....((.(((((.(((((.((((.(((((..((..((((((...(((....)))....)))))).............((((((.....))))))))..)))))))))..)))))..))))).))....)))))).........))))).))))))............)))))))))((((((((.(((((((((...))))).....)).)).).)))))))..((((((.((.........)).))))))((..(((.(((.(((....)))))).)))..)).)))))))))..))))))).......(((((((((.(((((.((((.(((.....................))).)))).....))))).))))......)))))..))))..))))))).))))).........)))))))).))). (-185.20)
Adalimumab_LC_topk_298	705	0.4453900709219858	-182.3	-0.25858156028368795	..((((((((........))))))))..........(((((((((((((((((..(((.....))).......((((((.((((((((..................)))))))).)))))).......((((...(((((.(((((............))))).)))))....)))).....((((.....))))....((((((((((((.(((.(((...(((((...))))).......((.((((((((((((.((((((((..((((......)))).))....)))))).).))))))))))).))(((.(..((....))..).))).....)))))).))))))....)))))))))))))))))))))))..............(((...(((((((((((.(((((..(((........))).....))))).))).))).((((((..((((..(((((..................))))).....))))..)))))).((((.(((..(((......)))..))).))))((....(((((((.((.......(((((((.((....)).)))))))..(((....))).(((((..(((((...((((.....))))((.(((((....))))).)).........)))))))))))).)))))))....))........)))))...))) (-182.30)
Adalimumab_LC_topk_40	705	0.4524822695035461	-190.3	-0.2699290780141844	.(((......)))(((((((((.((((((.((..(((((...((((..((.(((((((((.......((((..((((((.(((.(((((((((......))))).))))..))).))))))........((((((((.((....((.((((..............)))).))....)).)))))))).(((.(((..(((.(........).)))......((........))(((((((..(((((((....)))))))..).))))))................(((((((.((...((((((((.((((............(((..((.......))..)))...))))))))))))..)))))))))(((((((((..((((((((..(((((......)))))........(((((.((....((((...)))))).)))))(((((....))))).)))))))).....)))))))))...)))..))).........)))))))).))))).).)..))))...)))))..)).)))))).......(..(((((.......((((((........((((..((((((....((((((((((..(........)....)).))))))))..))))))..)))).........)))))).......)))))..)..............))))))))).. (-190.30)
Adalimumab_LC_topk_155	705	0.4581560283687943	-196.3	-0.2784397163120568	..(((((((((......)))))))))(((((...(((((....(((.......)))....)))))...)))))..((((..(((((............(((.(((((.((((((((.....))))))))....((((((.(((((...((.((...((((......))))...)).))..)))))..))))))....(((.(((((...(((((.((((((.(((((((((((((..(((...)))..)))))).(((((((..((.((((((............))))))...))..)))))))(((((((((...........))))(((((((((.((((.(((..........))).((((......(((((.(((..........))).))))))))).)))).)))))))))...)))))........))))))).)))))))))))...((((.((((((((((.....((((.........))))....(((((..((.........))..))))).))).))))))).))))..(((((((((....))).))))))..(((......)))...((((..(((..............))).)))).....))))).))).........))))).))).(((.....)))(((((((((.............))))))))).....))))))))).. (-196.30)
Adalimumab_LC_topk_186	705	0.4453900709219858	-185.7	-0.2634042553191489	................((((((((..((((((.(((((......((((((((((((((((((((..((((.....((((..((((..(((((((.(((((....)))))))))).)))))).....((.(((...))).))..)))).....))))..(((..((((((..(....)..))))))..)))((((((((.(.((((...((((((................))))))....)))).).))))))))((((((...(((.((((......)))))))...))).)))..))).))))))))...(((.((((((((..........)))))))).)))..........(((((((((...((((((.((((((.((.((.(((...))).)).)).)))))).))))))...)))).((((.....)))).....(((((.((((.........)))))))))...........((....)).))))))))))))))(((.((((.....)))).)))...(((((..(((((..((.(((((...((...(((((.....((((.......))))...)))))...))...))))).))...)))))))))))))))..))))))..))(((((...))))).(((....)))........((((.((((.((....)).)))).)))))))))). (-185.70)
Adalimumab_LC_topk_44	705	0.44397163120567373	-192.0	-0.2723404255319149	..((.(((((....))))).)).......(((((((.(((((..................(((((((...((((((...........)))))).)))))))...(.((((..(((((((..........((((((((..(((..(((((((((((..((((((.((((...........((((....))))((.((((.......)))).))(((((((...........))))))))))))))))))))))))))))((((.((((...((((((.((((...........((((...(((.((((((((.(((.(((.((((..........))))..)))))).)))).)))).))).))))......))))))))))...((((....)))).))))))))........((((((((..(((........)))...(((((((...)))).)))..((((.((((((.....((((((...))))))..))))))))))))))))))..)))...))))))))))))))).....)))).)...((((((((.....(((((((.((..........(((((((.(.................).)))))))....(((....((((.(((....)))))))...)))(((....))).)).)))))))))))))))...........)))))))))))). (-192.00)
Adalimumab_LC_topk_191	705	0.45673758865248226	-187.1	-0.2653900709219858	..((..((((......))))))................(((....(((((.((((..((((.((.........((((((.(((.((((.(..((.....))..).)).)).))).))))))........(((...(((..((((((((........))))))))..)))....)))..((((.((.(((((((((....(((((..(.(((.((...)).))).)..)))))))))))))))).)))).(((((((....)))))))(((((((....(((((..((((((((((((((.((.((((.((((((..((((((..((((...)))).))))))..)))..))))))).))((...)).......)))))))))...(((.((((((((......))))...)))).))).((((...................))))((((((..((.(((...(((((((.................)))))))))).))))))))............((((......)))))))))..)))))))))))))))))))))))))))....))).....................((((((((.......((((((.....(((....((((((.......)))))).......)))....)))))).....((((((((..........)))))))))))))))) (-187.10)
Adalimumab_LC_topk_167	705	0.4553191489361702	-175.7	-0.24921985815602835	..(((...((((((.(((..........(((.....)))........)))..))))))..)))...(((((((((..........(((........(((((.((((..((..((...))..))..)))).)))))........)))............((((.((((((..(....)..)))))).))))......((((((..(((((((((..((((((((....))))))))..((((((....((....))(((((.(((((........))))).)))))....((.(((((...(((((.((((.((((((((.((......)))))).......))))...))).).))))).))))).))..))))))......)))))).))).)))))).)))))))))..((((((.((((....(((((((...........(((((..(((.((...(((((((((((....((((((....(((((..(((.....((..((((..(((.....)))..))))..)))))..)))))))))))...))))))).))))...)).)))...)))))....))))))).....(((((........)))))((.((..((..((((.....)))).)).)).))((((((((.....((((........)))).......))))))))....)))).)))))) (-175.70)
Adalimumab_LC_topk_285	705	0.4581560283687943	-184.0	-0.26099290780141843	.(((......)))...(((((...................(((((..(((((((.....(((.(((((.....((((((..((((((.((..............)).))))))..)))))).......))))))))......)))))))))))).((((((((((((.......)))..(((((((...(((.((...((((((.........(((((((((((.......)))))).)))))(((((((..(((......))))))))))..................(((......))))))))).)).)))..((((((((((....((((((....(((((..(((((......((.....(((....)))........))....))))).))))).....))))))...........))))))))))........)))))))...((((((...))))))..))))))))).........(((((((((....((((((((((((((.(((...(((((((((.((((....)))).(((((((((......)).))))))).......(((((....((((((......(((.....(((((...)))))...)))......)))))))))))..))))))))).....)))....))))))))...))).))).....)))....)))))).))))). (-184.00)
Adalimumab_LC_topk_56	705	0.4595744680851064	-184.9	-0.2622695035460993	.................((((((((((((........(((((.((((..((((((((..((........))..))))...))))........((((((((....))))))))(((((...))))))))).).)))).......))))))).)))))..((((((.(((((....((((((((((........)))..)))))))...)))(((((((((....((.((((((((((((...((((.....))))....))))))....)))))).))...))).....))))))...))))))))(((((((((......(((((((.......)))))))((((............))))...(((...(((..((((((((((.(...(((....)))....).)))))))))).)))...))).....)))))....)))).(((((((..(((..........(((((((.(((((.......((((((.(.(((.((..(((..(((..((..((((((((......)))........((((((((......))).)))))(((((((((...))))...)))))..((.....((((((((.....(((..........)))))))))))...)))))))..)).)))..))).)).))).).)))))).....))))).)))))))))).))).)))) (-184.90)
Adalimumab_LC_topk_141	705	0.4553191489361702	-187.2	-0.265531914893617	...................((((((((.................((((.....))))...((((.((((((((.((..............)))))))))).))))((((((..((((.((((........)).)).)).(((((((((...((.....((((.(.((((.((....)).))))).))))...)).(((((((........))))))).........((((((...(((.(((((.............))))))))...)))))).))))))))).((((((((..........))))))))))..))))))....((((((((..........((.((((......)))).))(((((((((((((((..........(((((((((((..((((((((.(((((((..(((.......).)).....))))))))))).)))).))))))..((((.((((.............)))).))))....((.((((.....)))))).((((((((......(((....)))..)))))))).....)))))...........)))))))).)))))))......))))))))((((((....((((...............((((....))))..((((.(((........)))...))))..))))))))))...........))))))))... (-187.20)
Adalimumab_LC_topk_1	705	0.4581560283687943	-177.1	-0.25120567375886527	..(((..(.(((....((((((((....(((.....))).((((((...((((....))))((((...)))).........(((((...((((((((.....))))..))))...))))).........(.(((((((..(((((.............)))))..((((..(....)..)))).(((((((......(((((((((((.....(((.......)))..((((.((((((((..((.(((((.(((((((((((((((.((((((.((....)).)))))).........)))))))....))))))))..........((((((((....((((((.((.(((....((..(((((((((....((((....(((.....)))....)))))))))..........))))))..)))))))))........))..))))))))..((((((.((......)))))))).........))))).)))))))))).))))))))))))))))))))))))))))).)....))))))((((((.........(((..((((((.((.......)).)))))).))))))))).....((((.....))))...))))))))...))).)..))).........(((.(((...)))))).((.((((.((................)).)))).)). (-177.10)
Adalimumab_LC_topk_292	705	0.4581560283687943	-204.4	-0.2899290780141844	.((((((.(((((((.....((.......))......))))))).)))))).(((((((...(((.....(((((((.....)).)))))...))).)))))))..((((((((((((.((((((.....))))(((.((((.((((..(((((.....((((.......))))........((((((((.((((....((((((((((((((.............(((((((........)))))))....))).)))))).))))))))))))))))).....(((((..(((((..((((((((.((((((..(((((((((......))))..)))))..)))..)))))))......))))..)))))..))))).((.(((((..(((((((((((((((..((((.(((((.((.....)).))).)).))))..)))..)))))).)))))).)).))).)).......))))))))).)))).)))(((((.(((((...(.(((((((.(((.(((.(((((.....((...((((((((((....))).)))))))...))))).))))).)))))))))).).)))))))))).....((((((((((((.....)))..)))))..))))(((((....)))))............))))))))))))))..((((((.......)))))). (-204.40)
Adalimumab_LC_topk_20	705	0.4581560283687943	-186.1	-0.26397163120567374	.......(((((....))))).......(.((((((((((((((..........))))).))))).....)))).)..((.(((((.((.(((((((.(((((....))))).(((.((((((.....(((((((....((((((.............))))))))))))).......((((((((.....)))((.(((.(........).))).)).........(((.((....))))).)))))...(((.((((....)))).))).(((((((((..((((.(((((..........))))).))))........((((......))))....(((((.(((....(....)...))))))))....((((.....(((.....))).....)))).((((.(((((.((((((((((.((((.....))))..((((((.((((((.....)))).)))))))).....(((((....))))).....))))))....)))).)))))..)))).....))))))))).............)))))))))....(((..((((((((((((......)))))))....)))))..)))......)).))))).((((..((.....(((...(((.(((((.((((((.....))).))).))))).))))))...))..))))...))))))).)). (-186.10)
Adalimumab_LC_topk_69	705	0.4397163120567376	-175.9	-0.2495035460992908	.(.(((......(((((.......(((((.((..(((((.....((..(((..(((...((((((((.......(((.....))).........)))))))).((((((((((.(((.(((.((((((((((((((((......((((((.((((........((((((.((....)).))))))...((((.......)))).(((((.(.((((.((.(..........))).)))))..))))))))).)))))))))).)))..(((((((((..............(((((......)))))(((((...(((......)))....)))))(((((..((.....((.((((((((..........)))))))).))..))..)))))(((((..((((((..................)))))).))))))))))))))....((((..((.(((.((((((((...(((((((..(((....).))..)))))....))...))))))))))))).))))..))))))))).))).....))))))))).))))((((...(((......)))..))))...........))))))..)).....)))))..))))))).....)))))......))).)....((((....))))....((((((((.((..............)).)))))))).. (-175.90)
Adalimumab_LC_topk_203	705	0.46099290780141844	-191.1	-0.27106382978723403	...(((((((........)))))))(((((((.....((((((((.(((((((......)).)))))..(((((((.((((((((((((.((...((..((..((..(((.(((...))).)))..))..))..)).))))).)))))))..)).)))))))....(((.((....)).))).)))))))).(((.((..((((((.((((((....((........))..))))))..))).)))..)).))))))))))((((((..........))))))(..((((((((.........((((((((((((..........(((((((((((((.........)))))))))))))..((((((((((((...((((........)))).....)))))).))))))....((((..((((((........))))))...)))).(((((((((((((((((((..............(((((.(((........))).)))))(((.((....)).)))...............((((..........))))...((((....(((((((.(((.......))).)))...)))).....)))))))))))))))).)))))))...(((...((.((....)).))...)))..(((.......))).)))))))...)))))....))))))))..). (-191.10)
Adalimumab_LC_topk_230	705	0.43829787234042555	-188.7	-0.2676595744680851	..((((.((((......)))).))))..........((((((((((((.(((((((..((((((((................)))))(((.((((.........)))))))(((.(((((((..((((..((((((((((((...((((.((((((((..((((....((((((.......))))))....))))((((((..(((.((((((....((.......))...))))))..))).))))))((((..((((....)))).)))).....(((((.(((.((((....((((......((.((((((((.......)))))).)))).......))))......)))).))).)))))(((..(((((((((((((((.....(((.(((((...(((...((((((............))))))..)))..)).))).))).)))).)))).))))))))))...))))))))))))..))))))))...(((.((((.....(((((((((.((((.((((.((......))..(((((.............)))))....)))))))).....)))))))))...)))))))(((......)))))))......(((((((.....))))))))))).)))))))))).(((((...))))).))).)))..))))...)))))))))))).... (-188.70)
Adalimumab_LC_topk_94	705	0.4368794326241135	-169.6	-0.24056737588652483	(((((..(((((.............................((((..(((.(((.((((((........)))).).).))).))).))))........((((......))))...(((((((..((((..((..((((((....(((((((((..........)))))))))....))))))((((.....)))).((((((((((((.((((((((..((((((.....))))))((((((.((((((.(((((..(((..((.(((.((.(((((...(((((......)).))).....))))).)).))).))...)))..))))).))........)))).........))))))..)))).....)))).))))))(((.....)))))))))...((.((((((((..(((.(((.((((.(((((((((...((.((((((((...))))((((..((....))..))))....)))).))..))))...))))).)))).))).)....((((((....(((((..((((....)))))))))..)))))).))..)))))))).)).............((.((.(((((.((((..((((......))))..)))))).))).)).))))..)))).))))))).....)))))))))).((((((...(((.....)))...))))))..... (-169.60)
Adalimumab_LC_topk_290	705	0.4624113475177305	-190.3	-0.2699290780141844	..((.((((.....))))..))((((((((((..(((((((((((((.((((((((.......)))).....)))).....(((((((.(.((......))...).)))))))((...((((((.(.((....))).))))))))((((((((((..((((....(((((((........((((((((((..(...((((((........)))))).)..))))))...)))))))))))...)))))))).)))))))))))))).))))).............(((((((((........)))))))))..............)))))))))).....(((((((((((.....((((((((((.....((((((......(((((....(((((......)))))....)))))..((..(((((((((...)))).(((.((.((((((.((((.((((((((.((....(((((....((......))...)))))....)).)))))))).))).).)))))))))))...(((..(((((((((......))).))))))..)))..........)))))..))))))))..................((((.((..(((((.........))))).)).))))..((....)))))))....)))))(((((...)))))......))))))))))) (-190.30)
Adalimumab_LC_topk_296	705	0.4368794326241135	-186.3	-0.2642553191489362	..............(((((.(((((...((((.....((((......(((((((.(..(((((.........(((..........)))..........)))))..).))))))))))).....))))...)))))(((((((.((((..............((((((((((((((...(((((....)))))........(((((((...(((.......)))...))))))).(((((((((((((.(....).)))))))).))))).........)))))...)))))).)))...((((((((.((((((.......(((((....))))).......)))....))))))))))).(((((.....((.((((((((...((((((..(......)..))))))))))))))))))))).(((((((((((....................)))))))))))...............)))).)))))))....(((...(((((((((((...((((((....((((.....((((........))))))))....))).))).....)))))))....((((((((((..(((((((((.....(((((...(((............)))..)))))..)))))))...))..))))))))))..))))..))).............)))))....... (-186.30)
Adalimumab_LC_topk_5	705	0.46382978723404256	-195.5	-0.2773049645390071	......................((.((((((((........(((..(((((((((((((((........))))..)))))..........(((((((.(((((....)))))..))))))).......((((..(((((((((((.(.........((((......))))(((((((.....((((.....))))...)))))))........((((.((((....))))))))........(((((((((.....)))))))))((((((((((...((((..(((((((.((((....(((((((((((((((......((((......))))......))))..)))).))).....)))).....)))).)))))))..))))...((((((....((((......................))))))))))..))))).))).))((((......(((((((.((((.(((.(((...(((..(((...((((((.(((((......((((((((.(((......)))....(((...(((((((((....)))).)))))...)))...........))))))))....)))))))))))))).))).)))))))))))))))))))))...).)))))))))))..))))..((((((....)))))))))))).))).....)))))))).)).... (-195.50)
Adalimumab_LC_topk_204	705	0.46382978723404256	-188.0	-0.26666666666666666	................(((((((((.......(((...(((((((..((((((((..(((...((((.(((........(((...((((((((((..(((((.((.(((....))).))..(((((...))))))))))...))))))))))..)))........))))))).(((.(((((.((((.((((.(((.(((..........................))).))).).)))))))(((((.((((((((((.((((((((((.......))))..)))))).))).....)))))))..((((((((.((......))..)))))))).(((..(.((((........)))))..)))...............)))))...((((((.((((.(((((((.(((.(((.((((.((.((((((((.(((.(((.(((...)))))).))).))))))))........(((((..(((....).))..))))))).)))).))).))).)))))...)).)))).))))))....(((((((((......)).))))))).(((......)))..(((....)))....((((.((((....))))))))...............))))).))).((((......))))....)))))))))))..)))))))...))).......)))))))))... (-188.00)
Adalimumab_LC_topk_242	705	0.46382978723404256	-178.7	-0.25347517730496455	.....((((((................((((((...(((((((((.(((((((((..(((((........((.((((((.((.(((..(((..(.....)..)))....))).)))))))))).......)))))((((....))))((((((..........)))))).((((.......)))).)))))((((((.....................(((......)))((((((((((((..(((......((((((((..((((...................)))))))))))))))..)))).((((((((.......))).)))))........))))))))......))))))...)))))))))).)))))))))((((((..((.((((((........(((((((..........)))))))........))))))..))..)))))).(((((((.((((.((............(((((((((....(((..((((..((((((..(((..(((....(((..((.(((....))).))..)))....)))..)))..((.(((........))).))......)))))))))).))).))))..)))))..((((((((...)))))))))).)))))))))))....)))))).((((((((.(..(((....)))..))).))))))... (-178.70)
Adalimumab_LC_topk_95	705	0.4652482269503546	-211.7	-0.3002836879432624	..((((((((.((((........)))).))....))))))....((((.(((........((((..((((.((....)).))))..)))).((......)).((((((((((.......((((((..((((((((((((((.((....)).)))).((((((((.((.......))...))))))))((((((..((((....).)))..)).))))....(((((..((((..((((((((..((((((((((...(((((((((((.......)))))...((((.((((((........)))))).)))).(((........))).............)))))).....((((((((..(((((..((((((((.....((((......))))......))))))))..)))))..))))))))((((((((.....((.((......)).)).....))))))))...............))))))))))))))))))..))))..)))))....))))).((((((((..((((....))))))).))))).)))))))))))((((((((........))))))))...))))))))))((((.....))))........(((((.....)))))))).)))).(((((....))))).((.(((((((.((..............)).))))))).)) (-211.70)
Adalimumab_LC_topk_78	705	0.4652482269503546	-189.3	-0.26851063829787236	..(((..((((((.((((..(((((.....(((.(((((.(((..(((((((((........((.((.(((((((((((..(((((((.(((((...((((....))))))))).))).........((((((((..(((....((((....((((..(((.(((((((..........))))))).))).......(((.(........).))).(((((((((.........(((((.(((((((...((((.(((((..(((((((((((............))))))))....))))))))......((((..((((..((.....))..))))...))))))))..)))..))))...)))))))))))))).....(((((((((...))).))).)))..))))...)))))))...))))))))..(((....))).....)))).))))))))))).))))......(((((.......))))).))))).)))).))).)).))).))).....)))))(((((....(((.(((.((.((...((....((.((((((((...........))))))))))...))...)).)).)))..)))..)))))......(((((.((....))))))).(((.....))))))).)))))).)))...........((((((.....)))))).... (-189.30)
Adalimumab_LC_topk_85	705	0.4652482269503546	-181.7	-0.25773049645390067	..(((.(((((...((((....((((..((((..((((((((((((((((.....((((((..((((......(((.(((((.((((((...(((((((((.(((((.((((((...))))))......(((((.(((.......(((((......)))))))).)))))...))))).))..))))))).......((((((((....)).)).))))..........((((((.((...(.(((((.........(((((((((((.((...(((((((..((.................))..)))))))...))))))))))))).......)))))))).))))))..(((((.((.(((.(.(((((.(((........((((((..((...))...))))))))).))))).)))).).).))))).......))).)))))))).)))......))))..)))))).....))......)))))))))))((((((((.((((((((....((((...(((.(((....(((...((.((((((....))))))..))...))).....))))))....))))))))))))..)))))))).....)))..))))..))))....(((((.((((...)))))))))..))))))))).)))(((((((((((...))))...)))))))....... (-181.70)
Adalimumab_LC_topk_183	705	0.4666666666666667	-185.7	-0.2634042553191489	..(((((.((.((((............................(((((((((((.((((.((((......((.((((((..(((((((.(..((.....))...).)))))))..)))))))).....)))).))))...((((((((........)))))....)))....((((((..(((((....(((((....((((.((..(((.......)))..))))))...)))))(((.....))).....((((((((((.((.((.........(((((.(((((.((.((((..(((((((((.(((.((((((.....(((((.((((((....((.....))..))).))).))))).(((((...............))))))))))).))).)))))).............(((((((.............)))).)))(((((....)))))((((....................))))...))))))).))))))).))))).........)).)))))))).)))).)))))..))))))...))))..)))))))..(((((.((......)).))).)).......(((((((...(((((....((............))...))))))))))))..(((....))))))))).)))))...((((...((((((....)))))))))). (-185.70)
Adalimumab_LC_topk_206	705	0.4666666666666667	-178.9	-0.25375886524822694	...(((.(((((................((((((((((((.............(((((.(((((..........(((((.(((.(......).)))...)))))((((((((.((((((.(((((..(((((........)))))..)).)))...((((......))))............((((.....)))).............))))))))))))))....(((((((........)))))))...))))).))))).((((((.((......((((((((((((((.......(((((...((((..((((........)).))..))))...)))))......((((((.((((...)).)))))))).......((((((..(((.((((((......((((((((............))))))))......))))))))).(((((((((((((.((((((.......((((......)))))))))))).))))))).))))......))))))......))))))))))))))..)).))).))).....((.((....)).))........(((((...(((........)))...).)))).....)))))))).))))))))).))).........(((((.((...((((((((.................))))))))..)).))))). (-178.90)
Adalimumab_LC_topk_212	705	0.4666666666666667	-196.0	-0.27801418439716313	.(((......)))(((((((((((((..((((((.........((((.....(((((.(((((((.......((((((.......))))))..((((.(((((........(((.((....)))))((((((...))))))..))))))))).....(((((((((((((((.......((((((((.((((.....((.((((......(((((.((....))))))))))).))....))))..))).)))))....((((((.(((.(((............))).)))))))))..(((((...((((((.....((....))....)))))).)))))..(((........)))....)))))))))..))))))...((((((((.((......)).)))))))).....(((......)))((((((((....((.((((.....)))).))....).))))))).(((((((((((((..(....)..)))....)))).))))))..........)))))))))))).....))))...((((((.(.((((((.......((.(((........))).))....((((.......)))).(((((.....((((...((((((.......))))))......))))....))))).)))).))).))))))))))))...))))))))))))).. (-196.00)
Adalimumab_LC_topk_269	705	0.46808510638297873	-185.9	-0.26368794326241135	..((...(((....)))...))...............(((((((.....(((..((((((..((((........(((...)))((((..(((((((((((((..(((.((..((.((....))))..)).))).)))).)))))))))..))))..((((......)))).((((..(((.((((...((((....)))))))).)))..))))..((((..........))))((((((...((..((....))..))....))))))(((((((...............(((((...((((((((.(((.(((..((..((((......))))..))..))).....))))))))))).)))))...)))))))..))))..))))))...((((.(((((((((((((((((..........)))))))).)))...)).)))).))))...(((.((..(((((((((..........((((.((..((....((((((.((.........)).))))))))..)).))))..((((((....))))))....(((((.((...(((......)))..)))))))...............)))).)))))..)).)))....(((((.....)))))(((.(((((((.((.....)).))))).))..)))..................)))))))))). (-185.90)
Adalimumab_LC_topk_219	705	0.46808510638297873	-186.8	-0.2649645390070922	....................((.((((((((((..(((((((.......(((.....)))(((((((.((((...((((((((......)))..)))))...(((.(((((((..(((.......))))))))))))).....(((((........)))))...)))))))))))......)))))))(((......))).(((((.........)))))((((...((((((((.((......)).)))))))))))))))))))))).))....((((((......(((((.((((.....))))(((((((((.......)))))).)))....(((..((.(((........)))))..)))....(((((((((((..(((...(((....))).))).)))))))))))((((.((((.((.(.....))).))).).)))).......((((((((((((.((((.............((((((((((..((..(..((((.((.((....)))).))))..).((......))..((((((.(((((.....))..)))..))))))...))..))))).))).))..........))))..))))))))))))..........(((((.((.(((((......))))))).)))))((((((............)))))).....))))))))))) (-186.80)
Adalimumab_LC_topk_220	705	0.4695035460992908	-182.1	-0.2582978723404255	..((..(((((.(((((...........(((.....)))(((((.((((((((((((((...............((((.......((((((((((((((((....))))))))..((....)).....((((((((.(((.....)))..........(((((((.(((..........))).)))))))......(((((.((.....(((((........))))).....((((((((.((.(.....).)).)).))))))((((.......)))).....)).)))))))))))))..)))))))).((((..........((...((((...)))).))(((..........)))...))))....))))(((....(((.((((.((((((..((.....((((((((............)))))).....)).....))..)))))).)))).)))...))).........(((.....))))))).)))))))))).)))))((((........)))).((.((((((((..(....)..)))))))).))(((..((((.(((.(((........))).))))))).)))...(((......))).((((.((....(((((.....)))))...)).))))........))))).)))))..))..(((((..(.........)..))))).... (-182.10)
Adalimumab_LC_topk_68	705	0.47092198581560285	-185.7	-0.2634042553191489	..((((..............................((((((.((((.....(((((.....)))))......((((...))))...(((.(((...........))))))((((((..........)))))).))))....))))))........((((((((((.((....))..)))))))))).))))..(((.((.(........).)).)))..(((...((((((((...)))(((((((........)))))))(((((...((((((((((............((((...((((((.((((((((..(...((((((.........)))))))..))))))).).))))))..))))....((((((((..........(((((((((.......(.((((((((............)))))))).).........(((((((....)))))))(((((((...((((((((.((....))....))))))....))...)))))))......)))))).))).....(((...((((((...........))))))...)))))))))))..((((.((((((...(((.......)))..))).))).))))...(((((.....)))))))))))))))....))))))))))...)))((((((((.(((....)))..))))))))..... (-185.70)
Adalimumab_LC_topk_173	705	0.47092198581560285	-192.8	-0.27347517730496457	.(((......))).........................((..(((((((((((((((..((((..........((((((..(((((((.((..((...))..)).))))).))..)))))).......((((.(((.((((...)))))))))))(((((((((((.((....))..)))))))))))........))))..))))((((.((((((...((((...((((((((((.......(((((((.....))))))).((..((((.....((((((((((.....(((.((..((...))..)))))........))))))))))......))))..))..)))))))...))).))))....))))))..)))).)))))))))))..))..............(((((((((((((((((...........))).))))((((..((((..(((((((.((((..(((((...(((((((.(((((.((((((..((..((((.......))))..))((((.....((((((........))))))....))))((....))..))))))..)))))((((...))))...))))).....)).))))).)))))))))))......))))....((((..((((.....))))...))))))))...................)))))))))). (-192.80)
Adalimumab_LC_topk_234	705	0.42836879432624114	-172.0	-0.24397163120567375	..((..((((.(((.............))).))))..))..((.((((....(((((...)))))....)))).)).(((.(((((((.....((((((((((..(.((((((((((((((...)))))(((.((.....(((((.((............)).)))))..)).)))...(((......))).......(((((((((...((((((.......))))))..((...(((((((.(((((...))))).))...)))))))...(((((((((.......(((((........)))))((((((..((........))...))))))..........(((..(((...)))..)))...))))))))))))))))))..))))))))))......(((.(((((((..........)))))))..))).....((((((((((....)))))..)))))..(((....)))..(((((.((..((....)).))))))))))))))))).(((.........)))..((((((..((((((((((..(((.((((((.(((((((........))))))))).))...))...)))..))..)))))))).)))))).(((((.((....))))))).(((.....)))((((((((((((.....))))))))..)))).....))))))).))) (-172.00)
Adalimumab_LC_topk_136	705	0.4723404255319149	-203.1	-0.28808510638297874	..((((((((......................))))))))......((((.((......))..))))......((((((...((....((((..((((((.......))))))..))))...........))...))))))....((((((((..((((((.(((((((.((....)).))))))).))(((((((.....((((.....((.((((..((((((.....))))))...)))).))...))))....)))))))......((((((((.....(((((((((((........)))))))))))..........((((.(......).))))((.(((((..((.....))..)))))))((((((((((.........((((((.....))).))))))))))))).((((((((((.(.....))))))).)))).(((((....))))).((((((.....................)))))).((((.....(((.((((.....)))).)))(((((....)))))...(((((..((((((.......)))))).))))).)))).(((((((.(((.............))).)))))))........(((((((.....))))))))))))))).......((((((((((((.....)))))..)))))))..))))..)))))))) (-203.10)
Adalimumab_LC_topk_255	705	0.4269503546099291	-160.0	-0.22695035460992907	...((((((.((((....(((.(((((((.........((((((((((.((((....))))))).....))).))))...(((((((.(((((......)))..)).)))))))(((((.......)))))............))))))).))).....))))))))))...((.((((((.(((......)))..(((...........))))))))).))....(((((((.((((((((..(((((...)))))..)))..)))))((((((((.(((...(((((.(((.((((.....))))(((..(((......((((......))))......)))..))).........))).)))))....)))))))))))..(((..(((((.(.(((((((((((((((..((((((....((((.(((..(((((.....((((((((....)))))..)))...)))))..)))))))....)))))).))))....)))))))))))).))))).)))........((((((.....(((((((((....))).))))))....)))))).(((((..((((..((((........((((....))))))))...))))...)))))((((....))))(((....))).))..))))).(((((((.((((............))))))))))).... (-160.00)
Adalimumab_LC_topk_149	705	0.4723404255319149	-187.6	-0.26609929078014183	..(((..(((...(((((........((((.(((.(..((((((((((((((.(((...((((..((.((((....((((.(..(((.(......).)))....).))))....(((((.......)))))...(((((((.(((((...((((((((((((((((.((....))..)))))))).(((((((((.............((((((................)))))).......((((((..(((((....)))))))))))..........(((..(((((.((.....)).)))))..)))(((((........)).)))........)).))))))).((((((((..(...)..))))))))................((((((.((.(((......................))))).))))))...((((((...((...........)).)))))).))))))))))))).).))))))..........(((((((((((.............((((....)))).((((((((((....)))).))))))..(((((........)))))...)))))))))..)))))).)).))))))).))))).)))).)))))....).))).)))).........)))))...))).)))....((((....(((((...)))))..)))). (-187.60)
Adalimumab_LC_topk_169	705	0.48226950354609927	-189.6	-0.26893617021276595	..((((((((.(((..((((.........))))..)))))))......))))(.(((((((.(((...((((((((........((((((.((((...((((........(((((.(((.......))))))))))))....)))).))))))..))))))))..((((..(....)..))))....((((((......(((((...((..((((((((((......)))).((.(((((.(((.........))).)))))))(..((((((((.....(((((((.............(((((((((((((((((((.(((((((....(((.......)))............((((.((((((.(((((((((.....((((...)))).....))))))..))).))))))...)))).(((((((.(((.......(((......)))))))))))))((....))...((((((....((.....))))))))))))))).)))))).)..)))).)))..)))))..))))))).))))))))..).((((.((((.(((((..............))))).))))..))))..........))))))..)).))))).......(((((.((((...)))))))))....)))))).(((((............)))))))).))))))).).... (-189.60)
Adalimumab_LC_topk_92	705	0.44964539007092197	-174.2	-0.24709219858156026	.......((((......))))(((.(((((..........(((((.((((....(((((.(((((..(((((((((...........))))))....)))..))))).)))))..((.((((........)))).))....(((((((........)))))))...)))).)))))..(((..(((((((.((....)).)))))))...)))((.((.(((((((((((..(((....)))..)))).((((((..((.((((((...(((........................))).))))))..))..)))))).....(((((..(((((.....((((...........((((((..(....)..))))))..................(((((...((((...((((..((.(((((....(((((.((((((((........))))))))((((.(((........)))...))))((.((....)).)))))))))))).))..))))))))..((((...))))....((((........)))).)))))......(((((.((........)).)))))..))))........)))))..)))))........(((((((.....)))))))))))))))).))...)))))..)))((((.((((((.((....)).)))))).))))..... (-174.20)
Adalimumab_LC_topk_282	705	0.4524822695035461	-172.1	-0.24411347517730494	..((.((((......)))).)).............((((((((.........(((((...)))))......(((......)))....((((((((((.....)))).)))))).(((((((...)))))))((.(((((.....((.((((.(..........).)))).)).....))))).))...((((((...........((((((((((((....(((((..((((..(.(((.....(((((((((((((..((....(((.....)))....))..))))))((((..(((((((((((.(((((((......((((......))))......))))....))).))))))))..........((((((((......((((((((.........)))).))))...)))))))).((((((...........))).)))..((((.....)))))))..))))................)))))))...))).)..))))..)))))....((..(((.....)))....))..(((((.((((..(((((..((......(((((.....)))))..)).))))).)))).))))).....))))))..))))))...((((..((....)).)))).)))).))...((((((......)).))))..................))))))))... (-172.10)
Adalimumab_LC_topk_238	705	0.44397163120567373	-171.0	-0.2425531914893617	.........((((..(((((((((((((.........(((.....(((((((......................))))))).....)))...((((((.((........))))))))(((((..((.((((.((((..((.((((((((((((..........))))))))).......(((.(((..(((((........((((...((((.(((.......)))......))))....))))........))).))..))).)))..(((......)))....................(((.....((((((((........)).))))))....)))...(((((.((((((((..(.((((...(((((.....(((((((.((((.((..((((.((((...((((.(((..((.((.((.....)))).))..)))))))...)))))))))).)))))))))))...)))))..)))).).....)))))))).)).)))..(((.....)))........)))))..)))))))).))..))))))))))))))....)))).))))..((((((.((((((((......))).....((...))...(((((....((((((...)))))).)))))(((..(((....))))))(((((((..........))))))).....))))))))))) (-171.00)
Adalimumab_LC_topk_222	705	0.4553191489361702	-179.4	-0.25446808510638297	..((...(((((....))))).....)).......(((((((((((...((((((..((....))..).)))))...))))).(((.(((((((((((((((((((((((.....((....))((..(((((........)))))..)).(((((((((...((((..(((((.........)))))))))..................(((((........)))))((((.(((......))).)))).)))))))))((((((((.(((((...(((((.(((...))).((.(((((...((((..((((((((...((..(.(((((.......(..((((............))))..)........))))).).....))....))))))))..))))....((((((............))))))..........)))))...)).))))).)))))..))))))))........)))))).)))))..)))..))).)))))).)))...(((((....((((....)))).......(((((((..(.((.((((((..((...........))..)))))).)).)..))))))))))))...(((((((((..(((((((.....))))))).)).((((.(.......)))))(((((.....))))).........)))))))))))))... (-179.40)
Adalimumab_LC_topk_81	705	0.4453900709219858	-182.4	-0.25872340425531914	..((((((((((((......))))))....................))))))......((((..(((((..((((((.....((((((.((((.((....)).)))).)))))).((....))..........((((((((...))).........((((((((((.((....))..)))))))))).)))))....)))))))))))..))))...((((.((((...(((((.......((.(((((((.(((((.(((((.((((...(((((..................(((((((........)))))))...............((((((...(((((((((.(((.(((((((..(((......)))..))))))).)))..)))).)))))....)))))).........((((((((((...........)))))..((((...))))(.(((((((.(((................)))))))))).)....)))))..(((.(((((((((((.((..........))...)))))))))).).))).........((((((((........)))))))).............((((.....))))........((((..(.....)..)))))))))...)).)).))))).)))))...))).)))).)).......))))))))).)))) (-182.40)
Adalimumab_LC_topk_27	705	0.45390070921985815	-175.2	-0.24851063829787232	.(((((.....((((((.(((((((((((........((((((((...((.(((.((((((..((((((...(((.(((.(((((((.((((.(((...(((......)))....))).))........)).)))))))....))))))..((.((((.......)))).)).....((((..((((....))))..))))......((((((((..............)))))))).....(((((((...)))))))..((((((..(((((....((....)).....)))))...)))))).))))))..))))......)).))).))..)))))))).((((........))))..))))......)))))))......(((((.(((((((((.....)))))........(((..((.(((.((.(((((..(((.((((((((....)))))..))).)))...))))).))))))).)))..)))).)))))..((((((((((((...((.......(((((((.(((...(((((((....((.....)).......)))))))..))).))))))))).....)))))).)))))).....)))))).....))).)).......(((((((..((((.(.......)))))..........((((..........))))....))))))). (-175.20)
Adalimumab_LC_topk_277	705	0.4581560283687943	-191.9	-0.2721985815602837	..(((((((........................)))))))...(((((((((((....((((.((((........((((.((((((............(((....))))))))).))))..........)))))))).(((((((......((...((((((.((((..((((.(((.(((.((((....))))...))).)))....(((((((((..........))))))))).....(.(((....))).)(((((((...((((.((................))..))))..))))))).((((((....))))))...((...((((...)))).))........((((.(((((((((..(((.(((((...........(((((.(.((..((((.((((((((((..........))))))))).).)))).))).)))))(((((...)))))((((((......(((((.....))))))))))).((.((((((..((((((...(((........))).....))).....)))..)))))).)).............(((((........))))).))))).)))))))))))))))).))))..))))))).)))..)).....)))))))(((((((((........)).))))))).(..((.....))..)...))))))))))). (-191.90)
Adalimumab_LC_topk_193	705	0.4595744680851064	-170.1	-0.24127659574468086	..((.((((.((..((((.((((((((.((((.(((((.((..((..(((((...((((.(((((........((((..(((((.(((((((.....((....))...))))).)).).))))..........(((......(((((((((((.......((((.(((((....(((((((..(((.....)))...)))))))...))).))))))((((((........)).))))...((((((..((((....)))))))))))))))...))))))......)))))))..)))))..))))((((....))))...((((...(((((....((((..(((((.....((.((((.((((...(((((......((((.(((((.(((.(((....((((.(((((.(((.(((.(....).)).).)))))))).))))....))).))..).)))))))))......)))))..)))).....)))).)).....)))))...)))).)))))....))))..)))))..)).))))))).))))..))))))))..))))............((((..((((.((.................)).))))..))))........(((((.((.((....)).)).)))))..)))))).)).....((((((..............))))))..... (-170.10)
Adalimumab_LC_topk_71	705	0.44397163120567373	-187.3	-0.26567375886524824	.(((((....((((..((((.........)))).))))..)))))(..((((((((((..(((((.........(((...))).((((........))))....(((((....)))))..(((((((((((((..((.((((..(((((((((..........)))))))))(((((.....((((((((..........))))))))...)))))...(((((((.....(((((....(((((((((((((((.(.(((.(.((((.(((......)))...)))).)...))).).))))))))))(((((.(((......)))..))))).....)).)))....))))).....))))))).....((((((((((((((.(((((..((.((((.((.(((.(((((..............)))))..)))..))..))))...))..))))).)))..........)))))))))))...)))).)).....)))).((((.(((.......))).))))....)))))))))..((.(((((((.(((((..(((.....(((......)))..)))..))).))))))))).)).)))))..)))......((((...((((((.......))))))......)))))))))))..)(((((((.(((((..........)))))))))))).... (-187.30)
Adalimumab_LC_topk_43	705	0.46099290780141844	-188.5	-0.2673758865248227	.......((((((........))))))((((((((((((((((......((((((((((.(((..........((((((..(((....(((((((..(((...)))..))))).))(((..((((...((((((...(((..(((.(((.(((..(((((.(((((.((....))..))))).)))))....)))..))).)))..)))..))))))....))))..))).(((((((....(((((..((((((.....(((((...)))))))))))..)))))..........(((((((..((.(((((((((.(((..(((...((((.......)))).......(((((((.((...)).)))))))......)))..)))..))))))))))).......((((((............))))))..((((((...(((...(((.((.((((.((((((...))))))...)))).)).)))...)))...))))))...)))))))....)))))))...((((....)))).)))..))))))...))).))))))))))(((..(((.....))).)))..(((((((((.....(((...))).....))))).(((((.....))))))))))))))))......))))).))))((((((.((((..........))))...))))))... (-188.50)
Adalimumab_LC_topk_46	705	0.46808510638297873	-193.7	-0.2747517730496454	.(((......)))..............(((((((((((((((..((((..((((....(((((..........)).))).(((.((((..((((....))))....)))).))).((((((...)))))).((((((((((((((.((((((........))).)))..((((((((......(((.....)))....))))))))....((((((.(.(((((.......)))))(((.....)))...).)))))).((((.(((((.(((((((...))).)))).)))))))))..)))).))))))(((..((..((((..........))))..))..)))........))))..))))....))))..)))))))...(((((.(((.(((........((((((((..((.(((....(((((((.(.(((.(.((((((.(((((.((((((((.(...(((((((...(((((((((.....((......))..)))..))))))...))...)))))...).)))).....((((((((((....))).)))))))...))))..))))).)))))).).))).)))))).)).......))).)).)))))))).((((((.......)))))).(((((((((........)))).))))).)))..))).)).)))....))))))))... (-193.70)
Adalimumab_LC_topk_139	705	0.46808510638297873	-185.71	-0.26341843971631207	..((((((((((....................................)))))).....(((((.((.(....(((((((((.(((..((((..((((((.......))))))..)))).......((((...((((((.((.((((.(((.....((((......))))......))))))).)).))))))..)))).((((((((((..((.((..((((.......))))..)))).))))).)))))))))))))))))((.((.(.(((((.((((((..((((..((((....(((((...((((((.((........))..))))))....((((.......)))))))))..))))..)))).)))))).)))))))).))).)))))))..(((((....))))).........((((((((.(.(((..(((((.((((.(...((((((((.......))))))))((((((.((.((..((......))..)))).))))))......(((((((((((((..((...))..)))))..)))))..)))............(((.(((.((.(((((.(((....)))....))))).)).))).)))...........).)))))))))..))).)..))))))))))))...((((.((..((..(((....)))..))..)).)))).. (-185.71)
Adalimumab_LC_topk_39	705	0.4695035460992908	-194.4	-0.27574468085106385	..((((((((.((((........)))).)).)))...)))................((((((.............((((.(((((((((((.(((...))).))).)))))))).))))...(((..(((((........)))))..)))((((........((((((.((((((((.....((((.....))))...)))))))))))))))))).)))))).........((((((.(((((((((((((((((((((((((((...((.(((((..((.................))..))))).))...)))).))))))))))....(((((((((((((((((...((...))...)))).....(((((.(((..........))).))))).........................(((((...........)))))....))).))))))))))((((((((........((((((((((..(((....)))..)))).....)))))).......))).)))))........((((((((((....))).)))))))...(((((..(.((((((.((((.......))))...)))))).)..))))).))))))))....(((..((....(((((.(..(((....)))....).)))))..)).))).............))))))))))) (-194.40)
Adalimumab_LC_topk_244	705	0.47092198581560285	-203.7	-0.28893617021276596	..(((...((((((...........................))))))..)))((.(((.(((..(((((.((((......))))..(((.(((..((((((((..(..((((...(((((.........(((((((.(((.((..(((((((...((.(((.(((((((..........))))))).)))......))...))))))).)).))).....)))))))((((.(((..((.....))..))).(((((((....)))))))...((((((..((((.((.((((((((..(.(((..((((((....)))))).))).)..........((.(((.((..........))))).))......(((.(((((((.....((((.(((((.(((.((..((((((((............)))))......)))..))))).))))).))))((((....))))...))))))).))).)))))))).)).)))).))))))(((((((..............((((......))))((((((((......)).)))))).......))))))).........)))))))))...))))..)..))))))))..))))))......)))))..))))))))...(((.(((((.((((.(((((((..........))))))).)))).))))).))). (-203.70)
Adalimumab_LC_topk_80	705	0.47092198581560285	-191.3	-0.2713475177304965	..(((..(((.(((..((..........))..))).)))..)))...........(((((((...........((((((.(((((((..(((..((....)).))).))))))).)))))).........)))))))..((((((((((((((..((((.((((((((((((..((((((...(....((((((............((((...(((((...........((((((.(((..(((((...))))).(((((..(((.(((((((.((........)).))).)))))))..))))))))...)))).))...........)))))...))))))))))...).)))))).....)))))).))).))).)))).)))((((.((((.(.(((((((...(((((((..........)))))))..))))......))).).)))).))))((((((((...............(((((..((........))..)))))))))))))..((((.....(((((((...))))..(((((.((......))..)))))....)))))))..))))))))))).....(((((.((........((.((.((((.....(((((.....))))).......)))).)).)).(.(((((((((((......))).....)))))))).))).))))). (-191.30)
Adalimumab_LC_topk_4	705	0.47375886524822697	-182.1	-0.2582978723404255	.(((.(((((.(((....))).))))))))((((..(((((((((((((((((..((...((.((((.....(((..........)))......)))).))...))..))))))...((((((.....((((((((((((....((...))........))))))))))))..((....)).(((..((((((....................)))))).)))........(((((..((((((...((.(((((((.((((....(((((.((((.(((((((..........((((.....))))((((((.((........)).)))))).............((........))))))))).....(((((...((((..((.(((.((((((..((((.((...........((((((.(.((((((.(((((.(((..(((((((...)))).....))).)))...))))))))))).).))))))))))))..))))))..))))).)))).))))).)))))))))..))))..))))))).))..((((.(((.(((.(((......)))....))).))).((((((((...((.((.............)).)).....))))))))))))))))))....))))).(((((.....))))))))))).)))))......)))))).)))).. (-182.10)
