"p_val","avg_log2FC","pct.1","pct.2","p_val_adj","gene"
2.42553603318e-18,0.74257936944926,1,0.995,6.09512949777803e-14,"Rps21"
3.9563408234613e-17,0.727076214731602,1,0.995,9.94188885527591e-13,"Rps28"
3.16032513788094e-15,0.739774396625906,1,0.985,7.94158103898102e-11,"Rps27"
8.33050649568457e-15,0.552705293787488,1,1,2.09337297730058e-10,"Rps29"
1.55558411878434e-14,0.705394978196031,1,0.995,3.90902733209317e-10,"Rpl39"
5.82096623759811e-14,0.605467972550132,1,1,1.46275060584603e-09,"Rpl37a"
2.49717550687837e-12,0.646801460417459,1,0.995,6.27515233123465e-08,"Rpl37"
3.12711072659848e-12,0.664135823828397,1,0.99,7.85811654486931e-08,"Rpl38"
1.34104778041048e-09,0.552901201208376,1,0.995,3.36991896739349e-05,"Rpl41"
5.20709062518684e-09,4.0495235484165,0.23,0.035,0.00013084898032032,"Wfdc18"
5.53717198612007e-09,0.585469471673991,0.995,0.98,0.000139143594839211,"Rps26"
6.47465489666938e-09,1.27911379237843,0.65,0.42,0.000162701602898405,"mt-Atp8"
2.90789826756643e-08,0.524399638893663,1,0.99,0.000730725755656768,"Rpl36"
4.54588756735988e-08,2.48299039065266,0.35,0.135,0.00114233608680187,"Hspa1a"
1.98773228964748e-07,-0.51544066704451,1,1,0.00499497247065515,"Ftl1"
2.12138875110452e-07,0.441038613557334,1,1,0.00533083779265055,"Rpl34"
3.52101721481124e-07,-1.8526037052158,0.1,0.3,0.00884796415909915,"Dgkz"
6.91425899407579e-07,0.602516588346623,0.88,0.73,0.0173748414262131,"H2-Aa"
1.26239305783385e-06,-0.7967950989724,0.57,0.745,0.0317226751503069,"Pmepa1"
1.31116605221832e-06,0.783471587254379,0.89,0.815,0.0329482917261942,"Hsp90aa1"
1.51288539819753e-06,-0.492209872501245,0.995,1,0.0380172971713057,"Apoe"
1.6703976929577e-06,-0.751210487360533,0.525,0.735,0.041975423626334,"App"
2.74721044511896e-06,0.372906079272537,1,0.995,0.0690346512753944,"Rplp2"
4.14960480001053e-06,3.21610233932066,0.165,0.03,0.104275419019465,"Hspa1b"
6.94790932978385e-06,0.614196890740601,0.85,0.695,0.174594013548138,"H2-Eb1"
9.85628998067531e-06,0.404820104039302,1,0.995,0.24767871092439,"Hspa8"
1.25405131650065e-05,0.354277589310467,1,1,0.315130555323449,"Rpl35a"
1.27154843614237e-05,-0.284773803423217,1,1,0.319527406518217,"C1qa"
1.31759645765287e-05,0.388502509043212,0.995,0.995,0.33109881384359,"Rps15a"
1.5483359460625e-05,0.332454106939737,1,1,0.389081339886046,"Rps23"
2.26771224804562e-05,-0.543013194090468,0.57,0.775,0.569853410811385,"Tax1bp1"
3.68320738825518e-05,0.430883754939734,0.91,0.775,0.925553184594645,"Btg1"
3.73082246012787e-05,1.9744295286622,0.19,0.055,0.937518376005533,"Mepce"
3.90309466091082e-05,0.445579216692185,0.96,0.855,0.980808657340281,"Cd74"
4.26608818270284e-05,0.474083486246454,0.965,0.88,1,"Rpl36a"
6.33576644753661e-05,-2.64665922942821,0.21,0.375,1,"Obp1a"
6.8022878011204e-05,0.870062623303055,0.46,0.275,1,"Ndufa3"
6.88276012233229e-05,-1.35501076118664,0.115,0.265,1,"Arl6ip5"
7.84083022178573e-05,-1.14870251423211,0.385,0.525,1,"Fcrls"
8.44143656937641e-05,0.873596484208013,0.51,0.325,1,"Atf4"
0.00010020515064039,0.298883638568359,0.99,0.985,1,"Rpl5"
0.000101274561880594,0.359059872027463,1,0.955,1,"Rpl27"
0.000107617466224219,0.646655827550822,0.645,0.475,1,"Snrpg"
0.000116305853677879,0.381512764680235,0.985,0.97,1,"Rpl22"
0.000160298044048376,0.725043216110182,0.455,0.275,1,"Krtcap2"
0.000175091320846902,1.01062584170862,0.395,0.23,1,"Snhg8"
0.000206801820389898,0.646874993641886,0.915,0.91,1,"Mt1"
0.000211758675573082,-0.348144638423981,1,1,1,"Fth1"
0.000214939131859029,-0.492758502307447,0.705,0.85,1,"Gpx4"
0.000234355537854804,-0.535019568238118,0.575,0.73,1,"Rnasek"
0.000238106109458922,0.505933488194045,0.98,0.99,1,"Gm42418"
0.000248817038942827,0.25686093249028,1,1,1,"Eef1a1"
0.000261718144273603,-2.67802834752313,0.02,0.11,1,"Tmem11"
0.000264557703662651,0.55801540263392,0.89,0.89,1,"Cox7c"
0.000282745505710395,0.356933769557992,0.995,0.97,1,"Calm1"
0.000284074973076803,0.42996344123498,0.875,0.715,1,"H2-Ab1"
0.000327830772326807,0.563397238681656,0.885,0.885,1,"Egr1"
0.000366974701398011,0.363357810466439,0.93,0.87,1,"Son"
0.000399839387770021,0.759827885776526,0.495,0.33,1,"Ost4"
0.00043628863061254,0.811857728906974,0.51,0.37,1,"Brd2"
0.000446186167043698,-1.05112644810481,0.515,0.665,1,"AY036118"
0.000513584566171233,-0.971694707480044,0.225,0.37,1,"Ap2s1"
0.000532761656342003,1.38342451993632,0.225,0.105,1,"Nabp1"
0.000584041150784468,-0.597971277521268,0.695,0.835,1,"Neat1"
0.000586032252367597,0.502272279139403,0.75,0.6,1,"Gpr65"
0.000597592706419372,-0.581468565252053,0.675,0.83,1,"Ckb"
0.000609775585975772,-0.888680673942362,0.28,0.435,1,"Ccrl2"
0.000628213940190851,-0.394469371671106,0.975,1,1,"Rpl10"
0.000658783141000342,-1.94453341426341,0.07,0.18,1,"Pop5"
0.000719559540833864,1.15536248249309,0.32,0.19,1,"Dnajb1"
0.000765172224742936,0.65519260641663,0.42,0.26,1,"Icam1"
0.000773434311023908,-0.296475642658517,0.95,0.975,1,"Oaz1"
0.00077510065453497,-0.775436934376706,0.39,0.54,1,"Pla2g7"
0.000797509901266443,-0.649909275337342,0.47,0.615,1,"Cd86"
0.000816810659739317,1.0299690850404,0.375,0.24,1,"Gls"
0.000932506310279899,-2.16725890516411,0.03,0.115,1,"Cela1"
0.0010401050002234,1.06075394435737,0.275,0.15,1,"Hexim1"
0.00105527383220111,-1.05169636750223,0.105,0.235,1,"Slc48a1"
0.00112131228526245,-0.674290269671096,0.34,0.51,1,"Hnrnpa0"
0.00115305270558344,-1.0282165500771,0.19,0.335,1,"Ergic3"
0.00119343830153838,-1.55959698425113,0.1,0.21,1,"Gm47283"
0.00119675778397181,0.265295635705321,1,0.995,1,"Rps25"
0.00133476709152378,0.511347187095547,0.81,0.79,1,"Dnaja1"
0.00140488641252633,-1.69598896137859,0.055,0.15,1,"Snx29"
0.00140510731077819,-0.982783172779793,0.155,0.29,1,"Eprs"
0.00141648340274472,-0.380333248441568,0.655,0.825,1,"Ppib"
0.00143368382770551,0.705736221789466,0.49,0.35,1,"Snrpf"
0.00144658047552591,-0.562963882681577,0.505,0.655,1,"Atp6v0e"
0.00151643865115059,-1.45075199512613,0.04,0.13,1,"Taz"
0.00161552721825315,0.737083945511702,0.345,0.215,1,"Eea1"
0.00170055769032425,-0.784065088427217,0.48,0.605,1,"Smdt1"
0.00172975259218988,-0.662360410251063,0.29,0.425,1,"Fxr1"
0.00177559227514483,-1.0864145088426,0.075,0.175,1,"Sox4"
0.00182580949415705,-0.71458963914607,0.6,0.705,1,"Timp2"
0.00184774080161852,-1.08853457323112,0.21,0.335,1,"Mif"
0.00185924591046544,0.417135089885309,0.675,0.55,1,"Slc15a3"
0.00186702247339998,-0.926053027140616,0.165,0.3,1,"Ctla2b"
0.00190117323389124,0.485417339308999,0.74,0.605,1,"Lst1"
0.00199192058153129,-0.537134716524164,0.645,0.735,1,"Tmem59"
0.00212072659281277,-1.97063842605356,0.025,0.1,1,"Ccnd3"
0.00217950871746582,1.56347942088591,0.125,0.04,1,"Ing5"
0.00219183615761544,-0.755589640223195,0.335,0.465,1,"Snx6"
0.00219680593807062,0.646811975275374,0.49,0.365,1,"Tbca"
0.00220135070299303,0.73271158169971,0.45,0.325,1,"Ppp1r10"
0.0024622531213401,0.449818141312843,0.52,0.34,1,"Cd72"
0.00246405693159457,0.961936569611723,0.215,0.105,1,"Hvcn1"
0.00248597617301138,0.490400394160556,0.71,0.615,1,"Hmgb2"
0.00262691954839398,-1.40639353747909,0.08,0.18,1,"Tmem223"
0.00262697947494096,-0.741737937730711,0.43,0.545,1,"Ms4a6b"
0.002632225891671,-1.60310982784875,0.035,0.115,1,"Slc36a1"
0.00275018721292032,-0.431872018418775,0.59,0.715,1,"Ssr4"
0.00284722664398313,-0.446605230328704,0.555,0.72,1,"Dstn"
0.00295691859941895,1.12389685516036,0.185,0.085,1,"Cnppd1"
0.0030080853868289,-0.99208814577812,0.205,0.32,1,"Lap3"
0.00302267300748433,-0.483142443853543,0.635,0.745,1,"Cox5a"
0.00303922985494223,0.486121623430643,0.505,0.355,1,"Ptpre"
0.00325884741107595,-0.344834658721145,0.95,0.97,1,"Cox4i1"
0.00332212097915723,-1.04954207356843,0.1,0.21,1,"Peak1"
0.00332414006510334,-0.253354800647137,0.995,0.995,1,"Tyrobp"
0.00340958175613281,1.20224717689141,0.215,0.11,1,"Tlr1"
0.00345833502751759,-1.35022088230347,0.06,0.15,1,"Gsdmd"
0.00355246373633414,1.19361674550746,0.185,0.085,1,"Hist1h4d"
0.00363710038059782,-1.6791278174497,0.035,0.11,1,"Kif1bp"
0.0036408255555459,-0.813791024072257,0.27,0.4,1,"Igf1"
0.00367810834518985,-0.318621819712318,0.945,0.995,1,"Rpl29"
0.00369429599737876,-0.433308977869105,0.835,0.86,1,"Sat1"
0.00373983096389803,0.491168210439561,0.525,0.375,1,"Rbpj"
0.00374892790142187,-1.12400847896862,0.11,0.215,1,"Cacna1d"
0.00376565803658941,1.14262978846187,0.275,0.165,1,"Zbtb20"
0.00379918248152419,0.993734486260663,0.24,0.135,1,"Ssrp1"
0.00380362811799666,-1.23308258636574,0.09,0.19,1,"Hist1h2bc"
0.00381241868538059,-0.407241440581414,0.475,0.625,1,"D8Ertd738e"
0.00395569395710433,-1.4452378818797,0.085,0.18,1,"Nr4a2"
0.00395983312003038,-2.11362065157316,0.03,0.1,1,"Carhsp1"
0.00397700162093855,-1.40162619724941,0.08,0.175,1,"Brd3"
0.00406684039485619,-0.446258676143413,0.555,0.665,1,"Atp6v1g1"
0.00410154107455247,-1.05251749277812,0.085,0.185,1,"Bad"
0.0041355857412719,-1.52708843845597,0.035,0.11,1,"Cdyl"
0.00418018020941647,0.908038298036464,0.315,0.2,1,"Taf1d"
0.0042341073515653,1.51479159564026,0.21,0.115,1,"Mybbp1a"
0.00423615729370796,-1.07968243406861,0.64,0.705,1,"Ctsd"
0.00426035801189873,-0.284421941067814,0.985,0.995,1,"Rps5"
0.00432515241232605,-0.551293023038326,0.32,0.46,1,"Ms4a6d"
0.00432922636110478,0.551230887134445,0.345,0.22,1,"Psmd8"
0.00434124857492264,-1.62686572154728,0.035,0.11,1,"Anapc7"
0.00438609253133525,-0.616724184182773,0.4,0.545,1,"Ifitm2"
0.00444303897012667,-1.06321282660744,0.13,0.24,1,"Brd1"
0.00445194990571268,-1.04931280298499,0.13,0.24,1,"Mdfic"
0.00452780310178231,-0.650226225365974,0.45,0.57,1,"Blvrb"
0.00453292134849572,-0.958060078417754,0.13,0.24,1,"Slc40a1"
0.00454151930642082,-0.718006301896238,0.31,0.44,1,"Plekho1"
0.00458898920278034,1.35843737870509,0.19,0.095,1,"Azin1"
0.00462128644572176,-0.485622849758001,0.61,0.715,1,"Hpgd"
0.00468669391969781,-1.23928368618362,0.11,0.21,1,"Ankfy1"
0.00469864037280961,-0.866458005134916,0.185,0.3,1,"Tsix"
0.0047720849314599,0.680656784608393,0.57,0.495,1,"Rps27l"
0.00491557524486982,0.64016028125508,0.65,0.595,1,"Zfp36l2"
0.00512864580525065,-0.469182250741731,0.34,0.495,1,"Dek"
0.00513515829349243,1.08564671998473,0.165,0.075,1,"Atn1"
0.00514065196426166,-0.493181323265697,0.43,0.56,1,"Ndfip1"
0.00515855115080678,-1.10773971557752,0.16,0.265,1,"Galc"
0.00517722199639211,1.0603753989084,0.18,0.085,1,"Nbr1"
0.00522560102918279,-0.504301057163639,0.405,0.54,1,"Ctsl"
0.00538177109877568,-0.523193611423995,0.555,0.68,1,"Atp5d"
0.0054198199525098,-0.635905059844713,0.165,0.29,1,"Fgd4"
0.00548130492529559,0.67790579991576,0.45,0.325,1,"Pdgfb"
0.0055407464596635,-0.657890847959545,0.385,0.515,1,"Scp2"
0.00554851815858224,0.554228752844827,0.41,0.27,1,"Glipr1"
0.00567281486746388,-1.07835108399805,0.09,0.185,1,"Gmps"
0.00572171416223014,-0.510857514071878,0.265,0.395,1,"Cct2"
0.005850615153843,-0.360286245466952,0.83,0.89,1,"Tmem176a"
0.00598509552530528,-1.34106111248759,0.05,0.13,1,"Ldlrad4"
0.00612231813468959,-0.513522323401093,0.3,0.44,1,"Wwp1"
0.00614138505544723,-0.533607286978502,0.605,0.72,1,"Prdx5"
0.0061669820267502,-0.333041868420027,0.655,0.755,1,"Bri3"
0.00624391263231684,-0.621037784480437,0.4,0.51,1,"Scand1"
0.00628375350407301,-0.726281397040701,0.34,0.455,1,"Lrp1"
0.00637375020661829,-1.40183987383098,0.035,0.105,1,"Cfap36"
0.00651138427198656,-0.39600139460782,0.325,0.47,1,"Purb"
0.00661855939965007,1.10399705959479,0.24,0.14,1,"Rps27rt"
0.00700547486697153,-0.615583613537949,0.325,0.46,1,"Lgals1"
0.00712022745788234,-1.37583732123605,0.045,0.12,1,"Slc25a25"
0.00714307248629139,-0.835220641235155,0.085,0.18,1,"Eva1b"
0.00725412662270074,-1.00440099292554,0.125,0.22,1,"mt-Nd6"
0.00734504357105986,-0.484607741268999,0.2,0.325,1,"Tbcb"
0.00778833925589003,-0.911188561564694,0.105,0.2,1,"Eif1ax"
0.00795223405424893,2.0346657331,0.1,0.035,1,"Rabggtb"
0.00801192446053058,-0.619849156903589,0.32,0.445,1,"Mrpl23"
0.00807795312215197,-1.43166539800532,0.04,0.11,1,"Phtf2"
0.00813949185876186,0.341572055042253,0.9,0.905,1,"mt-Nd3"
0.00824337291489801,-0.611804115072206,0.405,0.49,1,"Qk"
0.00838423490205937,-1.52566381693607,0.035,0.1,1,"Nacc2"
0.00840858065543107,0.678967378510265,0.31,0.205,1,"Pcna"
0.00846337294312975,-0.360046564979878,0.76,0.825,1,"Trf"
0.00846687194053214,-1.80632579725182,0.045,0.115,1,"Golga5"
0.00848277517481775,-0.965689003939576,0.17,0.275,1,"March7"
0.0084864215974219,0.750634301529361,0.215,0.115,1,"Wdr89"
0.00853790291632214,-0.288581393639444,0.73,0.835,1,"Atp6v0b"
0.00877341883132982,-0.52669950962741,0.18,0.3,1,"Dnm2"
0.00888095948860977,-1.53470671835065,0.055,0.13,1,"Arl3"
0.00911306639382537,-1.36837367173513,0.08,0.165,1,"Oxr1"
0.00914331565677477,-0.839824929377394,0.225,0.345,1,"Ndufab1"
0.00916715575744183,0.454110720596876,0.67,0.615,1,"Tomm7"
0.00917010475773163,0.303800369157029,1,1,1,"Malat1"
0.00922246460617099,-0.729888747590334,0.2,0.315,1,"Trappc4"
0.00927984140558005,-1.02358471460457,0.09,0.18,1,"Trappc10"
0.0092899531613784,1.15162569140915,0.15,0.07,1,"Stat2"
0.00941133662399308,-0.561448127259639,0.19,0.315,1,"Arhgap45"
0.00948337221266231,1.2180350525105,0.22,0.13,1,"Hltf"
0.00961795160327303,-0.438845919140283,0.815,0.895,1,"Hint1"
0.00964061906258904,-1.3166598018447,0.035,0.1,1,"Ggt5"
0.00967454541454918,0.418537250731136,0.535,0.41,1,"2410006H16Rik"
0.0097066413104837,0.250069783415097,0.96,0.91,1,"Rpl35"
0.00979293791555928,-0.600017681620982,0.27,0.405,1,"Ninj1"
0.00980752433458454,0.723160523120359,0.39,0.285,1,"Tnf"
0.00982278019175333,0.44125533879893,0.635,0.53,1,"Psme1"
0.00983353466624667,-0.584193028728366,0.51,0.605,1,"Nedd8"
0.00984569294224419,0.689810491723161,0.315,0.205,1,"Hnrnpul1"
0.00992865377520949,0.905719577042112,0.145,0.065,1,"Sidt2"
0.0103137533823943,-0.542407069740947,0.21,0.325,1,"Pdcd6ip"
0.0103621781308361,-1.68759646420494,0.05,0.12,1,"Mmp2"
0.010377335276298,-1.22945024410374,0.045,0.115,1,"Golga2"
0.0105601708097442,-0.598593949995532,0.295,0.42,1,"Prkar1a"
0.0105620221610271,0.982351007200032,0.225,0.135,1,"Zfp800"
0.0106693903112138,-0.62996599549921,0.265,0.385,1,"Nenf"
0.0108039789341098,-0.506366703742531,0.385,0.53,1,"Atxn7l3b"
0.0109545851541663,1.04986676879691,0.17,0.085,1,"Nop14"
0.0109664577822149,1.09491413573184,0.255,0.165,1,"Polr2k"
0.0109787524014231,0.382474874890161,0.92,0.94,1,"Hspa5"
0.010984961319547,-1.13429846581213,0.13,0.22,1,"Tmx4"
0.0110771543436751,-1.39066928941035,0.05,0.12,1,"Prelid3b"
0.0111359456153057,1.13718070080936,0.135,0.06,1,"Cgas"
0.0111621461142885,-0.902460697412159,0.16,0.265,1,"Mlec"
0.0112195525918478,1.46306393096325,0.12,0.05,1,"Chp1"
0.0112425703593176,-0.697966979341128,0.195,0.305,1,"Tmem134"
0.0112558221367333,0.804107618680884,0.26,0.16,1,"Eloa"
0.0114062156436785,-1.0338648433017,0.06,0.135,1,"Fer"
0.0114506643538022,-0.569811746649769,0.36,0.47,1,"Hmgn1"
0.0115478921382736,-1.62010461362207,0.065,0.14,1,"Scn1b"
0.0116728261333575,-0.722186524886591,0.165,0.275,1,"Specc1"
0.0117997433806554,-0.607548018350523,0.3,0.415,1,"Swi5"
0.0119185934464667,-0.508932118225969,0.445,0.535,1,"Ndufb11"
0.0120448679007843,-1.22364572570225,0.1,0.185,1,"Rnf10"
0.0121845038346426,0.303892511410623,0.835,0.85,1,"Pabpc1"
0.0122006613767306,0.613311311043472,0.275,0.17,1,"Sumo3"
0.0122702881160986,0.481996303409447,0.505,0.395,1,"Arhgap17"
0.0122728721289938,-0.30513895483012,0.38,0.525,1,"Edf1"
0.0125684558180905,-0.969232139991606,0.115,0.205,1,"Adh5"
0.0126898527507144,-0.62110295086802,0.255,0.37,1,"Tomm22"
0.0128726561525313,-0.531820008400509,0.47,0.615,1,"Dab2"
0.0128985618248498,1.06707461661782,0.16,0.08,1,"Gdpd3"
0.0129835888141249,0.737521259752812,0.43,0.34,1,"Ppig"
0.0130134265706812,-0.652302089964198,0.23,0.34,1,"Coq10b"
0.0131353216535691,1.44897323099778,0.15,0.075,1,"Cnot8"
0.0131968825141385,-0.771829662737009,0.115,0.21,1,"Paxbp1"
0.0133979093523468,0.50611935163031,0.545,0.455,1,"Clec12a"
0.0134083089878886,0.833911291951094,0.2,0.11,1,"Chka"
0.0139180812427739,1.12872453631191,0.235,0.15,1,"Tspan13"
0.013953843512013,-0.673746605812781,0.1,0.19,1,"Gabarapl1"
0.0140081363975802,0.662012540913238,0.3,0.195,1,"Crlf3"
0.0140200611523618,-1.22280772007854,0.055,0.125,1,"Cfl2"
0.0141358141681583,-0.457787767801788,0.395,0.54,1,"Abca1"
0.0141651440511896,-0.589736828408066,0.19,0.3,1,"P2ry12"
0.0142476209644262,-0.376304965098661,0.915,0.93,1,"Lyz2"
0.0143567295585188,-1.00967867402095,0.04,0.105,1,"Erlin2"
0.0144065468798822,-1.00854661110509,0.18,0.275,1,"C5ar1"
0.01448829238907,1.07928829329413,0.165,0.085,1,"Rbmxl1"
0.0146036993936362,0.380162524194713,0.68,0.625,1,"Pcbp2"
0.014750088898834,1.2505883395974,0.155,0.08,1,"Fam107b"
0.0151114975479242,1.62179319869168,0.1,0.04,1,"BC035044"
0.0153316342407297,-0.310030256002274,0.875,0.92,1,"Sh3bgrl3"
0.015419309961085,-0.312212797096595,0.405,0.52,1,"Rab2a"
0.0154933538844115,-1.56795188850053,0.045,0.11,1,"Appl2"
0.0157910452017779,1.63439257999756,0.155,0.08,1,"Crnkl1"
0.0158079086143927,-1.0887903733535,0.09,0.17,1,"Calu"
0.0158384795098944,-0.73423191189833,0.08,0.165,1,"Ssna1"
0.0158477903803695,-0.782292918419678,0.165,0.265,1,"BC005624"
0.0159393818689748,0.574303410711926,0.315,0.21,1,"Milr1"
0.0159447700204594,-1.27763099366606,0.05,0.115,1,"Hspb11"
0.0160593437924342,0.317514552476849,0.69,0.625,1,"Ndufb1-ps"
0.0160992284115942,-0.266428705631797,0.73,0.885,1,"Gapdh"
0.0161038217845005,-0.828398584409809,0.24,0.325,1,"Fkbp1a"
0.0162236235951392,1.18021651115884,0.11,0.045,1,"Dop1a"
0.0163809215475441,-0.499683543602284,0.375,0.485,1,"Mdh1"
0.0166166316505887,-0.774546388028789,0.28,0.38,1,"Olfml3"
0.0167596884144905,-0.672066592827751,0.165,0.265,1,"Uap1l1"
0.0169418461156614,0.351319043747277,0.69,0.61,1,"Gas5"
0.0170018651624179,-0.79996136498825,0.115,0.205,1,"Ccnl2"
0.0170703279712115,1.22003751866325,0.11,0.045,1,"Fam20c"
0.0170885263931142,-1.42732691997206,0.05,0.115,1,"Gins4"
0.0171203339135869,0.854668522299695,0.26,0.17,1,"Samsn1"
0.0171714351944863,0.378775507003746,0.775,0.745,1,"Mafb"
0.0172844565867891,-0.858810227008116,0.145,0.235,1,"Tmem147"
0.0173935124379424,-0.988896259392483,0.16,0.25,1,"Rnasel"
0.0175428253403305,-1.43930292813342,0.065,0.135,1,"Tpgs1"
0.0176130205404367,-1.0784727161316,0.075,0.15,1,"Rpl10-ps3"
0.0177689919449129,1.04148426805277,0.17,0.09,1,"Lbr"
0.0181555296183114,-0.6259727227566,0.265,0.375,1,"Mpc2"
0.0186355856775251,-0.586423848872845,0.265,0.37,1,"Clec4n"
0.0186810846431908,-0.858909145430558,0.125,0.21,1,"Arhgap12"
0.0190012983368411,0.914637285836194,0.235,0.155,1,"Mtln"
0.0192970250325899,1.02225486451167,0.1,0.04,1,"Pitrm1"
0.0193216319681724,-1.44483901531642,0.055,0.12,1,"Faap20"
0.01963677787329,0.924427182384742,0.21,0.125,1,"Smim4"
0.019730839663313,-0.634535013379995,0.235,0.34,1,"Chd9"
0.0199761808454734,0.890521634846388,0.27,0.185,1,"Synj1"
0.0202244689133218,0.428521100526337,0.65,0.6,1,"Ptp4a2"
0.020253482838926,0.93985204206177,0.12,0.055,1,"Sec16a"
0.0203087461835364,-0.375170449648042,0.07,0.145,1,"Cbr2"
0.0203376355598803,0.668741829385893,0.335,0.24,1,"Aff4"
0.0204832089628839,-0.803061624048526,0.07,0.145,1,"Ankrd13c"
0.0205431542855293,1.12203808528574,0.1,0.04,1,"Syt11"
0.0205431542855293,-1.34355641325396,0.04,0.1,1,"Slc30a7"
0.0206500977026326,-1.47593536181955,0.04,0.1,1,"Kdm5c"
0.020822200132391,-1.07827614979357,0.09,0.17,1,"Ugcg"
0.0210466557808,0.470074596655823,0.41,0.315,1,"Crip1"
0.0211373409307513,-0.986454628044193,0.04,0.1,1,"Slc49a4"
0.0211735646352666,-0.470921422303531,0.2,0.305,1,"Tnrc6c"
0.021313509947984,-0.821827799358961,0.16,0.255,1,"Dhx9"
0.0214159025120739,-0.759875264538463,0.165,0.26,1,"Zfp622"
0.0215095641105345,-0.266814162628477,0.625,0.74,1,"Atp5j2"
0.0216910425438382,-0.696031748774032,0.165,0.26,1,"Tsc22d1"
0.0217491057160686,-0.861653706637233,0.135,0.225,1,"Ltc4s"
0.0221573439419245,-0.348020154093331,0.635,0.76,1,"Kif5b"
0.0222732491112957,0.445867384120547,0.275,0.175,1,"Cox16"
0.0223940327206234,1.14459816577478,0.15,0.08,1,"Gpalpp1"
0.0224860605869763,0.621343448314671,0.43,0.36,1,"Cox17"
0.0225399888391258,0.822067215270296,0.265,0.18,1,"Nucb2"
0.0226171982678911,-0.654880977340699,0.295,0.395,1,"Tmem160"
0.022626698882888,-0.532002725856464,0.22,0.33,1,"Higd2a"
0.0226542618194461,-0.442645443485814,0.32,0.425,1,"Atp1b1"
0.022745077416801,-0.577633515912626,0.315,0.405,1,"Ube2d2a"
0.0228066616217904,0.792173222332775,0.29,0.205,1,"Ociad1"
0.0228505440640488,0.756186908934043,0.16,0.085,1,"Fndc3b"
0.0228553705806375,-0.807203108604394,0.15,0.235,1,"Anapc5"
0.0228573808651486,1.05737482177367,0.15,0.08,1,"Srcap"
0.0228739431744265,-0.486098831234312,0.115,0.205,1,"Fuca2"
0.0230267857506895,0.414268406178331,0.63,0.545,1,"Uqcr11"
0.0231127225028898,-1.1692239405476,0.06,0.125,1,"Mdm2"
0.0231454826546453,-0.641442384343347,0.185,0.28,1,"Ralb"
0.023572180016958,0.56631556997843,0.19,0.105,1,"Irs2"
0.0238477993657288,0.896300093814391,0.105,0.045,1,"Tspan33"
0.0238620864241697,-0.447531448641515,0.525,0.635,1,"Selenof"
0.0239045932088296,-1.26279283882573,0.06,0.125,1,"Akr1b10"
0.0241209337480229,0.805020710769643,0.265,0.175,1,"Ktn1"
0.0241715162523317,-0.612069101672202,0.315,0.41,1,"Snx20"
0.0241780326382918,0.832862077870842,0.21,0.13,1,"Eif4ebp1"
0.0241951963496029,-0.54666154754328,0.165,0.26,1,"Trappc6b"
0.0243010725905321,-0.612027991187435,0.15,0.24,1,"Mrps15"
0.0244422843850678,-0.94559520861957,0.085,0.16,1,"Prune2"
0.0245747281167455,-0.802741192311134,0.065,0.135,1,"Zfp280d"
0.0246220227138888,-0.983948677237711,0.105,0.185,1,"Cyb5r4"
0.0247045311957811,0.61221560813109,0.245,0.15,1,"Eif4ebp2"
0.0247627283357781,-0.53003164792702,0.45,0.55,1,"Arf1"
0.0248866214272567,-1.03281688998934,0.11,0.19,1,"Mrps17"
0.0249393322273372,-0.388996184843115,0.65,0.735,1,"Ndufa13"
0.0249507668802123,0.603747997968612,0.215,0.13,1,"Foxp1"
0.0250450034796127,-0.517513104814339,0.235,0.335,1,"Orai1"
0.0252065375431197,-0.885832668176113,0.13,0.215,1,"Mrpl28"
0.0252240629093952,0.888183363623764,0.235,0.155,1,"Uba1"
0.0253095015224045,1.58767206839637,0.11,0.05,1,"Pou2f1"
0.02536677584056,0.258960218731094,0.82,0.705,1,"Rgs2"
0.0254920826350699,0.83597856681359,0.185,0.105,1,"Epb41l4aos"
0.0255494830910273,-0.287927288540308,0.32,0.43,1,"S100a5"
0.0255993710631063,0.721337820795184,0.41,0.325,1,"Cops9"
0.0256313948819761,-0.314034624032274,0.555,0.66,1,"Laptm4a"
0.0256339910903222,-1.19204022046849,0.065,0.13,1,"Wdr3"
0.0256463002852483,-1.30748143377481,0.07,0.135,1,"Apoc1"
0.0257723271562936,-0.84682145325968,0.105,0.185,1,"Zc3h14"
0.0258423784754178,-0.801229122930414,0.155,0.24,1,"Epcam"
0.0259016422767216,0.955773697227777,0.125,0.06,1,"Apex1"
0.0259587126318374,-0.587027805424489,0.125,0.21,1,"Aco2"
0.0262401557419286,-0.89148042683759,0.045,0.105,1,"Usp33"
0.026422961864929,-0.902831263230168,0.125,0.205,1,"Smim10l1"
0.0265113565471466,-0.689056903653523,0.27,0.36,1,"0610012G03Rik"
0.0270033273793423,-0.623266347100464,0.065,0.135,1,"Ppp1r9a"
0.0274917654050645,-0.63998672540253,0.195,0.285,1,"Mia3"
0.0275255356003824,0.981720728986186,0.13,0.065,1,"Kcnj10"
0.0275552239462296,-0.623840609094712,0.29,0.38,1,"Pgls"
0.0275774093115971,-0.383073179951334,0.4,0.51,1,"Tle5"
0.0275932144770352,-0.407093399389445,0.085,0.16,1,"Heca"
0.0276249713732236,0.263443397830674,0.775,0.69,1,"Nfkbia"
0.0277310512567662,0.793139319027113,0.275,0.185,1,"Wac"
0.0278815854129003,-0.388947573499233,0.29,0.405,1,"Ube2l3"
0.0279772980097295,-0.683557506872737,0.12,0.2,1,"Exoc5"
0.0281738173469709,0.330220482676717,0.575,0.48,1,"Mrpl52"
0.0282690024755392,0.325553115473867,0.57,0.46,1,"Srsf7"
0.0282955402214158,0.432896323037974,0.41,0.305,1,"Cebpa"
0.0283893399860626,-0.9717836688714,0.155,0.24,1,"Bcl2a1d"
0.0285836292622511,0.269839645946761,0.99,0.975,1,"Psap"
0.0286233512532466,-0.544872247694058,0.285,0.385,1,"Omp"
0.0286488772593218,0.538793266866718,0.32,0.225,1,"Stk4"
0.0287369328730749,-0.826962992993672,0.115,0.195,1,"Yipf1"
0.0288150759126071,0.380398728457665,0.235,0.145,1,"Ciita"
0.0288706667222336,0.36643337334201,0.615,0.555,1,"Sec62"
0.0290305180371729,-0.53702077950059,0.33,0.44,1,"Aldh2"
0.0290305626584166,0.42953798263863,0.52,0.42,1,"Pak2"
0.0291393613440078,0.482057380065713,0.145,0.075,1,"Apobr"
0.0291533428026302,0.897679576707664,0.135,0.07,1,"Elmsan1"
0.0291748872197266,-0.519625493965018,0.22,0.325,1,"Bin1"
0.0293316464388494,1.02924578261718,0.15,0.08,1,"Slc29a1"
0.0295491272333598,-0.409188732307584,0.315,0.415,1,"Stoml3"
0.0295499514091779,-0.740300736889558,0.16,0.24,1,"Fam168b"
0.029557334587561,-1.16205530893581,0.05,0.11,1,"Snx12"
0.0295963576534718,-0.863170534717841,0.085,0.155,1,"Spag7"
0.0297749127617906,0.45924206326201,0.475,0.365,1,"Marcksl1"
0.0298770111628093,-0.512912161896991,0.48,0.54,1,"Atp5g1"
0.0300642317061986,0.971155285697251,0.21,0.135,1,"Far1"
0.030082602064898,-0.440115905501065,0.575,0.66,1,"Atp6v1f"
0.0301060416656644,1.20908819415192,0.13,0.065,1,"Sptlc1"
0.0303704255785603,-0.643652816847088,0.15,0.235,1,"Ciao2a"
0.0306698022023754,-1.21372252755943,0.075,0.14,1,"Lactb2"
0.0308923122578924,1.33061893031458,0.115,0.055,1,"Uvssa"
0.030967320004789,-0.664147007118572,0.195,0.29,1,"Nipa2"
0.0309830598107472,0.56933844456321,0.235,0.155,1,"Smg1"
0.0310008773073576,-0.683031586901307,0.1,0.18,1,"Msl3"
0.0310520382545735,-0.997323991033814,0.115,0.19,1,"Hist1h1c"
0.0312051426168402,1.45322732029607,0.12,0.06,1,"Tsen15"
0.0312961804414098,0.97756601723027,0.14,0.075,1,"Arl4a"
0.0314711013328777,-0.279814197721917,0.195,0.3,1,"Pnn"
0.031614083642066,0.480292010854721,0.42,0.335,1,"Ubap2l"
0.031932432076802,1.17122458819371,0.135,0.07,1,"Phc3"
0.0321229257927105,-0.890514966909797,0.05,0.11,1,"Lias"
0.0323297308760337,0.867162793108159,0.145,0.08,1,"Hipk3"
0.032570009207153,-0.3073417767607,0.905,0.94,1,"Myl6"
0.0327380831771067,-1.14983269437703,0.06,0.12,1,"Ccdc28b"
0.0333622703213007,-1.06760767137284,0.08,0.145,1,"Faim"
0.0334991985087877,-0.344560105344693,0.565,0.655,1,"Ndufb9"
0.0336767320654385,-0.264113749119296,0.595,0.695,1,"Atp5f1"
0.0336900755087747,-0.448024358989031,0.315,0.41,1,"Gng13"
0.0338351840202501,-0.666689888331902,0.145,0.23,1,"Sbf2"
0.0340720330347814,-0.878023184093041,0.045,0.1,1,"Polr3gl"
0.0340918389114433,-1.05367603100183,0.09,0.16,1,"Slc31a1"
0.0341871450215013,-0.99390085768954,0.06,0.12,1,"Hint3"
0.034246169416747,0.831093814505938,0.22,0.14,1,"Tnfrsf1b"
0.0343983992669343,1.11738396483446,0.1,0.045,1,"Rnf139"
0.0344863910191675,0.650722005240473,0.165,0.095,1,"Ufsp2"
0.0345184576302287,-0.444926583689762,0.295,0.4,1,"Cfh"
0.0346054683086991,0.429282676642956,0.41,0.305,1,"P2ry6"
0.034663806723426,-0.846915929999643,0.075,0.14,1,"Ift52"
0.0347257717566663,-0.778659392643332,0.115,0.195,1,"Lhfpl2"
0.0348779387435525,0.977035882740783,0.15,0.085,1,"9930021J03Rik"
0.0349674493712514,-0.875291520683571,0.08,0.15,1,"Dda1"
0.035159751334928,-0.655206465256987,0.065,0.13,1,"Naxd"
0.0352611030927204,1.2120274245951,0.105,0.05,1,"Zfp950"
0.0353658826880327,0.773630100077623,0.44,0.36,1,"Irf1"
0.035384656608643,-0.708411790550642,0.09,0.16,1,"Ptpa"
0.0353906131925081,-0.920665906275706,0.115,0.19,1,"Asap1"
0.0355745693482585,-1.00981446004182,0.095,0.165,1,"Srsf1"
0.0356591166456669,0.846655936456615,0.24,0.165,1,"Srpr"
0.0356854598775936,1.0927973934352,0.205,0.13,1,"Cd93"
0.0359153354529392,1.06438421493858,0.105,0.05,1,"Kars"
0.0361145087618086,-0.8015133271703,0.165,0.245,1,"Rreb1"
0.0362552383877512,-0.54306431917491,0.21,0.295,1,"Ap2a2"
0.0364127772254619,1.41397908012642,0.105,0.05,1,"Ro60"
0.03658555418372,0.790026018240797,0.1,0.045,1,"Plcb2"
0.0366104080143538,0.688231693643562,0.305,0.22,1,"Acsl1"
0.0367028756471267,-0.335891038433607,0.68,0.77,1,"Man2b1"
0.0367133839882421,0.724442554053357,0.14,0.075,1,"Plpbp"
0.03673090383674,0.731016951673769,0.185,0.11,1,"Flii"
0.0367476570113736,-1.1952833006324,0.05,0.105,1,"Mxi1"
0.0368009759528419,-0.697887439842629,0.135,0.215,1,"Ccpg1"
0.0369160783725512,1.23487653259158,0.105,0.05,1,"Klhl5"
0.0369286195274417,0.741744085173061,0.2,0.125,1,"Akna"
0.0370348097770957,-0.716866099405223,0.155,0.235,1,"Zfp292"
0.0374252919607067,1.02232493047924,0.105,0.05,1,"Hes1"
0.0376183769336684,0.466092814915055,0.36,0.27,1,"Ptafr"
0.0376703914358819,-0.559018907506641,0.37,0.46,1,"Ifrd1"
0.0379715655807547,-0.553353591599247,0.155,0.245,1,"Msi2"
0.0381800874278683,-0.960016782565815,0.15,0.23,1,"Dnajc13"
0.0381981111609742,-1.21576565137754,0.075,0.135,1,"Rnf146"
0.0384170993813853,-0.47632562383656,0.235,0.325,1,"Gnal"
0.0384616699781658,1.05125261109616,0.105,0.05,1,"Ankrd49"
0.0385331590568044,-0.326622933075655,0.17,0.265,1,"Blvra"
0.0386367497899984,1.14589211093305,0.105,0.05,1,"Inip"
0.0386651681131437,0.496694811170022,0.775,0.805,1,"mt-Nd4l"
0.0386833486740079,1.25544712243113,0.125,0.065,1,"Spn"
0.0388502998569387,-0.273763615514902,0.575,0.675,1,"Tpr"
0.0389494968330195,-0.413419861699131,0.455,0.56,1,"Rnase4"
0.0389580123090761,0.881064046296229,0.145,0.08,1,"Adgre5"
0.0390301741753511,1.04450264941686,0.175,0.105,1,"Ptrhd1"
0.0390778416190359,-0.705965691455916,0.12,0.195,1,"Smarcad1"
0.0391779347750284,0.770186344198679,0.2,0.125,1,"Coro1c"
0.0392932090598223,-0.919572852626693,0.07,0.13,1,"Pdlim2"
0.0394785841079525,-0.251643272561891,0.555,0.665,1,"Atp5a1"
0.0395563706185455,-0.622003420158625,0.175,0.26,1,"Slc16a6"
0.0395975722129307,-0.895203396412141,0.14,0.21,1,"Ubn2"
0.0397239042184315,0.82594117111367,0.205,0.13,1,"BC004004"
0.039758616499961,0.784922558970907,0.21,0.135,1,"Arid5a"
0.0401430291292801,-0.4718655836111,0.565,0.615,1,"Hexa"
0.0402247491550953,-0.766038912588483,0.095,0.165,1,"Atxn2"
0.0403897561484637,-1.12184454451729,0.12,0.19,1,"Tspan4"
0.0404024680324495,-0.505302385838207,0.38,0.48,1,"Ccdc12"
0.0405843956678368,-0.385189884074315,0.385,0.49,1,"Gpr34"
0.0407258806639997,0.571044491862845,0.25,0.17,1,"Phlda1"
0.0409403517597451,-0.973830957229597,0.08,0.145,1,"S100a10"
0.040954032646044,-0.575127500395581,0.285,0.385,1,"Fkbp2"
0.0409970162938624,-0.509356844136624,0.115,0.195,1,"Eps8"
0.041314787889147,1.13651862756508,0.11,0.055,1,"Bcat2"
0.0414955501228566,-1.32075649344167,0.055,0.11,1,"Pmpca"
0.0416610268323229,-0.461202998623504,0.21,0.3,1,"Tshz2"
0.0416869218721531,-0.61364382972874,0.095,0.165,1,"D5Ertd579e"
0.0420620495074185,-0.429176371613733,0.425,0.52,1,"Myo5a"
0.0420947616278861,-0.699480815583126,0.11,0.18,1,"Atg5"
0.0421086946146181,-0.842422245448768,0.16,0.24,1,"Timm23"
0.0423167414086956,0.589239586766094,0.435,0.365,1,"Tra2b"
0.0424156342835364,0.512041745043767,0.295,0.205,1,"Gna13"
0.0424587100073484,0.297685939620449,0.12,0.06,1,"Il6st"
0.0425732256777553,-1.28802550851292,0.07,0.13,1,"Mctp1"
0.0428080234527938,-1.20972531167438,0.075,0.135,1,"Plod1"
0.042875371991304,0.94687568943133,0.17,0.105,1,"Mef2d"
0.0429068341656888,0.573672343571143,0.435,0.36,1,"Tcf25"
0.0429822882653869,-0.615760633014526,0.19,0.275,1,"Specc1l"
0.0433068074110379,-1.02332446255705,0.125,0.195,1,"Ccr1"
0.0433092947421566,-0.272552754598418,0.74,0.835,1,"Hnrnpu"
0.0434793646224681,1.01545618155064,0.135,0.075,1,"Zswim8"
0.0435745462017326,-0.772375619926247,0.18,0.25,1,"Prxl2b"
0.0435802639944963,0.580250854451839,0.39,0.315,1,"Bclaf1"
0.043601281124466,1.09929659457169,0.13,0.07,1,"Plekhm2"
0.0436263507384834,-1.11775635528002,0.05,0.105,1,"Exosc4"
0.0437035358594118,-0.522246119722036,0.245,0.34,1,"Atp6v0d1"
0.043734284292631,0.683173302775997,0.225,0.145,1,"Naa50"
0.0439036605114332,-0.499250209571132,0.18,0.265,1,"Fkbp3"
0.0446114155677731,1.01950659532347,0.16,0.095,1,"Nfatc2"
0.0447521464103153,0.642102718528307,0.21,0.135,1,"Nrbp1"
0.0448211127820131,-0.8571983448253,0.065,0.125,1,"B3galnt1"
0.044859699882116,-0.652834198171832,0.1,0.17,1,"Acot13"
0.0450413831024893,0.42153106199282,0.87,0.835,1,"Dusp1"
0.0450625963273893,-0.68075790678665,0.095,0.165,1,"Tm2d1"
0.045075281023538,-1.19066228404497,0.06,0.115,1,"Pitpnb"
0.0452685695954655,-0.324086746310284,0.21,0.305,1,"Zc3h15"
0.0452995854495173,-0.414353765280763,0.37,0.455,1,"Ppp1r14b"
0.0453624191276976,0.49496165826217,0.215,0.14,1,"Pip5k1c"
0.0453823743218089,-0.300884561977168,0.32,0.41,1,"Map1b"
0.0454599107961133,-0.259594937547967,0.68,0.755,1,"Sumo2"
0.0455447586249127,-0.513546392643601,0.325,0.405,1,"Tmem234"
0.0455812188038922,-0.818023375895969,0.18,0.26,1,"Plin2"
0.0456344561897,-0.772118455223124,0.195,0.27,1,"Tomm5"
0.0457059980962519,-0.806945995832096,0.19,0.265,1,"Rin2"
0.0457538085785088,-0.614860695852054,0.17,0.255,1,"Ap3d1"
0.0458104513914391,-1.16774307897093,0.11,0.175,1,"Rab4b"
0.0458433593731681,0.74150868224457,0.22,0.15,1,"Rnaset2b"
0.0458833594823532,-1.12946671525898,0.09,0.155,1,"Gm5086"
0.0459008242186202,0.820006253689507,0.13,0.07,1,"Spr"
0.0459954032550195,-0.63576560622823,0.13,0.205,1,"Ddb1"
0.0460904740774965,-0.312685300686527,0.18,0.275,1,"Smap1"
0.0461806176636219,0.504063823820265,0.18,0.11,1,"Sertad2"
0.0462622723196057,0.595914176521631,0.15,0.085,1,"Agfg1"
0.0463545209778706,-1.02993907089225,0.07,0.13,1,"Wasl"
0.0464435720165827,0.582367573746838,0.455,0.385,1,"Id2"
0.046444157624732,0.812262571735233,0.165,0.1,1,"Ppp6r3"
0.0467593867272516,0.521757589828079,0.3,0.22,1,"Ranbp2"
0.0468323374199601,-0.823927103018507,0.05,0.105,1,"Mrps31"
0.0468355361372305,-1.15023221743524,0.055,0.11,1,"Dapk3"
0.0470364787975195,-1.09806739463668,0.055,0.11,1,"Pam16"
0.0470433012107084,-0.807079810491331,0.095,0.16,1,"Vps18"
0.0470651309597225,-0.360397798635261,0.22,0.32,1,"Filip1l"
0.0472388624433078,-0.368254737006728,0.355,0.46,1,"Mpc1"
0.0473150952770363,-0.783929573374259,0.14,0.21,1,"Hebp1"
0.0473923104333691,-0.314136565758753,0.38,0.47,1,"Cyb5a"
0.0477880687705011,-0.496215915218443,0.185,0.27,1,"Ncoa3"
0.047893834662315,-1.87959296767535,0.05,0.1,1,"Psmd10"
0.0484703799998381,-0.279578934877969,0.7,0.77,1,"Bst2"
0.048572609074479,-0.662205077658108,0.065,0.125,1,"Gkap1"
0.0487543605062247,1.39000928838786,0.1,0.05,1,"Cog8"
0.0491441514317643,-0.82605804061618,0.12,0.19,1,"Vti1b"
0.0493350710310997,-1.07663514463282,0.105,0.17,1,"Nsf"
0.0494851536170513,-0.3746094315073,0.2,0.295,1,"Pten"
0.0495041847510084,0.871601285295127,0.175,0.105,1,"B4galnt1"
0.049636855920405,0.540980561731904,0.51,0.45,1,"Ndufa6"
0.049810473102179,-0.776619002508927,0.155,0.23,1,"Mrpl14"
0.0500412889047067,-0.585672604886845,0.33,0.41,1,"Abracl"
0.0500413032317659,0.527116091245232,0.415,0.325,1,"Hck"
0.0501719918158433,-0.97548586462106,0.09,0.155,1,"Adam9"
0.0502980060478734,0.279441431403948,0.67,0.59,1,"Mbnl1"
0.0503912567121979,0.390379041216724,0.475,0.39,1,"Dleu2"
0.0505052106847219,0.437490690104413,0.2,0.13,1,"Fads1"
0.0505716627132677,-0.630124749579234,0.19,0.265,1,"Pkn1"
0.050662253063737,0.727634076678692,0.195,0.125,1,"Myo1e"
0.0508331731989576,0.52395961474328,0.335,0.25,1,"Sbno2"
0.0508466730330991,-1.44973350784873,0.06,0.115,1,"Rab11fip5"
0.0509388511726251,0.407369643620136,0.495,0.425,1,"Hcls1"
0.0510119109118213,0.273231855591967,0.395,0.295,1,"Psmb9"
0.0511667819852652,0.287992014095671,0.36,0.26,1,"Ldha"
0.0512150562184562,-0.730882995670064,0.17,0.245,1,"Commd1"
0.0516229434877516,-0.79518794440932,0.175,0.25,1,"Ube2e3"
0.051720041717213,-0.857894329210526,0.105,0.17,1,"Derl2"
0.051932371934145,-0.438986938146172,0.46,0.53,1,"Tgfbr2"
0.0520887881427463,-0.574822149391856,0.115,0.185,1,"Psmc4"
0.0523420255819223,0.775183478048823,0.23,0.16,1,"Sft2d2"
0.0524024402841558,-0.613716558927993,0.07,0.13,1,"Pom121"
0.0527332728792697,0.997733689953025,0.205,0.145,1,"Rc3h1"
0.0527422661301897,-0.734636166410786,0.055,0.11,1,"Tigd2"
0.0527892842288234,1.01567804981414,0.1,0.05,1,"Nfia"
0.052975160795335,-1.15271558464038,0.06,0.115,1,"Dnlz"
0.0530827371960892,0.588392522347224,0.275,0.2,1,"Pirb"
0.0531961604517626,0.287480450808213,0.885,0.885,1,"Atp5e"
0.0532543573870806,1.33613487592295,0.1,0.05,1,"Lyar"
0.0533401281807122,0.522270188661578,0.29,0.21,1,"Peli1"
0.0533782913799375,-0.453507886163738,0.205,0.29,1,"Oxct1"
0.0534085194354877,-0.682644795657374,0.13,0.205,1,"Mrps18a"
0.0536130733643699,0.793695997707902,0.145,0.085,1,"Cdkn2aipnl"
0.0538691065753239,0.381262593295282,0.41,0.32,1,"Slamf7"
0.0539772122429078,0.573636516957944,0.23,0.155,1,"Lsm6"
0.0540120171839052,-0.604892052722845,0.2,0.28,1,"Ttc14"
0.0540383881516823,-1.18128259817495,0.065,0.12,1,"Snrk"
0.0543016502801576,-0.896373367138814,0.08,0.14,1,"Xpo1"
0.0543417367733014,-0.953251708549676,0.12,0.185,1,"Egr3"
0.054641210310208,0.842995270359881,0.175,0.11,1,"Snhg3"
0.0546665143849501,-0.513072676294911,0.165,0.24,1,"Ehbp1l1"
0.0547605822876641,0.593589874749599,0.21,0.14,1,"Hcst"
0.0551206088305901,0.993464944715185,0.12,0.065,1,"Rab6b"
0.0551847488559491,0.55352758466436,0.32,0.24,1,"Bola2"
0.0553322588843342,0.868424313460902,0.18,0.115,1,"Bdp1"
0.0553760417037318,0.757498226395194,0.205,0.135,1,"Tbl1xr1"
0.0555198067606131,-0.612137258651856,0.185,0.265,1,"Idh2"
0.0558100847720847,-0.558258079727436,0.16,0.235,1,"Chga"
0.055813718814798,0.622092418652687,0.4,0.335,1,"Wsb1"
0.0558208237088908,-0.607470081493397,0.15,0.225,1,"Chchd1"
0.0559761386105775,0.315921159997153,0.585,0.49,1,"Ifi27l2a"
0.0560273332720576,0.837768602120761,0.16,0.1,1,"Samd4b"
0.0561172099765843,1.25620976163009,0.1,0.05,1,"Usp37"
0.0561172099765843,-0.930661276243227,0.05,0.1,1,"Sord"
0.0561172099765843,-0.931843266627461,0.05,0.1,1,"Alkbh1"
0.0562208370505516,-0.904645066351008,0.065,0.12,1,"Ptcd2"
0.0565162770671715,-0.668327406679508,0.215,0.29,1,"Lamtor5"
0.0570013969504287,-0.317932414027315,0.495,0.62,1,"Cox7b"
0.0572550557089543,-0.392952958058624,0.27,0.365,1,"Xbp1"
0.0573209674661669,0.58862469449647,0.245,0.17,1,"Cycs"
0.0573451174877644,0.669519149452953,0.3,0.235,1,"Fam129a"
0.0574390282203301,0.457918920485373,0.24,0.165,1,"Acbd5"
0.0574977904401832,-0.451438652458784,0.55,0.635,1,"Lilrb4a"
0.0575767831108781,-0.377570513842315,0.255,0.34,1,"Myo1f"
0.0576817806972946,-0.547394129853727,0.155,0.23,1,"Chchd10"
0.0577061891667005,0.452795821682129,0.21,0.135,1,"Ythdf2"
0.0579839081650365,0.305386065485648,0.7,0.645,1,"Srsf3"
0.0582551781228201,0.299768053514457,0.43,0.34,1,"Soat1"
0.0582850004237022,-0.30951596917705,0.355,0.465,1,"Chmp4b"
0.0585997788816276,0.835643145889027,0.1,0.05,1,"Nfyb"
0.0586729729898289,-0.685121634193624,0.21,0.29,1,"Fes"
0.0588388096355614,-1.07391918374201,0.095,0.155,1,"Gpr160"
0.0589885298662432,0.600342009588366,0.175,0.11,1,"Bcl7c"
0.0590425788666573,0.755295007009,0.275,0.2,1,"Dnajb9"
0.0590630057461309,0.377128898974639,0.37,0.29,1,"Tmem258"
0.0592602942749477,0.367839919757723,0.535,0.445,1,"Rel"
0.0593545520533217,-0.571486834657237,0.195,0.28,1,"Rnaseh2c"
0.0595082768163872,-0.561383965322176,0.215,0.295,1,"Trip12"
0.0596958338333894,-0.337220460829847,0.57,0.65,1,"Selenow"
0.0597182443192291,-0.392450110126701,0.395,0.485,1,"Smap2"
0.0599498586252344,-0.911348870735674,0.105,0.17,1,"Cd79b"
0.0599870232998717,-0.252833346829211,0.77,0.84,1,"Clic1"
0.0602305506232468,-0.471385545636439,0.26,0.355,1,"Bptf"
0.0605256353050091,0.38837230145783,0.26,0.18,1,"Vkorc1"
0.0606834649886781,0.859295107564065,0.175,0.115,1,"Oat"
0.0607690295731837,-0.446875540612588,0.555,0.585,1,"Asah1"
0.0611728812103335,0.798027381141844,0.1,0.05,1,"Zbtb7b"
0.0613126169194868,-0.466287005606291,0.165,0.245,1,"Clec5a"
0.0614352609127538,-0.88754588220901,0.05,0.1,1,"Cyb561a3"
0.0614684468990607,-0.523554217660169,0.14,0.215,1,"Cacybp"
0.0615322781733988,-0.913515328021295,0.16,0.23,1,"Mvb12a"
0.0615357347022147,-0.713013422312131,0.165,0.235,1,"Casp1"
0.0615963343201434,0.892349412448572,0.13,0.075,1,"Zmpste24"
0.0617037245401689,-0.590488683737566,0.23,0.31,1,"Ap1s2"
0.0619136697913814,0.520217970563497,0.29,0.22,1,"Sowahc"
0.0619454179028509,-0.519238505271136,0.19,0.27,1,"Tspan31"
0.06205475391096,-0.49862461987335,0.185,0.26,1,"Fstl5"
0.0624749817433862,0.550421616277618,0.31,0.235,1,"Stat3"
0.0624888877163288,-0.822199975807707,0.09,0.15,1,"Irf7"
0.0632125170780044,0.690050361228322,0.12,0.065,1,"Letm1"
0.0632133826364763,-0.870158412817612,0.075,0.13,1,"Lrrfip2"
0.0632334882673441,-0.622773230801306,0.095,0.16,1,"Ubqln1"
0.0634138389814015,-0.513509044467814,0.1,0.165,1,"Ppm1h"
0.063447228214703,-0.80094193062306,0.075,0.13,1,"Pmpcb"
0.0635472359924752,1.15410665144508,0.11,0.06,1,"Slc8b1"
0.0636037430608319,-0.702399799776015,0.155,0.225,1,"Setd3"
0.0636128728363257,-0.538984447395425,0.075,0.135,1,"Sh3pxd2a"
0.0636746307225257,-0.480007114878125,0.135,0.205,1,"Lmbrd1"
0.0638394326980549,0.868479965321666,0.105,0.055,1,"Borcs6"
0.0638552826705272,-0.541248638117039,0.19,0.265,1,"Ndufb6"
0.0640914688749148,-0.646816527111384,0.105,0.17,1,"Cdc26"
0.0640988090451973,0.595157616717413,0.26,0.19,1,"Rb1cc1"
0.0644344605414164,-0.278657388027541,0.575,0.655,1,"Adgre1"
0.0644639373473822,-0.432958819129678,0.11,0.18,1,"Rere"
0.0647225243971294,-0.661130204370329,0.12,0.19,1,"Echs1"
0.0650979915036685,1.13972131726156,0.15,0.095,1,"Hdac1"
0.0654984946330552,-0.668807692155424,0.125,0.195,1,"Agpat3"
0.0657298110423728,0.484253033240853,0.23,0.16,1,"Nfe2l1"
0.0659986919359723,-0.494657511828079,0.08,0.14,1,"C87436"
0.0660543412112687,-0.460500074212619,0.44,0.52,1,"Pitpna"
0.0663196074977489,-0.634577384327617,0.05,0.1,1,"Atxn7l3"
0.0669130176022372,0.419438116242297,0.46,0.375,1,"Pcbp1"
0.0670142908220655,-0.715845631217209,0.085,0.145,1,"Grsf1"
0.067064078384529,0.52798605726285,0.255,0.18,1,"Smarca2"
0.0678089218742692,-0.289013610343149,0.8,0.89,1,"Atp5h"
0.0678592332647384,-0.593966366664736,0.275,0.355,1,"Esd"
0.0679539499545704,-0.88842750007206,0.13,0.195,1,"B4galt1"
0.068051441859636,0.809045080102403,0.165,0.105,1,"Zcchc9"
0.0680656360138494,-0.826856307006138,0.16,0.225,1,"Psmd6"
0.0681867094032247,-0.66479513568459,0.085,0.145,1,"Parp12"
0.0682510383889347,-0.371957507787279,0.39,0.48,1,"Fcgr1"
0.0683033071712006,0.815288366219054,0.17,0.11,1,"Prdm2"
0.0683725829157936,-0.530379453665875,0.175,0.255,1,"Arl8a"
0.0684483815472269,-0.849238571524357,0.055,0.105,1,"Exosc7"
0.0684782651203475,0.643890720889186,0.3,0.235,1,"Cadm1"
0.0685512688727672,-0.835191215776885,0.06,0.11,1,"Egln1"
0.0686573936825618,-0.447941032247693,0.36,0.445,1,"Ubl3"
0.0687874646789632,-0.560542217085762,0.16,0.235,1,"Arpc1a"
0.0690081587426066,-0.975647909603147,0.055,0.105,1,"Pacs1"
0.0690791866810992,-0.748037238188844,0.135,0.2,1,"Smim7"
0.0693606053845,0.434107961197911,0.58,0.515,1,"Socs3"
0.0696590451959535,-0.888665677228104,0.095,0.155,1,"Rab12"
0.0697883323949923,-0.661119126988407,0.215,0.285,1,"Rap2b"
0.0698366908656781,-0.550849725858906,0.145,0.21,1,"Sdf2"
0.0698394657476712,-0.77702628792471,0.065,0.12,1,"Tes"
0.0698563786895678,-0.454819687815491,0.085,0.145,1,"Stx2"
0.0699623712638207,-0.598484852392515,0.135,0.205,1,"Exosc8"
0.0704039562934173,-0.654955447573614,0.1,0.165,1,"Col4a3bp"
0.0704384630870901,-0.529964060328506,0.315,0.375,1,"Snx2"
0.0708274043218728,0.8534677408232,0.175,0.115,1,"Smu1"
0.0712040569057634,0.430178457227564,0.315,0.235,1,"Runx3"
0.0721051311415919,-0.801524621190994,0.105,0.165,1,"Paox"
0.0721739136798451,0.51993071537172,0.29,0.22,1,"Sod2"
0.0722409829186475,0.440512385534184,0.22,0.15,1,"Larp4b"
0.07224781892444,-0.612239386387639,0.145,0.215,1,"Tmem135"
0.0722878936672425,0.466227987837498,0.125,0.07,1,"Dennd4b"
0.0723213307259676,0.370851254105811,0.49,0.41,1,"Neurl3"
0.072349702803745,-0.575050930433829,0.09,0.15,1,"Dctpp1"
0.0723534629505656,-0.751832289661845,0.075,0.13,1,"Msmo1"
0.0725559281526353,0.454750200153057,0.325,0.255,1,"Hspd1"
0.0728459189867066,-0.97380770937184,0.07,0.12,1,"Pop7"
0.0729570877748789,0.320761705097025,0.27,0.195,1,"Itpripl2"
0.0732103728311485,0.958748755799616,0.17,0.115,1,"Icosl"
0.0733650046367717,-0.264313567761338,0.45,0.555,1,"Dad1"
0.0735130069531437,-0.983609518911364,0.115,0.175,1,"Gng12"
0.0736230469319249,-0.671735397187856,0.055,0.105,1,"Adam19"
0.0736606116770437,-0.886692237170668,0.085,0.14,1,"Fam53b"
0.0737404087332632,-0.947250381208966,0.115,0.175,1,"Lrch3"
0.0740131432159688,-0.509433845234697,0.355,0.435,1,"Prdx2"
0.0741989051465968,-0.551542735622685,0.075,0.13,1,"Prkar2a"
0.0745584399142819,-0.37934500121553,0.485,0.565,1,"Ndufb8"
0.0746194102171032,0.420840195080209,0.265,0.195,1,"Lilra5"
0.0747551867727441,-0.287706226514553,0.365,0.455,1,"Tcf4"
0.0751159116651051,-0.853816177833672,0.055,0.105,1,"Zfpl1"
0.0752454931822849,0.845241226789136,0.115,0.065,1,"Vps53"
0.0755316112470608,-1.17867558205001,0.065,0.115,1,"Zdhhc3"
0.0755801682352225,-0.662240245292262,0.085,0.145,1,"Khk"
0.0757772786011097,0.707099490825499,0.205,0.14,1,"Shtn1"
0.0758074565886561,-0.516842291567275,0.255,0.335,1,"Ash1l"
0.0759966178649052,0.480731597806815,0.27,0.195,1,"Map3k8"
0.0764316431762187,-0.48565507781996,0.155,0.23,1,"Rsrc1"
0.0767175483489018,-0.429798819641936,0.105,0.165,1,"Ing2"
0.0769776770635659,-0.565389159089174,0.145,0.215,1,"Tet2"
0.0770709597627055,0.371708647553265,0.445,0.365,1,"Arpp19"
0.0771002365214611,-0.500729254688332,0.185,0.255,1,"0610010K14Rik"
0.077349054102103,-0.39207243970397,0.35,0.445,1,"Mbnl2"
0.0775014165848201,-0.4062052360379,0.07,0.125,1,"Kcnk13"
0.0779968001860098,-0.614619357134981,0.09,0.15,1,"Gfer"
0.0780552213619737,-0.893227830538467,0.12,0.18,1,"Gatad1"
0.0781310466622525,-0.62150443056034,0.11,0.175,1,"Mga"
0.0782995092466216,0.964429778371119,0.12,0.07,1,"Zfp740"
0.0788419741449194,0.362339524939637,0.39,0.32,1,"Crlf2"
0.0788918197631123,0.549881443931874,0.5,0.465,1,"Sfpq"
0.0789096185932046,-0.818919188473018,0.11,0.17,1,"Hist1h1e"
0.0789220148612222,-0.722834739384679,0.165,0.23,1,"Acaa1a"
0.0789792183749017,-0.556819016645109,0.135,0.205,1,"Krr1"
0.0791326140868318,0.501285469053904,0.25,0.185,1,"Errfi1"
0.079421498320292,-0.55478671994194,0.14,0.205,1,"Gfy"
0.0796881054416488,-0.305124714356042,0.24,0.325,1,"Micos13"
0.07982337729951,-0.712476545977005,0.1,0.16,1,"Psip1"
0.0798386309917647,0.661084682565658,0.11,0.06,1,"Cdk2ap1"
0.0799671378548697,-0.788693534482356,0.075,0.13,1,"B3gat3"
0.0801107488188239,-0.482256273910266,0.26,0.34,1,"Bag1"
0.0808201028570984,0.438630241168929,0.13,0.075,1,"Elf4"
0.0808498002582303,-0.263766807984123,0.16,0.235,1,"Eif2ak2"
0.0810294989994064,-0.800700082184832,0.135,0.205,1,"Mrpl27"
0.0811119915165081,0.631500547916051,0.43,0.4,1,"Eif3e"
0.0812911468310524,0.736550860372651,0.16,0.105,1,"Rbm33"
0.0816949612569708,0.313137150086737,0.41,0.335,1,"Sdc3"
0.0817060931193816,-0.977873965396889,0.09,0.145,1,"2610203C22Rik"
0.081929123061277,-1.08107146320554,0.075,0.125,1,"Cbr1"
0.0820000561500459,0.257715154751229,0.57,0.5,1,"Sec61b"
0.0820163286529718,0.4294141488855,0.11,0.06,1,"Grk6"
0.082088967163228,-0.435670225478708,0.245,0.33,1,"Akap9"
0.0823306148734005,-0.524155630285839,0.125,0.19,1,"Cd36"
0.0824533760873186,0.464571912894462,0.135,0.08,1,"Dync1li2"
0.0826757542154887,-0.662505892661596,0.185,0.25,1,"Lrpap1"
0.0826922515750797,-0.84883150981158,0.125,0.19,1,"Pigp"
0.0829778438195313,-0.702814187306004,0.065,0.115,1,"C330007P06Rik"
0.0830584050846239,-0.487664063468028,0.1,0.16,1,"Clock"
0.0832448609256787,-0.314235950046375,0.2,0.28,1,"Plgrkt"
0.0834407980996894,-0.566032991708487,0.15,0.215,1,"Fbxw2"
0.0834480223575921,-0.669444352154968,0.175,0.25,1,"Mrpl30"
0.0840443009018183,-0.881715784339684,0.125,0.185,1,"Ahnak"
0.0845395079187033,0.740283445379742,0.12,0.07,1,"Gtf3c1"
0.0848464089696103,-0.684375796153392,0.07,0.12,1,"Stk3"
0.0850292532896529,-0.478213141355654,0.375,0.44,1,"Cap1"
0.0852453215244873,1.15195548133919,0.1,0.055,1,"Mfhas1"
0.0854937590189816,0.881276865627943,0.125,0.075,1,"Agtrap"
0.0855247466588345,-0.663743877623091,0.135,0.2,1,"Pdlim4"
0.0855748637823415,-0.916907725407767,0.09,0.145,1,"Mthfs"
0.0857010722060639,0.512586140288785,0.15,0.095,1,"Cdk19"
0.0858806497825048,-0.567521227166369,0.125,0.19,1,"Impact"
0.0859534042122956,0.28529166988926,0.615,0.555,1,"Fus"
0.0864816483375993,0.743556332532184,0.155,0.1,1,"Coro7"
0.0868369145812242,-0.434676906452526,0.145,0.215,1,"Wdr33"
0.0871615013556285,-0.722422948308742,0.12,0.18,1,"H1f0"
0.0873532480315814,1.20763987025352,0.155,0.105,1,"Mink1"
0.0875024188908899,-0.580481577309793,0.14,0.205,1,"Prdx4"
0.0875508993591004,-0.67940236372516,0.125,0.185,1,"1700017B05Rik"
0.0876303678098894,0.946429828618331,0.125,0.075,1,"Aida"
0.0878012576387851,0.309217008488174,0.595,0.55,1,"Clk1"
0.0881383896168407,-0.842171939951382,0.1,0.155,1,"Malsu1"
0.0883362995646423,0.843013622346397,0.1,0.055,1,"Retreg3"
0.0885366737996242,-1.04305784053838,0.06,0.105,1,"Med17"
0.088706318906875,-1.3382242848482,0.06,0.105,1,"0610009B22Rik"
0.0887173728274135,-0.695069354407032,0.09,0.145,1,"Uhmk1"
0.0887173728274135,0.618486992656897,0.145,0.09,1,"Zmym2"
0.0888763574331299,-1.13264827479344,0.06,0.105,1,"Otud6b"
0.0889181647080663,0.643661806003237,0.17,0.11,1,"Mrps12"
0.0889648677636454,-0.592373274782382,0.15,0.215,1,"Bcl2a1a"
0.0890353090721188,0.655157888978543,0.1,0.055,1,"Tmem87b"
0.0890787752102567,-0.574620349265503,0.235,0.315,1,"Cuta"
0.089220146861337,-0.538254553831303,0.155,0.225,1,"Cp"
0.0900549252749399,0.951213775358301,0.11,0.065,1,"Eif4e3"
0.0901844186738577,-0.684544718728699,0.17,0.23,1,"Supt6"
0.090276465132303,-0.384756219995895,0.15,0.225,1,"Lsm14a"
0.0903766929855535,-0.520886181753485,0.175,0.245,1,"Cyc1"
0.0908718568576187,-0.475467908277743,0.235,0.305,1,"Rnh1"
0.0911003094079192,0.576563835129411,0.415,0.365,1,"BC005537"
0.0912919159765109,-0.418898733283628,0.26,0.33,1,"Vps28"
0.091393356439151,0.622658621594419,0.245,0.18,1,"Acer3"
0.0915406346188219,-0.529415310157401,0.1,0.16,1,"Dennd6a"
0.0919229958385828,-0.440279572496136,0.22,0.295,1,"Ssr1"
0.091980982755539,-0.983578388459286,0.06,0.105,1,"C5ar2"
0.0920145123722306,-0.44363999817478,0.26,0.33,1,"Mrps14"
0.0920327501874167,0.739572547388528,0.125,0.075,1,"Gpr84"
0.0921036059214495,0.823429660777515,0.155,0.1,1,"Naip2"
0.0923903013023122,-0.625590795245322,0.135,0.2,1,"Arl11"
0.0924957492895492,0.86922354583724,0.135,0.085,1,"Gm10134"
0.0925003426405495,-0.367361335919796,0.2,0.27,1,"Tm2d2"
0.0925974653424026,-0.841768249899377,0.055,0.1,1,"Dnajc4"
0.0927731551903849,0.302538886837379,0.68,0.605,1,"C3ar1"
0.0928138632944279,0.961380792291935,0.18,0.125,1,"2310011J03Rik"
0.0928161554070045,-0.732621295049932,0.07,0.12,1,"Fam234a"
0.0931145848090111,-1.16173627453901,0.085,0.135,1,"Znrd2"
0.0932698637560566,1.07651514945565,0.135,0.085,1,"Ints12"
0.0934046427147828,-0.388300199875934,0.1,0.16,1,"Usp48"
0.0935899616363956,-0.86279077208269,0.095,0.15,1,"Mitf"
0.0936881473836452,-0.653756748638611,0.055,0.1,1,"Hdgfl2"
0.0937862969576702,-0.518720757184034,0.12,0.18,1,"Ahcyl1"
0.0940539895795306,-0.99056177558817,0.055,0.1,1,"1600002K03Rik"
0.0941470582940168,0.339463267321176,0.215,0.15,1,"Dusp3"
0.0943398387881815,0.448588350032883,0.545,0.515,1,"Set"
0.0943816813063113,0.401241234670244,0.34,0.275,1,"Camk1d"
0.0944209763679676,-0.857899098490819,0.055,0.1,1,"Rnf170"
0.0945939270990334,-0.336819698529481,0.145,0.215,1,"Tbc1d9"
0.0945939615609744,0.615605029890635,0.21,0.15,1,"Arhgap25"
0.0946483282573208,0.276924403972205,0.86,0.81,1,"Cybb"
0.0947250652587184,-0.543653205626598,0.115,0.175,1,"Ccdc186"
0.0947260458949818,1.25078851520242,0.115,0.07,1,"Rabgap1"
0.0950146651415286,0.955701257580458,0.11,0.065,1,"Cers5"
0.0950786598814059,-0.415883852732077,0.065,0.115,1,"Rlf"
0.0951361346635718,0.735209648858865,0.235,0.175,1,"N4bp2l2"
0.0955288272818328,-0.642088792235822,0.055,0.1,1,"Tmem64"
0.0956250370620214,0.467808037783714,0.29,0.22,1,"Pgd"
0.0957014284993807,0.30671564521047,0.325,0.26,1,"U2surp"
0.09572010381348,-0.593039705512965,0.215,0.285,1,"Thoc2"
0.0957268487356217,0.313990449456563,0.39,0.32,1,"Mob1a"
0.0958312349781075,0.698179990527725,0.205,0.145,1,"Rbm27"
0.0960174734880674,0.408963899890667,0.335,0.255,1,"Tgs1"
0.0961024559249698,-0.522610988517779,0.14,0.205,1,"Dbnl"
0.0962542293648727,-0.411886049902225,0.4,0.475,1,"Hspe1"
0.0963036002087847,0.771996799158689,0.22,0.165,1,"Ep400"
0.0966470622690251,0.784565666628973,0.1,0.055,1,"Dcaf7"
0.0968258955472605,0.433314591987165,0.145,0.09,1,"Ss18"
0.0971372323692437,-0.455814240199561,0.09,0.145,1,"Mrpl58"
0.0971919187181978,-0.585059105622077,0.07,0.12,1,"Ptp4a3"
0.0972300256175798,0.404055403269882,0.77,0.755,1,"Hnrnpk"
0.0973791466784391,-0.787701559080038,0.085,0.135,1,"Fbxo3"
0.0975101206911394,0.935462249074876,0.17,0.115,1,"Gtf3c6"
0.0977149708586869,-1.16476945554878,0.06,0.105,1,"Vars"
0.0978243288202003,-0.650727690146041,0.095,0.15,1,"Nubp1"
0.0978795199458282,-0.710139736649837,0.07,0.12,1,"Clcn5"
0.0980147256874412,-0.492581764653154,0.15,0.22,1,"Rasa1"
0.0980826233588972,-1.06970560106646,0.06,0.105,1,"Cd22"
0.0982247751408664,0.715373036919819,0.12,0.07,1,"Nubp2"
0.0984781091650663,-0.342525380243459,0.145,0.215,1,"Dock4"
0.0985879229904594,-0.416045150937521,0.17,0.24,1,"Mrpl17"
0.0992199947580221,-0.950077351143493,0.13,0.185,1,"Ddt"
0.0993888853934389,-0.78658888473088,0.105,0.16,1,"Wdr44"
0.0999204125721426,0.37224365248542,0.5,0.445,1,"Tgfbi"
0.0999341466708499,0.798585996553925,0.13,0.08,1,"Tmem87a"
0.100097769286769,0.367173640884959,0.215,0.15,1,"Itgax"
0.10031179979416,-1.1937509877897,0.06,0.105,1,"Ngly1"
0.100618549047735,0.86873477593949,0.14,0.09,1,"Ppp6c"
0.100687225689047,0.8874375302212,0.105,0.06,1,"B4galt5"
0.100687225689047,-0.809227259869954,0.06,0.105,1,"2410004B18Rik"
0.100715732981049,0.799404878765509,0.17,0.115,1,"Nfya"
0.100760445166218,-0.464395928222382,0.175,0.245,1,"Smc3"
0.101079717311181,0.454287835467128,0.39,0.32,1,"Manf"
0.101137619082815,-0.57029522114218,0.15,0.21,1,"Nudt4"
0.101279582629615,-0.304497165889637,0.205,0.28,1,"Trip11"
0.101360652203589,0.627056438770626,0.145,0.095,1,"Smad4"
0.101542668259596,0.986728722862917,0.115,0.07,1,"Atf7"
0.101676246344556,0.536255753104576,0.21,0.15,1,"Slc35b2"
0.101759011743022,-0.259542679446721,0.62,0.675,1,"Arhgdib"
0.101987016392337,-0.62178000946184,0.185,0.25,1,"Pik3cg"
0.102004611536541,-0.440532958497257,0.055,0.1,1,"Prkag1"
0.102042280924481,-0.415491572898067,0.165,0.23,1,"Dctn2"
0.102062501773969,0.574636680875114,0.3,0.24,1,"Hdgf"
0.102570500903567,-0.847269171649211,0.17,0.23,1,"Trim44"
0.102604707071771,0.45194100358051,0.275,0.21,1,"Xiap"
0.103731087918535,-0.568238860319509,0.06,0.105,1,"Vamp7"
0.103920419721649,-0.676838026926054,0.13,0.185,1,"Suz12"
0.104077772828732,0.787979655530537,0.11,0.065,1,"Vps13d"
0.104267038750689,0.500898481527177,0.25,0.185,1,"Baz1b"
0.104274347080087,-0.625157949456499,0.135,0.195,1,"Tmem126a"
0.104293026666035,-0.254333196471594,0.75,0.81,1,"Arpc3"
0.104870288380151,0.414398734123607,0.26,0.195,1,"Slc4a7"
0.104930523129489,-0.270829083710047,0.16,0.23,1,"Polr2j"
0.105238254296056,-0.533601242693097,0.075,0.125,1,"Cc2d1b"
0.105332286524749,-0.489121118086221,0.225,0.3,1,"Tsn"
0.105567063577086,-0.283819813592705,0.215,0.295,1,"2610507B11Rik"
0.105686132065566,0.368458150407299,0.445,0.39,1,"Inpp5d"
0.105926263663562,-0.524458572241935,0.195,0.265,1,"Rab21"
0.10637207905376,0.593546375171797,0.315,0.25,1,"Rbms1"
0.106580602924255,0.357307804356248,0.4,0.335,1,"Resf1"
0.106846174495662,0.262085046839591,0.645,0.61,1,"Chd4"
0.107311265573204,0.821016956604287,0.11,0.065,1,"4833439L19Rik"
0.107375830974685,-0.472863656092049,0.155,0.22,1,"Prkacb"
0.107599788291849,-0.332924413388987,0.37,0.47,1,"H2afj"
0.107688417504682,0.542862821361326,0.535,0.505,1,"Atp5mpl"
0.107885207710438,-0.52327652601115,0.18,0.24,1,"Nhp2"
0.10789400900719,0.732413665286158,0.245,0.19,1,"Celf1"
0.108414049680878,-0.669131223397923,0.055,0.1,1,"Gm49336"
0.108472037594515,0.393350441563209,0.335,0.275,1,"Pik3ap1"
0.108691001502385,0.641006358494736,0.15,0.1,1,"Myo1c"
0.108812686037272,-0.857069358155095,0.085,0.135,1,"Thumpd3"
0.109164335855693,-0.890846935749161,0.085,0.135,1,"Ei24"
0.109252167920865,-0.463594129456436,0.17,0.23,1,"Etnk1"
0.109287364853778,0.571680394362344,0.205,0.145,1,"Limd1"
0.109586703589078,0.630280719268726,0.165,0.115,1,"Abcb1b"
0.109651474777704,-0.382045608553318,0.37,0.445,1,"Ntpcr"
0.109867334590642,0.435510533939155,0.44,0.375,1,"Klf4"
0.110192991993701,0.287079189436884,0.73,0.665,1,"Klf6"
0.110403862420158,0.313218093373952,0.31,0.24,1,"Rab7b"
0.110426690184967,-1.0169557781382,0.065,0.11,1,"Gtf3c2"
0.110428481260434,0.363692208072195,0.315,0.24,1,"Anapc13"
0.110630177725334,-0.353375697818566,0.9,0.94,1,"Prdx1"
0.110713306457336,-0.398709297595448,0.12,0.18,1,"Paf1"
0.110819907975249,0.347994822311191,0.225,0.165,1,"Fmnl1"
0.110990595911565,0.686302984267051,0.2,0.145,1,"Slbp"
0.111061547919569,-0.417041108295914,0.23,0.31,1,"Wls"
0.111105723684098,-0.417237008953113,0.205,0.28,1,"Mrpl20"
0.11115446135378,-0.601306207391685,0.12,0.175,1,"Kcmf1"
0.111218113873312,0.253587777363077,0.745,0.685,1,"Nsa2"
0.111908121840359,-0.333205168425059,0.54,0.62,1,"Taldo1"
0.112058524581037,-0.420269010701122,0.185,0.245,1,"Atf5"
0.112078839159116,0.792110951545931,0.12,0.075,1,"Arrb1"
0.112252836865724,-0.315750862975418,0.23,0.305,1,"Smagp"
0.112268015729574,-0.453375603614246,0.2,0.27,1,"Mtus1"
0.11245886162138,0.707950882341635,0.12,0.075,1,"Slc16a10"
0.112570378637316,-0.402767110088798,0.345,0.43,1,"Spcs1"
0.112730863459544,-0.653277194407858,0.085,0.135,1,"Sult1d1"
0.113020340712275,0.554851419915724,0.305,0.25,1,"Mapre1"
0.113221825731051,0.856125071265927,0.12,0.075,1,"Sf3a1"
0.113372896904206,0.697307383978731,0.115,0.07,1,"Phrf1"
0.113442671027235,-0.6640153232158,0.1,0.155,1,"Stambp"
0.113650530257008,-0.44235268339945,0.115,0.175,1,"Retreg2"
0.113962385757992,-0.701433580271927,0.07,0.115,1,"Map11"
0.113970299734716,-0.284365509923153,0.765,0.765,1,"Cd63"
0.114016468800341,1.0136948225945,0.11,0.065,1,"4833438C02Rik"
0.114077428767739,0.389013128756055,0.38,0.315,1,"G3bp2"
0.114083964821793,-0.286070384176755,0.475,0.545,1,"Arpc4"
0.114191224680003,0.376131101867856,0.395,0.33,1,"Vapa"
0.114259633741096,-0.621023937233371,0.08,0.13,1,"Hdac5"
0.1144209406404,-0.887228271381725,0.065,0.11,1,"Senp7"
0.114525743984242,-0.465959837110555,0.18,0.25,1,"Ndufs6"
0.114548565270554,-0.625917085223235,0.085,0.135,1,"3830406C13Rik"
0.114771229222455,0.25604815652741,0.165,0.105,1,"Cytip"
0.114797639593744,-0.740040124262499,0.095,0.145,1,"Kif13b"
0.115148330270373,-0.87385454293606,0.07,0.115,1,"Cfap20"
0.115190265066118,-0.692696990164239,0.175,0.23,1,"Hipk1"
0.11541525769529,-0.258857284870242,0.265,0.355,1,"Hnrnph1"
0.115465483094701,-0.44512575898613,0.155,0.215,1,"Nsg1"
0.115812439972087,-0.453343177658494,0.57,0.59,1,"Creg1"
0.116083641422847,-0.587145942798458,0.255,0.32,1,"Cd300a"
0.116239786358628,-0.466492655055201,0.105,0.16,1,"Rapgef2"
0.116312969895416,-0.465416316086302,0.195,0.26,1,"Cdk9"
0.11650257116475,-0.648292225496624,0.155,0.215,1,"Tcn2"
0.116539645223594,0.258245490453683,0.205,0.15,1,"Med13l"
0.117051851847318,-0.34152478796634,0.47,0.56,1,"Rnf130"
0.117146450552261,-0.928807414114451,0.07,0.115,1,"Tmem63a"
0.117283873194504,0.516981898893774,0.11,0.065,1,"Hmg20a"
0.117482087469371,0.570075858803564,0.185,0.13,1,"Ch25h"
0.117484684733984,0.534621024787693,0.19,0.135,1,"Il2rg"
0.117831814313451,-0.391153314565874,0.34,0.41,1,"Sdf4"
0.118178761294831,-0.323921526635388,0.215,0.29,1,"Cnpy2"
0.118280938342382,0.789196646017297,0.12,0.075,1,"Mlxip"
0.118352051627428,-0.518771059924732,0.18,0.245,1,"Dmac1"
0.118832514999984,-0.767021282729655,0.1,0.15,1,"Mpdu1"
0.118880688545054,0.72296779361614,0.175,0.125,1,"Sh2d1b1"
0.11934674677992,-0.64587728694246,0.11,0.165,1,"Pdgfa"
0.119407246098028,-0.582382046788233,0.12,0.175,1,"Trim41"
0.119580013389804,-0.651445624319695,0.07,0.115,1,"Dnajc24"
0.119804095038912,-0.713677396199357,0.105,0.155,1,"Atg12"
0.119818654035899,0.489262478717795,0.475,0.415,1,"Srsf2"
0.120374936926254,-0.277712570337059,0.27,0.35,1,"Atp6ap1"
0.1205430139033,0.48264860425455,0.395,0.355,1,"Il10ra"
0.120858327426026,-0.304562970206114,0.415,0.5,1,"Stab1"
0.121284400917431,-0.783039687539323,0.095,0.145,1,"Mesd"
0.121699859379973,-0.468664625559175,0.15,0.21,1,"Ugp2"
0.121835641326429,-0.943262456980905,0.08,0.125,1,"Ganab"
0.121888377212557,-0.835435484865407,0.1,0.15,1,"Kidins220"
0.121988939278961,-0.290994092562947,0.43,0.51,1,"Pf4"
0.122469027706053,0.87083841988359,0.115,0.07,1,"Ncoa6"
0.122526503374848,-0.778210858883762,0.165,0.22,1,"Cul3"
0.122628562740265,0.536718845688789,0.2,0.14,1,"Ccl9"
0.12278011605739,0.358908089217395,0.17,0.115,1,"Dcp2"
0.123029498320553,0.272906083848597,0.195,0.135,1,"Bub3"
0.123106062210041,-0.322783569421235,0.2,0.265,1,"Man1a2"
0.1232391326556,-0.785337621150393,0.145,0.205,1,"Arrdc3"
0.123503181894879,-0.411919231694653,0.155,0.22,1,"Osbpl9"
0.123509139769749,-0.654297233909468,0.095,0.145,1,"Sfswap"
0.123515665570109,-0.663704479066767,0.075,0.12,1,"Chmp6"
0.123523615651118,0.25840785323782,0.235,0.175,1,"Rwdd1"
0.123670300400401,-0.4282502367303,0.425,0.505,1,"Eef1d"
0.123727420666506,-0.627079545860208,0.105,0.155,1,"Pla2g4a"
0.124082106658115,0.636723159304518,0.15,0.1,1,"Dok3"
0.124131066492124,-0.8238851706279,0.075,0.12,1,"Aarsd1"
0.124511589734865,0.331573715366844,0.23,0.165,1,"Dclre1c"
0.124515330620824,-0.470031679521686,0.115,0.17,1,"Wwp2"
0.124875323334352,-0.631739742756744,0.16,0.22,1,"Numa1"
0.125018907756829,0.797935453561394,0.18,0.13,1,"Snhg1"
0.125050429070753,-0.316543411358138,0.18,0.245,1,"Abcf1"
0.125338756008788,-0.585080641054941,0.065,0.11,1,"Srsf4"
0.125412295304197,0.752521992890974,0.115,0.07,1,"Dpy19l4"
0.125479077856251,-0.535245668755208,0.145,0.205,1,"Kpna3"
0.125486552733789,-0.393006287418124,0.135,0.195,1,"Dnajc1"
0.125731017787511,-0.354069526806003,0.22,0.295,1,"Dctn4"
0.126178419317138,-0.748492767989467,0.11,0.165,1,"Hagh"
0.126263275609551,-0.650635181613413,0.07,0.115,1,"Prps2"
0.126649075580433,-0.676074121344544,0.065,0.11,1,"Cacul1"
0.126662387538101,-0.43007298904056,0.175,0.24,1,"Itpr2"
0.126687333928535,-0.686991100004525,0.195,0.25,1,"Ebp"
0.126773520652941,-1.20813938606428,0.06,0.1,1,"Atp9b"
0.127118745978831,-0.731499772206092,0.07,0.115,1,"Mrps28"
0.127467279468053,-0.411966991780549,0.325,0.39,1,"Rtraf"
0.127636898569366,0.375194616183203,0.265,0.205,1,"Zfas1"
0.127672097401974,-0.363023050158398,0.14,0.2,1,"Acadl"
0.127732744375886,0.476598998785901,0.18,0.125,1,"Emc2"
0.128183948618507,-0.501712746845185,0.265,0.32,1,"Wipf1"
0.128757871728142,-0.586029737028116,0.115,0.17,1,"Psmd11"
0.128931130776782,0.883478585348463,0.165,0.115,1,"Ppp1r15b"
0.129327988193085,-0.464758666609292,0.135,0.195,1,"Unc50"
0.129415039675247,-0.501761215591234,0.175,0.24,1,"Arhgap5"
0.129536459448569,0.37448599951926,0.13,0.08,1,"Gabpb2"
0.129585167902887,-0.654216964276004,0.1,0.155,1,"Nkap"
0.129795018199972,-0.445863109700424,0.19,0.26,1,"Zeb2os"
0.12985456380763,0.856321672938768,0.105,0.065,1,"Nol8"
0.129930145431923,0.297231655481759,0.135,0.09,1,"Rnf5"
0.13040551232865,0.65511301083845,0.185,0.135,1,"Fbrsl1"
0.130434051906649,0.918464145535676,0.17,0.125,1,"Por"
0.130456794672953,0.956156527753575,0.16,0.11,1,"Il2ra"
0.130653254926029,-0.520333882758587,0.175,0.24,1,"Il1a"
0.130699067033667,-0.384882730532517,0.395,0.455,1,"Ncf1"
0.130743166140572,-0.614250508700991,0.17,0.23,1,"Fam173a"
0.130797849386792,-0.711042404323099,0.08,0.125,1,"Hip1"
0.130871343305626,-0.302948449901911,0.33,0.405,1,"Vmp1"
0.130940782165512,-0.889161532218558,0.06,0.1,1,"Rnf181"
0.131024288408627,-0.656123774289685,0.07,0.115,1,"Apip"
0.131133408447606,0.667398487478003,0.135,0.09,1,"Akap10"
0.131263208327115,0.560900562235569,0.14,0.09,1,"Arhgap22"
0.131410294209104,-0.830776665788246,0.06,0.1,1,"Rpp25l"
0.131559909683459,-0.43305942535132,0.2,0.265,1,"Mydgf"
0.131882276527263,0.359979828590515,0.325,0.265,1,"Spred1"
0.132254050568222,-0.583621889260705,0.105,0.155,1,"Dpy30"
0.132389529014131,0.295496012157039,0.205,0.145,1,"Cic"
0.13248094277773,0.433150040814434,0.125,0.08,1,"Uri1"
0.132586878568897,-0.786369511479468,0.12,0.175,1,"Sgk3"
0.132728567205751,-0.315692035184566,0.095,0.145,1,"Ptpn11"
0.13280834427805,0.260549848126543,0.28,0.215,1,"Pmaip1"
0.133103880105518,-0.697796499831961,0.165,0.225,1,"Sra1"
0.13321995908639,-0.337054790539233,0.17,0.24,1,"Hnrnpr"
0.133301403234786,-0.734532049220848,0.06,0.1,1,"Snx8"
0.133515006671437,-0.464961596760104,0.2,0.265,1,"Luzp1"
0.1335658371531,0.555212432920211,0.135,0.09,1,"Heatr5a"
0.13367925159179,0.338415649474511,0.115,0.07,1,"Ddx39"
0.134180695776623,0.593660579282501,0.125,0.08,1,"Gt(ROSA)26Sor"
0.134182813656639,-0.301323719825568,0.285,0.365,1,"Bcap31"
0.134247358179122,-0.372413801420811,0.11,0.165,1,"Notch2"
0.134447253018685,-1.09813265574814,0.065,0.105,1,"Irgm1"
0.135121185519737,0.315537156940581,0.19,0.13,1,"Nop56"
0.135674550643786,-0.462616590628641,0.195,0.26,1,"Cdc42se2"
0.135879080665465,-0.731340472082549,0.17,0.225,1,"Hmg20b"
0.135917345259293,-0.730991263794798,0.095,0.145,1,"Dusp7"
0.135978262908027,0.476399793730364,0.25,0.19,1,"Prkcb"
0.13610859536618,0.552334573340388,0.15,0.1,1,"Cops2"
0.1362851979355,0.466700169073543,0.12,0.075,1,"Pdcd11"
0.136306557325324,0.400111129666248,0.15,0.1,1,"Sms"
0.136329195557574,0.619830682990806,0.125,0.08,1,"Otud5"
0.136370343353374,1.41111461089388,0.115,0.075,1,"Rab5b"
0.136520844201927,-0.817236291735651,0.105,0.15,1,"4933434E20Rik"
0.136723709414899,-0.641070326189332,0.095,0.145,1,"Babam1"
0.13722775971868,-0.431229791333911,0.205,0.275,1,"Cdv3"
0.13726250408233,-1.03552354641066,0.065,0.105,1,"Nr1h2"
0.137283714728588,-0.721172293061674,0.07,0.115,1,"Arfgef2"
0.137353858321544,-0.679627193905331,0.09,0.14,1,"Csnk2a2"
0.137467183805061,-0.837948653326275,0.13,0.18,1,"Mrpl36"
0.137630943356442,0.410555720621678,0.125,0.08,1,"Glod4"
0.138837941433286,0.286959201597059,0.525,0.47,1,"Myh9"
0.139164451872923,-1.0502275429522,0.065,0.105,1,"Ubtd1"
0.139580446809999,-0.581507733677415,0.16,0.215,1,"Tlr7"
0.139587730629952,-0.384160865181742,0.435,0.52,1,"Srsf9"
0.140709393804802,-0.447873392725631,0.235,0.295,1,"Cebpzos"
0.141072809189967,0.735908743935462,0.135,0.09,1,"Gdi1"
0.141149124168228,0.538219962721634,0.125,0.08,1,"Nfx1"
0.141214699258741,0.671167315955618,0.12,0.075,1,"Tnip2"
0.141669545011719,0.585632315039874,0.12,0.075,1,"Tmem51"
0.141868985444798,-0.485333910674115,0.215,0.28,1,"Bcas2"
0.142006903511571,-0.335793832630183,0.54,0.585,1,"Msn"
0.14206361909904,-0.757544764883093,0.115,0.165,1,"Hibadh"
0.1421446046915,-0.455540302868513,0.325,0.38,1,"Zfp706"
0.142537868108798,0.369354847556016,0.255,0.195,1,"Diaph1"
0.142843939202515,0.549079572014626,0.165,0.115,1,"Uimc1"
0.142923258129955,0.579822641296719,0.15,0.105,1,"Rcn2"
0.142923313924329,-0.968614895537384,0.105,0.15,1,"Zwint"
0.143063259618924,-0.566407530210706,0.13,0.185,1,"Akap8"
0.143272041138464,-0.711439284252305,0.135,0.185,1,"Sdhd"
0.1433828384095,-0.518096870160534,0.08,0.125,1,"Rasa2"
0.143436067701149,-0.447941020135721,0.13,0.185,1,"Tmem189"
0.143803436811717,-0.305623905875584,0.215,0.285,1,"Nadk"
0.143904101816257,-0.304129282634065,0.185,0.245,1,"Ldhb"
0.144248219747239,-0.5186556294398,0.185,0.24,1,"Mrpl24"
0.144510930892868,0.417588266898499,0.285,0.225,1,"Ddx50"
0.144511345989085,0.635287307245704,0.18,0.13,1,"Rhoh"
0.144511589222918,-0.622590745918484,0.09,0.135,1,"Zbtb1"
0.144525920135723,0.301410652791657,0.55,0.495,1,"Itgb1"
0.144592357348923,0.346756309766713,0.265,0.2,1,"Sp100"
0.144617693736976,-0.733993342544698,0.1,0.145,1,"Ube2h"
0.144969246342262,0.406352226502509,0.21,0.155,1,"Tsc22d3"
0.145163390295082,-0.868524366919127,0.09,0.135,1,"Mid1ip1"
0.14536780020246,-0.35695586222683,0.305,0.375,1,"Atp1b3"
0.14574621473154,-0.719559208109331,0.095,0.14,1,"Sacm1l"
0.146297689415504,0.59820256452972,0.145,0.1,1,"Ly9"
0.14639643008964,-0.57173881348002,0.115,0.165,1,"Acly"
0.146819669381445,0.257284898352989,0.275,0.215,1,"Cxcr4"
0.146917279878658,0.478827722736248,0.305,0.25,1,"Zbtb7a"
0.147589848759299,0.658413273546098,0.175,0.125,1,"Mob3c"
0.147604076399586,-0.392731513863039,0.33,0.4,1,"Abi1"
0.147884922794313,0.912259630265987,0.11,0.07,1,"Plcl2"
0.148453409633626,-0.730872729223072,0.155,0.205,1,"Ppp4r3a"
0.148498777794739,-0.371284161215048,0.275,0.335,1,"Trib1"
0.148679038874356,0.585454335596168,0.1,0.06,1,"Gm5547"
0.148768566284009,0.638630734140098,0.14,0.095,1,"Snhg6"
0.148797181099097,0.522180268770786,0.33,0.28,1,"Hnrnpc"
0.149083109780657,0.893662338978375,0.125,0.085,1,"Rybp"
0.149121960396924,0.51497918191979,0.135,0.09,1,"Hypk"
0.1491325769769,-0.909817426102195,0.105,0.15,1,"Pisd"
0.149273441164825,-0.780512269936827,0.1,0.145,1,"Xpo6"
0.149981879016688,-0.593204896853153,0.15,0.205,1,"Mrpl34"
0.150496714114707,1.20708536395106,0.105,0.065,1,"Ccl5"
0.150975801508431,-0.284794440921266,0.71,0.72,1,"Trem2"
0.151131701138592,-0.609349077305492,0.09,0.135,1,"Myo6"
0.151347670685981,-0.79308737351543,0.145,0.195,1,"Rnf20"
0.151514364667941,0.644744401236651,0.105,0.065,1,"Polr3k"
0.151744405199403,0.414886560155109,0.38,0.325,1,"Romo1"
0.151941890480757,-0.467598901741575,0.205,0.265,1,"Tank"
0.152141774128343,-0.327243442209157,0.105,0.155,1,"Clasp2"
0.152272586341832,-0.710993400394737,0.23,0.275,1,"Mpp1"
0.152326722978731,0.675506734799946,0.11,0.07,1,"Mitd1"
0.152331857054917,0.378200248967234,0.1,0.06,1,"Ssh1"
0.152561217512214,-0.585260461708483,0.21,0.265,1,"Dip2b"
0.152653012808915,-0.492386261106053,0.235,0.305,1,"Ndufa8"
0.152826450225698,0.749720401390984,0.11,0.07,1,"Snap29"
0.153409581161245,0.415708858586489,0.195,0.14,1,"Tmem50b"
0.153714045808159,0.871206622018326,0.115,0.075,1,"Fkbp4"
0.154231790450622,0.320446229925881,0.43,0.37,1,"Gadd45b"
0.154246571148314,0.64471303114583,0.15,0.105,1,"Pcif1"
0.154333116326296,0.836094578184746,0.11,0.07,1,"Slc25a33"
0.154355781047874,-0.511721659797981,0.27,0.325,1,"Timm13"
0.154705044583234,-0.290713960919037,0.25,0.325,1,"Cflar"
0.154992976542166,0.299236969930442,0.18,0.13,1,"Nfkb2"
0.155186321896188,0.574684578735486,0.25,0.2,1,"Nop58"
0.155343813151427,-0.763143624155953,0.07,0.11,1,"Ocel1"
0.15613196257054,-0.817544927854386,0.09,0.135,1,"Bola1"
0.156362117686426,-0.451326924730728,0.09,0.135,1,"Galnt11"
0.156647536182259,-0.917463545861973,0.08,0.12,1,"Cherp"
0.157103950852787,0.384828272902307,0.13,0.085,1,"Cabin1"
0.157162546951079,0.417307382616302,0.175,0.125,1,"Klra2"
0.157583723319041,-0.627281972147014,0.1,0.145,1,"2310033P09Rik"
0.157608751213171,0.394188650882435,0.255,0.2,1,"Cdc42se1"
0.157729225740668,-0.74873715933086,0.105,0.15,1,"Bola3"
0.157743175115426,0.92417135855022,0.125,0.085,1,"Tfeb"
0.15786468307287,-0.383150790806223,0.28,0.34,1,"Gsn"
0.15788719788352,-0.51440306906654,0.135,0.185,1,"Mbd3"
0.157892531392266,-0.851261439074212,0.07,0.11,1,"Spsb1"
0.158030620244827,-0.602652830869542,0.1,0.145,1,"Nsfl1c"
0.158113703860601,-0.314093145646444,0.33,0.4,1,"P2rx4"
0.158489494109794,-0.382261392627745,0.175,0.235,1,"Znhit1"
0.158601354888,0.946002338894738,0.12,0.08,1,"Rprd2"
0.158920841871914,-0.816754023459161,0.07,0.11,1,"Riok1"
0.159171355764771,0.738038585870681,0.18,0.135,1,"Noc2l"
0.159436893986553,-0.73943346924458,0.07,0.11,1,"Cmah"
0.159845874780003,-0.730287977569629,0.065,0.105,1,"Otud4"
0.16012269768184,0.296503117512304,0.55,0.5,1,"Ddx3x"
0.160891188926414,-0.595687056525241,0.225,0.28,1,"Ssbp4"
0.161129807059072,-0.360203829893432,0.205,0.265,1,"Ndufv2"
0.161214802922739,-0.442863740173205,0.19,0.245,1,"Chrac1"
0.161513784129116,-0.397750915812465,0.07,0.11,1,"Pald1"
0.161518817194646,-1.0604133623025,0.1,0.14,1,"Snx27"
0.161640353155769,0.636584921495935,0.145,0.1,1,"Ago3"
0.161815502985447,0.596301268238114,0.12,0.08,1,"Jmjd6"
0.162250310069811,-0.350382640487418,0.065,0.105,1,"Phf10"
0.162313778174525,-0.485387475881016,0.295,0.35,1,"Sec14l1"
0.163115589122569,-0.293932596715181,0.165,0.22,1,"Uqcrc2"
0.163271914163194,0.710965159285414,0.13,0.09,1,"Kdm4a"
0.163357740572069,0.282842179335298,0.355,0.295,1,"Nfic"
0.164069447543254,-1.00131714632323,0.08,0.12,1,"Pigs"
0.164368802669445,-0.470812651012864,0.13,0.18,1,"Idh1"
0.164667010737845,-0.644433220086064,0.07,0.11,1,"Cystm1"
0.164872773239197,0.500060014331428,0.15,0.105,1,"Adcy7"
0.164915748059763,-0.270579327598338,0.235,0.305,1,"Uqcrfs1"
0.165078727625476,0.592522858137708,0.12,0.08,1,"Sulf2"
0.165226197321327,-0.793291372500765,0.065,0.105,1,"Scaper"
0.165692351321894,0.383023593151604,0.27,0.215,1,"Tmbim1"
0.166489728289096,0.281183944098402,0.14,0.095,1,"Dtx4"
0.166793774041942,0.397236730878586,0.23,0.18,1,"Rfc1"
0.167072344952329,0.316388055433246,0.385,0.315,1,"Cggbp1"
0.167281890077922,0.455149887093327,0.165,0.12,1,"Gtf2h2"
0.167416088267195,-0.607816759518525,0.065,0.105,1,"Dnajb2"
0.167568625157107,0.9779346312776,0.14,0.1,1,"Rbm28"
0.16779000096418,0.609442676832712,0.3,0.26,1,"Hnrnpl"
0.167860272565609,0.492518684664561,0.235,0.18,1,"Chd7"
0.167867024250012,0.469771340898206,0.11,0.07,1,"Rnf44"
0.167915984125716,-0.485891165771223,0.095,0.14,1,"Ppfia1"
0.168326395164742,-0.44452165810904,0.11,0.16,1,"Rfc2"
0.168788440392436,0.491485426730812,0.18,0.13,1,"Trim24"
0.169114889557882,0.264261573792411,0.475,0.425,1,"Smim14"
0.169329709269335,-0.748118275251722,0.175,0.225,1,"Dnajc2"
0.169424987472598,0.42837912362611,0.37,0.315,1,"Ppp3ca"
0.169459580906138,0.847955353498551,0.15,0.105,1,"Sh3bp2"
0.169480295736883,-0.662281326010163,0.12,0.165,1,"Ergic2"
0.169753318572105,0.36299010245644,0.145,0.1,1,"Polb"
0.169781175847687,-0.501062202751235,0.125,0.175,1,"Gpcpd1"
0.169856822413701,0.469607781510378,0.195,0.145,1,"Sirt7"
0.170648622921971,-0.418322018132701,0.125,0.175,1,"Lrrc59"
0.170678370469153,-0.761760577596648,0.175,0.225,1,"Tsc22d2"
0.170741705485218,-0.689206749330905,0.065,0.105,1,"Spp1"
0.170890451570582,0.300534675054086,0.235,0.18,1,"Ddx18"
0.17093686876232,-0.478491481861897,0.1,0.145,1,"Klhl9"
0.171514916402481,0.283196598342122,0.32,0.255,1,"Bnip3l"
0.171776437899222,0.426649664494145,0.405,0.365,1,"Spag9"
0.172077622827033,-0.655782255181628,0.085,0.125,1,"Clpx"
0.172442944404215,-0.389812706371946,0.215,0.28,1,"Ang"
0.172797708100402,0.501244527465773,0.12,0.08,1,"Trappc8"
0.173081877707047,0.491538975735009,0.345,0.285,1,"Igsf6"
0.17330325553169,-0.518995756840331,0.07,0.11,1,"Ccs"
0.173706431350627,-0.576733790240843,0.185,0.24,1,"Commd4"
0.173872637047706,0.29211202181531,0.36,0.295,1,"Dock2"
0.174109075489554,0.721338988060525,0.13,0.09,1,"Mecp2"
0.174128937884485,-0.787106334295262,0.085,0.125,1,"Tiprl"
0.175043256423927,-0.459167003123433,0.225,0.28,1,"Ogfrl1"
0.17516141907934,-0.852773640236569,0.085,0.125,1,"Acads"
0.175706849996303,-0.401387286690694,0.18,0.235,1,"Aftph"
0.175708046640775,-0.547272355679098,0.305,0.34,1,"Svbp"
0.175920704164254,-0.60700145172443,0.075,0.115,1,"Nudt3"
0.175963412065874,1.02014767365169,0.1,0.065,1,"Ndufaf7"
0.176145858330242,-0.583205244991205,0.125,0.175,1,"Dlgap4"
0.176351831914777,-0.533084405764404,0.13,0.18,1,"Naa20"
0.17638110095218,-0.388019135553921,0.09,0.135,1,"Itprid2"
0.176464283068469,-0.633053858966254,0.075,0.115,1,"Ireb2"
0.176489956924053,0.497854905598557,0.275,0.23,1,"Wbp11"
0.17654304352292,1.10275007523724,0.1,0.065,1,"Ints6"
0.176800114739915,-0.676559060377849,0.17,0.215,1,"Xrn1"
0.1770090342643,-0.33473805797932,0.075,0.115,1,"Uba7"
0.177010693050472,-0.386738539063706,0.42,0.485,1,"Atp5o"
0.177172574430607,0.631878716834776,0.215,0.165,1,"Irf9"
0.177434554031595,0.273594067219181,0.145,0.1,1,"Luc7l"
0.177492954996089,-0.616865861035014,0.135,0.185,1,"Mrps16"
0.177553415142735,0.361534247937663,0.26,0.21,1,"March1"
0.177678823784731,-0.434594316017535,0.1,0.145,1,"Maml3"
0.177998256853216,-1.18866561250538,0.065,0.1,1,"Pde4dip"
0.178529757567432,0.415393015411754,0.66,0.675,1,"Gm10076"
0.178572386878905,0.346809982449253,0.26,0.2,1,"Copa"
0.178703771100102,-0.535308253035037,0.21,0.265,1,"Dcun1d5"
0.178870002048644,0.259841976945058,0.11,0.07,1,"Naa60"
0.178928937705869,0.572747224007873,0.295,0.255,1,"Vps4b"
0.17902259120117,-0.306365889534502,0.23,0.285,1,"Dnaja2"
0.179086563517072,-0.420027111296365,0.19,0.25,1,"Taf15"
0.179263216162156,0.967733349465735,0.105,0.07,1,"Nsmce2"
0.179344361547138,0.351978439487741,0.2,0.15,1,"Tap2"
0.17941114111169,-0.451830582139931,0.12,0.165,1,"Insig1"
0.179861757912883,-0.402634686945433,0.175,0.23,1,"U2af2"
0.179886347179277,-0.642553275872143,0.105,0.15,1,"Dap"
0.180242179925986,-0.746989338453515,0.09,0.13,1,"Acox3"
0.180463583143113,0.291271325193415,0.365,0.305,1,"Nptn"
0.180579985269647,-0.59560178765128,0.135,0.18,1,"Gm26917"
0.180628093407186,-0.323741724914806,0.1,0.145,1,"Prpf39"
0.180802151554564,-0.625594943652003,0.135,0.18,1,"P2ry13"
0.180856019776755,-0.35985455232102,0.2,0.26,1,"Slc7a8"
0.180921844274101,0.700865209515853,0.125,0.085,1,"Gosr2"
0.18095334252331,-0.544685861525478,0.245,0.295,1,"U2af1"
0.181233538025366,-0.452183258122495,0.13,0.18,1,"Gmfb"
0.181848494889488,0.897970494676946,0.105,0.07,1,"Asxl1"
0.181984136373568,-0.665297038731266,0.085,0.125,1,"Anapc2"
0.182377536194272,0.61712870595603,0.34,0.3,1,"Snrpb2"
0.1824850266909,-0.628407294804724,0.17,0.22,1,"Dtnbp1"
0.182722989322713,0.3181839941651,0.32,0.265,1,"Crebbp"
0.182737638713106,-0.522901144079325,0.225,0.28,1,"Aurkaip1"
0.183386391803977,-0.499198654364681,0.155,0.21,1,"Igsf8"
0.183528103099475,-0.323145022506902,0.395,0.445,1,"Ypel3"
0.18358725847825,-1.15464753389512,0.07,0.105,1,"Soga1"
0.183613565575942,-0.572443138057601,0.1,0.145,1,"Ccdc86"
0.183855287574685,0.303343783725387,0.235,0.185,1,"Dpysl2"
0.184146704997462,-0.405100935485807,0.16,0.215,1,"Wdfy3"
0.184205186514237,0.407291515225618,0.115,0.075,1,"Stxbp2"
0.184484934569695,-0.538063311011176,0.115,0.16,1,"Fam162a"
0.184767580067187,-0.620580681833078,0.075,0.115,1,"Nf1"
0.184941010885549,-0.332746543647057,0.385,0.44,1,"Ubxn1"
0.185107236833615,-0.684534649669868,0.145,0.19,1,"Sh3gl1"
0.185132218205381,-0.280080752064685,0.065,0.105,1,"Fh1"
0.185153187435119,-0.782431825805437,0.08,0.12,1,"Cers6"
0.185202809306762,0.583907193704222,0.16,0.115,1,"Vezf1"
0.185202817222788,0.655641952495288,0.215,0.17,1,"Cdk6"
0.185467289797332,-0.615703575141722,0.095,0.135,1,"Cldnd1"
0.18554460177593,-0.260629463636012,0.27,0.34,1,"Ndufs7"
0.185585895959983,-0.282245766023964,0.145,0.2,1,"Cnot1"
0.185666320690532,0.591263142477613,0.235,0.19,1,"Crebrf"
0.185704681508592,-0.499898163213196,0.08,0.12,1,"Poldip2"
0.185838612436533,-0.33817290465295,0.22,0.28,1,"Sdha"
0.186129253437755,-0.454594838459655,0.1,0.145,1,"Mib1"
0.186842449429409,0.272633095281191,0.17,0.12,1,"Rassf3"
0.186885375421854,-0.366157619855252,0.07,0.11,1,"Nsmce3"
0.187029862530444,0.308783273549106,0.115,0.075,1,"Pigyl"
0.187051570110109,0.599741081121845,0.155,0.115,1,"Naa10"
0.187097141968123,-0.451045621918041,0.325,0.375,1,"Hsbp1"
0.187565261648709,0.489224722707541,0.37,0.345,1,"Metap2"
0.188090842530299,0.487575335555753,0.295,0.245,1,"Tpi1"
0.188150913489864,0.335886258804943,0.17,0.125,1,"Parp9"
0.188160075726633,-0.338651802300653,0.1,0.145,1,"Suds3"
0.18853514254045,-0.469620028428598,0.245,0.305,1,"Wdr1"
0.188540665609533,0.280211190588491,0.535,0.485,1,"Atp5k"
0.188585017804331,0.538125965900882,0.54,0.52,1,"Atp5md"
0.18876045908003,-0.771228022584117,0.115,0.155,1,"Mtfr1l"
0.188995874347924,-0.387476401258098,0.21,0.27,1,"Ndufs3"
0.189011074759564,0.36046059628891,0.245,0.19,1,"Rp2"
0.189203560654201,0.486356218198745,0.13,0.09,1,"Usp47"
0.189203755759473,0.366647698552839,0.28,0.23,1,"Pip4p1"
0.189317966897103,-0.267081845195324,0.065,0.105,1,"Cand1"
0.189472070924378,0.895842731835245,0.105,0.07,1,"Nr1d2"
0.189674532449365,0.270867755651882,0.175,0.13,1,"Cdipt"
0.190344264657523,-0.636320263352488,0.1,0.14,1,"Sgta"
0.190544725057201,-0.527878118086977,0.195,0.245,1,"Gm16286"
0.190649513752473,0.388577536923287,0.125,0.085,1,"Ppt2"
0.190724430160608,-0.649665367663545,0.08,0.12,1,"Ranbp9"
0.190818569546268,-0.822743111635623,0.09,0.13,1,"Rars"
0.191228261873573,0.667981508479173,0.17,0.125,1,"Zfp445"
0.19129672436017,-0.56031560900228,0.13,0.18,1,"Adipor2"
0.191766788617616,-0.762833515926311,0.095,0.135,1,"Hscb"
0.192380570922349,1.02711584002732,0.11,0.075,1,"Pycr2"
0.19276730897232,0.811536202591409,0.105,0.07,1,"Klc4"
0.192795275454656,-0.576802132500828,0.21,0.26,1,"Snx17"
0.192968306317982,0.9394323581439,0.11,0.075,1,"Svil"
0.193383119272137,-0.612990449389151,0.155,0.2,1,"Maf1"
0.193817661139355,-0.302438336021151,0.285,0.345,1,"Snrpd2"
0.19409145436078,0.301566306617837,0.445,0.38,1,"Serp1"
0.194125877164439,-0.569275927567689,0.08,0.12,1,"Hspa14"
0.194227164212221,-0.589964319533314,0.115,0.16,1,"Ncbp2"
0.19427911686693,-0.963046306313905,0.07,0.105,1,"Ppfibp2"
0.194468610566092,0.602667351916994,0.195,0.15,1,"Rad21"
0.194600040917596,-0.775363242100205,0.065,0.1,1,"Tmem106c"
0.194693896861705,0.790562392901781,0.16,0.12,1,"Topors"
0.194861046255589,-0.612830920169313,0.13,0.175,1,"Mcts1"
0.194893122763177,-0.536178014557611,0.11,0.155,1,"Plau"
0.195224455650513,0.731394331289465,0.1,0.065,1,"Setd7"
0.195652603506376,-0.761038705721678,0.11,0.155,1,"Atf2"
0.196566239418253,-0.861681956397609,0.11,0.15,1,"Vamp2"
0.19659368649091,0.698679668611107,0.135,0.095,1,"Fnbp1l"
0.196994258944931,0.25837501477694,0.12,0.08,1,"Clcn7"
0.197106513004066,0.710281988302337,0.1,0.065,1,"Nav1"
0.197424947591632,0.278500962234556,0.54,0.525,1,"Uqcr10"
0.19772146877569,0.391805244183726,0.195,0.145,1,"Vma21"
0.197873104739165,0.284756562392643,0.6,0.565,1,"Arpc5"
0.19796565111075,-0.303713592052637,0.345,0.41,1,"Tmem14c"
0.198477687375001,0.436849958851244,0.125,0.085,1,"Smarcd1"
0.198489229844721,-0.593088018180319,0.09,0.13,1,"Zbp1"
0.19855819000447,0.667877467520558,0.105,0.07,1,"Lmnb1"
0.198767221215902,-0.759769208711409,0.09,0.13,1,"Plxna4os1"
0.198902428091861,0.357129558965345,0.285,0.23,1,"Gspt1"
0.199174678156681,0.853823805145941,0.115,0.08,1,"Mcm3"
0.199206427871422,-0.441396854700081,0.125,0.17,1,"Cfp"
0.199350087596381,-0.371886513533344,0.13,0.18,1,"Ufm1"
0.199793346215273,-0.711941343483282,0.07,0.105,1,"Npl"
0.19986068538168,-0.431829530733083,0.095,0.135,1,"Ankrd40"
0.199960918903546,-0.413945045916685,0.28,0.335,1,"Camk2d"
0.200389387771074,0.664746398675746,0.14,0.1,1,"Vbp1"
0.200436055928388,0.316515780312463,0.115,0.075,1,"Tor1aip2"
0.20072925690617,0.729554979268664,0.11,0.075,1,"Htatsf1"
0.200747160135549,-0.554152683342913,0.15,0.2,1,"Nap1l4"
0.201629410860954,-0.514723839990012,0.105,0.15,1,"Nup214"
0.202771081431577,-0.383794446241001,0.25,0.3,1,"Aamp"
0.203167088754801,0.614841383423547,0.135,0.095,1,"Tceal8"
0.203214839106916,-0.423383528109645,0.105,0.15,1,"Txnl4a"
0.20342119895477,-0.479731076169076,0.375,0.425,1,"Calm3"
0.203644316341188,-0.373814386986837,0.355,0.415,1,"Sppl2a"
0.203722087146265,-0.710232237385504,0.095,0.135,1,"Abcc5"
0.20382704943676,0.345380647952939,0.16,0.115,1,"Csf3r"
0.204045969418089,-0.350138287688431,0.075,0.115,1,"Zfp451"
0.204256666828987,0.432573084968693,0.325,0.28,1,"Ep300"
0.204320180554824,-0.548766512268532,0.145,0.19,1,"Psmb7"
0.204387004271404,0.726878994307832,0.11,0.075,1,"Mtx2"
0.20455114790366,0.506958172524307,0.325,0.285,1,"Foxn3"
0.205421020054124,0.653126853962933,0.105,0.07,1,"Gart"
0.20565284477293,0.334881570044156,0.235,0.18,1,"Tardbp"
0.205968649152077,-0.255156094732843,0.265,0.34,1,"Hspa4"
0.206085646736723,-0.282541489582696,0.1,0.145,1,"Ipo7"
0.206168033226297,-0.364269182055384,0.175,0.23,1,"Sptbn1"
0.206716258555012,0.527598880918394,0.1,0.065,1,"Plaa"
0.206747990201307,-0.872966106144694,0.115,0.155,1,"Exosc5"
0.206939221281745,0.387046121762357,0.38,0.35,1,"Mat2a"
0.207314133962838,-0.486757429762524,0.23,0.28,1,"Lpin2"
0.207880623044492,0.26034430545914,0.255,0.2,1,"Mcrip1"
0.207896204101118,0.448281957107811,0.175,0.135,1,"Slc31a2"
0.207983815571001,0.526656126870655,0.205,0.16,1,"Cat"
0.208022825195462,-0.69450303162248,0.065,0.1,1,"Mrps35"
0.208236772875029,-0.519702158094805,0.155,0.2,1,"Mrpl12"
0.209811249523477,0.517104461770165,0.26,0.22,1,"Retreg1"
0.209877098508412,-0.648535503395293,0.07,0.105,1,"Pxk"
0.210016164325132,-0.340674678867825,0.245,0.3,1,"Rilpl2"
0.210752332228693,-0.321050577427956,0.34,0.405,1,"Gpi1"
0.211494931632944,-0.477071090655567,0.215,0.265,1,"Hook3"
0.211616283028392,-0.459819903526384,0.14,0.19,1,"Rad23b"
0.211770774120944,-0.474955573988905,0.215,0.27,1,"Cbx1"
0.212414734794411,-0.321236064731406,0.51,0.545,1,"Mrc1"
0.21256146948198,-0.480376504008141,0.13,0.175,1,"Ascc3"
0.212642949601374,-0.378837324716848,0.065,0.1,1,"Lman2l"
0.212649929182626,-0.357788907334715,0.195,0.25,1,"Cetn3"
0.212671433706652,0.651347370439551,0.15,0.11,1,"Pi4k2a"
0.212681977044567,-0.450764248365712,0.22,0.275,1,"Pfdn2"
0.213110068474415,-0.75610716469647,0.075,0.11,1,"Wdr81"
0.213192497727925,0.583045608964883,0.18,0.14,1,"Epc1"
0.213328410056048,-0.419293235406592,0.09,0.13,1,"Pafah1b2"
0.213487385525387,-0.494202067912721,0.11,0.15,1,"Ptov1"
0.214402739826863,-0.6198507250055,0.07,0.105,1,"Ptpn22"
0.214698788537398,0.351275713525491,0.18,0.135,1,"2210016F16Rik"
0.215013738870869,-0.735908184293432,0.075,0.11,1,"Klhdc2"
0.215054961230696,0.71387651045072,0.105,0.07,1,"Cks2"
0.215332119909564,-0.778402987199706,0.075,0.11,1,"Gps1"
0.215895344546124,0.405896118157816,0.145,0.105,1,"Nuak1"
0.215911375781783,0.519567110082966,0.22,0.175,1,"Rsf1"
0.21634494241456,0.338025073491708,0.225,0.175,1,"Ptk2b"
0.217014546401243,-0.694105240808207,0.105,0.145,1,"Pcyox1"
0.21761957096436,0.369958813209592,0.295,0.24,1,"Kmt2c"
0.217865605254676,-0.288292811675046,0.415,0.465,1,"Lamtor4"
0.218475031865575,-0.452913421083637,0.17,0.22,1,"Rassf1"
0.218624459568949,0.350784435873894,0.42,0.385,1,"Gm2a"
0.218857780988391,-0.671982850723847,0.075,0.11,1,"Vps13b"
0.219324953460306,0.438157152979029,0.12,0.085,1,"Dnpep"
0.219347104224512,0.877960333976735,0.125,0.09,1,"Sos2"
0.219438872653455,-0.602118539751387,0.12,0.165,1,"Nr4a3"
0.219610955398742,0.256913056632293,0.755,0.775,1,"Rsrp1"
0.219942191097026,-0.783820489962263,0.085,0.12,1,"Strap"
0.220021262558049,0.399759690985456,0.21,0.165,1,"Sde2"
0.221064643037965,-0.348615672635286,0.08,0.12,1,"Bet1"
0.221180403541642,0.634510470462173,0.12,0.085,1,"Zfp655"
0.221447748022594,0.456997284857236,0.11,0.075,1,"Cdc34"
0.221772651801454,-0.277332322297081,0.19,0.245,1,"Cux1"
0.221801861976984,-0.538416104010217,0.215,0.265,1,"Marc2"
0.222160593032774,0.279437419336768,0.35,0.3,1,"Thrap3"
0.222194052270133,0.284256964932503,0.265,0.21,1,"Abcg1"
0.222765714483764,-0.845830881428339,0.08,0.115,1,"Tmem140"
0.222893002584995,-0.728712789771052,0.115,0.155,1,"Tmem168"
0.223053880576599,-0.305739591917353,0.35,0.385,1,"Polr1d"
0.223602331797942,-0.74276453066569,0.09,0.125,1,"Gpx3"
0.224298197814677,-0.487823136009099,0.235,0.285,1,"Vps35"
0.224667748893862,-0.347798588942091,0.09,0.13,1,"Cpsf2"
0.225962148516772,0.686019371754141,0.185,0.15,1,"Rab20"
0.225998736068402,0.262089133583216,0.105,0.155,1,"Ncoa1"
0.226060236938466,-0.823994304774973,0.09,0.125,1,"Gm15655"
0.226372240212542,-0.444465253983314,0.27,0.325,1,"Ppfia4"
0.226675735590516,0.863590198146563,0.14,0.105,1,"Foxn2"
0.226805185126284,0.436612917432512,0.215,0.17,1,"Phf11b"
0.227998255686033,0.576335448238942,0.18,0.14,1,"Ddit3"
0.228132595084632,-0.268294556656797,0.25,0.315,1,"Rabep1"
0.228336505067307,-0.364962430359951,0.09,0.13,1,"Hcfc1"
0.228345547826109,-0.586158183533478,0.205,0.25,1,"Chmp5"
0.228400808028911,-0.534838993108451,0.07,0.105,1,"Cntln"
0.228830613420463,-0.26397424981886,0.37,0.435,1,"Atp5g3"
0.228848627982621,-0.428581214355125,0.11,0.15,1,"Tcerg1"
0.229130684790981,0.663242486501983,0.135,0.1,1,"Ddx41"
0.229295538321279,-0.431729089683683,0.195,0.245,1,"Fam133b"
0.229349229147159,-0.635963727011944,0.075,0.11,1,"Txndc12"
0.229506831509081,0.58938661782194,0.185,0.145,1,"Smim27"
0.229767142607585,-0.395080560973598,0.07,0.105,1,"Trmt1"
0.229859355530064,-0.753091930309439,0.08,0.115,1,"Bag5"
0.229948607475436,0.41231906054301,0.185,0.14,1,"Exoc6"
0.230546317499991,-0.464173881410024,0.245,0.295,1,"Rcbtb2"
0.231033758973232,0.819833666237625,0.125,0.09,1,"Katna1"
0.231257930147348,-0.334410793009313,0.14,0.185,1,"Btaf1"
0.231266233270815,-0.461263159887975,0.085,0.12,1,"Tcf20"
0.231636899691583,0.296358013556251,0.14,0.1,1,"Aip"
0.231667082742213,0.485166412561869,0.245,0.205,1,"Btk"
0.231855596313622,-0.34054305145377,0.115,0.16,1,"Pttg1"
0.231907272956778,-0.472126923848165,0.085,0.12,1,"Ostm1"
0.232650391678076,0.435673466575151,0.165,0.125,1,"Dbndd2"
0.232663049116459,0.874968606488648,0.105,0.075,1,"Pros1"
0.232776136996923,-0.481648079653801,0.085,0.125,1,"Rnf166"
0.232834989105192,0.550004153561052,0.14,0.1,1,"Cbfb"
0.23314106230376,-0.503438309316343,0.19,0.235,1,"Cyb5r3"
0.233193134620623,0.959443843035848,0.12,0.085,1,"Lztfl1"
0.233239439634794,-0.300301894902722,0.17,0.225,1,"Psmg4"
0.2340157435973,-0.296348647132112,0.38,0.44,1,"Sh3bgrl"
0.234125734699293,-0.764761501243558,0.08,0.115,1,"Arhgap27"
0.234727115461741,-0.540158292611088,0.075,0.11,1,"Chp2"
0.23513131466993,0.714976917636604,0.12,0.085,1,"Ccny"
0.235131393878458,-0.887315836778231,0.085,0.12,1,"Apaf1"
0.235451230231461,0.6243993020861,0.13,0.095,1,"Lsm1"
0.235511029447766,-0.392020389409115,0.265,0.315,1,"Zmat2"
0.235649511003702,-0.432007028882606,0.16,0.205,1,"Ncor2"
0.236067420620174,0.392287227276077,0.245,0.195,1,"Ssr3"
0.236253397796046,0.324557414496652,0.2,0.155,1,"Srsf10"
0.236425997983878,-0.316103914166545,0.17,0.225,1,"Dcaf8"
0.238141734524594,-0.84370740097647,0.16,0.2,1,"Cd164"
0.238635049879381,0.357599545352341,0.41,0.375,1,"Dnajb6"
0.23875816676532,-0.516096829156542,0.115,0.155,1,"Camk2n1"
0.239505512546107,-0.409312370195224,0.075,0.11,1,"Lyst"
0.239565113335192,-0.266305724318623,0.18,0.225,1,"Card19"
0.240639146605008,-0.528749581889938,0.175,0.22,1,"Mindy2"
0.240793959416217,0.555215344481781,0.18,0.14,1,"Ogdh"
0.241020580662656,0.485201439116631,0.135,0.1,1,"Setx"
0.241692407222005,0.278915211053677,0.2,0.155,1,"Ctdnep1"
0.242025607027391,-0.436765319741322,0.17,0.22,1,"Washc4"
0.242065156327407,-0.384408396042474,0.185,0.235,1,"Uvrag"
0.242571439072333,-0.294690151764379,0.185,0.23,1,"Ensa"
0.242848131958476,0.301533189791351,0.24,0.195,1,"Ptbp1"
0.243129924664147,-0.429182696261566,0.1,0.145,1,"Irak2"
0.244221320789257,-0.436633260823055,0.105,0.145,1,"Pds5b"
0.245799592186697,-0.381027795802578,0.12,0.16,1,"Fam193a"
0.247138713660636,-0.736729471187453,0.105,0.14,1,"Afdn"
0.247793047640272,-0.392044415907732,0.18,0.23,1,"Rab18"
0.247916276328052,-0.888560412826005,0.1,0.135,1,"Zfp24"
0.248207437995891,0.275888437854197,0.24,0.195,1,"Mertk"
0.248636687295768,-0.447543887412254,0.08,0.115,1,"Cox19"
0.248636687295768,-0.35492565859052,0.08,0.115,1,"Asna1"
0.248770701245465,-0.401270327148808,0.115,0.155,1,"Ubxn6"
0.248777690596276,-0.752876644978463,0.095,0.13,1,"Papss1"
0.248933350619102,-0.388268297340135,0.15,0.195,1,"Tbl1x"
0.249051725280604,-0.520485261110774,0.09,0.125,1,"Appl1"
0.249105081418757,-0.402493507453419,0.13,0.175,1,"Ppp1r12c"
0.249321622361391,-0.33279803004263,0.125,0.17,1,"Sec61a1"
0.249326592227274,-0.536892404873568,0.08,0.115,1,"Ecpas"
0.250139109501795,0.5845106460997,0.135,0.1,1,"Arid1b"
0.250552749617886,-0.267173460178896,0.23,0.29,1,"Etf1"
0.250776662148643,0.825362302622095,0.135,0.1,1,"Abraxas2"
0.251017084206107,0.409884256223631,0.215,0.18,1,"Themis2"
0.251048527122751,0.34305485127355,0.12,0.085,1,"Wdfy4"
0.251048607308551,-0.535888457806155,0.085,0.12,1,"Man2a2"
0.251058664050208,-0.407027296643311,0.28,0.335,1,"Psma6"
0.251201189949034,0.481536549196873,0.185,0.145,1,"Cd82"
0.251673946552293,-0.267570802653434,0.205,0.255,1,"Lrch4"
0.252337527656097,0.338820440946026,0.225,0.185,1,"Utp11"
0.252486773539943,-0.298052122318899,0.185,0.235,1,"Dpm1"
0.252771177068189,-0.480584172944064,0.26,0.305,1,"Nfkbid"
0.252780038141062,0.29115824207595,0.265,0.21,1,"Zfp207"
0.252786777299,0.758328115553835,0.1,0.07,1,"Gid8"
0.253002632130066,-0.262106643184045,0.23,0.275,1,"Dnajc19"
0.253159298773435,0.489833100795498,0.165,0.125,1,"Adap2os"
0.253482351050787,0.525388567755152,0.16,0.125,1,"Rasgrp3"
0.253523591465642,0.537092775936114,0.18,0.14,1,"Rab35"
0.253569907149383,-0.347678941036718,0.235,0.29,1,"Rbbp4"
0.254328991430598,-0.842885211247775,0.115,0.15,1,"Psmd3"
0.254698846831806,-0.420500597671127,0.31,0.345,1,"Tnfaip8l2"
0.255216124586326,0.843102876045531,0.105,0.075,1,"Galnt10"
0.255829601083979,0.307973125347231,0.12,0.085,1,"Smarcd2"
0.255839281602599,-1.38214271013643,0.17,0.205,1,"Fabp5"
0.256019990261081,-0.332450179780627,0.16,0.205,1,"Snx9"
0.256072922081099,-0.373730953394611,0.17,0.215,1,"Gas7"
0.25608037618788,0.621758003832749,0.175,0.14,1,"Uba2"
0.256401989207252,0.875146963365881,0.11,0.08,1,"Igf1r"
0.2565660159757,-0.642605347330105,0.105,0.14,1,"Polr2i"
0.256768444846197,-0.493678287792633,0.075,0.11,1,"Casd1"
0.256918674992544,-0.302082740077359,0.3,0.345,1,"Pla2g15"
0.257084739831071,0.287204955247433,0.31,0.275,1,"Klf13"
0.257087962066139,0.267155809238015,0.415,0.365,1,"Plbd1"
0.257614122952136,0.443619901267006,0.185,0.145,1,"Znrf2"
0.257784491294553,0.360529563035346,0.295,0.25,1,"Pet100"
0.258246734363258,0.438190325870609,0.215,0.175,1,"Cnot3"
0.258550605511123,0.749469888073151,0.22,0.18,1,"Tnrc18"
0.259148269143039,1.02196515850313,0.1,0.07,1,"Yrdc"
0.259213008479309,-0.340325954233117,0.22,0.27,1,"Uqcrc1"
0.260134229926737,0.577156776370932,0.28,0.245,1,"Tnrc6a"
0.260449632346435,0.257727707086617,0.47,0.435,1,"Tuba1b"
0.260681374547302,-0.654567230671064,0.135,0.175,1,"Furin"
0.260763130744553,-0.45291247613346,0.19,0.235,1,"Daglb"
0.260858759289023,-0.561579837714007,0.13,0.17,1,"Asnsd1"
0.26140988569663,-0.533935226899386,0.275,0.315,1,"Gpsm3"
0.261461961675973,0.520104713944543,0.205,0.17,1,"Csnk1d"
0.262915998763744,-0.318617299397985,0.1,0.14,1,"Lrch1"
0.26300971459443,0.29546739551802,0.525,0.475,1,"Slamf9"
0.263418037544953,0.494249878777844,0.18,0.145,1,"Mphosph8"
0.264114359456374,0.478332247237187,0.255,0.215,1,"Cr1l"
0.26425951241525,-0.466937130142419,0.17,0.21,1,"Etv6"
0.265076588066732,-0.2811263202782,0.52,0.55,1,"Maf"
0.265130490003931,0.382392831839358,0.22,0.18,1,"B4galt6"
0.265580466227753,0.399049016901834,0.12,0.085,1,"Gnptab"
0.267012284824355,0.39235780128314,0.185,0.145,1,"Lars"
0.267086889477997,0.490978489436228,0.135,0.1,1,"Rab10os"
0.267106179773693,0.444547091314633,0.145,0.11,1,"Zzz3"
0.267138920737571,-0.564243895696997,0.135,0.175,1,"Phf5a"
0.267427928763833,0.622528084217707,0.145,0.11,1,"Emb"
0.267731501740748,0.322960737140843,0.175,0.135,1,"Msl2"
0.268863808877991,-0.572419423550432,0.24,0.265,1,"Hectd1"
0.268910354132394,0.28473021037362,0.22,0.175,1,"Tmem243"
0.269446764523253,-0.349656030441794,0.26,0.31,1,"Fubp1"
0.269807763967724,0.31244187289011,0.27,0.225,1,"Wdr83os"
0.270366695174839,-0.559152251348815,0.195,0.23,1,"Ggh"
0.270737638380395,-0.320198637164026,0.075,0.11,1,"Atmin"
0.270915513118292,0.36315419895303,0.155,0.12,1,"Suco"
0.271014292137446,-0.304526103927821,0.215,0.26,1,"Irf2bpl"
0.272283168565753,-0.737173349893657,0.125,0.16,1,"Batf3"
0.272309074850077,-0.259215984233292,0.15,0.195,1,"Trappc1"
0.272374597677379,-0.374310571609023,0.48,0.495,1,"Rap1a"
0.272592713224694,-0.677543904077662,0.07,0.1,1,"Zfp467"
0.27281779678681,-0.820945801570464,0.085,0.115,1,"Pcnt"
0.273962513732935,0.721155320347919,0.125,0.095,1,"Srpk1"
0.275786652956058,0.282729215695981,0.67,0.72,1,"Ywhaz"
0.275881301072997,-0.330476022443653,0.16,0.205,1,"Ndufs2"
0.276724184997979,-0.313069002137025,0.19,0.235,1,"Aph1a"
0.277138959984954,-0.364987613617438,0.13,0.17,1,"Sel1l"
0.277296950239215,-0.656831405189037,0.27,0.305,1,"Sf3b5"
0.277592071390074,-0.380779957935923,0.52,0.55,1,"Runx1"
0.277644728202454,-0.353032533505424,0.115,0.155,1,"Ube2j2"
0.277897822247613,0.464937268535655,0.195,0.16,1,"Pcyt1a"
0.278011582731609,-0.259932156941925,0.125,0.165,1,"Pfdn6"
0.278046088273035,0.253007805531259,0.285,0.24,1,"Rtf2"
0.278089303936929,-0.292072836903053,0.15,0.195,1,"Gm26740"
0.278283225442024,0.352620882074044,0.21,0.175,1,"Mob4"
0.27889493998265,0.653701805158426,0.1,0.07,1,"Cpsf7"
0.279907385914799,-0.56192847527432,0.08,0.11,1,"Hmgcr"
0.280539335948146,-0.382229187923717,0.105,0.14,1,"Ip6k1"
0.280797199856592,0.548706751137198,0.105,0.075,1,"Csnk1g1"
0.281096119576866,-0.478464835888814,0.185,0.225,1,"Abcc3"
0.281098742210652,-0.461160859151339,0.145,0.185,1,"Stat6"
0.281852163315581,0.292962804516916,0.145,0.11,1,"Kin"
0.282048826451999,0.306203862002636,0.31,0.275,1,"Nop10"
0.282082934205392,-0.768387851832061,0.07,0.1,1,"Rmnd1"
0.282082934205392,0.330443158836183,0.1,0.07,1,"Pik3r5"
0.282366349173167,0.294353016902398,0.29,0.25,1,"Polr2a"
0.282602863300659,-0.307095015438234,0.095,0.13,1,"Rhoq"
0.283095913159143,-0.398221018013077,0.14,0.18,1,"Mff"
0.283399994501748,0.257681012280677,0.18,0.14,1,"Itgav"
0.283686163660778,-0.792095366629451,0.07,0.1,1,"Gm7072"
0.283708346074829,-0.683800397802565,0.08,0.11,1,"Zkscan3"
0.284480886037444,0.272125514675148,0.41,0.36,1,"Rab8b"
0.285101031552438,-0.501971157298059,0.085,0.12,1,"Ash2l"
0.285295552249123,-0.613472279777355,0.07,0.1,1,"Plscr3"
0.285331370849317,0.460953712823548,0.255,0.215,1,"2810013P06Rik"
0.285436968905718,0.615841762743354,0.135,0.105,1,"Rxrb"
0.28547053004481,-0.291656979314636,0.225,0.27,1,"Sdf2l1"
0.28623161689725,0.393767735930079,0.205,0.165,1,"Ccr2"
0.286410710518416,-0.303175855311003,0.195,0.24,1,"Coa3"
0.287096310162672,0.485237087833523,0.215,0.18,1,"Mkln1"
0.287544105235873,-0.591036301281185,0.08,0.11,1,"Itgb1bp1"
0.288906893603552,-0.837843890331949,0.105,0.135,1,"Osbpl11"
0.288972380846278,-0.299884067700867,0.155,0.2,1,"Ap3b1"
0.289399546378512,0.319790675141049,0.395,0.37,1,"Ndufa1"
0.289622601543662,-1.08618790906478,0.095,0.125,1,"Arfgap2"
0.289712175563125,-0.259618503234313,0.1,0.135,1,"Med12"
0.289922640417444,-0.428492182530632,0.175,0.22,1,"Rexo2"
0.28998380434469,0.474862065430201,0.205,0.17,1,"Arhgef1"
0.290227933907531,-0.654993118550783,0.075,0.105,1,"Mrps23"
0.29049226095414,0.478131839798939,0.275,0.245,1,"Fosl2"
0.290537075107547,0.402854643805276,0.27,0.235,1,"Ube2k"
0.291221930862608,-0.512549507510156,0.12,0.155,1,"Zbtb8os"
0.291674966811186,0.253692865612221,0.375,0.34,1,"Gna12"
0.29188304306593,0.584898598235914,0.155,0.12,1,"Ppil4"
0.292303484541654,-0.394822589814762,0.12,0.16,1,"Aebp2"
0.292513251643087,-0.280300650453335,0.31,0.36,1,"Ddx17"
0.292779073083369,0.532867646434353,0.27,0.24,1,"Dhx15"
0.292972703449172,-0.605542625303292,0.08,0.11,1,"Pmm2"
0.293053018323441,-0.459766300225477,0.18,0.215,1,"Pacsin2"
0.293681590205695,0.469900285972475,0.33,0.28,1,"Cxcl2"
0.294020319637938,-0.531236153071991,0.18,0.22,1,"Mir99ahg"
0.294227487605182,-0.36714053082468,0.09,0.125,1,"Madd"
0.294536286198871,-0.736258823465893,0.08,0.11,1,"Pih1d1"
0.294890970482939,0.603110460805756,0.235,0.2,1,"Matr3"
0.296105452342341,0.550226309855353,0.11,0.08,1,"Usf1"
0.296175138021227,-0.540760995016159,0.135,0.17,1,"Psmc1"
0.297207207623601,-0.270402393966599,0.12,0.155,1,"Ifi35"
0.297282915487865,0.437522369640781,0.24,0.21,1,"Ifi27"
0.297532801994179,0.261368542404476,0.135,0.1,1,"Uso1"
0.298012525911561,-0.751273693282504,0.1,0.13,1,"Mgst1"
0.299137360957717,-0.443793418714229,0.275,0.315,1,"Dync1h1"
0.299791919058667,-0.299261912219885,0.14,0.185,1,"Tpd52l2"
0.300147591092858,0.482190334064258,0.175,0.14,1,"Cnn2"
0.300307935818048,-0.393467181701283,0.165,0.205,1,"Polr2g"
0.300566948069128,-0.256362794410431,0.09,0.125,1,"Trrap"
0.300662587925975,0.391206296070882,0.2,0.16,1,"Ccnt1"
0.301242681554638,0.617135152396965,0.155,0.12,1,"Ehmt2"
0.301279821783779,-0.284656950972397,0.39,0.445,1,"Cstb"
0.301865242183711,0.319309089880819,0.43,0.4,1,"Lars2"
0.302008438608873,-0.41208617041531,0.11,0.145,1,"Rnf4"
0.302721349327781,-0.51277431698517,0.075,0.105,1,"Arl13b"
0.302800068496266,-0.641445033567867,0.195,0.235,1,"Cdk13"
0.303096557324459,-0.387383634831441,0.24,0.29,1,"Ostc"
0.304005112839288,-0.523404007998164,0.24,0.28,1,"Gtf2h5"
0.304220132417134,-0.28218231220881,0.275,0.33,1,"Tmed3"
0.304330570997756,-0.317339184705544,0.095,0.13,1,"Usp24"
0.304433871094028,-0.592136361736588,0.19,0.22,1,"Plxdc2"
0.30476953072744,0.421991928590932,0.105,0.075,1,"Prpsap2"
0.304962062132005,-0.303912153429448,0.335,0.375,1,"Psmb2"
0.304993006135862,-0.353818472315753,0.265,0.31,1,"Cd37"
0.304997981497967,0.288697422742467,0.275,0.23,1,"Dnase2a"
0.305129163499501,-0.507456538813316,0.155,0.19,1,"Fam50a"
0.305828015788689,-0.533425019979457,0.16,0.195,1,"Emc6"
0.305917705008244,-0.491530298211655,0.125,0.16,1,"Rcor1"
0.306032479502339,0.30292600738485,0.265,0.23,1,"Rala"
0.306057657031433,0.480510649249074,0.13,0.1,1,"Rasa3"
0.306139583582353,0.601453458648198,0.12,0.09,1,"Nolc1"
0.306801294646477,0.250541737776646,0.345,0.315,1,"Hp1bp3"
0.307381358313088,-0.695045335251167,0.095,0.125,1,"Sharpin"
0.307812810399017,-0.291022463416532,0.125,0.165,1,"Arl6ip4"
0.308455881611524,-0.664704025867779,0.08,0.11,1,"Fbxo6"
0.308508499612892,-0.458990890035067,0.105,0.14,1,"Gmpr2"
0.308652287740097,-0.336788444407564,0.115,0.15,1,"Vta1"
0.308905205421678,0.551828282255056,0.195,0.16,1,"Pnpla7"
0.309484334205565,0.516592082732734,0.21,0.175,1,"Pde4b"
0.309794332553852,0.300167830568877,0.175,0.14,1,"Mtch2"
0.310372911783222,0.305269739626832,0.27,0.235,1,"Nrros"
0.310414815026869,-0.448236207818193,0.16,0.2,1,"Nfxl1"
0.310433144994223,-0.325617425052717,0.26,0.295,1,"Cndp2"
0.310568690521467,0.51360151995579,0.205,0.175,1,"Klhl6"
0.310811261769174,-0.514664117772409,0.085,0.115,1,"Scaf4"
0.310811345461732,0.39021824758451,0.115,0.085,1,"Armc1"
0.310811345461732,-0.647710031363641,0.085,0.115,1,"Ankra2"
0.31129988325269,-0.284137194955929,0.245,0.295,1,"Dnajc3"
0.31131400595756,-0.484471525952568,0.13,0.165,1,"Parp8"
0.312400421520982,0.520862867892452,0.115,0.085,1,"Uchl3"
0.312446443628831,-0.578171845575479,0.135,0.17,1,"Phf20"
0.312469200998746,0.27473501317341,0.55,0.525,1,"Sirpa"
0.312486214560613,-0.375349009095198,0.15,0.185,1,"Usp15"
0.31305490688355,-0.511404300519974,0.14,0.175,1,"Gtf2b"
0.313457869436894,0.396290401582334,0.125,0.095,1,"Lemd2"
0.313525819744345,-0.357801255089597,0.21,0.255,1,"Hadha"
0.31422153490858,0.747157171654029,0.16,0.13,1,"4932438A13Rik"
0.31455262273925,0.278113264433097,0.11,0.08,1,"Gsap"
0.31455262273925,0.330399389449533,0.11,0.08,1,"Timm17b"
0.314727962548127,-0.566490000188838,0.105,0.135,1,"Tsen34"
0.314783857716715,0.341298549925969,0.18,0.145,1,"Acvrl1"
0.315075249140543,0.493635472247163,0.225,0.195,1,"Smarce1"
0.315103494965778,-0.566619267828689,0.135,0.17,1,"Arih1"
0.315952245947232,-0.339160701970919,0.375,0.415,1,"Nrp1"
0.3160763313834,-0.29182504095504,0.135,0.175,1,"Olfm1"
0.316388650843826,-0.689284257906692,0.11,0.14,1,"Arl5a"
0.318066788122688,-0.63403280274213,0.095,0.125,1,"Pag1"
0.318406964211264,-0.479533405545879,0.085,0.115,1,"Mrps9"
0.318430643006751,-0.718968393066485,0.105,0.135,1,"Tnip3"
0.318810161599144,-0.670029357834217,0.085,0.115,1,"Cxxc5"
0.31881396719944,-0.302426230932098,0.145,0.185,1,"Mapkap1"
0.319151134674052,0.258122315105998,0.13,0.1,1,"Ngdn"
0.31928960022558,0.266332020042042,0.235,0.2,1,"Stag1"
0.319546916989166,-0.708835384782696,0.105,0.135,1,"Stx5a"
0.319591805806888,-0.32882923284735,0.15,0.19,1,"Selenoh"
0.320561702433507,-0.5060788669306,0.295,0.315,1,"Pold4"
0.321125382142713,0.36134023988319,0.155,0.125,1,"Mif4gd"
0.321142455862269,-0.260109639979928,0.08,0.11,1,"Esrra"
0.321561533143725,0.311604342325263,0.22,0.185,1,"5031439G07Rik"
0.321813248189404,0.805977749296461,0.13,0.1,1,"Tspyl1"
0.322440980294148,-0.487237458156544,0.115,0.145,1,"Htt"
0.323340828749224,-0.755530625352863,0.1,0.13,1,"Gars"
0.32378328706768,-0.361472130290973,0.205,0.24,1,"Ggnbp2"
0.324932344585533,-0.448153187345,0.11,0.145,1,"Dock11"
0.325005200430056,-0.355158803791026,0.175,0.215,1,"Gpbp1"
0.325235424619526,-0.433629814708328,0.16,0.195,1,"Med29"
0.32524768307774,-0.291841142981915,0.13,0.17,1,"Myo9a"
0.326034517138693,-0.259995654335862,0.165,0.205,1,"Usp12"
0.326495001005038,0.338911719950726,0.32,0.28,1,"Tagln2"
0.327214623352596,0.405041879930034,0.235,0.2,1,"Pdcd6"
0.327351185440234,-0.616087238239315,0.09,0.12,1,"Pbdc1"
0.3278997289713,0.64753031619242,0.145,0.115,1,"Srrt"
0.32814173050392,0.492101849326401,0.15,0.12,1,"Hadhb"
0.328378381262622,0.520355787985526,0.205,0.175,1,"Cyp4f18"
0.328556945508205,0.457129736038428,0.12,0.09,1,"Sppl3"
0.328593754668239,-0.270746220057577,0.115,0.15,1,"Smad2"
0.328672089386612,0.420433480382014,0.185,0.155,1,"Msl1"
0.328724851671741,-0.414781037573946,0.1,0.13,1,"Cltb"
0.328804102723233,-0.36054839348297,0.27,0.305,1,"Mrps24"
0.329054499495224,-0.308607236220987,0.2,0.245,1,"Abhd17a"
0.32929577337685,-0.265861275965199,0.135,0.17,1,"Arl5c"
0.32932902192985,-0.778047880407662,0.105,0.135,1,"Mrpl40"
0.329408334201999,0.284923679821048,0.115,0.085,1,"Lrrcc1"
0.329588522373311,0.479828999185589,0.155,0.125,1,"Gtf2f1"
0.330035174632349,-0.532036605324901,0.165,0.2,1,"Stx16"
0.330848358864318,0.285104538705169,0.31,0.275,1,"Frmd4b"
0.331144277892696,0.382668610226693,0.215,0.18,1,"Smim11"
0.331700831734819,0.279134228203379,0.17,0.135,1,"Kmt5b"
0.331703719102219,-0.267748899306893,0.405,0.45,1,"Pdia6"
0.331901301082013,-0.597074988961696,0.11,0.14,1,"Tbc1d15"
0.331984923085283,-0.277128790511636,0.145,0.19,1,"Spire1"
0.33295858039094,0.414198735874531,0.195,0.16,1,"Psen2"
0.333157088378035,0.474285166823027,0.155,0.125,1,"Esyt1"
0.333557148558433,0.391363364492033,0.3,0.27,1,"Ptprj"
0.333748860267715,0.391217014113417,0.125,0.095,1,"Notch1"
0.334603168424275,0.287715230225986,0.245,0.21,1,"Etv3"
0.335001386238989,-0.372932188476656,0.13,0.165,1,"Jtb"
0.336890678214388,-0.259821174491983,0.17,0.21,1,"Cfdp1"
0.337032367153655,-0.300022977733554,0.44,0.5,1,"Gns"
0.337175602530683,-0.285105835978143,0.1,0.135,1,"Taf12"
0.337515950913233,0.319473815321557,0.16,0.13,1,"Adprh"
0.33765105250245,-0.28470072475947,0.275,0.32,1,"Map3k1"
0.338088891628732,-0.734380719250362,0.1,0.13,1,"Stk19"
0.33871683695241,0.419598460436277,0.12,0.09,1,"Vps33a"
0.339002431195192,0.346194516042133,0.22,0.185,1,"Stk10"
0.339236409472776,-0.305947280011687,0.13,0.165,1,"Gon4l"
0.339313202494073,-0.317134373915358,0.125,0.16,1,"Epc2"
0.340242146993969,0.661541289947563,0.11,0.085,1,"Smg7"
0.340394790701966,-0.405247552491031,0.18,0.22,1,"Arf3"
0.340868168589301,-0.628627518797169,0.115,0.145,1,"Sqor"
0.340997348544577,0.570128981891129,0.21,0.175,1,"Zfp703"
0.341074066361155,-0.255647049886282,0.085,0.115,1,"Golm1"
0.3412176115836,-0.262548539865653,0.21,0.255,1,"Atp6v0a1"
0.342022976650128,-0.339351321317935,0.15,0.185,1,"Sec63"
0.343277667364233,-0.446311458056631,0.11,0.14,1,"Impa1"
0.343566961904011,0.316732494249128,0.325,0.285,1,"Elmo1"
0.344055453194292,0.394215881888861,0.23,0.205,1,"Gab2"
0.344908400840832,-0.68076810666561,0.09,0.12,1,"Ank"
0.344980478644255,-0.385777906868599,0.12,0.15,1,"Angel2"
0.345323807910687,-0.441907323856368,0.09,0.12,1,"Snx1"
0.345809706815625,-0.340674825337204,0.12,0.155,1,"Pepd"
0.346017781902072,-0.289703435830925,0.375,0.42,1,"Snx3"
0.346713147471501,-0.303252540208482,0.105,0.135,1,"Sec22b"
0.346713147471501,-0.487116258465372,0.105,0.135,1,"Micu1"
0.346829141132031,0.77029279456405,0.115,0.09,1,"Ncbp3"
0.347515562323341,-0.290870488059895,0.24,0.285,1,"Lman2"
0.348594785419502,0.381587036634528,0.17,0.14,1,"Eif4a3"
0.349130983177715,-0.33443165496154,0.21,0.25,1,"Tmem37"
0.349565020012448,0.664078064008879,0.165,0.14,1,"Lsm7"
0.350654208248607,0.389942955003994,0.135,0.105,1,"Vamp4"
0.350971521688203,0.59262174694784,0.1,0.075,1,"Clec4b1"
0.350971521688203,0.738431558496689,0.1,0.075,1,"Cbll1"
0.350991555021049,-0.378805679685702,0.135,0.17,1,"Phc2"
0.351030868833363,-0.917151105702616,0.1,0.125,1,"Trim12c"
0.351378405583435,-0.343831101222895,0.45,0.49,1,"Evi2a"
0.351541600877448,-0.358640195070247,0.35,0.38,1,"Tmem86a"
0.353392363634885,0.443835713054611,0.145,0.115,1,"Fam102b"
0.354082927481085,0.296355398303786,0.61,0.605,1,"Ube2d3"
0.354170703003737,-0.721865323924155,0.075,0.1,1,"Gatd1"
0.355088155050009,0.486246692665695,0.1,0.075,1,"Ctc1"
0.355237147950522,0.416082858669043,0.16,0.13,1,"Ell2"
0.355495208583382,0.413942860397072,0.15,0.12,1,"Mark3"
0.356421413435099,-0.35613428788236,0.14,0.175,1,"Grk3"
0.357851886902726,0.530175595053898,0.195,0.17,1,"Vgll4"
0.357970501026389,-0.405574516657803,0.205,0.245,1,"Leprotl1"
0.358958910561044,-0.360297304202117,0.1,0.13,1,"Med21"
0.359179228328054,0.313235688007504,0.38,0.345,1,"Snrpe"
0.359298958968261,-0.694940012045379,0.12,0.15,1,"Isca2"
0.359668270345805,-0.333796947378393,0.185,0.225,1,"Eif4e2"
0.359998445401448,0.55331891012829,0.12,0.095,1,"Syap1"
0.360487580608649,0.537393621538298,0.12,0.09,1,"CAAA01118383.1"
0.361593374837516,-0.450294696309687,0.12,0.15,1,"Ogfr"
0.362371174805691,-0.471775006253964,0.095,0.125,1,"Ddx47"
0.362635997974518,0.386526351473003,0.16,0.13,1,"Ctdsp2"
0.362776990701773,-0.384817690421581,0.175,0.21,1,"Imp3"
0.362936865340284,-0.494168375398661,0.26,0.29,1,"Zranb2"
0.363406663301566,0.319406538025406,0.24,0.205,1,"Cwf19l2"
0.364601033773117,0.383923862742605,0.11,0.085,1,"Nipsnap3b"
0.364847798381326,0.300396737531845,0.325,0.295,1,"Nisch"
0.364912035385003,-0.427176221420744,0.08,0.105,1,"Cbx5"
0.36512116098484,0.265999500748401,0.465,0.435,1,"Sqstm1"
0.365746543470048,-0.510498443319099,0.075,0.1,1,"Nup54"
0.366381688531938,0.377310878537725,0.11,0.085,1,"Prkd3"
0.366534162876344,0.368419014064739,0.17,0.14,1,"Zc3hav1"
0.366850043271432,-0.534562517664407,0.285,0.32,1,"Fcgrt"
0.366892315121186,-0.378293809957947,0.18,0.21,1,"Smndc1"
0.367650877013178,-0.802766451793992,0.08,0.105,1,"Ccng1"
0.368531827409609,-0.473405192199917,0.12,0.15,1,"Mknk2"
0.368771680481844,-0.490110984662075,0.165,0.195,1,"Lpxn"
0.368957826427184,-0.466520700027151,0.115,0.145,1,"0610030E20Rik"
0.369122926260482,-0.26741610676237,0.095,0.125,1,"Stom"
0.369236097603459,0.630815239563553,0.125,0.1,1,"Atl3"
0.369456871033684,0.344343096322499,0.17,0.14,1,"Crk"
0.369500101338346,-0.452747355756659,0.075,0.1,1,"Lypla1"
0.369500101338346,0.536912160269333,0.1,0.075,1,"S1pr2"
0.370023246530562,0.336835264084646,0.215,0.185,1,"Herc2"
0.37063504189783,0.459150291511684,0.27,0.245,1,"Tuba1c"
0.370648777545102,0.610011026682499,0.12,0.095,1,"Nck1"
0.37082775290979,-0.274278174807762,0.17,0.205,1,"Yeats4"
0.372317211599335,0.314400119586715,0.55,0.545,1,"Tmsb10"
0.37316684959348,0.482287665760408,0.105,0.08,1,"5031425E22Rik"
0.373237042103178,0.482998389462563,0.175,0.145,1,"Plbd2"
0.374673210195873,0.256160414924143,0.16,0.13,1,"Smarcc1"
0.374700092336314,-0.690430625547557,0.075,0.1,1,"Creb3"
0.37514957292469,0.38970534910401,0.125,0.1,1,"Med15"
0.375149647302936,0.488162577524314,0.125,0.1,1,"Zdhhc5"
0.377104561922165,-0.539393387289817,0.09,0.115,1,"Zfp217"
0.377368723996368,-0.261334576454731,0.205,0.24,1,"Map1lc3a"
0.377518381138738,-0.399660780825605,0.255,0.285,1,"Lsm4"
0.377543414688914,-0.346313756750902,0.175,0.21,1,"Acp1"
0.378002469831718,-0.387570149690921,0.165,0.2,1,"Slc9a9"
0.37872975771974,0.355852599572692,0.39,0.38,1,"H2-T23"
0.378968226205427,-0.368148522838042,0.18,0.21,1,"Zfp644"
0.379167144277067,0.626642707788117,0.165,0.14,1,"Mapk1ip1l"
0.379275079892368,-0.294695960943564,0.14,0.175,1,"Anxa7"
0.37966717896891,0.403152155119156,0.23,0.195,1,"Cd300ld"
0.37995924741654,-0.281467543000365,0.125,0.16,1,"Ube2q2"
0.380061564332492,0.686981949188367,0.13,0.105,1,"Ly6a"
0.380219140694617,0.543133236155364,0.115,0.09,1,"Dctn5"
0.380242958913729,-0.454435620119824,0.125,0.155,1,"Agps"
0.381117755464416,0.266667906275514,0.28,0.26,1,"Trim30a"
0.381536308174595,0.461546385039226,0.105,0.08,1,"Rin3"
0.382638671001633,0.506553487587581,0.18,0.155,1,"Glrx"
0.382820962469552,-0.359981765151456,0.27,0.31,1,"Mapkapk2"
0.382921878356724,0.347557836224479,0.145,0.115,1,"Nasp"
0.383346530993255,-0.574085290722384,0.18,0.205,1,"Ccl7"
0.383411713475253,0.372352044261969,0.105,0.08,1,"Smcr8"
0.384563818982439,-0.538906920727884,0.17,0.205,1,"Hnrnph2"
0.384790055782023,0.274006868297017,0.2,0.17,1,"Sptan1"
0.38479705740002,0.272215067896895,0.24,0.205,1,"Sertad1"
0.38481314076456,-0.799520218188856,0.125,0.15,1,"Fyttd1"
0.385292753316736,-0.453462903585438,0.08,0.105,1,"Itfg1"
0.385715949781587,-0.455669473210948,0.125,0.155,1,"Bcl2l1"
0.385924942658019,-0.360947075697747,0.355,0.395,1,"Bzw1"
0.38655619354626,0.340801372741207,0.245,0.215,1,"Cuedc2"
0.387788303699413,-0.349556633579947,0.205,0.245,1,"Cab39"
0.388017193729302,0.519089078706001,0.125,0.1,1,"Slc39a1"
0.388506580955435,-0.345587537798861,0.13,0.16,1,"Hbp1"
0.388731583028443,0.507778391204334,0.135,0.11,1,"Rnf145"
0.388752662547014,0.531591956130085,0.115,0.09,1,"Maff"
0.388903739589323,0.438861259772035,0.155,0.13,1,"Relb"
0.389249813622317,-0.590924018283332,0.12,0.145,1,"F13a1"
0.390125042392392,-0.457331227545616,0.165,0.195,1,"Srp19"
0.39105709149577,-0.337568970199001,0.075,0.1,1,"Eftud2"
0.391638773721134,-0.518381432660363,0.095,0.12,1,"Tars"
0.391908036394769,-0.355541889279188,0.165,0.195,1,"Suclg1"
0.392807471389764,-0.642085920909176,0.085,0.11,1,"Rras"
0.39329040949769,-0.408278126205399,0.09,0.115,1,"Mrps25"
0.394053049549793,0.378479261350277,0.205,0.175,1,"Ddi2"
0.394055446868634,-0.394876296830448,0.2,0.23,1,"Emc10"
0.395209639540773,-0.408411006308814,0.125,0.155,1,"Dtymk"
0.39584793800553,0.39419917321695,0.195,0.165,1,"Galnt7"
0.396697003676682,0.587284216084788,0.105,0.08,1,"Gm34455"
0.396863029682198,0.377285629429754,0.255,0.23,1,"Srsf6"
0.397622165025025,-0.651637908085932,0.1,0.125,1,"Cyb5b"
0.397658778021172,0.609651331982024,0.17,0.145,1,"Clcn4"
0.400543233543137,-0.349652094616936,0.08,0.105,1,"Ndufs1"
0.401237853106427,0.365730791737095,0.11,0.085,1,"Zfp608"
0.4018813475237,0.458452194333338,0.185,0.16,1,"Hivep3"
0.401918724325422,-0.302282290026952,0.205,0.245,1,"Evl"
0.40245384375961,-0.354031137270493,0.215,0.25,1,"Churc1"
0.402473825556652,0.934556249913589,0.1,0.08,1,"Srek1ip1"
0.402493946671578,-0.337016239000654,0.17,0.2,1,"Vwa5a"
0.402984861624347,-0.538511221065308,0.11,0.14,1,"Ifih1"
0.40312591886405,0.286334037488202,0.11,0.085,1,"Zfp395"
0.403199131434765,-0.36544430578384,0.235,0.27,1,"Sf1"
0.403303519034615,-0.550909610464047,0.095,0.12,1,"Sdhaf4"
0.403442557203365,-0.522937159086737,0.08,0.105,1,"Kctd20"
0.403674791308769,-0.544510121897734,0.135,0.16,1,"Siva1"
0.403968458716894,-0.397525221817212,0.12,0.145,1,"Mrpl32"
0.404001128769325,-0.458022898316374,0.27,0.3,1,"Med28"
0.404209427725899,-0.592804500536505,0.095,0.12,1,"Rab31"
0.405039986016456,-0.304980467343624,0.25,0.285,1,"Tanc2"
0.405337290037324,0.42262532722503,0.14,0.115,1,"Tesk1"
0.405382403727312,-0.421727365442274,0.08,0.105,1,"Atxn3"
0.405633717795071,-0.279370355597075,0.36,0.395,1,"Rac2"
0.405678719786264,-1.35838908222963,0.23,0.19,1,"Obp1b"
0.405932544353344,-0.478687410177016,0.21,0.235,1,"Rab11a"
0.406165739409471,-0.45847120042316,0.09,0.115,1,"Pigt"
0.406913655061852,0.34708485818165,0.21,0.185,1,"Slirp"
0.406967146880461,-0.296402286454745,0.265,0.295,1,"Rapgef6"
0.407276636955039,-0.475423603905744,0.205,0.235,1,"Txnl1"
0.407559930307123,-0.686419836685558,0.09,0.115,1,"Glb1"
0.407815405422766,0.408887609572575,0.125,0.1,1,"Pik3cb"
0.408244085162504,-0.486355946121451,0.11,0.135,1,"Kif21b"
0.408756820536799,0.277254501454969,0.12,0.095,1,"Dennd1c"
0.408756820536799,0.366902477425685,0.12,0.095,1,"Ide"
0.409544969948723,0.284974605884731,0.175,0.145,1,"Gnpda1"
0.409700059419914,-0.393278255408521,0.115,0.145,1,"Plaur"
0.410126802583263,0.262603830546778,0.12,0.095,1,"Pxn"
0.411023136272669,-0.39084862754925,0.18,0.205,1,"Srpk2"
0.411589336602122,-0.373479256611947,0.22,0.25,1,"Top2b"
0.411900945456384,-0.420867474755206,0.105,0.13,1,"Pcbd2"
0.412156045241467,0.279696502604138,0.34,0.31,1,"Sod1"
0.412333400925236,0.407947901814947,0.315,0.295,1,"Nufip2"
0.413165476089867,-0.419965191931513,0.09,0.115,1,"Ezh1"
0.413334529988858,-0.275886680759583,0.095,0.12,1,"Tor2a"
0.414107775258149,-0.511805154401849,0.105,0.13,1,"Rnf114"
0.414549993245099,-0.348473184181629,0.105,0.13,1,"Rapgef5"
0.414928755550621,-0.273015672226702,0.135,0.165,1,"Yipf5"
0.415527550392177,-0.263202829333478,0.085,0.11,1,"Rnf2"
0.415621027481992,0.427005387545551,0.16,0.135,1,"Ilkap"
0.415800846873876,-0.354429466054761,0.34,0.365,1,"Arglu1"
0.416320308766662,-0.303665987116743,0.19,0.225,1,"Dnajc15"
0.416376836744078,-0.476047227395534,0.115,0.14,1,"Myd88"
0.416829994794019,-0.380488204636075,0.26,0.29,1,"Ctnnb1"
0.416904530692807,0.557311866174328,0.155,0.13,1,"Hivep2"
0.41698901671704,-0.390847991243745,0.14,0.17,1,"Mbd2"
0.41743663571494,-0.269935637615668,0.24,0.275,1,"Psmc6"
0.417778814739308,-0.471921455439288,0.11,0.135,1,"Fbxw4"
0.418177246139189,0.308781553010879,0.185,0.155,1,"Iah1"
0.419116277740522,-0.544570307635851,0.095,0.115,1,"Zfp120"
0.419583749736433,-0.38720645635044,0.195,0.235,1,"Tmem208"
0.419760348010745,0.53449237165192,0.165,0.14,1,"Wdr70"
0.420014743798024,0.316858571470592,0.33,0.3,1,"Khdrbs1"
0.420610992780063,-0.281799470876636,0.245,0.285,1,"Hsd17b12"
0.421045877854485,-0.318174722988749,0.17,0.2,1,"Knop1"
0.421184433966673,0.383086726917159,0.115,0.09,1,"Psen1"
0.421335679680982,0.631843105229146,0.1,0.08,1,"Cdc42bpb"
0.421588581518741,-0.495162591444625,0.195,0.22,1,"S1pr1"
0.421797964709193,-0.508545235009356,0.1,0.125,1,"Pbx2"
0.421968959415805,0.342125877396789,0.175,0.145,1,"Ubp1"
0.422295687541564,0.265422266038713,0.235,0.205,1,"Tet3"
0.422300915976651,-0.293106810367166,0.24,0.275,1,"Was"
0.422580510149855,-0.520326772138736,0.095,0.12,1,"Stam2"
0.424122475661006,-0.416807093761818,0.115,0.14,1,"Ino80b"
0.424477108639859,0.381460005988565,0.275,0.255,1,"Zcchc7"
0.424586224405078,-0.411876812108253,0.08,0.105,1,"E2f4"
0.424989329083644,0.261520603609073,0.115,0.09,1,"Aco1"
0.426145439206305,0.474350677759228,0.13,0.105,1,"Hmgcs1"
0.427170008755769,0.329076643185515,0.275,0.245,1,"E230029C05Rik"
0.427248575121962,-0.314814855056828,0.095,0.12,1,"Cmtr1"
0.427467941163724,0.576204132032508,0.19,0.17,1,"Mettl23"
0.427993494217444,-0.496914272985289,0.185,0.21,1,"Stxbp3"
0.428405349480972,0.446977017459321,0.17,0.145,1,"Osgep"
0.428719076324503,0.402371562472242,0.21,0.185,1,"Magoh"
0.428895719001519,-0.296238916642232,0.155,0.185,1,"Stt3a"
0.429123377949436,-0.509798024065658,0.1,0.125,1,"Emc8"
0.429214660928659,-0.409974452586186,0.11,0.135,1,"Pigk"
0.429341201045316,-0.530982712541408,0.125,0.15,1,"Tax1bp3"
0.429418274188917,-0.665461455151525,0.14,0.16,1,"Rapsn"
0.429625054718558,0.505173101602236,0.12,0.1,1,"Haus8"
0.42966519802251,0.302154165854297,0.195,0.17,1,"Gtf2a1"
0.431696211891646,-0.409136556215286,0.09,0.115,1,"4632427E13Rik"
0.433215132281033,-0.31399729244846,0.11,0.135,1,"Bfar"
0.433744991588301,-0.480325236940789,0.15,0.18,1,"Plekhf2"
0.433834081279285,-0.363842926461031,0.095,0.12,1,"Rnf167"
0.43453477991945,0.667799981154192,0.1,0.08,1,"C1galt1c1"
0.435310884707711,-0.356151443286191,0.485,0.495,1,"Arl4c"
0.435344430175787,0.820470876752778,0.11,0.09,1,"Smarcb1"
0.435565438999974,-0.457632921322747,0.17,0.2,1,"Cdk12"
0.435731439891358,-0.274173110193559,0.305,0.34,1,"Itga6"
0.437014841421413,-0.430372444446666,0.105,0.13,1,"Osbpl8"
0.437657765231841,-0.577254822802909,0.115,0.14,1,"Tomm40"
0.43796294789846,-0.262020833981457,0.075,0.1,1,"Nvl"
0.438319216390308,-0.303127093661628,0.195,0.225,1,"Exoc3"
0.438513732352676,0.933033186737579,0.12,0.1,1,"Tcf7l2"
0.439981354833724,-0.322024966009598,0.165,0.195,1,"Lactb"
0.440748322051065,-0.284383056813118,0.115,0.14,1,"Gpbp1l1"
0.441002082279457,0.339630096166053,0.195,0.17,1,"Eif2s1"
0.441237704138583,0.454059005183378,0.13,0.11,1,"Inpp4b"
0.441591127000801,-0.32473594713975,0.26,0.305,1,"Pld3"
0.443046201109508,0.45901533828811,0.19,0.17,1,"Snrpc"
0.443810855584395,-0.498070886975832,0.08,0.1,1,"Abcg3"
0.443877468787535,-0.260027021325359,0.28,0.315,1,"Syncrip"
0.444196740753423,0.517617318390439,0.105,0.085,1,"Mmadhc"
0.445211556305887,0.397761828360411,0.155,0.13,1,"Bms1"
0.445345428657767,-0.313811406748177,0.11,0.135,1,"Ubac2"
0.445625548153302,0.411691999485884,0.25,0.23,1,"Tep1"
0.445716691839701,0.695851982339514,0.105,0.085,1,"Gga1"
0.445737965841752,0.526732961670108,0.19,0.17,1,"Mapk1"
0.445771526689882,-0.387095670892195,0.215,0.235,1,"Fam76b"
0.445887457291615,0.611254913389857,0.1,0.08,1,"Naa35"
0.445929085066242,0.291723655747715,0.23,0.205,1,"Susd3"
0.446537477426979,-0.292609857748893,0.27,0.3,1,"Cct8"
0.446955676816064,0.456222951855042,0.205,0.18,1,"Cir1"
0.447309650339634,-0.285156377676153,0.335,0.375,1,"F11r"
0.448003158303694,-0.293025913415135,0.085,0.11,1,"Btbd9"
0.448024221905273,0.39759611487689,0.175,0.155,1,"Wdr45b"
0.448875547237628,-0.362000465832183,0.19,0.225,1,"Uqcc2"
0.449012713251549,0.680637246957549,0.1,0.08,1,"Wipf2"
0.449015098660018,0.310444811023172,0.165,0.14,1,"Polr2c"
0.449105039310372,0.294011972440618,0.12,0.095,1,"Raf1"
0.450294613015916,0.321931808282027,0.105,0.085,1,"Ccnk"
0.450803068459358,-0.266293216969027,0.445,0.455,1,"Cd84"
0.450846717970091,0.382992865600166,0.12,0.1,1,"Dot1l"
0.451071603828575,-0.353380318359958,0.19,0.225,1,"Secisbp2l"
0.452151349711983,-0.687908466907683,0.09,0.11,1,"Oard1"
0.452849240975489,-0.864330293045585,0.085,0.105,1,"Stard3"
0.454209591262138,-0.687242947280377,0.14,0.16,1,"Bcl7b"
0.456323121192323,0.304575422503018,0.36,0.34,1,"Prpf38b"
0.456846576391909,-0.443618602764457,0.155,0.18,1,"Man1c1"
0.458288198162547,-0.472909476063798,0.105,0.13,1,"Fnbp4"
0.458605372220389,-0.264195951572874,0.34,0.375,1,"Pid1"
0.458934127760251,-0.344067574241472,0.12,0.145,1,"Atg101"
0.459076384492832,0.276424582709198,0.21,0.185,1,"Sypl"
0.459177027431213,0.389334585379235,0.11,0.09,1,"Dicer1"
0.459443778007807,-0.384024053397363,0.24,0.27,1,"Iqgap2"
0.460458013023176,-0.460127275289029,0.115,0.14,1,"Pgrmc2"
0.460630570055603,-0.442920914582873,0.13,0.155,1,"Yipf4"
0.460787455387624,-0.267299549426779,0.155,0.185,1,"Cops6"
0.46173410428306,-0.343198141975972,0.095,0.12,1,"Jkamp"
0.461999276325406,0.296553094280857,0.25,0.225,1,"Nek7"
0.462033952314482,0.322667939060343,0.2,0.175,1,"Napa"
0.462631508346204,-0.414161686013487,0.085,0.105,1,"Nup153"
0.462733249077173,0.41047014795124,0.215,0.19,1,"Thoc7"
0.463451145831504,-0.510497178328642,0.115,0.135,1,"Mbtd1"
0.463668024123308,-0.431246768844882,0.085,0.105,1,"Gcnt1"
0.46429604054579,-0.570009617101898,0.11,0.13,1,"Commd9"
0.464345293669219,0.601010504291466,0.12,0.1,1,"Pgp"
0.464443811308135,0.409744432803709,0.115,0.095,1,"Kpna1"
0.464647126799335,0.280704279334885,0.17,0.145,1,"Lcorl"
0.464763257339572,-0.330887814253278,0.215,0.24,1,"Hfe"
0.465225139580775,-0.58695077244453,0.085,0.105,1,"Leo1"
0.465239424880501,0.26307692580459,0.31,0.275,1,"Cdk11b"
0.465881725562232,0.634560883593803,0.125,0.105,1,"Kmt2d"
0.465889113093152,0.447869980097212,0.1,0.08,1,"Atp11b"
0.466475351044803,-0.308712092710652,0.135,0.165,1,"Stx8"
0.46733705056753,-0.500171003883764,0.085,0.11,1,"Gnptg"
0.468404707325634,-0.289495101644902,0.145,0.17,1,"Erp44"
0.469759639231909,-0.288259299640795,0.17,0.2,1,"Sbds"
0.470162606261109,-0.508317760578007,0.08,0.1,1,"Rptor"
0.471449582503014,0.25037708797262,0.19,0.165,1,"Ube2v1"
0.471868779619999,0.278240548262374,0.295,0.265,1,"Cd180"
0.472128300437612,0.609296675470946,0.15,0.13,1,"Lfng"
0.47216917869979,-0.295180604226514,0.14,0.17,1,"Gna15"
0.472307445834734,0.374748820357219,0.1,0.08,1,"Dhx40"
0.472307445834734,-0.453711521994008,0.08,0.1,1,"Pdzd11"
0.474115433813599,0.495670734295658,0.185,0.165,1,"Hmgn2"
0.475569799917098,0.260674665224877,0.6,0.595,1,"Tpd52"
0.476206608123263,0.39002213644309,0.105,0.085,1,"Rpf1"
0.476942692672826,0.287064630120483,0.115,0.095,1,"Mnat1"
0.478065861676058,0.33462570020242,0.12,0.1,1,"Tubb6"
0.478341200750416,0.494959281362465,0.14,0.12,1,"Sec13"
0.480168173514115,-0.417832326341859,0.195,0.22,1,"Dnajb11"
0.480351101172235,-0.604527723998219,0.11,0.13,1,"Phactr4"
0.480869066528477,0.543070103887744,0.185,0.16,1,"Prdx6"
0.481487065481674,0.401983207361054,0.115,0.095,1,"Dnajb12"
0.482514702351142,0.433412923860452,0.305,0.28,1,"Rnf19b"
0.48304328224611,-0.36985959722289,0.265,0.29,1,"Nrd1"
0.483547801745616,0.277278906661783,0.195,0.235,1,"Dynll2"
0.484253901831792,0.410424918730454,0.245,0.225,1,"Vdac3"
0.485546070347876,0.336626643758142,0.115,0.095,1,"Ldlrap1"
0.485616817643795,0.544988675076373,0.17,0.15,1,"Sp140"
0.48617481524181,-0.385720370936458,0.125,0.15,1,"Sf3b3"
0.487471038369011,0.36570283398885,0.1,0.08,1,"Atic"
0.487531813374781,0.316659215052829,0.245,0.225,1,"AI662270"
0.488376935176894,0.325836447065291,0.27,0.24,1,"Ctcf"
0.488925470796597,-0.412318200785393,0.09,0.11,1,"Ccdc82"
0.489813650636557,0.424294814278665,0.35,0.335,1,"Lgals3"
0.489997158128716,-0.541411969838015,0.085,0.105,1,"Dbp"
0.491111384968377,0.270889329476893,0.355,0.335,1,"Slfn2"
0.493009083413676,0.313069985387893,0.12,0.1,1,"Pex2"
0.493043884735532,-0.42572731191334,0.105,0.125,1,"Plin3"
0.493612547816936,0.312424028014312,0.36,0.35,1,"Fgfr1op2"
0.494014119953155,0.426055459300849,0.12,0.1,1,"Med1"
0.494294370075987,0.439606111156682,0.135,0.115,1,"Fbxo11"
0.496258618901959,-0.325059313547254,0.09,0.11,1,"Topbp1"
0.496308505434355,0.385644884105591,0.15,0.13,1,"2310009A05Rik"
0.49647604801084,0.407600653067897,0.285,0.27,1,"Trps1"
0.498535461072806,-0.305744517612237,0.275,0.305,1,"Rpn2"
0.49859791456748,-0.28972227224869,0.225,0.255,1,"Ap2m1"
0.498799382785476,0.387136798192536,0.165,0.145,1,"Npepps"
0.499055703163311,0.864517297689396,0.12,0.1,1,"Mt2"
0.499404290050369,0.336013922891839,0.18,0.16,1,"Dapp1"
0.499964622719815,-0.485175952587225,0.105,0.125,1,"Zmym4"
0.500190300547055,0.477132925783739,0.14,0.12,1,"Mak16"
0.500975205337239,0.418433159959319,0.135,0.115,1,"Phf11d"
0.501448442136267,-0.377373448446209,0.095,0.115,1,"Prrc1"
0.501783853997298,-0.367119848251966,0.08,0.1,1,"Ids"
0.501855175336722,0.277395615085337,0.205,0.185,1,"Pak1"
0.502073817142368,0.360372639757175,0.14,0.12,1,"Kif2a"
0.502093723883732,0.420707950264398,0.12,0.1,1,"Uba6"
0.502633097675468,0.55016410219103,0.235,0.22,1,"Hnrnpdl"
0.502892705912331,-0.629487109099666,0.115,0.135,1,"Zhx1"
0.50300181576653,-0.537155504914389,0.095,0.115,1,"Mrps18b"
0.503999735132451,-0.380672478829068,0.085,0.105,1,"Copg1"
0.504005376535909,0.256358664262658,0.1,0.08,1,"B4galt3"
0.504710665595441,-0.334155501907962,0.09,0.11,1,"Slc25a28"
0.50488669380472,-0.293700476283505,0.245,0.27,1,"Aprt"
0.50592241732606,-0.344925601590951,0.17,0.195,1,"Gatad2b"
0.506116458135101,0.272616085745932,0.115,0.095,1,"Gpr107"
0.506320501042707,0.299341298798333,0.365,0.355,1,"Tmco1"
0.506425756363868,0.252854109585285,0.165,0.14,1,"Lrrc58"
0.506771500627285,-0.669207060700917,0.135,0.155,1,"Syngr1"
0.507178754833901,-0.351213291044766,0.1,0.12,1,"Eif2ak1"
0.507299130239561,0.64956937360032,0.11,0.095,1,"Golga3"
0.508497435598883,-0.420723997850216,0.15,0.175,1,"Chd3"
0.508687588300677,0.398708599205732,0.225,0.205,1,"Cast"
0.508721322458133,-0.414487555149374,0.295,0.31,1,"Snx18"
0.509032321048203,-0.299520697351238,0.35,0.38,1,"Sri"
0.509083695870426,-0.256898904301549,0.14,0.165,1,"Edem2"
0.509341482836819,-0.269376700716584,0.12,0.145,1,"Gstm1"
0.509545421662444,0.28506843910761,0.155,0.13,1,"Max"
0.510166401793953,0.279061291763891,0.255,0.23,1,"Parp14"
0.511329751941125,0.370793999446196,0.115,0.095,1,"Tbc1d14"
0.511821389968279,0.362515390209419,0.1,0.08,1,"Fgfr1op"
0.511865347384957,-0.573869175885584,0.13,0.15,1,"Chmp1a"
0.512306892308689,0.338436196291113,0.365,0.345,1,"Acin1"
0.512572053652512,-0.407629720740318,0.175,0.2,1,"Ubr2"
0.5127883149591,-0.611466775203124,0.13,0.15,1,"Malt1"
0.51294306140936,0.408723130778252,0.225,0.205,1,"Eapp"
0.514471135265438,-0.294253271534437,0.095,0.115,1,"Ddx58"
0.515326568072672,-0.404325063276022,0.11,0.13,1,"St6galnac4"
0.516399534711638,0.253314624053535,0.12,0.1,1,"Nifk"
0.516488785401551,0.323426612695401,0.15,0.13,1,"Pdlim5"
0.517660199280592,-0.290107283378357,0.085,0.105,1,"Cep120"
0.518591176774381,-0.278473172642342,0.225,0.255,1,"Fam32a"
0.518596179491173,0.37125972297787,0.155,0.135,1,"Ift20"
0.518775926117761,0.408446743421736,0.225,0.205,1,"Tnfsf12"
0.519506701053641,-0.415831245246989,0.145,0.165,1,"Golph3"
0.519568099418346,-0.292216871511879,0.17,0.195,1,"Timm8b"
0.519628013377411,0.278977026904127,0.275,0.26,1,"Scpep1"
0.521013730479019,-0.300848723347071,0.215,0.245,1,"Mgat2"
0.521032263583613,0.316375589662263,0.125,0.105,1,"Tor1b"
0.521565534672328,-0.250198717371641,0.18,0.21,1,"March5"
0.522065467613291,0.25897162693305,0.15,0.13,1,"Wtap"
0.523062282485258,-0.31077666220822,0.105,0.125,1,"Ndufv1"
0.523731042165678,-0.28026091054391,0.085,0.105,1,"Ubald1"
0.523969000747361,-0.427520584138309,0.145,0.165,1,"Ppdpf"
0.524560175033868,-0.337788410210679,0.155,0.18,1,"Mat2b"
0.524587393524476,-0.336851702168993,0.105,0.125,1,"Mpp7"
0.525220543220394,-0.327100208722704,0.115,0.135,1,"2510039O18Rik"
0.525544397475267,-0.284980881716608,0.095,0.115,1,"Nagk"
0.525800343154651,-0.362597656543738,0.13,0.15,1,"Copz1"
0.527134466507762,-0.477784410370239,0.105,0.125,1,"Cryl1"
0.527185789388452,0.498855194154474,0.135,0.115,1,"Mir22hg"
0.527641098721499,-0.253497900657791,0.08,0.1,1,"Gar1"
0.527672890702745,0.302367450378863,0.15,0.13,1,"Abl1"
0.527672890702745,-0.38286847198623,0.13,0.15,1,"Snrnp200"
0.527719717360909,-0.362181349920275,0.185,0.21,1,"Usp16"
0.527734507487751,0.375792916965007,0.19,0.17,1,"Lbh"
0.528198827629381,0.324627227947939,0.115,0.095,1,"Per1"
0.52823428688387,0.656597432713629,0.1,0.085,1,"Prpf18"
0.529208792526467,-0.253663093143525,0.165,0.19,1,"Pik3cd"
0.529649638788038,0.492551338594003,0.11,0.095,1,"Xpa"
0.530140502184869,-0.431380220996097,0.115,0.135,1,"Atp2c1"
0.530754886984258,-0.371713293087051,0.145,0.17,1,"Fam172a"
0.531363804589673,0.505904328200477,0.21,0.195,1,"Atxn2l"
0.531664743276029,0.254291315393426,0.17,0.15,1,"Ubr4"
0.531672971128822,0.272069696751793,0.145,0.125,1,"Pfkfb3"
0.532389095074715,-0.313152735789191,0.155,0.18,1,"Amdhd2"
0.532628895633645,0.28109526980094,0.145,0.125,1,"Cwc25"
0.532646314617435,-0.694129102880615,0.135,0.15,1,"Smox"
0.533529457409015,0.431885290871279,0.105,0.09,1,"Spg7"
0.535307480429922,0.354131077575992,0.235,0.215,1,"S100a13"
0.535635526819771,-0.38924686957679,0.12,0.14,1,"Zfx"
0.536667659569793,-0.639686942878892,0.095,0.11,1,"Mnt"
0.536885337083433,0.271570445742345,0.16,0.14,1,"Ankle2"
0.536961249044541,0.550392657655603,0.17,0.155,1,"Pin4"
0.537427042069002,-0.526831998445888,0.145,0.16,1,"Ncoa7"
0.539698332630738,-0.354482992755646,0.15,0.17,1,"Dcxr"
0.539863803173496,-0.273351345527125,0.11,0.13,1,"Slc38a10"
0.542054510116173,-0.818398993116979,0.1,0.115,1,"Tbpl1"
0.542855237285151,0.251687630810377,0.21,0.245,1,"Denr"
0.54366386356713,-0.382751575938351,0.09,0.11,1,"Hgsnat"
0.544619865980643,-0.313329799552482,0.105,0.125,1,"Lpgat1"
0.545428085650567,-0.347603544541907,0.12,0.14,1,"Slc15a4"
0.545749402125841,0.59947084732336,0.105,0.09,1,"Rabgef1"
0.546461690549594,0.48916555401846,0.12,0.105,1,"Brpf1"
0.547180381555548,0.255682113633426,0.08,0.1,1,"Orc4"
0.549448765648141,-0.343389194649062,0.13,0.15,1,"Timm17a"
0.549533318995126,-0.452948400388291,0.11,0.13,1,"Bet1l"
0.550854755506643,-0.436615184248003,0.205,0.225,1,"Akirin1"
0.551126232416662,-0.340495851974463,0.135,0.155,1,"Nus1"
0.551661836520475,0.36902687728575,0.14,0.125,1,"Micu2"
0.555329048939139,-0.270626780586728,0.27,0.295,1,"Swap70"
0.556155233360871,-0.268917834807059,0.185,0.21,1,"Arl8b"
0.55653822872487,0.524716783561538,0.115,0.1,1,"Dusp22"
0.556977599320688,0.489913930701762,0.105,0.09,1,"Scaf8"
0.557958527321992,-0.612895251199295,0.13,0.145,1,"Cd38"
0.55806687704132,0.286872348608715,0.33,0.32,1,"Tmbim4"
0.559118868688125,0.516032329604514,0.12,0.105,1,"Cbx4"
0.560677702181285,0.492359254549714,0.165,0.15,1,"Fam214a"
0.561242154809204,0.585186067639605,0.12,0.105,1,"Dnm1l"
0.561413453355385,-0.26094961260221,0.155,0.175,1,"Psme4"
0.562303908209357,0.593316622155089,0.13,0.115,1,"Zfp131"
0.564891957877609,0.275650640757712,0.15,0.135,1,"Pds5a"
0.565474475510265,-0.410495034636332,0.165,0.185,1,"Ly96"
0.566410939875662,-0.323340092593732,0.23,0.25,1,"Ncoa4"
0.567646083086284,-0.357025030383253,0.23,0.245,1,"Ctnnd1"
0.568559692428798,-0.296262665215893,0.19,0.21,1,"Mrpl54"
0.56909547632453,0.738120055103653,0.11,0.095,1,"Bmp2"
0.569286577590933,0.389899215845025,0.14,0.12,1,"Casp8ap2"
0.569741615039401,0.259318545714522,0.125,0.11,1,"Rnf138"
0.572248150940631,0.286034075158532,0.13,0.11,1,"Zfp516"
0.572594342963458,0.443769039220643,0.13,0.115,1,"BC005561"
0.573033708500219,-0.536770707308535,0.085,0.1,1,"Rasal3"
0.573396807300417,0.437602910955073,0.115,0.1,1,"Mdp1"
0.574063140976513,0.43399461344806,0.12,0.105,1,"Cop1"
0.574475971230078,0.395989507635826,0.125,0.11,1,"Pin1"
0.574895115224061,0.425002482663195,0.27,0.26,1,"Stk38"
0.575156884019715,0.278315403847162,0.135,0.12,1,"1110038F14Rik"
0.576364330153806,0.551854889576229,0.11,0.095,1,"Zfp639"
0.576553116778737,-0.580777129258512,0.085,0.1,1,"Rspry1"
0.577504860304519,0.296700271088779,0.135,0.115,1,"Trim12a"
0.577837763609646,0.32107007438413,0.1,0.12,1,"G6pdx"
0.580287693901363,0.354802283112515,0.125,0.11,1,"Hpcal1"
0.580916715548158,0.447403672089495,0.105,0.09,1,"Sf3a3"
0.581280160405181,0.349090158608507,0.205,0.185,1,"Larp1"
0.582441345022054,0.441628286828286,0.1,0.085,1,"Ldlr"
0.58248772457807,-0.256727753680274,0.235,0.26,1,"Acp2"
0.582743588972861,-0.418686711387857,0.1,0.115,1,"Fgd3"
0.582973339931133,0.46342060771805,0.13,0.115,1,"Slain2"
0.584015993055748,0.439107153573953,0.13,0.115,1,"Ppm1a"
0.587149367853873,0.403205711772367,0.13,0.115,1,"Gfpt1"
0.588274660958678,-0.309211778095303,0.1,0.115,1,"Gbp3"
0.589002196549445,0.26190874107468,0.105,0.09,1,"Tapbpl"
0.589641664139126,-0.256419263298642,0.305,0.33,1,"Gltp"
0.590563264535729,0.318290350041158,0.14,0.125,1,"Rmnd5a"
0.591604905949404,-0.610210598274832,0.1,0.115,1,"Ate1"
0.592527505864641,0.39153398170799,0.125,0.11,1,"Ttc3"
0.593607298015443,-0.294070560144129,0.125,0.14,1,"Trim33"
0.593872461278018,-0.369985637407749,0.095,0.11,1,"Stx12"
0.59413275615336,0.435201607065003,0.125,0.11,1,"Ythdf1"
0.594301192735441,-0.608096573029901,0.085,0.1,1,"Prpsap1"
0.59525765406364,0.298672007369352,0.17,0.155,1,"Tprgl"
0.595493300563511,-0.348467103215842,0.085,0.1,1,"Hdhd2"
0.596149115670603,-0.54151776554987,0.095,0.11,1,"Nudt9"
0.596686429514605,-0.542802532971982,0.085,0.1,1,"Serpinb8"
0.59714739369533,-0.434369493318207,0.195,0.215,1,"Pdcl3"
0.598478092417261,-0.354287857535445,0.085,0.1,1,"Map3k11"
0.598519637409801,-0.289497891981362,0.15,0.17,1,"Alkbh5"
0.599574938122574,0.256498864280009,0.275,0.27,1,"Usp8"
0.59971670780926,-0.253161743576366,0.125,0.14,1,"Ralgps2"
0.599753315935213,-0.463693531337388,0.145,0.16,1,"Rcc2"
0.601811692504838,0.389726482095982,0.105,0.09,1,"Tbc1d23"
0.603228261460082,-0.256814577977335,0.15,0.165,1,"Ndufa9"
0.60369637374023,0.717163803919441,0.15,0.14,1,"Tug1"
0.606493158557248,-0.35670774782847,0.27,0.28,1,"Ube2q1"
0.609542050694113,0.424633655365226,0.185,0.175,1,"Ssr2"
0.609882025335311,-0.360454325725809,0.085,0.1,1,"Cmtm4"
0.609892194780601,0.291116584327029,0.11,0.095,1,"Ufd1"
0.609953963194522,-0.400259038546734,0.26,0.275,1,"Lrrc25"
0.610233580666672,-0.404996455186581,0.14,0.155,1,"Lima1"
0.610292885728678,0.289532842257785,0.125,0.11,1,"Ifi211"
0.611113295125946,-0.314268693667353,0.155,0.175,1,"Naa38"
0.611582468639005,0.456184340062774,0.17,0.16,1,"Smarcc2"
0.611925426682355,0.258014144793976,0.295,0.285,1,"Nrip1"
0.612549948532116,0.363735303911205,0.205,0.19,1,"Kif1b"
0.614077911540761,-0.348457508233881,0.155,0.135,1,"Cept1"
0.61834612492913,-0.375189708492333,0.085,0.1,1,"C9orf72"
0.619269427966399,-0.320708145108467,0.215,0.235,1,"Mapre2"
0.619520517378625,0.362315566681847,0.3,0.295,1,"Rbm8a"
0.619948616524989,0.295077452753824,0.285,0.27,1,"Morc3"
0.620531618332427,0.400322384241503,0.135,0.125,1,"Smn1"
0.62106982715701,0.326983254722904,0.16,0.145,1,"Nub1"
0.621173493674635,-0.537634365380198,0.11,0.125,1,"Mcmbp"
0.623145368768016,0.27211562851561,0.18,0.165,1,"Psmd14"
0.624539743366945,-0.332550967391798,0.165,0.18,1,"AI504432"
0.625540560926116,0.278273044859486,0.235,0.215,1,"Rlim"
0.625549224109553,0.323792010313652,0.125,0.11,1,"Ube2w"
0.625960111454431,-0.2904586647735,0.145,0.16,1,"Mrps36"
0.626861172708151,-0.293065105419796,0.085,0.1,1,"Preb"
0.628205142083207,0.317918523882137,0.185,0.175,1,"Lmna"
0.630729221815148,-0.350203938757742,0.115,0.13,1,"Cdc123"
0.634516043585618,0.313820127494223,0.115,0.1,1,"Tmem248"
0.635037698476699,0.270267910122998,0.135,0.12,1,"Mrpl53"
0.635079526021914,-0.325002449019528,0.205,0.23,1,"Aim2"
0.636546156228446,0.250354940107579,0.125,0.11,1,"Fam114a2"
0.63701406889881,-0.408663028287869,0.14,0.155,1,"Fnip2"
0.637801851286229,0.313729489968307,0.185,0.17,1,"Pa2g4"
0.639108847244146,0.340343946717457,0.115,0.1,1,"Ltbr"
0.640073612457241,0.284061287668393,0.21,0.195,1,"Zfp652"
0.641152387114123,-0.451713906086975,0.125,0.14,1,"Triap1"
0.64210808650243,-0.314798169864144,0.115,0.13,1,"Dmtf1"
0.643491649661903,-0.259268004508328,0.145,0.165,1,"Txlna"
0.643851919887169,-0.300825815505619,0.175,0.155,1,"Mgl2"
0.645142537548132,0.297330616347832,0.18,0.165,1,"Pdhb"
0.646214373115025,-0.309975812771279,0.28,0.305,1,"Ndufa11"
0.646648476615769,-0.814333252339649,0.12,0.13,1,"Upf1"
0.647746826193996,-0.309406264958388,0.085,0.1,1,"Nrf1"
0.649773554206402,-0.303458470936374,0.105,0.12,1,"Ormdl2"
0.651532535573145,0.271122735150986,0.24,0.225,1,"Slk"
0.652516352535659,0.397826299514014,0.105,0.095,1,"Trim27"
0.65296982742177,-0.266807657352295,0.1,0.115,1,"Glrx2"
0.654094093462665,-0.456496467518974,0.165,0.175,1,"Tulp4"
0.655420305801687,0.317552185482288,0.11,0.1,1,"Ino80e"
0.655688525842917,0.577794134566042,0.115,0.105,1,"Tmem131l"
0.656165735578721,-0.254976715460685,0.17,0.15,1,"Xaf1"
0.656463869215148,0.250525543420482,0.185,0.17,1,"Ppp2r5a"
0.657358085046742,0.256730234766654,0.235,0.22,1,"Glg1"
0.657660853268186,-0.483714067592416,0.11,0.125,1,"Uchl5"
0.657922352831884,0.370526553553518,0.155,0.145,1,"Tlr13"
0.660283224377346,-0.569391239238477,0.09,0.1,1,"Lpcat1"
0.661646029398751,0.281188516518104,0.16,0.145,1,"Hhex"
0.661989853267194,-0.416206537554029,0.14,0.15,1,"Nin"
0.664086945501143,-0.399501434451741,0.155,0.17,1,"Tsg101"
0.664577788785166,-0.276434880035307,0.12,0.135,1,"Odr4"
0.664625304600153,0.318188840743599,0.24,0.23,1,"Magt1"
0.665662213077338,-0.333158462969003,0.12,0.135,1,"Mfsd14a"
0.665667183713773,0.43194162961191,0.275,0.285,1,"Sec11a"
0.667984211974455,-0.455782958369784,0.165,0.175,1,"Rbm7"
0.668387110702752,0.372482003202571,0.11,0.1,1,"Ifi213"
0.669704755599564,-0.26923654961806,0.28,0.295,1,"Cope"
0.670237472327284,0.34558328396196,0.18,0.17,1,"Dse"
0.670553000650439,-0.337058961918961,0.23,0.24,1,"Phf14"
0.670693126847796,-0.346054091173519,0.145,0.16,1,"Slc25a39"
0.671714046167644,0.337689466576914,0.13,0.12,1,"Dazap1"
0.675665420073501,-0.291116869083107,0.115,0.125,1,"Casc3"
0.675860603258077,-0.29132141935804,0.155,0.17,1,"Cyp27a1"
0.675975787236946,-0.295032198508662,0.185,0.2,1,"Rbbp7"
0.67672983949713,-0.531681291968992,0.135,0.15,1,"Ifi209"
0.677616179653637,0.386650810940002,0.1,0.09,1,"Lats2"
0.677880334481405,0.503887085388593,0.11,0.1,1,"Chchd7"
0.680228997690634,0.505779333497764,0.155,0.145,1,"Dpp8"
0.681517716419674,0.489025856493313,0.105,0.095,1,"Fnta"
0.681624545731112,0.294058745050161,0.13,0.12,1,"Ano6"
0.687039088545539,-0.255913506191852,0.185,0.2,1,"Cib1"
0.687741650731889,-0.470518022927515,0.13,0.14,1,"Rps6kb1"
0.688621606357412,-0.462602523399928,0.1,0.11,1,"Il11ra1"
0.69219619038022,0.256286890120406,0.32,0.315,1,"Snw1"
0.69386557945746,-0.479935403938948,0.09,0.1,1,"Las1l"
0.695121500284473,-0.546617565204826,0.09,0.1,1,"Adrm1"
0.697429041312279,-0.471697814894664,0.095,0.105,1,"Fopnl"
0.698176114047484,0.27521533639073,0.155,0.145,1,"Psmd13"
0.699616474784469,-0.251238266585803,0.12,0.135,1,"Phax"
0.701796499611542,0.402888573178868,0.085,0.1,1,"Nlrc4"
0.702427282711301,-0.270226481361348,0.285,0.305,1,"Luc7l3"
0.703030559670531,0.365337620666391,0.095,0.11,1,"Stoml2"
0.703584758231324,-0.346263402383927,0.095,0.105,1,"Atad1"
0.705690477321544,-0.29258516294837,0.19,0.205,1,"Degs1"
0.705820822931134,0.262065921685606,0.26,0.3,1,"Dusp11"
0.706591682207142,-0.57199534769003,0.13,0.14,1,"Mid1"
0.708429069644529,0.350373018465587,0.12,0.11,1,"Stip1"
0.710567956111212,-0.259918544972797,0.21,0.23,1,"Herc1"
0.710729622235398,-0.367992782575712,0.115,0.125,1,"Tbk1"
0.710897031311587,0.253232876162947,0.11,0.1,1,"Prdm1"
0.712380033840646,-0.268811457733139,0.14,0.15,1,"Kdelr2"
0.713424813567814,0.360089630433448,0.1,0.09,1,"Parl"
0.714494597173463,-0.32631964313363,0.31,0.315,1,"Pdap1"
0.715382220273508,0.25472271793757,0.17,0.16,1,"Nras"
0.718783767921304,-0.374027227356299,0.1,0.11,1,"Dido1"
0.718870832525575,-0.288118668797235,0.28,0.29,1,"Sash1"
0.722236387300148,-0.404060224502059,0.2,0.205,1,"Stx4a"
0.724551455745589,0.299556891957078,0.105,0.12,1,"Prorsd1"
0.725480591968948,-0.408397479902405,0.1,0.11,1,"Ebna1bp2"
0.726098188263258,0.339091133756896,0.24,0.23,1,"Rnf187"
0.72728681176348,-0.266370192894706,0.105,0.115,1,"Naglu"
0.731851400145721,0.264157826022254,0.145,0.135,1,"Sfmbt1"
0.733217292845355,0.392694407769208,0.155,0.15,1,"Washc3"
0.734146571584283,-0.267265055775708,0.11,0.12,1,"Guk1"
0.734963791034599,0.422452834477282,0.25,0.245,1,"Lmo4"
0.736484312194765,-0.354578412213733,0.1,0.11,1,"Orai3"
0.737385262874877,0.64043753337062,0.16,0.145,1,"Cxcl10"
0.73754646081868,0.267700337148639,0.185,0.175,1,"Senp2"
0.73852167752462,-0.330397096112006,0.115,0.1,1,"Zfp318"
0.739661241537484,0.398861623522001,0.105,0.095,1,"Tbc1d10b"
0.741039528372257,-0.306934352639392,0.135,0.145,1,"Snx30"
0.743873559111708,-0.474787012682778,0.155,0.16,1,"Mfsd11"
0.74405610781137,0.388704885789428,0.105,0.095,1,"Keap1"
0.745674330198201,0.322821754305739,0.21,0.21,1,"Samd9l"
0.747029058579436,-0.37962821414799,0.155,0.165,1,"Uggt1"
0.747711587545684,-0.250395620207812,0.11,0.12,1,"Dok1"
0.751240056872014,-0.269454023506566,0.11,0.1,1,"Sash3"
0.757841302121389,0.400603507750237,0.125,0.12,1,"Raph1"
0.757881587640881,0.428594435786363,0.175,0.175,1,"Gde1"
0.761335235332209,-0.354943271673883,0.275,0.285,1,"Cebpd"
0.7626126603851,-0.314543758222915,0.285,0.29,1,"Pebp1"
0.763989267734651,0.314500349643978,0.145,0.14,1,"Timm44"
0.76446867503075,0.293273290004952,0.165,0.16,1,"Cnot2"
0.770058438830571,0.289325907711463,0.21,0.205,1,"Ssbp1"
0.772788112334216,-0.357388537082288,0.2,0.18,1,"Serpinb6a"
0.773866019724639,-0.284825896450496,0.155,0.165,1,"Yif1b"
0.77894116786239,0.331825509052236,0.155,0.15,1,"Mvb12b"
0.781601846780881,0.3523216775666,0.175,0.17,1,"Kcnq1ot1"
0.782022763079285,-0.261752326511376,0.135,0.14,1,"Cmc1"
0.78250518331955,0.311650956547159,0.145,0.14,1,"Gatad2a"
0.783970013719702,-0.272035416363114,0.105,0.095,1,"Arsb"
0.7845070494257,0.375119076248569,0.205,0.205,1,"Kansl1"
0.785045731192275,0.394774252362863,0.15,0.145,1,"Mrpl11"
0.78509929194572,-0.492019020294651,0.105,0.11,1,"Foxo3"
0.787845110209831,0.31805267586725,0.195,0.22,1,"Myadm"
0.78980011483898,0.256437882947384,0.13,0.145,1,"B3gnt8"
0.792049833098114,-0.259345452460496,0.335,0.33,1,"Xrn2"
0.792218040381365,-0.332150311449896,0.24,0.245,1,"Cdkn1a"
0.795669437879133,-0.408548153813411,0.12,0.125,1,"Hras"
0.79648313173772,0.303361582780674,0.13,0.145,1,"Ybx3"
0.797112897832851,0.260857953505381,0.17,0.17,1,"Dhrs7"
0.799154860451218,0.268570900045269,0.12,0.115,1,"Cep250"
0.801492176429468,-0.561673882452582,0.1,0.105,1,"Mrpl4"
0.802708866528808,0.288591254216931,0.125,0.12,1,"Birc2"
0.804121618046135,0.287992821062444,0.17,0.165,1,"Pias1"
0.805756958754227,0.255832542335431,0.095,0.105,1,"Nes"
0.806904745992055,0.359218449150149,0.135,0.13,1,"Anxa4"
0.812042781794756,-0.479811538145972,0.095,0.1,1,"Ets1"
0.813255084347587,0.333740325525157,0.14,0.135,1,"Nab1"
0.813267560910523,-0.263099052466792,0.14,0.145,1,"Pwwp2a"
0.817294872123356,-0.267505933413397,0.2,0.205,1,"Commd3"
0.818049624219529,-0.270873551976309,0.1,0.105,1,"Hacd3"
0.820376430818471,-0.400514850583889,0.12,0.125,1,"Rrad"
0.822950394616626,-0.254646579284981,0.125,0.115,1,"Dohh"
0.823460227922241,-0.447222677373136,0.11,0.115,1,"Prdx3"
0.824688076201953,0.282698521566408,0.175,0.19,1,"Idh3b"
0.829912634608213,0.407547973445572,0.16,0.16,1,"Tspan3"
0.83110318568192,0.395035151789313,0.145,0.145,1,"Rps19bp1"
0.831909837542103,0.263854436457454,0.155,0.15,1,"Nfat5"
0.833714980843887,0.311751301540186,0.11,0.105,1,"Zfp691"
0.835417720248678,0.436392265139077,0.125,0.125,1,"Ramac"
0.835446673925669,-0.409086328058414,0.13,0.135,1,"Tomm70a"
0.835762749240443,-0.265239283248088,0.12,0.125,1,"Nt5c2"
0.83625831253555,-0.329521892731703,0.265,0.245,1,"Stat1"
0.836613475758775,-0.401528581237013,0.1,0.105,1,"Rpl9-ps6"
0.844058059932517,0.404628091176989,0.105,0.105,1,"Dcaf12"
0.844627986161016,-0.290268305826016,0.13,0.135,1,"Hint2"
0.844787243950516,-0.275507819486201,0.135,0.14,1,"Snrpa1"
0.846083784770243,-0.450687421483253,0.115,0.12,1,"Exoc4"
0.846452131077431,0.295430256381875,0.125,0.12,1,"Rap2c"
0.846749398003661,-0.266091331828827,0.18,0.185,1,"Ulk2"
0.846895373877842,-0.293809221155783,0.1,0.105,1,"Fam192a"
0.853798227370509,-0.303053177598424,0.14,0.145,1,"Vcpip1"
0.856381523992135,0.306028191327391,0.11,0.105,1,"Khsrp"
0.859592195669486,-0.424910665629526,0.13,0.135,1,"Brox"
0.860301770456106,0.298910200752078,0.14,0.155,1,"Zfp869"
0.861336179231389,0.276092579425901,0.17,0.185,1,"Sars"
0.861504681770313,-0.432690050969515,0.195,0.195,1,"Ten1"
0.861563439816598,-0.333448057237923,0.16,0.165,1,"Ddx54"
0.869026690308122,0.292573029430268,0.11,0.105,1,"Ttc39b"
0.870998301941486,0.413412099269972,0.115,0.115,1,"Mrpl2"
0.878848553167504,-0.311960703794964,0.135,0.14,1,"Polr2m"
0.879201494032496,0.266630653483234,0.185,0.185,1,"Ago2"
0.879227762541852,-0.394668611239491,0.195,0.195,1,"Pilra"
0.880010523999977,0.452284759315414,0.12,0.12,1,"Chmp1b"
0.880203265964046,-0.370731709377027,0.25,0.245,1,"Rsu1"
0.886848062356774,-0.266581099809095,0.165,0.17,1,"Gmip"
0.887114861061464,-0.366357643246599,0.145,0.145,1,"Eif3b"
0.8881797869002,0.270693805203433,0.195,0.2,1,"Senp6"
0.889878870246682,0.309964976811597,0.175,0.175,1,"Crtc3"
0.89139759418092,-0.290261325747456,0.14,0.135,1,"Slc23a2"
0.894761905179142,0.389467781775661,0.1,0.105,1,"Gadd45gip1"
0.896983749791216,0.26969713256062,0.125,0.125,1,"Upf3a"
0.900273697947402,-0.254491090127014,0.265,0.265,1,"Mgat4a"
0.90178127242956,0.323494559869342,0.11,0.11,1,"Snx13"
0.902381212694188,0.264329920477528,0.16,0.16,1,"Tmem33"
0.912252293657171,-0.301132743406497,0.11,0.105,1,"Larp7"
0.913352518354751,-0.263048787965398,0.12,0.12,1,"Scamp3"
0.914656185412033,-0.363307912331433,0.1,0.1,1,"Chchd3"
0.914656185412033,-0.365700859628156,0.1,0.1,1,"Tnfsf13"
0.915427934542318,0.491138039131665,0.135,0.14,1,"Mtrex"
0.923241283389549,0.260838846076127,0.125,0.125,1,"Traf1"
0.92335601341948,-0.3245508684735,0.13,0.13,1,"Snrpa"
0.923954569969097,0.305149812471565,0.175,0.18,1,"Anapc16"
0.925745291807135,0.291232960514894,0.135,0.135,1,"9530068E07Rik"
0.927417476854668,-0.253287361045539,0.17,0.165,1,"Kdm1a"
0.927953238978981,-0.329397131877677,0.12,0.12,1,"Gtpbp2"
0.928530772125049,0.282618550477584,0.14,0.15,1,"Upf2"
0.930360247542227,0.266173639226562,0.115,0.12,1,"Ext2"
0.930773665845455,-0.262843061778818,0.11,0.105,1,"Fam13b"
0.933704419134537,-0.425350809887362,0.1,0.095,1,"Tnip1"
0.934452095625869,-0.466423124290185,0.1,0.1,1,"Ncaph2"
0.934887115006943,0.321168948619362,0.765,0.81,1,"Ccl4"
0.936377224316621,-0.34470552883594,0.1,0.095,1,"Ubqln2"
0.936403290896158,0.387314742798634,0.125,0.125,1,"Smim19"
0.936528485243132,0.296664433071299,0.115,0.115,1,"Abcd2"
0.937156107977762,0.319629603543426,0.105,0.105,1,"Surf1"
0.943361689526073,-0.330511535872801,0.13,0.13,1,"Rad23a"
0.945529459777286,0.409049024718865,0.21,0.215,1,"Gcc2"
0.945927165969565,-0.302048178826256,0.17,0.165,1,"Rnps1"
0.946985834511363,-0.39656311942565,0.17,0.165,1,"Lifr"
0.950829024253126,-0.257534742689056,0.16,0.16,1,"Dctn1"
0.952949672799126,-0.256712474186014,0.12,0.12,1,"Irf3"
0.95491927244199,0.576061288529349,0.11,0.11,1,"Tmem131"
0.957498405577387,0.279005102562926,0.18,0.185,1,"Arfgef1"
0.958259716508238,-0.417702212474073,0.1,0.1,1,"Pikfyve"
0.960240545366572,0.278419460387053,0.24,0.25,1,"Bcl2l11"
0.96139357073215,-0.310620073086623,0.115,0.115,1,"Helz"
0.962893971751894,-0.3988804103887,0.1,0.1,1,"Sart1"
0.963406151976671,-0.282741804320507,0.14,0.14,1,"Lncpint"
0.963556120523324,-0.39366093803027,0.1,0.1,1,"Mphosph10"
0.965473922923139,0.335375626123483,0.125,0.13,1,"Emc4"
0.966340255035158,-0.473936166074626,0.11,0.11,1,"Tmem9b"
0.971004304388589,-0.427869224842963,0.12,0.115,1,"Hist3h2a"
0.971311819656511,0.337614887683199,0.26,0.28,1,"Baz2b"
0.974693259357436,-0.27004003906327,0.17,0.17,1,"Ebi3"
0.976129612332803,0.274619477608275,0.165,0.17,1,"Zfp704"
0.983139046190218,-0.266744955625546,0.105,0.105,1,"Socs4"
0.988538088209987,-0.295530568969168,0.305,0.3,1,"Tnfaip2"
0.989702738083972,0.339872495592791,0.225,0.235,1,"Map4k4"
0.990057558957337,-0.375055426614837,0.1,0.1,1,"Ddx27"
0.990565302999319,0.27449177377841,0.11,0.115,1,"Spata13"
0.992045971683427,-0.372924523424563,0.1,0.1,1,"Lypla2"
0.995307053982729,0.477852486639093,0.095,0.1,1,"Gnl2"
0.995553076169561,-0.300659513513746,0.11,0.11,1,"Hjurp"
