"","taxon","lfc_(Intercept)","lfc_Groupvegan","se_(Intercept)","se_Groupvegan","W_(Intercept)","W_Groupvegan","p_(Intercept)","p_Groupvegan","q_(Intercept)","q_Groupvegan","diff_(Intercept)","diff_Groupvegan","passed_ss_(Intercept)","passed_ss_Groupvegan","diff_robust_(Intercept)","diff_robust_Groupvegan"
"1","Alistipes",-0.0532082258008799,0.463151203740227,0.324451769801482,0.458614409143493,-0.163994253547872,1.00989239436503,0.877688617082195,0.36967489234466,1,1,FALSE,FALSE,TRUE,TRUE,FALSE,FALSE
"2","Bacteroides",0.142260902896133,0.0722129463461941,0.081506833183542,0.346473899720284,1.74538621290539,0.208422471085104,0.155853960958543,0.845081865959354,1,1,FALSE,FALSE,TRUE,TRUE,FALSE,FALSE
"3","Phocaeicola",0.51851811403813,-0.6803014759378,0.312150105935864,0.692951804356453,1.66111785380803,-0.981744288218714,0.17202604167269,0.381810312261452,1,1,FALSE,FALSE,TRUE,TRUE,FALSE,FALSE
"4","Parabacteroides",0.0527613332469948,0.251212085644472,0.467407524086424,0.628259860820444,0.112880795725572,0.399853788711592,0.91556339396911,0.709696681503927,1,1,FALSE,FALSE,TRUE,TRUE,FALSE,FALSE
"5","Tannerella",0.440852314805057,-0.52496987747165,0.604444768493955,0.683238707730894,0.72935086509805,-0.768355000282594,0.506199549162774,0.48512687219625,1,1,FALSE,FALSE,TRUE,TRUE,FALSE,FALSE
"6","Barnesiella",0.303381607537148,-0.250028462935831,0.203003959678861,0.290233547876705,1.49446152684449,-0.861473336783402,0.209365666793925,0.437557255327708,1,1,FALSE,FALSE,TRUE,TRUE,FALSE,FALSE
"7","Coprobacter",0.403972829018759,-0.451210905899053,0.238580552760109,0.641848040793945,1.6932345253846,-0.702987120348486,0.165663444256605,0.520823903126385,1,1,FALSE,FALSE,TRUE,TRUE,FALSE,FALSE
"8","Prevotella",0.442910062168826,-0.529085372199189,0.108246271679158,0.242078487738959,4.09168884339602,-2.18559433818721,0.0149544243146071,0.0941541271875364,1,1,FALSE,FALSE,TRUE,TRUE,FALSE,FALSE
"9","Segatella",-0.448915271456804,1.25456529505207,1.83215084888086,2.5593636302186,-0.245020911750261,0.490186419873802,0.818497088537584,0.64967323405595,1,1,FALSE,FALSE,TRUE,TRUE,FALSE,FALSE
"10","Hoylesella",0.108083659554935,0.140567433028593,0.448225089305303,0.55100542011967,0.241137013821453,0.255110799088082,0.821305157348357,0.811217559221271,1,1,FALSE,FALSE,TRUE,TRUE,FALSE,FALSE
"11","Paraprevotella",0.040962918980594,0.274808914177276,0.875621146751027,1.67562597237385,0.0467815551652515,0.164003732759021,0.964929821641907,0.877681625789343,1,1,FALSE,FALSE,TRUE,TRUE,FALSE,FALSE
"12","Xylanibacter",0.562844708907918,-0.768954665677373,0.148355917797773,0.696663015382109,3.79388107507208,-1.10376846294275,0.019204553820387,0.331626792022449,1,1,FALSE,FALSE,TRUE,TRUE,FALSE,FALSE
"13","Pseudoprevotella",0.92573563943974,-1.49473652674102,0.510326112550106,1.0456644375406,1.81400797778861,-1.42946099444353,0.143875382299029,0.22608692171086,1,1,FALSE,FALSE,TRUE,TRUE,FALSE,FALSE
"14","Butyricimonas",-0.391519902226103,1.13977455659067,1.0244579139733,1.07969877871513,-0.382172753888557,1.05564123907506,0.721770299630462,0.350672164072461,1,1,FALSE,FALSE,TRUE,TRUE,FALSE,FALSE
"15","Odoribacter",0.225605137146419,-0.0944755221543758,0.348037485397462,0.560084375994855,0.648220799804871,-0.16868087417465,0.55217388050185,0.874233710090438,1,1,FALSE,FALSE,TRUE,TRUE,FALSE,FALSE
"16","Sodaliphilus",1.21746381302514,-2.07819287391182,0.554952542176957,0.600354693819544,2.19381608425343,-3.46160843798864,0.0932939038119292,0.0257799335172201,1,1,FALSE,FALSE,TRUE,TRUE,FALSE,FALSE
"17","Muribaculum",1.16070651928539,-1.96467828643232,0.222647635215844,0.493641865839696,5.21319940434198,-3.97996689987053,0.00645745596451216,0.0164015751200712,1,1,FALSE,FALSE,TRUE,TRUE,FALSE,FALSE
"18","Duncaniella",0.997603521468125,-1.63847229079779,0.31219907648155,0.446448399825461,3.19540830392905,-3.67001492543897,0.0330451983769824,0.0213908655362437,1,1,FALSE,FALSE,TRUE,TRUE,FALSE,FALSE
"19","Paramuribaculum",0.520196791946587,-0.683658831754711,0.966576403308547,1.06639004043473,0.538184865848139,-0.64109641485024,0.61899931583711,0.556347258385031,1,1,FALSE,FALSE,TRUE,TRUE,FALSE,FALSE
"20","Porphyromonas",0.24891217014819,-0.141089588157916,0.114504914298319,0.699320420904176,2.17381211691667,-0.201752421265628,0.09540232970675,0.84995526838717,1,1,FALSE,FALSE,TRUE,TRUE,FALSE,FALSE
"21","Macellibacteroides",0.548131589407664,-0.739528426676864,0.578748795302745,0.674320993933304,0.94709759027824,-1.09670087885475,0.397218058792482,0.3343638302658,1,1,FALSE,FALSE,TRUE,TRUE,FALSE,FALSE
"22","Proteiniphilum",0.783046338556131,-1.2093579249738,0.300093439773468,0.606695827203257,2.60934174084989,-1.99335131502171,0.0594611014609944,0.117001696108471,1,1,FALSE,FALSE,TRUE,TRUE,FALSE,FALSE
"23","Petrimonas",0.306322296808425,-0.255909841478387,0.56816016260489,0.868835249577064,0.539147791362217,-0.294543576130181,0.618393110376074,0.782996173607984,1,1,FALSE,FALSE,TRUE,TRUE,FALSE,FALSE
"24","Dysgonomonas",0.425857362423302,-0.49497997270814,0.639730218379673,0.893670635762603,0.665682736547799,-0.553872929130938,0.542037012103925,0.609168838489298,1,1,FALSE,FALSE,TRUE,TRUE,FALSE,FALSE
"25","Limibacterium",0.198626512237973,-0.215981074593756,0.463772633513726,0.595460636149984,0.428284245090315,-0.362712598418269,0.71015706337463,0.751564407426569,1,1,FALSE,FALSE,TRUE,TRUE,FALSE,FALSE
"26","Paludibacter",0.440965334901865,-0.703034798414365,0.425845202169604,0.508188813566184,1.03550617138628,-1.38341258140033,0.376579598121171,0.260510070473035,1,1,FALSE,FALSE,TRUE,TRUE,FALSE,FALSE
"27","Mangrovibacterium",0.303729036704111,-0.403915709596662,0.753134441728307,0.847821654643912,0.403286611095767,-0.476415891696358,0.713759429194994,0.666326417028326,1,1,FALSE,FALSE,TRUE,TRUE,FALSE,FALSE
"28","Halosquirtibacter",0.527689172262875,-0.83013473796688,0.0690867437735044,0.285341745491815,7.63806692052044,-2.90926494662062,0.0167123881457091,0.100630632127727,1,1,FALSE,FALSE,TRUE,TRUE,FALSE,FALSE
"29","Draconibacterium",0.12144303931902,0.113848673500424,0.572550571016426,0.698297635573191,0.212108843247552,0.16303746096315,0.842392032138257,0.878394358722126,1,1,FALSE,FALSE,TRUE,TRUE,FALSE,FALSE
"30","Marinifilum",0.425690172136323,-0.494645592134183,0.659880732805219,0.906269677499179,0.645101684249321,-0.545803974705566,0.553998349112202,0.614212784724747,1,1,FALSE,FALSE,TRUE,TRUE,FALSE,FALSE
"31","Xiashengella",0.542195931343403,-0.903119912804615,0.0534111135137453,0.524733327153256,10.1513691753285,-1.72110263646518,0.00956499425799017,0.227372987633455,1,1,FALSE,FALSE,TRUE,TRUE,FALSE,FALSE
"32","Hymenobacter",0.376774666445919,-0.396814580753373,0.445121518068399,0.50305309660009,0.846453498992654,-0.788812519861748,0.444968571442544,0.474344648955709,1,1,FALSE,FALSE,TRUE,TRUE,FALSE,FALSE
"33","Pontibacter",0.26211322906015,-0.167491705981836,0.678607299553809,0.920144829623349,0.386251708804918,-0.182027546740003,0.718976065931393,0.864413606960141,1,1,FALSE,FALSE,TRUE,TRUE,FALSE,FALSE
"34","Rufibacter",-0.524741621693581,1.11521416677348,0.232112286537312,0.379082766218124,-2.26072315913026,2.94187514219992,0.108853221438751,0.0604187770517989,1,1,FALSE,FALSE,TRUE,TRUE,FALSE,FALSE
"35","Dyadobacter",0.319739253831109,-0.282743755523756,0.380955919533911,0.462245950495558,0.839307745164589,-0.61167383991279,0.448529832999572,0.573811142091875,1,1,FALSE,FALSE,TRUE,TRUE,FALSE,FALSE
"36","Runella",0.599591197162075,-1.14357111074157,0.31809885067798,0.39964244151095,1.88492097938781,-2.86148564806583,0.155934752264188,0.0644983848241124,1,1,FALSE,FALSE,TRUE,TRUE,FALSE,FALSE
"37","Tellurirhabdus",1.06818847727505,-1.53966933150758,0.0314932884110982,0.325912268650451,33.917972087622,-4.72418340642129,5.63408967018374e-05,0.0179689965277495,0.0616369409918102,1,FALSE,FALSE,TRUE,TRUE,FALSE,FALSE
"38","Larkinella",0.139733483855378,0.0060731725251713,0.0443903124128604,0.222590129688821,3.1478373604529,0.027284105246093,0.0513511629266142,0.97994662970364,1,1,FALSE,FALSE,TRUE,TRUE,FALSE,FALSE
"39","Spirosoma",0.135083198090794,0.086568355956875,0.270713249672416,0.388989107613372,0.49898997649452,0.222546992351565,0.643981140614609,0.83478986514692,1,1,FALSE,FALSE,TRUE,TRUE,FALSE,FALSE
"40","Algoriphagus",0.46183582005655,-0.566936887974636,0.0984051472856485,0.360718259609817,4.6932079550264,-1.57168890919989,0.00935543291606157,0.191121302934304,1,1,FALSE,FALSE,TRUE,TRUE,FALSE,FALSE
"41","Echinicola",0.244983156331413,-0.257051008664914,0.183319423883325,0.300149702737886,1.33637315207435,-0.85640933947348,0.273745466352833,0.454729007727375,1,1,FALSE,FALSE,TRUE,TRUE,FALSE,FALSE
"42","Flammeovirga",0.257588867595152,-0.158442983051842,0.072878588685835,0.72574988929761,3.53449308281156,-0.218316234543536,0.0241327111785258,0.837868580368839,1,1,FALSE,FALSE,TRUE,TRUE,FALSE,FALSE
"43","Ekhidna",0.458091238215549,-0.690938869872228,0.221253123954781,0.387265482122538,2.07043963957396,-1.78414783079893,0.174246345450011,0.216331221379001,1,1,FALSE,FALSE,TRUE,TRUE,FALSE,FALSE
"44","Reichenbachiella",0.00290149341312242,0.175468963055946,0.166824474979583,0.297224651421197,0.0173924923994367,0.5903580413567,0.987702580636086,0.614771766018384,1,1,FALSE,FALSE,TRUE,TRUE,FALSE,FALSE
"45","Roseivirga",0.216384827478603,-0.253947947185992,0.45516875750691,0.540901643365349,0.475394727581491,-0.469490064045645,0.666975392075279,0.670735598610732,1,1,FALSE,FALSE,TRUE,TRUE,FALSE,FALSE
"46","Marivirga",-0.00290260185934023,0.406635043488646,0.0375667311500898,0.222005984382374,-0.0772652229906166,1.83164001015519,0.943277149600613,0.164400852252496,1,1,FALSE,FALSE,TRUE,TRUE,FALSE,FALSE
"47","Flavobacterium",0.389098562274092,-0.421462372409722,0.153179057461621,0.357762329983117,2.54015508857391,-1.17805128457658,0.0639703692363514,0.304075977495496,1,1,FALSE,FALSE,TRUE,TRUE,FALSE,FALSE
"48","Capnocytophaga",0.483780727319491,-0.610826702500518,0.187047515094501,0.367651911290146,2.58640552949914,-1.66142670211352,0.0609143272984711,0.171963651276832,1,1,FALSE,FALSE,TRUE,TRUE,FALSE,FALSE
"49","Aquimarina",0.117402212532222,0.121930327074019,0.551278835086113,0.645437799665127,0.21296339540023,0.188911041679431,0.841768860865459,0.859360340967451,1,1,FALSE,FALSE,TRUE,TRUE,FALSE,FALSE
"50","Rasiella",0.330346207961885,-0.479420466041579,0.126101465325628,0.346568798771126,2.61968571981968,-1.38333418282754,0.120036085241818,0.300740872284984,1,1,FALSE,FALSE,TRUE,TRUE,FALSE,FALSE
"51","Nonlabens",0.280051614675318,-0.203368477212172,0.240891158017769,0.700204973841175,1.16256494003263,-0.29044134904746,0.309638915681414,0.785914298043775,1,1,FALSE,FALSE,TRUE,TRUE,FALSE,FALSE
"52","Flagellimonas",0.111378450633898,0.133977850870669,0.406198958141981,0.492432178526877,0.274196790517042,0.272073712305859,0.797511212456953,0.799031633711023,1,1,FALSE,FALSE,TRUE,TRUE,FALSE,FALSE
"53","Christiangramia",0.0871977618371178,0.182339228464227,0.490244302527455,0.840477383587545,0.177865936202766,0.216947215980898,0.867472529333112,0.838865568515254,1,1,FALSE,FALSE,TRUE,TRUE,FALSE,FALSE
"54","Aequorivita",0.433932112947401,-0.729423400204887,0.199760031659738,0.458454212860845,2.17226694119944,-1.59104961791744,0.118204037206432,0.209830171353373,1,1,FALSE,FALSE,TRUE,TRUE,FALSE,FALSE
"55","Robiginitalea",0.411217770363835,-0.444718153322213,0.0830941676274505,0.323603262787454,4.94881629006158,-1.37426968285641,0.0158323769035877,0.26302816588725,1,1,FALSE,FALSE,TRUE,TRUE,FALSE,FALSE
"56","Polaribacter",0.250109570204716,-0.143484388270969,0.346964404105471,0.74398812668177,0.720850805573379,-0.192858438360996,0.51088122616577,0.856466156260836,1,1,FALSE,FALSE,TRUE,TRUE,FALSE,FALSE
"57","Leeuwenhoekiella",-0.0806354512682572,0.342542852418704,0.0593771077216712,0.266517247215031,-1.35802255047912,1.28525585491409,0.307367974561054,0.327439764524702,1,1,FALSE,FALSE,TRUE,TRUE,FALSE,FALSE
"58","Maribacter",0.274304604105611,-0.191874456072759,0.429076836320067,0.534401615267689,0.639290171098854,-0.359045426868042,0.557408779555648,0.737711527218076,1,1,FALSE,FALSE,TRUE,TRUE,FALSE,FALSE
"59","Tenacibaculum",-0.0402398831303224,0.437214518399109,0.384595739384537,0.628397471735865,-0.104629040339131,0.695761103543846,0.921706675519776,0.524885585131118,1,1,FALSE,FALSE,TRUE,TRUE,FALSE,FALSE
"60","Winogradskyella",0.626089990954267,-0.895445229770071,0.661448524802002,0.815654830942649,0.946543786066619,-1.09782373106919,0.397468588875385,0.333927622035518,1,1,FALSE,FALSE,TRUE,TRUE,FALSE,FALSE
"61","Salegentibacter",-0.122874951558206,0.706565917735812,0.245854273747533,0.365502161807756,-0.499787738830956,1.93313745188584,0.65158092582334,0.148708137769364,1,1,FALSE,FALSE,TRUE,TRUE,FALSE,FALSE
"62","Ornithobacterium",0.842937673574723,-1.32914059501098,0.473223990198151,0.567341974241881,1.78126572412731,-2.34275032582785,0.149463655629497,0.0791399381670054,1,1,FALSE,FALSE,TRUE,TRUE,FALSE,FALSE
"63","Chryseobacterium",0.346159752227539,-0.335584752316614,0.124380959664555,0.524324046099661,2.78306063211848,-0.640033114660601,0.0496628624072912,0.556971986539161,1,1,FALSE,FALSE,TRUE,TRUE,FALSE,FALSE
"64","Kaistella",0.432345817132126,-0.507956882125788,0.393121037669178,0.628284891979687,1.09977786916597,-0.808481770945101,0.333169704664638,0.464153808081419,1,1,FALSE,FALSE,TRUE,TRUE,FALSE,FALSE
"65","Epilithonimonas",0.557861035722635,-0.8904784648864,0.197930168941135,0.317547479916458,2.81847400377122,-2.80423722814828,0.106204967207503,0.107118548929341,1,1,FALSE,FALSE,TRUE,TRUE,FALSE,FALSE
"66","Elizabethkingia",0.358913326070403,-0.541876433012391,0.663532025095652,0.852488120501254,0.540913343283866,-0.635641037078351,0.626148554505427,0.570182434066992,1,1,FALSE,FALSE,TRUE,TRUE,FALSE,FALSE
"67","Riemerella",-0.0973348376763498,0.402869526744763,0.328476414703681,0.756635809846894,-0.29632215075215,0.532448400540656,0.786313513860665,0.631328732665065,1,1,FALSE,FALSE,TRUE,TRUE,FALSE,FALSE
"68","Blattabacterium",-0.032224844254585,0.47994064947676,0.37693511335039,0.451165563760576,-0.0854917547164929,1.06377943714573,0.93725641649673,0.365461302273127,1,1,FALSE,FALSE,TRUE,TRUE,FALSE,FALSE
"69","Pedobacter",0.759809885760972,-1.16288501938348,0.361686195656085,0.738306439622575,2.10074339271563,-1.57507094205754,0.103566342635659,0.190360622977055,1,1,FALSE,FALSE,TRUE,TRUE,FALSE,FALSE
"70","Mucilaginibacter",0.0580676003913284,0.240599551355808,0.511053616935935,0.56142845420824,0.113623303831558,0.428548908685284,0.915010952082475,0.690320882744866,1,1,FALSE,FALSE,TRUE,TRUE,FALSE,FALSE
"71","Sphingobacterium",0.217877584369312,-0.0790204166001602,0.152720525984603,0.26305549509087,1.42664244353951,-0.300394472173498,0.226841605596283,0.778841602372589,1,1,FALSE,FALSE,TRUE,TRUE,FALSE,FALSE
"72","Chitinophaga",0.303022220193217,-0.249309688247969,0.169428922993927,0.274351834843412,1.78849168629891,-0.908722510969406,0.148210740352953,0.414896714459822,1,1,FALSE,FALSE,TRUE,TRUE,FALSE,FALSE
"73","Niabella",0.472373848926446,-0.825527740152498,0.183436686952445,0.293687696992384,2.57513290702261,-2.81090338004151,0.0821260366995789,0.0672424477714527,1,1,FALSE,FALSE,TRUE,TRUE,FALSE,FALSE
"74","Pseudobacter",0.191344444007217,-0.201416938132244,0.115593055445365,0.309495722137897,1.65532819657713,-0.650790701535131,0.2396915156231,0.581960547610156,1,1,FALSE,FALSE,TRUE,TRUE,FALSE,FALSE
"75","Arachidicoccus",-0.0804346962608742,0.60046527949248,0.320236727659967,0.40054980322637,-0.25117261486097,1.49910267001961,0.817902210196398,0.230799365740523,1,1,FALSE,FALSE,TRUE,TRUE,FALSE,FALSE
"76","Niastella",-0.0126389655105937,0.250521537580058,0.307447541740092,0.414857544460241,-0.0411093399513285,0.603873645123181,0.970943580534287,0.60729953703943,1,1,FALSE,FALSE,TRUE,TRUE,FALSE,FALSE
"77","Phaeodactylibacter",0.845532524839466,-1.50979309979674,0.129706881721367,0.681422240583566,6.51879463616907,-2.21564987151544,0.0227329895989117,0.157072435460326,1,1,FALSE,FALSE,TRUE,TRUE,FALSE,FALSE
"78","Candidatus Sulfidibacterium",0.143909127296731,0.000796251789627292,0.0448613936064167,0.45862460131943,3.20786127509306,0.00173617330456442,0.0490362728733405,0.998723730841213,1,1,FALSE,FALSE,TRUE,TRUE,FALSE,FALSE
"79","Pelodictyon",0.133281182165787,-0.0852904144493842,0.368248569610024,0.58339337965664,0.36193265409539,-0.1461970900314,0.752065748780246,0.897171042034924,1,1,FALSE,FALSE,TRUE,TRUE,FALSE,FALSE
"80","Chlorobaculum",0.332871166000525,-0.314140479383362,0.186879498541754,0.345055780152395,1.78120750857083,-0.910404918429771,0.172907864236133,0.429732109133023,1,1,FALSE,FALSE,TRUE,TRUE,FALSE,FALSE
"81","Prosthecochloris",0.547121527567869,-0.981363865906648,0.138153450607762,0.280167196220184,3.96024511266986,-3.5027793372904,0.0582460606944645,0.0727241204148723,1,1,FALSE,FALSE,TRUE,TRUE,FALSE,FALSE
"82","Rubrivirga",0.386378997267043,-0.403320198160893,0.548209973528958,0.654121794192759,0.704801108925162,-0.616582724718146,0.531724172073848,0.581141114392824,1,1,FALSE,FALSE,TRUE,TRUE,FALSE,FALSE
"83","Salinibacter",0.0513218206160864,0.155108429590702,0.131238241221377,0.298840964250266,0.391058430366458,0.519033359365035,0.72187272030373,0.639596481831534,1,1,FALSE,FALSE,TRUE,TRUE,FALSE,FALSE
"84","Rhodothermus",-0.150209820163042,0.490994497555916,0.13262993542647,0.321111152767538,-1.13254839248805,1.52904840994845,0.33973887641825,0.223725818208734,1,1,FALSE,FALSE,TRUE,TRUE,FALSE,FALSE
"85","Rhodocaloribacter",0.227989154750729,-0.139337127300369,0.122670405134866,0.27243916767507,1.85855059743281,-0.511443080998369,0.160059956455501,0.644305794664948,1,1,FALSE,FALSE,TRUE,TRUE,FALSE,FALSE
"86","Gracilimonas",0.333291851928834,-0.31484162259721,0.296758284410815,0.514930765452867,1.12310883785621,-0.611425154059917,0.343160897935899,0.584133204458768,1,1,FALSE,FALSE,TRUE,TRUE,FALSE,FALSE
"87","Gemmatimonas",0.172319608122556,-0.231760027016021,0.0984509354745702,0.272811454843783,1.75030950485042,-0.849524544886619,0.22216788715531,0.485060215816349,1,1,FALSE,FALSE,TRUE,TRUE,FALSE,FALSE
"88","Gemmatirosa",-0.110978547443666,0.334836284116423,0.185358720226107,0.309032313756437,-0.598723099233156,1.0834992627351,0.610138009671752,0.391826956415032,1,1,FALSE,FALSE,TRUE,TRUE,FALSE,FALSE
"89","Pseudogemmatithrix",-0.256355738257322,0.869446228653108,0.133833544800433,0.357940635580506,-1.91548194168801,2.42902353694222,0.127935373066713,0.0720569144792848,1,1,FALSE,FALSE,TRUE,TRUE,FALSE,FALSE
"90","Candidatus Palauibacter",0.368289214566497,-0.633708914905727,0.484998054694908,0.541136508339229,0.759362251046909,-1.17107034018201,0.502853342084944,0.32612397259246,1,1,FALSE,FALSE,TRUE,TRUE,FALSE,FALSE
"91","Fibrobacter",0.33980720751891,-0.325700548580671,0.249439568117521,0.404896751678385,1.36228269670036,-0.804403955404858,0.26636902521878,0.480004173184007,1,1,FALSE,FALSE,TRUE,TRUE,FALSE,FALSE
"92","Klebsiella",-0.213073070435492,0.782880893009448,0.164646370151348,0.892439240625142,-1.2941255263607,0.877237191476532,0.265283306284552,0.429886817908476,1,1,FALSE,FALSE,TRUE,TRUE,FALSE,FALSE
"93","Raoultella",0.558920049754867,-0.690888618973932,0.0496305016951544,0.403625865220703,11.2616240147626,-1.71170551370922,0.00150132702126666,0.185473361494722,1,1,FALSE,FALSE,TRUE,TRUE,FALSE,FALSE
"94","Escherichia",0.0561256403644468,0.24448347140957,1.38478639696361,1.95479942563851,0.0405301788691111,0.125068315553506,0.969612764292187,0.906503189862851,1,1,FALSE,FALSE,TRUE,TRUE,FALSE,FALSE
"95","Enterobacter",-0.216077132670753,0.78888901747997,0.221139998669643,0.945442542707175,-0.977105607174875,0.834412438455613,0.383842953824692,0.45098267278646,1,1,FALSE,FALSE,TRUE,TRUE,FALSE,FALSE
"96","Citrobacter",-0.504862883697712,1.36646051953389,0.474900400736835,1.24719840962978,-1.06309214082445,1.09562400736184,0.347660773933111,0.334782661033112,1,1,FALSE,FALSE,TRUE,TRUE,FALSE,FALSE
"97","Cronobacter",0.606058482011069,-0.855382211883675,0.208569761265395,0.376963585542372,2.90578307389386,-2.26913751006734,0.0438629882346051,0.0858093576676575,1,1,FALSE,FALSE,TRUE,TRUE,FALSE,FALSE
"98","Kosakonia",0.543307054536903,-0.729879356935343,0.134941307746769,0.41062909837389,4.02624714113838,-1.77746623370262,0.0157825228040608,0.150126975883603,1,1,FALSE,FALSE,TRUE,TRUE,FALSE,FALSE
"99","Salmonella",0.227448133406902,-0.0981615146753391,0.369693821778841,0.475417984771644,0.615233796206003,-0.206474129754449,0.571678677929525,0.846504546883921,1,1,FALSE,FALSE,TRUE,TRUE,FALSE,FALSE
"100","Leclercia",0.275047276520207,-0.193359800901951,0.28648886870418,0.352449054086944,0.960062698995168,-0.548617732576613,0.391391179044487,0.612450937613127,1,1,FALSE,FALSE,TRUE,TRUE,FALSE,FALSE
"101","Pseudescherichia",0.371182885842341,-0.528578675765558,0.285921501587193,0.448116439076551,1.29819857472016,-1.17955653859702,0.28500987952288,0.323199227424688,1,1,FALSE,FALSE,TRUE,TRUE,FALSE,FALSE
"102","Pseudocitrobacter",0.274992909223087,-0.324742211887304,0.0400978814281435,0.245933722364839,6.85804085973672,-1.32044604849088,0.0206068642877215,0.317539953203872,1,1,FALSE,FALSE,TRUE,TRUE,FALSE,FALSE
"103","Kluyvera",0.41578555287327,-0.474836353608077,0.346762016063702,0.430273812327583,1.19905160776574,-1.10356786772458,0.296681328863297,0.331704194395174,1,1,FALSE,FALSE,TRUE,TRUE,FALSE,FALSE
"104","Lelliottia",0.00772718147675462,0.165817586928681,0.032347342455969,0.255103670109801,0.238881493503611,0.650000789315617,0.833444658642918,0.582379413285333,1,1,FALSE,FALSE,TRUE,TRUE,FALSE,FALSE
"105","Pluralibacter",-0.134098292790199,0.624931337718862,0.093017852864547,0.504294615402184,-1.44164038042755,1.23921873966564,0.22285460598694,0.283006909426803,1,1,FALSE,FALSE,TRUE,TRUE,FALSE,FALSE
"106","Scandinavium",-0.085795932786494,0.284471054802077,0.0778278002257419,0.48917904303507,-1.10238157236412,0.581527477213866,0.385212681897321,0.619695199607969,1,1,FALSE,FALSE,TRUE,TRUE,FALSE,FALSE
"107","Franconibacter",0.422294242612929,-0.768721485021807,0.978529819830663,1.02065368091122,0.431559911670355,-0.753165838127881,0.695195232136494,0.506066448817934,1,1,FALSE,FALSE,TRUE,TRUE,FALSE,FALSE
"108","Buttiauxella",-0.400847305961619,0.914573801152329,0.218203612165508,0.365106259373655,-1.83703331940067,2.50495240131268,0.207607664515544,0.129194670375457,1,1,FALSE,FALSE,TRUE,TRUE,FALSE,FALSE
"109","Phytobacter",-0.130619128069442,0.374117445367974,0.0466565974271187,0.24667189103521,-2.79958538068447,1.51666022341626,0.107419471468441,0.268623454392922,1,1,FALSE,FALSE,TRUE,TRUE,FALSE,FALSE
"110","Pantoea",0.0704441137072568,0.215846524723951,0.645690204640423,0.687459278974151,0.109098935063582,0.313977178468002,0.918378066544114,0.769231495049657,1,1,FALSE,FALSE,TRUE,TRUE,FALSE,FALSE
"111","Erwinia",-0.0076045064013365,0.371943764941137,0.370922653814553,0.524826248180397,-0.0205015960150508,0.708698862205705,0.984625149267882,0.517629576629379,1,1,FALSE,FALSE,TRUE,TRUE,FALSE,FALSE
"112","Buchnera",0.271322308043056,-0.185909863947648,0.114799156200483,0.599586349355256,2.36345211082583,-0.310063536549089,0.0773710828112755,0.771995460512024,1,1,FALSE,FALSE,TRUE,TRUE,FALSE,FALSE
"113","Mixta",-0.00370921569045353,0.36467992138975,0.403413097012643,0.519976262994332,-0.00919458420641532,0.701339555943778,0.993241140370329,0.53359977373236,1,1,FALSE,FALSE,TRUE,TRUE,FALSE,FALSE
"114","Serratia",0.477941182847282,-0.599147613556099,0.310938603833365,0.529788663463481,1.5370918147668,-1.13091814694408,0.199084650955562,0.321301423592043,1,1,FALSE,FALSE,TRUE,TRUE,FALSE,FALSE
"115","Rahnella",0.0937558224781105,0.169223107182241,0.199890432302536,0.417123709785933,0.469036068400764,0.40569045396409,0.663466435208942,0.705733339899933,1,1,FALSE,FALSE,TRUE,TRUE,FALSE,FALSE
"116","Yersinia",0.25104104579663,-0.145347339454795,0.361682462788628,0.46313554019015,0.694092392152675,-0.31383326659647,0.525826800944828,0.769333058126115,1,1,FALSE,FALSE,TRUE,TRUE,FALSE,FALSE
"117","Rouxiella",-0.262085034753308,0.677453188539692,0.2728093971646,0.41484069546536,-0.96068917521627,1.63304419249355,0.407578640435808,0.200965712515566,1,1,FALSE,FALSE,TRUE,TRUE,FALSE,FALSE
"118","Proteus",0.133717081645623,0.0893005888472185,0.610058358978706,0.745979099703499,0.21918736081164,0.119709237005048,0.837234373882705,0.910485109908171,1,1,FALSE,FALSE,TRUE,TRUE,FALSE,FALSE
"119","Xenorhabdus",0.437254979387094,-0.517775206635724,0.34102233497357,0.428946174881557,1.28218868544485,-1.20708666251353,0.269043298147682,0.293896921637495,1,1,FALSE,FALSE,TRUE,TRUE,FALSE,FALSE
"120","Providencia",-0.0358750626747401,0.428484877487943,0.479391147848136,0.526204836951223,-0.0748346373014481,0.814292928150452,0.94393940881884,0.461176020582139,1,1,FALSE,FALSE,TRUE,TRUE,FALSE,FALSE
"121","Morganella",-0.173952330222384,0.721894947066475,0.327109965344842,0.523409956131334,-0.53178548088256,1.37921516129001,0.631735617830729,0.261662888397774,1,1,FALSE,FALSE,TRUE,TRUE,FALSE,FALSE
"122","Arsenophonus",-0.318920296093701,0.772178624107014,0.048439413766758,0.252077544179524,-6.58390082153643,3.06325827879808,0.00712983726202105,0.0548522514883039,1,1,FALSE,FALSE,TRUE,TRUE,FALSE,FALSE
"123","Dickeya",-0.00273563064357764,0.362206013425618,0.326157122825152,0.40388176168232,-0.00838746252076847,0.896812007348126,0.993709495303663,0.420515645133389,1,1,FALSE,FALSE,TRUE,TRUE,FALSE,FALSE
"124","Pectobacterium",0.147611653265664,0.0615114456071364,0.035203834930308,0.206478113905662,4.19305605647471,0.297907823950971,0.0137725709960223,0.780606226556151,1,1,FALSE,FALSE,TRUE,TRUE,FALSE,FALSE
"125","Brenneria",-0.0316590293859535,0.176197248000997,0.0502335147407634,0.277999691774867,-0.630237194218522,0.633803753076412,0.592946031436289,0.591026868627226,1,1,FALSE,FALSE,TRUE,TRUE,FALSE,FALSE
"126","Musicola",0.459762779087432,-0.738253608292673,0.0571337732783762,0.250707236752281,8.04712786686261,-2.94468407795554,0.0150937780733123,0.09856834592289,1,1,FALSE,FALSE,TRUE,TRUE,FALSE,FALSE
"127","Edwardsiella",0.75078410685757,-1.14483346157668,0.55864138782317,0.653133249268403,1.34394644439631,-1.75283292170326,0.250133245609094,0.154504190248536,1,1,FALSE,FALSE,TRUE,TRUE,FALSE,FALSE
"128","Sodalis",-0.175980845646876,0.708696443432217,0.224139720094022,0.339409318887803,-0.785139044400769,2.0880288312487,0.476267035372164,0.105064548357114,1,1,FALSE,FALSE,TRUE,TRUE,FALSE,FALSE
"129","Gallaecimonas",0.361158961107036,-0.609438732984984,0.602223099828549,0.658389883190221,0.599709578078053,-0.925650209009827,0.609593495452293,0.452347804416231,1,1,FALSE,FALSE,TRUE,TRUE,FALSE,FALSE
"130","Pseudomonas",0.173728108090994,0.00927853595647394,0.0357574629375912,0.258669003161482,4.85851326740402,0.0358703046869575,0.00828819849852827,0.973104480543525,1,1,FALSE,FALSE,TRUE,TRUE,FALSE,FALSE
"131","Stutzerimonas",0.174869844509049,0.00699506312036549,0.371362500642835,0.483025450340796,0.47088719029613,0.0144817692637731,0.662252647228491,0.989139147579236,1,1,FALSE,FALSE,TRUE,TRUE,FALSE,FALSE
"132","Halopseudomonas",0.10695481258629,0.142825126965885,0.243175898504527,0.49863242607683,0.439824889078383,0.286433692428735,0.682783637630705,0.788769263237264,1,1,FALSE,FALSE,TRUE,TRUE,FALSE,FALSE
"133","Metapseudomonas",-0.142593602144053,0.643498126870648,0.152894307028172,0.26699102946167,-0.93262859105525,2.41018632037235,0.41980845924469,0.0950011481687514,1,1,FALSE,FALSE,TRUE,TRUE,FALSE,FALSE
"134","Ectopseudomonas",-0.113061708182043,0.58285816850255,0.439369845177863,0.653612010761278,-0.257326963656949,0.891749476610261,0.809621721657701,0.422922972517944,1,1,FALSE,FALSE,TRUE,TRUE,FALSE,FALSE
"135","Azotobacter",0.578779001622499,-0.800823251106534,0.886558976366628,0.921718517183845,0.652837563040082,-0.868837108267407,0.549481042975396,0.433960407883035,1,1,FALSE,FALSE,TRUE,TRUE,FALSE,FALSE
"136","Marinobacter",-0.0186316122963872,0.393997976731237,0.282489568604181,0.375326198497711,-0.0659550453082163,1.04974813457803,0.950578494408553,0.353070407017507,1,1,FALSE,FALSE,TRUE,TRUE,FALSE,FALSE
"137","Xanthomonas",0.105841972393919,0.145050807350624,0.245890960407269,0.422001993036545,0.430442714195808,0.343720668963907,0.689051927555204,0.748363834377763,1,1,FALSE,FALSE,TRUE,TRUE,FALSE,FALSE
"138","Stenotrophomonas",0.113033222959418,0.13066830621963,0.294072948352761,0.386239496818617,0.384371373132309,0.338309021464455,0.720263508893837,0.75214194803517,1,1,FALSE,FALSE,TRUE,TRUE,FALSE,FALSE
"139","Pseudoxanthomonas",0.571310674245185,-0.711539659791129,0.0709905274878067,0.307969416726579,8.04770290435316,-2.3104231171852,0.00400706585413784,0.10399072437931,1,1,FALSE,FALSE,TRUE,TRUE,FALSE,FALSE
"140","Lysobacter",0.41479978447097,-0.472864816803477,0.333101415384865,0.39476710415969,1.24526575184831,-1.1978323721021,0.281000784473346,0.297105995098198,1,1,FALSE,FALSE,TRUE,TRUE,FALSE,FALSE
"141","Luteimonas",0.25714887376826,-0.157562995398057,0.377751816741517,0.517419385709932,0.680734975642006,-0.304516992887444,0.533404681855362,0.775919652034732,1,1,FALSE,FALSE,TRUE,TRUE,FALSE,FALSE
"142","Thermomonas",-0.347286728211486,1.05130820856144,0.103147903750087,0.341998434444248,-3.36688110553281,3.07401468158714,0.0281248581172296,0.0371473936056277,1,1,FALSE,FALSE,TRUE,TRUE,FALSE,FALSE
"143","Dyella",-0.261815434425509,0.880365620989482,0.392403647892563,0.47844669384007,-0.667209481439867,1.84004954433599,0.541156965180247,0.139590417106639,1,1,FALSE,FALSE,TRUE,TRUE,FALSE,FALSE
"144","Rhodanobacter",-0.0172312749608713,0.391197302060205,0.10957546059639,0.358662421034908,-0.157254871365232,1.09071170860727,0.882662548535535,0.336699250307287,1,1,FALSE,FALSE,TRUE,TRUE,FALSE,FALSE
"145","Luteibacter",-0.142637622617241,0.642009997372945,0.480247872135362,0.713714475829601,-0.297008338596111,0.899533383607907,0.781244931505096,0.419226270538127,1,1,FALSE,FALSE,TRUE,TRUE,FALSE,FALSE
"146","Tahibacter",-0.303148733471792,0.745892686403834,0.252447876573935,0.386310347360903,-1.20083693151211,1.93081208282262,0.315981364865081,0.149047550308738,1,1,FALSE,FALSE,TRUE,TRUE,FALSE,FALSE
"147","Halomonas",0.312426316679935,-0.268117881221406,0.0755840009764933,0.330645279805133,4.13349799750744,-0.810892813529419,0.0144527117439609,0.462916498187754,1,1,FALSE,FALSE,TRUE,TRUE,FALSE,FALSE
"148","Vreelandella",0.229903920727716,-0.103073089316969,0.289307164524084,0.640798956026273,0.794670678501559,-0.160850900813176,0.471291431982285,0.880007703611088,1,1,FALSE,FALSE,TRUE,TRUE,FALSE,FALSE
"149","Kushneria",0.475899800698006,-0.838920412166923,0.120227966173497,0.280374949904207,3.95831199549072,-2.99213753744244,0.0582980862112454,0.0958983785048827,1,1,FALSE,FALSE,TRUE,TRUE,FALSE,FALSE
"150","Salinicola",0.0459557633798355,0.164051858317787,0.0375413722867586,0.308979047876351,1.22413648144782,0.530948164431649,0.308266844245674,0.63224979365752,1,1,FALSE,FALSE,TRUE,TRUE,FALSE,FALSE
"151","Billgrantia",-0.0494747842662952,0.479093842829354,0.314810884276499,0.476381202225109,-0.157157159225922,1.00569426457546,0.885102367696985,0.388654356859837,1,1,FALSE,FALSE,TRUE,TRUE,FALSE,FALSE
"152","Cobetia",0.193265284369525,-0.0814640099983628,0.260656813366104,0.523335302686457,0.741454949416862,-0.155663127597509,0.51218508153627,0.886182942569289,1,1,FALSE,FALSE,TRUE,TRUE,FALSE,FALSE
"153","Marinomonas",-0.014928123782903,0.38659099970427,0.474282274023577,0.612761127527793,-0.031475188090544,0.630900007094094,0.976398479864497,0.562357856416492,1,1,FALSE,FALSE,TRUE,TRUE,FALSE,FALSE
"154","Marinobacterium",-0.0330462438882253,0.422827239914913,0.313318349196683,0.591977431307539,-0.105471779654631,0.714262432236626,0.921078959528304,0.514531890759467,1,1,FALSE,FALSE,TRUE,TRUE,FALSE,FALSE
"155","Neptuniibacter",-0.11746580619657,0.693043054331722,0.150419328632244,0.293919275679629,-0.780922287479152,2.35793672507255,0.491804973054027,0.0995860176964683,1,1,FALSE,FALSE,TRUE,TRUE,FALSE,FALSE
"156","Amphritea",-0.0381823716929209,0.257636693268032,0.487979844640967,0.589982028185546,-0.0782457966496826,0.436685663223299,0.944756357961103,0.704961943900865,1,1,FALSE,FALSE,TRUE,TRUE,FALSE,FALSE
"157","Alcanivorax",0.670322020560475,-0.983909288982487,0.177898316576458,0.395020966037857,3.76800654137939,-2.49077738544185,0.0196383000605657,0.0674283053406975,1,1,FALSE,FALSE,TRUE,TRUE,FALSE,FALSE
"158","Alloalcanivorax",0.00689245616037571,0.0990942769083383,0.291558409708495,0.384286832225061,0.0236400526648053,0.25786539792314,0.983286293412473,0.8206192084779,1,1,FALSE,FALSE,TRUE,TRUE,FALSE,FALSE
"159","Endozoicomonas",0.42821871423384,-0.499702676329215,0.166767962099839,0.289882767080976,2.56775167629306,-1.72380952949034,0.0621263187700863,0.159835896268343,1,1,FALSE,FALSE,TRUE,TRUE,FALSE,FALSE
"160","Haemophilus",-0.284079497812064,0.924893747762593,0.268465380765647,1.43306572592616,-1.05816063509525,0.645395204860441,0.349651316742778,0.553826482219177,1,1,FALSE,FALSE,TRUE,TRUE,FALSE,FALSE
"161","Gallibacterium",0.177982426320307,-0.0559925799163329,0.0381219514436755,0.320478407819886,4.66876483443595,-0.174715608134828,0.0185530218898463,0.872428975679501,1,1,FALSE,FALSE,TRUE,TRUE,FALSE,FALSE
"162","Aggregatibacter",0.00630906003385249,0.230129697227758,0.272149309819894,0.749281683572325,0.023182348094242,0.307133755266213,0.982960570391233,0.778827153712942,1,1,FALSE,FALSE,TRUE,TRUE,FALSE,FALSE
"163","Mannheimia",-0.0447564691851506,0.467298055126493,0.04018953874373,0.237099133199053,-1.11363480607583,1.97089735766423,0.346629829646771,0.143321510124131,1,1,FALSE,FALSE,TRUE,TRUE,FALSE,FALSE
"164","Pasteurella",0.36728568233746,-0.377836612536456,0.524794839300594,0.620543333016729,0.699865270830311,-0.608880302846263,0.522575862795455,0.575488232360476,1,1,FALSE,FALSE,TRUE,TRUE,FALSE,FALSE
"165","Actinobacillus",-0.375660764560028,0.866746071550893,0.0443967001118965,0.221844657992634,-8.46145690137376,3.9069954597675,0.0034651188267531,0.0297818256856609,1,1,FALSE,FALSE,TRUE,TRUE,FALSE,FALSE
"166","Aeromonas",0.154517607842372,0.0476995364537203,0.217604107275597,0.349748060788,0.710085897628185,0.136382561625219,0.516856029741117,0.89810751924453,1,1,FALSE,FALSE,TRUE,TRUE,FALSE,FALSE
"167","Oceanimonas",0.212112584252674,-0.0674904163668851,0.271612943763335,0.476961270438057,0.78093695136081,-0.141500831513845,0.478473430514216,0.8943147492936,1,1,FALSE,FALSE,TRUE,TRUE,FALSE,FALSE
"168","Zobellella",0.540412078278094,-0.660041999845978,0.13176429952793,0.334995807217247,4.10135431383328,-1.97029928621744,0.0262275977558709,0.143405023687391,1,1,FALSE,FALSE,TRUE,TRUE,FALSE,FALSE
"169","Oceanisphaera",-0.214649421733235,0.61057079334866,0.172580961264633,0.39794432876631,-1.24376072633003,1.53431208642055,0.339595730056356,0.264701247102114,1,1,FALSE,FALSE,TRUE,TRUE,FALSE,FALSE
"170","Pseudaeromonas",-1.00543377677903,2.12374674278716,0.252081946735556,0.364712649528316,-3.98851956595597,5.82306850484569,0.0574927754951519,0.0282478185866897,1,1,FALSE,FALSE,TRUE,TRUE,FALSE,FALSE
"171","Shewanella",-0.114476783063268,0.585688318265,0.200776292043611,0.368232636837517,-0.570170819961167,1.59053885960531,0.599060741529971,0.18692120314878,1,1,FALSE,FALSE,TRUE,TRUE,FALSE,FALSE
"172","Pseudoalteromonas",0.302376041626052,-0.248017331113642,0.212910688206261,0.360591329866244,1.42020132560523,-0.687807250400725,0.228575717501974,0.529382774745516,1,1,FALSE,FALSE,TRUE,TRUE,FALSE,FALSE
"173","Alteromonas",0.111943229444213,0.13284829325004,0.057736269892894,0.215914592042756,1.93887186775102,0.615281681488822,0.124538692626641,0.571650030248162,1,1,FALSE,FALSE,TRUE,TRUE,FALSE,FALSE
"174","Salinimonas",0.0652186255798911,0.131947087984361,0.242497545725177,0.351349189731205,0.268945507818885,0.375544022416291,0.805407174433784,0.732237304026879,1,1,FALSE,FALSE,TRUE,TRUE,FALSE,FALSE
"175","Thalassomonas",0.0442522955634388,0.166890971345115,0.0593245388941232,0.412672219914053,0.745935769385685,0.404415328417002,0.509836861359841,0.713013062017153,1,1,FALSE,FALSE,TRUE,TRUE,FALSE,FALSE
"176","Thalassotalea",-0.487221830790166,1.33117841371879,0.054982754716458,0.399254207198625,-8.86135722560159,3.33416252031264,0.000895673482752645,0.0289929544450272,0.969118708338362,1,FALSE,FALSE,TRUE,TRUE,FALSE,FALSE
"177","Colwellia",-0.11448449778505,0.454212602128969,0.319840068592588,0.473795295671221,-0.357942950327716,0.958668450866508,0.754633405760758,0.438889978377258,1,1,FALSE,FALSE,TRUE,TRUE,FALSE,FALSE
"178","Ferrimonas",0.23834319545233,-0.308843867120307,0.35721533553481,0.468750660009007,0.667225540850566,-0.658865988827349,0.552362730812562,0.55703740433862,1,1,FALSE,FALSE,TRUE,TRUE,FALSE,FALSE
"179","Psychromonas",0.183975778837738,-0.104532564930729,0.0856449410084024,0.27666548839763,2.14812196344077,-0.377830157046883,0.120922015084232,0.730705120146965,1,1,FALSE,FALSE,TRUE,TRUE,FALSE,FALSE
"180","Thioalkalivibrio",0.340519891205985,-0.56816059318288,0.423268966826997,0.512983573633798,0.80450001746801,-1.10756098710574,0.505540167503557,0.383420703447702,1,1,FALSE,FALSE,TRUE,TRUE,FALSE,FALSE
"181","Spiribacter",-0.495007378684597,1.06565709509184,0.135821767843132,0.368686333632001,-3.64453641375297,2.89041658960842,0.0356283273396696,0.0629916367259807,1,1,FALSE,FALSE,TRUE,TRUE,FALSE,FALSE
"182","Acidihalobacter",0.244372417758949,-0.323916922886858,0.952407234807964,0.987712897536609,0.256583957815296,-0.327946434327949,0.814089882801097,0.764506743594914,1,1,FALSE,FALSE,TRUE,TRUE,FALSE,FALSE
"183","Thioflavicoccus",0.0407665172242393,0.0313461547806108,0.572716543398935,0.645557865851339,0.0711809667349572,0.0485566924961445,0.949731090202108,0.965685453807213,1,1,FALSE,FALSE,TRUE,TRUE,FALSE,FALSE
"184","Thiocapsa",0.155146884740294,-0.0850501629217173,0.113630375192157,0.274004805844246,1.36536453811694,-0.310396610233409,0.305427348909335,0.785619400059094,1,1,FALSE,FALSE,TRUE,TRUE,FALSE,FALSE
"185","Wenzhouxiangella",0.464917600888116,-0.816956012547142,0.0338654432040891,0.260683832345118,13.7283778654927,-3.13389597351622,0.00526407109118805,0.0885100512140364,1,1,FALSE,FALSE,TRUE,TRUE,FALSE,FALSE
"186","Guyparkeria",0.416540598662431,-0.453589533819873,0.321665530926125,0.396773769742916,1.29494943851505,-1.14319435509502,0.285990867078518,0.335920291526874,1,1,FALSE,FALSE,TRUE,TRUE,FALSE,FALSE
"187","Vibrio",0.105389672811739,0.145955406514986,0.265224854786174,0.353546026931808,0.397359715388305,0.412832829099047,0.711393664416032,0.700898686328391,1,1,FALSE,FALSE,TRUE,TRUE,FALSE,FALSE
"188","Photobacterium",0.0325563907071417,0.29162197072418,0.267430268878982,0.436644264426023,0.121737867757499,0.667870837849028,0.908977408156364,0.540776058633557,1,1,FALSE,FALSE,TRUE,TRUE,FALSE,FALSE
"189","Enterovibrio",-0.311369163996849,0.804010277875888,0.0736304583940202,0.254340086654777,-4.22880925622672,3.16116223930989,0.0516273485253607,0.087182760206296,1,1,FALSE,FALSE,TRUE,TRUE,FALSE,FALSE
"190","Acinetobacter",0.075753268308707,0.205228215521048,0.241140717996556,0.327765837824931,0.314145487075264,0.626142788043292,0.769112721541693,0.565177260659422,1,1,FALSE,FALSE,TRUE,TRUE,FALSE,FALSE
"191","Psychrobacter",0.631377478383974,-0.906020204629486,0.710726424887371,0.81324703401401,0.888355148022009,-1.11407747798054,0.424543399178189,0.327670980844288,1,1,FALSE,FALSE,TRUE,TRUE,FALSE,FALSE
"192","Faucicola",0.170172960175118,-0.13841827892728,0.504071723624472,0.590540135619065,0.337596719275401,-0.234392669656865,0.75790887190186,0.829766281851378,1,1,FALSE,FALSE,TRUE,TRUE,FALSE,FALSE
"193","Moraxella",0.16371273391129,-0.0322097592346371,0.248603771365845,0.334992961480978,0.658528762503648,-0.0961505552004445,0.557226613723959,0.929464034531072,1,1,FALSE,FALSE,TRUE,TRUE,FALSE,FALSE
"194","Microbulbifer",0.0884454443531782,0.179843863432107,0.371092460877838,0.434649400526721,0.238338025364234,0.413767655526884,0.823330846521576,0.70026716307173,1,1,FALSE,FALSE,TRUE,TRUE,FALSE,FALSE
"195","Cellvibrio",0.163464781408762,0.0298051893209388,0.395277357099066,0.491068841001139,0.41354451114637,0.0606945235217432,0.700417881978269,0.954514009236345,1,1,FALSE,FALSE,TRUE,TRUE,FALSE,FALSE
"196","Teredinibacter",0.490672521356368,-0.577142738309768,0.254871632282525,0.466165361570922,1.92517510466782,-1.23806439921848,0.14987409787515,0.303747776800162,1,1,FALSE,FALSE,TRUE,TRUE,FALSE,FALSE
"197","Spongiibacter",-0.0415706132940966,0.264413176470384,0.289619128825663,0.384331393100767,-0.143535454521445,0.687982249737945,0.89902386260384,0.562541241663681,1,1,FALSE,FALSE,TRUE,TRUE,FALSE,FALSE
"198","Methylomonas",-0.203149365315172,0.763033482768807,0.360629371509374,0.49665390256896,-0.563318967794865,1.53634850913682,0.603297248179565,0.199259425563368,1,1,FALSE,FALSE,TRUE,TRUE,FALSE,FALSE
"199","Methylocaldum",0.0297529278662194,0.297228896406025,0.172874772702107,0.280490168220634,0.172106822766378,1.05967670200912,0.871710290412732,0.34903829308329,1,1,FALSE,FALSE,TRUE,TRUE,FALSE,FALSE
"200","Methylococcus",-0.296487952963339,1.02823400391886,0.213187196349894,0.316023123777356,-1.39073996018376,3.25366698369601,0.258510627410322,0.0473578776002332,1,1,FALSE,FALSE,TRUE,TRUE,FALSE,FALSE
"201","Methylobacter",-0.426778302888977,0.951941968765807,0.0315387776923289,0.433149839222474,-13.5318593210028,2.19771977862116,0.000872821166978245,0.115417701579958,0.945265323837439,1,FALSE,FALSE,TRUE,TRUE,FALSE,FALSE
"202","Methylomarinovum",-0.0033036526219903,0.11948649447307,0.325412391999516,0.455338314373728,-0.0101522028761437,0.26241256380415,0.992821493467098,0.817560431744488,1,1,FALSE,FALSE,TRUE,TRUE,FALSE,FALSE
"203","Thiomicrorhabdus",0.250762623889184,-0.271499677559342,0.24632795638953,0.338078696017054,1.01800310271174,-0.803066507171002,0.383624801723489,0.480669810960943,1,1,FALSE,FALSE,TRUE,TRUE,FALSE,FALSE
"204","Thiothrix",-0.277024306363762,0.702351974557115,0.252447876573935,0.416062095453401,-1.09735249162466,1.68809411439351,0.352672809160133,0.189976825410903,1,1,FALSE,FALSE,TRUE,TRUE,FALSE,FALSE
"205","Cardiobacterium",0.67380170646571,-0.990868660792957,0.4193796946882,0.510621797756291,1.60666268538983,-1.94051383068037,0.183404247096639,0.124303954599103,1,1,FALSE,FALSE,TRUE,TRUE,FALSE,FALSE
"206","Legionella",0.16409857525656,-0.0328528281434224,0.147533323102707,0.306733586052128,1.11228142771732,-0.107105415374498,0.347128198459942,0.921466275671448,1,1,FALSE,FALSE,TRUE,TRUE,FALSE,FALSE
"207","Solimonas",0.541779898257269,-0.66232169981127,0.035007594006994,0.225539042300225,15.4760677968623,-2.93661661881859,0.000586137261155008,0.060675587479189,0.635958928353184,1,FALSE,FALSE,TRUE,TRUE,FALSE,FALSE
"208","Hydrocarboniphaga",-0.269838635665014,0.961610710673051,0.15917650134226,0.271044804862565,-1.69521652624346,3.54779244398593,0.188605396014254,0.0381507516495735,1,1,FALSE,FALSE,TRUE,TRUE,FALSE,FALSE
"209","Thiohalobacter",0.243449477570078,-0.165104331999285,0.0330724819968263,0.36276889006622,7.36108882282982,-0.455122631847363,0.00518224502467729,0.679939042245447,1,1,FALSE,FALSE,TRUE,TRUE,FALSE,FALSE
"210","Immundisolibacter",0.0646436260137065,-0.0164080627983235,0.0355044687140262,0.255636398960644,1.82071802100136,-0.0641851585495445,0.210248463016774,0.95466091136859,1,1,FALSE,FALSE,TRUE,TRUE,FALSE,FALSE
"211","Gilliamella",-0.195352292860891,0.615948192280652,0.330582724729544,0.525222939753715,-0.59093315605258,1.17273665268596,0.614452245947303,0.361672455768932,1,1,FALSE,FALSE,TRUE,TRUE,FALSE,FALSE
"212","Salinisphaera",0.0182143395649333,0.0764505100992233,0.034848849516477,0.273524968496464,0.522666883344922,0.279501028807217,0.653336588641748,0.806113302386604,1,1,FALSE,FALSE,TRUE,TRUE,FALSE,FALSE
"213","Bradyrhizobium",0.346738962909697,-0.336743173680932,0.179303599701299,0.307406039288929,1.93380926812026,-1.09543447636834,0.125265489867928,0.334856425063436,1,1,FALSE,FALSE,TRUE,TRUE,FALSE,FALSE
"214","Rhodopseudomonas",0.251213600756224,-0.145692449373987,0.0980601988741962,0.457383122071987,2.56183042294777,-0.318534817625072,0.0625168009925889,0.766017934931661,1,1,FALSE,FALSE,TRUE,TRUE,FALSE,FALSE
"215","Tardiphaga",0.397798663453354,-0.438862574768243,0.292200524380895,0.468468136417655,1.36138928667632,-0.936803467839236,0.245031524617907,0.401896865389735,1,1,FALSE,FALSE,TRUE,TRUE,FALSE,FALSE
"216","Nitrobacter",-0.272085341447457,0.96722747512916,0.207042377531628,0.494610319734524,-1.31415290285629,1.95553436015712,0.280243882896975,0.145485016803023,1,1,FALSE,FALSE,TRUE,TRUE,FALSE,FALSE
"217","Afipia",-0.13173614969371,0.620207051525884,0.234896335568924,0.355657643403885,-0.560826755234994,1.74383163986041,0.604842898716064,0.156137313054779,1,1,FALSE,FALSE,TRUE,TRUE,FALSE,FALSE
"218","Rugositalea",-0.316223685461124,0.745326560151338,0.165182713081276,0.298063964900026,-1.91438728401035,2.50055910113565,0.195669579423927,0.129564543355624,1,1,FALSE,FALSE,TRUE,TRUE,FALSE,FALSE
"219","Rhizobium",0.243170394031601,-0.129606035924738,0.220390510189717,0.378894213480469,1.10336145518369,-0.342063909433177,0.331783858602556,0.749519592203732,1,1,FALSE,FALSE,TRUE,TRUE,FALSE,FALSE
"220","Agrobacterium",0.222893645150626,-0.0890525381627872,0.192354654616939,0.327792746927914,1.15876397997492,-0.271673302711518,0.311018665808721,0.799318504118838,1,1,FALSE,FALSE,TRUE,TRUE,FALSE,FALSE
"221","Neorhizobium",-0.372809008101661,1.10235276834179,0.302530829499647,0.406310022670998,-1.2323008822547,2.71308288457948,0.285318653859017,0.0533668963059806,1,1,FALSE,FALSE,TRUE,TRUE,FALSE,FALSE
"222","Allorhizobium",0.187291162076549,-0.07150713951007,0.181214641819183,0.398735844013823,1.03353217044917,-0.179334616096342,0.377367916245215,0.869103363993067,1,1,FALSE,FALSE,TRUE,TRUE,FALSE,FALSE
"223","Pararhizobium",-0.258771569788351,0.874277891715164,0.46036235209119,0.58763485775207,-0.562104109106413,1.48779106647896,0.604050380591419,0.211022537720089,1,1,FALSE,FALSE,TRUE,TRUE,FALSE,FALSE
"224","Ensifer",0.8612017749774,-1.19469149434482,0.150703485686647,0.417100307156137,5.71454449811513,-2.86427862518356,0.0106318079481544,0.0643509749866355,1,1,FALSE,FALSE,TRUE,TRUE,FALSE,FALSE
"225","Sinorhizobium",0.0430176682344042,0.270699415669654,0.200982124196655,0.385929255857383,0.214037285188173,0.701422376150952,0.840985939213896,0.521701492630957,1,1,FALSE,FALSE,TRUE,TRUE,FALSE,FALSE
"226","Shinella",-0.122452050225241,0.601638852588946,0.47173149710089,0.601879771318215,-0.259579975002288,0.999599722833779,0.808000497879248,0.374072849710586,1,1,FALSE,FALSE,TRUE,TRUE,FALSE,FALSE
"227","Hoeflea",0.157046281047911,-0.0210990044623397,0.247308445588124,0.340737579209068,0.635021908266982,-0.0619215658904295,0.57053601124353,0.954519875648633,1,1,FALSE,FALSE,TRUE,TRUE,FALSE,FALSE
"228","Mesorhizobium",0.0978035435391018,0.161127665060259,0.140043129553027,0.418565239456954,0.698381590380472,0.384952332088795,0.523409990139991,0.719865613375545,1,1,FALSE,FALSE,TRUE,TRUE,FALSE,FALSE
"229","Aminobacter",-0.184903914152153,0.548817987537768,0.103417163787026,0.285797437080719,-1.78794222720068,1.9203040907003,0.171743002869361,0.150592654116535,1,1,FALSE,FALSE,TRUE,TRUE,FALSE,FALSE
"230","Phyllobacterium",0.513342573391661,-0.669950394644858,0.305161828143392,0.4310422509688,1.68219785716596,-1.55425690437328,0.167821594805497,0.195091982176045,1,1,FALSE,FALSE,TRUE,TRUE,FALSE,FALSE
"231","Nitratireductor",0.0439457517180557,0.167401877754087,0.0765722018376828,0.432406844666089,0.573912603573965,0.387139750027216,0.606230646327183,0.724483228429707,1,1,FALSE,FALSE,TRUE,TRUE,FALSE,FALSE
"232","Devosia",0.346394027561441,-0.336053302984419,0.177900368285193,0.316819120868696,1.94712372380329,-1.06071029445124,0.123363848589954,0.348620909271032,1,1,FALSE,FALSE,TRUE,TRUE,FALSE,FALSE
"233","Pelagibacterium",0.508156334136354,-0.60628242627641,0.0573774997080377,0.226004750483967,8.85636942568218,-2.68260921497497,0.00303473803281401,0.074882651256261,1,1,FALSE,FALSE,TRUE,TRUE,FALSE,FALSE
"234","Methylobacterium",0.228361806908474,-0.0999888616784847,0.24605178289738,0.394233976370238,0.928104662438944,-0.253628219970016,0.405886809772365,0.812285769630512,1,1,FALSE,FALSE,TRUE,TRUE,FALSE,FALSE
"235","Microvirga",0.532608964143944,-0.708483176149426,0.451512715409226,0.596981670434445,1.17961011056182,-1.18677542584153,0.303521212369792,0.300983316023437,1,1,FALSE,FALSE,TRUE,TRUE,FALSE,FALSE
"236","Methylorubrum",0.194165146913431,-0.0315955416883975,0.641967666156661,0.763124805301841,0.30245315636512,-0.0414028497945372,0.777381896593728,0.968958947134874,1,1,FALSE,FALSE,TRUE,TRUE,FALSE,FALSE
"237","Roseibium",-0.0445816815699586,0.445898115278379,0.116572362051519,0.358393625399005,-0.382437833336995,1.2441574952176,0.721588550286317,0.281367437027851,1,1,FALSE,FALSE,TRUE,TRUE,FALSE,FALSE
"238","Stappia",0.114388318205137,0.12795811572819,0.460302143420938,0.615362243381995,0.248507029220003,0.207939497595659,0.815979415693708,0.845434467378737,1,1,FALSE,FALSE,TRUE,TRUE,FALSE,FALSE
"239","Breoghania",-0.562950264903658,1.17889523879028,0.238556708600423,0.327408358578306,-2.3598173709153,3.60068766695313,0.0994163827727338,0.0367443522007702,1,1,FALSE,FALSE,TRUE,TRUE,FALSE,FALSE
"240","Aureimonas",0.532776306657683,-0.708817861176902,0.396659004497319,0.69964027174252,1.34315949119286,-1.01311758314244,0.250365856170873,0.368306130946401,1,1,FALSE,FALSE,TRUE,TRUE,FALSE,FALSE
"241","Martelella",-0.0938477042398116,0.397057637683865,0.221993656016207,0.405006608977271,-0.422749487187869,0.980373230665349,0.700950445881509,0.399197720913482,1,1,FALSE,FALSE,TRUE,TRUE,FALSE,FALSE
"242","Bosea",0.39981553669811,-0.442896321257755,0.34349072644612,0.471760367573981,1.16397767367622,-0.938816296789283,0.309127542609306,0.400978358042123,1,1,FALSE,FALSE,TRUE,TRUE,FALSE,FALSE
"243","Ancylobacter",-0.100584597659154,0.5384756156584,0.41551758570168,0.5000913874294,-0.242070615349042,1.07675442767832,0.824329840237059,0.360466099099597,1,1,FALSE,FALSE,TRUE,TRUE,FALSE,FALSE
"244","Labrys",-0.0297519830069825,0.290231435629151,0.13262993542647,0.520463609547617,-0.224323286528908,0.557640208277804,0.836915383380907,0.615997123835565,1,1,FALSE,FALSE,TRUE,TRUE,FALSE,FALSE
"245","Xanthobacter",0.0844291753755085,0.187876401387446,0.336067771585552,0.604327184420576,0.251226634964655,0.310885239371749,0.814017178966649,0.771414800908659,1,1,FALSE,FALSE,TRUE,TRUE,FALSE,FALSE
"246","Hyphomicrobium",0.0690111017802396,0.218712548577985,0.552660068111262,0.80815824546963,0.124870794476047,0.27063084464465,0.906649894509984,0.800065544819508,1,1,FALSE,FALSE,TRUE,TRUE,FALSE,FALSE
"247","Methylosinus",0.21453758671414,-0.0723404212898166,0.428361987841354,0.533737901653557,0.500832456668857,-0.135535477367639,0.642793556507605,0.898735551568927,1,1,FALSE,FALSE,TRUE,TRUE,FALSE,FALSE
"248","Methylocystis",0.464887378372503,-0.573040004606542,0.58106483168198,0.740671970417686,0.800061117150761,-0.773675834233863,0.468495507837608,0.48230456956978,1,1,FALSE,FALSE,TRUE,TRUE,FALSE,FALSE
"249","Cohaesibacter",0.352725881357086,-0.347231671644297,0.141909057626315,0.467742319564283,2.48557694101464,-0.742356757386747,0.0888306267265966,0.511711771672552,1,1,FALSE,FALSE,TRUE,TRUE,FALSE,FALSE
"250","Brucella",-0.175385744625987,0.707506241390438,0.222368296318219,0.343927243412372,-0.788717400501201,2.05713927855994,0.474394350517662,0.108805051788661,1,1,FALSE,FALSE,TRUE,TRUE,FALSE,FALSE
"251","Pseudochrobactrum",-0.35183035590426,0.82702872379128,0.0570701375195581,0.252217607343421,-6.16487660965749,3.27902850440252,0.0085904695625666,0.0464598191649338,1,1,FALSE,FALSE,TRUE,TRUE,FALSE,FALSE
"252","Oricola",-0.185373141009531,0.483625471248151,0.0524991542278566,0.254974171318507,-3.53097385540679,1.89676259656912,0.071688761257888,0.198307458103646,1,1,FALSE,FALSE,TRUE,TRUE,FALSE,FALSE
"253","Oceaniradius",-0.0436577836592505,0.313407770049598,0.199158292366439,0.321301682270916,-0.219211478168948,0.975431463148512,0.840552855385022,0.401286524560007,1,1,FALSE,FALSE,TRUE,TRUE,FALSE,FALSE
"254","Bartonella",0.503864187620066,-0.65099362310167,0.0820554552763295,0.273391230192903,6.14053247189057,-2.38117961078098,0.00356609811900853,0.0758918350964405,1,1,FALSE,FALSE,TRUE,TRUE,FALSE,FALSE
"255","Pyruvatibacter",-1.06860132099445,2.25008183121799,0.116893601594955,0.351554910019679,-9.14165793862043,6.40037094373691,0.0117554462377774,0.0235522491391755,1,1,FALSE,FALSE,TRUE,TRUE,FALSE,FALSE
"256","Pseudorhodoplanes",0.375910255022624,-0.385872294420193,0.171567489520368,0.281898401613197,2.19103430418848,-1.36883463053353,0.116141862504689,0.26453738067069,1,1,FALSE,FALSE,TRUE,TRUE,FALSE,FALSE
"257","Phreatobacter",0.506481862785718,-0.656228973432972,0.0647013900119056,0.216551088322369,7.82799044491193,-3.03036562188077,0.00143786727563139,0.0387666407868624,1,1,FALSE,FALSE,TRUE,TRUE,FALSE,FALSE
"258","Acuticoccus",-0.536699017389971,1.18627722400903,0.134274010083786,0.420692330773691,-3.99704318844038,2.81982136880737,0.0572684711563469,0.106119078069876,1,1,FALSE,FALSE,TRUE,TRUE,FALSE,FALSE
"259","Lichenihabitans",-0.096779582949969,0.306438355129029,0.0401206803712943,0.449719268442929,-2.41221190803168,0.681399211979544,0.137326730909672,0.565935360640244,1,1,FALSE,FALSE,TRUE,TRUE,FALSE,FALSE
"260","Chelatococcus",-0.00511371422731429,0.249167654329703,0.048349077681793,0.461741832017068,-0.105766531079868,0.539625472617982,0.922443105028972,0.62693482745196,1,1,FALSE,FALSE,TRUE,TRUE,FALSE,FALSE
"261","Reyranella",-0.0402035869101318,0.387523088785846,0.100980185144592,0.281124075045574,-0.398133424419501,1.3784770611447,0.71717243505069,0.261866170672107,1,1,FALSE,FALSE,TRUE,TRUE,FALSE,FALSE
"262","Pleomorphomonas",-0.161424008376736,0.679582768891934,0.345288825711442,0.542749471651967,-0.46750429309183,1.25211134121142,0.664471771102924,0.278746090702024,1,1,FALSE,FALSE,TRUE,TRUE,FALSE,FALSE
"263","Methyloraptor",0.0618667508583556,0.244711661694408,0.813296772961569,0.884632712826541,0.0760690966878815,0.276625155441648,0.944152992775338,0.800031808684636,1,1,FALSE,FALSE,TRUE,TRUE,FALSE,FALSE
"264","Leisingera",0.792653788111907,-1.080444849569,0.0890428264124881,0.242570211258387,8.90193876416235,-4.45415306341183,0.00298972390187645,0.0210616362413442,1,1,FALSE,FALSE,TRUE,TRUE,FALSE,FALSE
"265","Roseovarius",0.528978598244823,-0.640986199790527,0.0316206107394716,0.345455708426735,16.7289178125995,-1.85548012134374,0.000465059581085849,0.160548473511924,0.505984824221404,1,FALSE,FALSE,TRUE,TRUE,FALSE,FALSE
"266","Thalassovita",0.189672010665251,-0.0754752204912385,0.444633714878005,0.659533104077595,0.426580361134538,-0.11443734973212,0.69844466865466,0.916120368302782,1,1,FALSE,FALSE,TRUE,TRUE,FALSE,FALSE
"267","Sulfitobacter",-0.139250786429625,0.635236324997713,0.397926494267866,0.498931279592154,-0.349940977631632,1.27319402687476,0.744031693069182,0.271910413625907,1,1,FALSE,FALSE,TRUE,TRUE,FALSE,FALSE
"268","Phaeobacter",0.12544442283812,0.0315707592206472,0.211752283975845,0.477473125949254,0.592411191429836,0.0661204945469593,0.595260446809012,0.951441641281764,1,1,FALSE,FALSE,TRUE,TRUE,FALSE,FALSE
"269","Tateyamaria",0.128305487744943,-0.143731786260796,0.25256565127347,0.384793805065317,0.508008460762618,-0.373529366556197,0.661933610597715,0.744632190592524,1,1,FALSE,FALSE,TRUE,TRUE,FALSE,FALSE
"270","Celeribacter",0.0225761830418137,0.311582386054837,0.237552742257459,0.513330968771531,0.0950365077972693,0.606981470065005,0.928856421286309,0.576630055142046,1,1,FALSE,FALSE,TRUE,TRUE,FALSE,FALSE
"271","Sagittula",0.311099485208021,-0.277854344729188,0.0393157570336806,0.468786327832789,7.91284484084871,-0.592710000766695,0.00420774810670279,0.595084409745632,1,1,FALSE,FALSE,TRUE,TRUE,FALSE,FALSE
"272","Ketogulonicigenium",-0.700034730627257,1.5129486504836,0.31533553388676,0.526853728627737,-2.21996779747203,2.87166734953985,0.156597897381184,0.102887469900276,1,1,FALSE,FALSE,TRUE,TRUE,FALSE,FALSE
"273","Alloyangia",0.249980218714831,-0.175988900573873,0.0408116330744009,0.44367440321028,6.12521969554878,-0.396662280493253,0.00874838363871083,0.71814842083422,1,1,FALSE,FALSE,TRUE,TRUE,FALSE,FALSE
"274","Jannaschia",-0.0295195451491068,0.289844039199357,0.213722895748598,0.33024085197443,-0.138120649384381,0.877674695503147,0.898894784776235,0.444733706315043,1,1,FALSE,FALSE,TRUE,TRUE,FALSE,FALSE
"275","Ruegeria",0.0540774883945188,0.248579775349426,0.0500853062234152,0.395512218698833,1.07970765224626,0.628500874555053,0.341028645947677,0.563778522960071,1,1,FALSE,FALSE,TRUE,TRUE,FALSE,FALSE
"276","Pseudosulfitobacter",0.126785726225847,-0.140692263222605,0.122670405134865,0.340771130311157,1.03354779081766,-0.412864385237502,0.409952137484394,0.719758900689394,1,1,FALSE,FALSE,TRUE,TRUE,FALSE,FALSE
"277","Salipiger",0.535874819527223,-0.652479901927859,0.178818231085055,0.294738333374413,2.9967571889934,-2.21375989494722,0.0578181154481414,0.113702257166702,1,1,FALSE,FALSE,TRUE,TRUE,FALSE,FALSE
"278","Roseobacter",-0.0033800708647371,0.246278248725408,0.054697230363256,0.317285644628614,-0.0617960149405981,0.776203565760686,0.954611933813114,0.494205609147269,1,1,FALSE,FALSE,TRUE,TRUE,FALSE,FALSE
"279","Marinovum",-0.0541823581070871,0.289636666096365,0.0317901165428953,0.287601586429464,-1.7043774606481,1.00707603769564,0.230425636866501,0.419935783470502,1,1,FALSE,FALSE,TRUE,TRUE,FALSE,FALSE
"280","Octadecabacter",-0.334269795145681,0.797761122526982,0.0977078292994092,0.473986870231794,-3.42111576464735,1.68308696427994,0.0418087861497873,0.190947730450813,1,1,FALSE,FALSE,TRUE,TRUE,FALSE,FALSE
"281","Roseivivax",-0.583072200988597,1.74469462398201,0.236004314035397,0.407994013913463,-2.47059975734657,4.27627505425133,0.0900165252993207,0.0234833952257419,1,1,FALSE,FALSE,TRUE,TRUE,FALSE,FALSE
"282","Paracoccus",0.174509609273436,0.0077155335915917,0.231518557042427,0.46082186522507,0.753760784892316,0.0167429850313708,0.492932634447935,0.987443494535001,1,1,FALSE,FALSE,TRUE,TRUE,FALSE,FALSE
"283","Tabrizicola",0.510540276196677,-0.66434580025489,0.414310689002406,0.508275653620163,1.23226431214212,-1.30705808063622,0.285330922060741,0.26126702495598,1,1,FALSE,FALSE,TRUE,TRUE,FALSE,FALSE
"284","Thioclava",0.223773190371012,-0.204026093763914,0.505178745302948,0.698764967262633,0.442958442831594,-0.291980999796217,0.687790111155419,0.789328302576524,1,1,FALSE,FALSE,TRUE,TRUE,FALSE,FALSE
"285","Roseinatronobacter",0.341933332431183,-0.329244090101126,0.396779195995623,0.574466327931528,0.86177233051038,-0.573130354370169,0.452189719679753,0.606697658941552,1,1,FALSE,FALSE,TRUE,TRUE,FALSE,FALSE
"286","Rhodovulum",-0.256235658777562,0.667704228580116,0.303112097807165,0.573372171693209,-0.845349494894047,1.16452151245558,0.46000522971674,0.328399263849217,1,1,FALSE,FALSE,TRUE,TRUE,FALSE,FALSE
"287","Pseudooceanicola",0.391883495187825,-0.670887801146561,0.0948503885582995,0.298936394484642,4.13159609722585,-2.24424932368357,0.0538902257806039,0.153965695558799,1,1,FALSE,FALSE,TRUE,TRUE,FALSE,FALSE
"288","Limimaricola",0.40784940604621,-0.634426862210228,0.0517755580649574,0.249729060393662,7.877257557215,-2.54046069452288,0.0157363292823716,0.126258657589063,1,1,FALSE,FALSE,TRUE,TRUE,FALSE,FALSE
"289","Tritonibacter",0.345246736632572,-0.465249866706274,0.050151973907259,0.304459991066863,6.88401093187283,-1.52811495880291,0.0204564071718184,0.266069903168137,1,1,FALSE,FALSE,TRUE,TRUE,FALSE,FALSE
"290","Aliiroseovarius",0.185183968022985,-0.25748874681688,0.162487941488664,0.312125460263261,1.13967822058909,-0.824952718050309,0.372520008334755,0.49613134115881,1,1,FALSE,FALSE,TRUE,TRUE,FALSE,FALSE
"291","Yoonia",-0.181442200723593,0.475763590676275,0.211534731544923,0.342789417565644,-0.857741891359626,1.38791796448957,0.481414096937668,0.299559649132363,1,1,FALSE,FALSE,TRUE,TRUE,FALSE,FALSE
"292","Cereibacter",0.442469504123858,-0.528204256109253,0.676157194994166,0.726739143349818,0.65438851704843,-0.726814099588139,0.548578464781433,0.507593415364313,1,1,FALSE,FALSE,TRUE,TRUE,FALSE,FALSE
"293","Pikeienuella",-0.751345050585611,1.4928865482602,0.253096590049639,0.369880321163744,-2.96860993045482,4.03613402184569,0.0591339876307182,0.027356191361748,1,1,FALSE,FALSE,TRUE,TRUE,FALSE,FALSE
"294","Gymnodinialimonas",-0.189775853482316,0.560823656846823,0.14298490204339,0.285222554929563,-1.32724400108151,1.96626685777119,0.315669630389192,0.188172370236754,1,1,FALSE,FALSE,TRUE,TRUE,FALSE,FALSE
"295","Cognatishimia",-0.565482741882448,1.18311603375493,0.203768798599405,0.350331874810878,-2.77511937926349,3.37712928460654,0.069271945639968,0.0431827669225482,1,1,FALSE,FALSE,TRUE,TRUE,FALSE,FALSE
"296","Rhodobacter",-0.464250323375831,1.0143953362439,0.0666536222185138,0.264628130087639,-6.96511769238673,3.83328611326375,0.00607241091216347,0.0312909317975833,1,1,FALSE,FALSE,TRUE,TRUE,FALSE,FALSE
"297","Sphingomonas",0.213065256072524,-0.0693957600065843,0.0559253918453433,0.232838246513291,3.80981248485011,-0.298042787410457,0.0189431918191709,0.780510409986345,1,1,FALSE,FALSE,TRUE,TRUE,FALSE,FALSE
"298","Novosphingobium",0.116151984477538,0.124430783183386,0.106328787412431,0.292882879117658,1.09238511323378,0.424848265484985,0.336045239830068,0.69280407055862,1,1,FALSE,FALSE,TRUE,TRUE,FALSE,FALSE
"299","Altererythrobacter",0.943105697488905,-1.52947664283935,0.540533962215541,0.622247821164765,1.74476677399382,-2.45798633730267,0.15596680074242,0.0698424935315792,1,1,FALSE,FALSE,TRUE,TRUE,FALSE,FALSE
"300","Qipengyuania",0.127119156223288,0.102496439691888,0.169923609482934,0.69944499312696,0.748095903859991,0.146539671738394,0.495988000330129,0.890584174019138,1,1,FALSE,FALSE,TRUE,TRUE,FALSE,FALSE
"301","Erythrobacter",0.187137995603677,-0.0175412390688915,0.600536041006325,0.695125920518801,0.311618259064166,-0.0252346208810625,0.770896962346966,0.981076544709516,1,1,FALSE,FALSE,TRUE,TRUE,FALSE,FALSE
"302","Porphyrobacter",-0.0388081542474506,0.190495497723991,0.277637690928229,0.388399689172255,-0.139779848037574,0.490462539066312,0.901640003259945,0.672336411950194,1,1,FALSE,FALSE,TRUE,TRUE,FALSE,FALSE
"303","Croceibacterium",-0.304617161242486,0.722113511714062,0.0907629257338033,0.260197541137067,-3.35618490457096,2.77525109790975,0.0784710191056611,0.109013281178741,1,1,FALSE,FALSE,TRUE,TRUE,FALSE,FALSE
"304","Tsuneonella",-0.0621937411381879,0.442498474355986,0.414130640230883,0.489511448484659,-0.150179037956511,0.903959398142357,0.890152197490323,0.432649847045745,1,1,FALSE,FALSE,TRUE,TRUE,FALSE,FALSE
"305","Aurantiacibacter",-0.196718393362502,0.568508786221683,0.364623563746027,0.571093931932503,-0.539510917345768,0.995473344109835,0.62700479811591,0.392878215685161,1,1,FALSE,FALSE,TRUE,TRUE,FALSE,FALSE
"306","Sphingopyxis",-0.331026239300441,1.01878723073935,0.636733592900122,0.741518562187924,-0.519881851674764,1.37392006443279,0.630591145122563,0.241429817931997,1,1,FALSE,FALSE,TRUE,TRUE,FALSE,FALSE
"307","Sphingobium",0.40182831076858,-0.446921869398696,0.468237900222265,0.52836091249248,0.858171264175409,-0.845864746675515,0.439177996494886,0.445261129978291,1,1,FALSE,FALSE,TRUE,TRUE,FALSE,FALSE
"308","Parasphingorhabdus",0.208566351178127,-0.0603979502177902,0.398382527203188,0.462300968138249,0.523532878418012,-0.130646384888661,0.628268394392634,0.902362084651271,1,1,FALSE,FALSE,TRUE,TRUE,FALSE,FALSE
"309","Sphingosinicella",-0.0653981582451777,0.243675505719446,0.0328511013102268,0.349759792672779,-1.99074477374732,0.696693876266729,0.184768745244328,0.558078238835106,1,1,FALSE,FALSE,TRUE,TRUE,FALSE,FALSE
"310","Sphingomicrobium",0.142973153120889,0.0707884458966856,0.679596790773169,0.778214508952438,0.210379382395597,0.0909626395837499,0.843653646165925,0.931895365956984,1,1,FALSE,FALSE,TRUE,TRUE,FALSE,FALSE
"311","Komagataeibacter",-0.112870611919711,0.582475975977885,0.0569210587228016,0.449589807658618,-1.9829324059023,1.29557202155297,0.11840369914331,0.264831136892035,1,1,FALSE,FALSE,TRUE,TRUE,FALSE,FALSE
"312","Acetobacter",0.105071672425148,0.146591407288167,0.417622174804544,0.491532676010161,0.251595051135213,0.298233290364478,0.813751487599868,0.780375171477857,1,1,FALSE,FALSE,TRUE,TRUE,FALSE,FALSE
"313","Gluconobacter",0.294951636554173,-0.250941263639442,0.0868961408572215,0.29415936290872,3.39430075541336,-0.85307930081869,0.0426396613105491,0.456312029067928,1,1,FALSE,FALSE,TRUE,TRUE,FALSE,FALSE
"314","Rhodovastum",-0.188019112121515,0.554009984153371,0.121837306413039,0.345940831343258,-1.54319820141225,1.60145878704806,0.220466928985852,0.207592824380651,1,1,FALSE,FALSE,TRUE,TRUE,FALSE,FALSE
"315","Novacetimonas",-0.318641557117791,0.818555064117773,0.158708756764317,0.515790504894584,-2.00771251450841,1.58699133921643,0.182457913970597,0.253421603961739,1,1,FALSE,FALSE,TRUE,TRUE,FALSE,FALSE
"316","Asaia",-0.39549950846629,0.972270966814771,0.0708555285968068,0.496281664878597,-5.58177345224285,1.95911119757489,0.0306293550434115,0.189183269353649,1,1,FALSE,FALSE,TRUE,TRUE,FALSE,FALSE
"317","Lichenicola",-0.386031939952438,0.884943069133965,0.139090088067,0.281408507331707,-2.77540941498638,3.14469195521103,0.109002804223256,0.0879810796479673,1,1,FALSE,FALSE,TRUE,TRUE,FALSE,FALSE
"318","Nguyenibacter",-0.417589962488165,1.0604235315352,0.119826025811579,0.302820369708984,-3.48496880923688,3.50182364731371,0.0733893170766338,0.0727595926392987,1,1,FALSE,FALSE,TRUE,TRUE,FALSE,FALSE
"319","Roseomonas",0.0474795018864802,0.261775748365504,0.429965593519543,0.523702568805633,0.110426282014405,0.49985576538705,0.917390013172227,0.643422929757057,1,1,FALSE,FALSE,TRUE,TRUE,FALSE,FALSE
"320","Sediminicoccus",-0.131036920741948,0.459039665187426,0.16754907678657,0.326065689248194,-0.782080828227226,1.40781345699337,0.491217064535174,0.253915351552036,1,1,FALSE,FALSE,TRUE,TRUE,FALSE,FALSE
"321","Humitalea",0.13397976173567,0.017345194391395,0.184904259758231,0.312432815105982,0.724589914320274,0.0555165576493981,0.521102303398181,0.959217415769722,1,1,FALSE,FALSE,TRUE,TRUE,FALSE,FALSE
"322","Muricoccus",-0.44218678615567,0.99725276154043,0.0317571327369023,0.246856584700961,-13.9240147975274,4.03980620062652,0.00511831221233928,0.0561621443502802,1,1,FALSE,FALSE,TRUE,TRUE,FALSE,FALSE
"323","Acidocella",0.374353512443884,-0.635827835658678,0.227311027776482,0.343139038937135,1.6468779192358,-1.8529743442429,0.241336426794486,0.205069767513327,1,1,FALSE,FALSE,TRUE,TRUE,FALSE,FALSE
"324","Elioraea",-0.49307672046058,1.06243933138515,0.0670255424256584,0.342237281683776,-7.3565494976408,3.10439390518193,0.00519143929393852,0.0531131236095945,1,1,FALSE,FALSE,TRUE,TRUE,FALSE,FALSE
"325","Azospirillum",0.277557838359959,-0.198380924581454,0.317503961131814,0.503197066137839,0.87418700973223,-0.394241019932957,0.431362365860148,0.713518490250995,1,1,FALSE,FALSE,TRUE,TRUE,FALSE,FALSE
"326","Skermanella",0.28276278246819,-0.23062650682947,0.166417057190089,0.347019908399683,1.69912139562235,-0.664591573126243,0.187858280550787,0.553832397458117,1,1,FALSE,FALSE,TRUE,TRUE,FALSE,FALSE
"327","Niveispirillum",0.0175273884399038,0.211432483217673,0.201264975702934,0.338048491085206,0.0870861329880571,0.625450161126087,0.936090177137473,0.576023088235168,1,1,FALSE,FALSE,TRUE,TRUE,FALSE,FALSE
"328","Thalassospira",0.264727726779393,-0.172720701420323,0.232165707699264,0.382758993715537,1.14025335353276,-0.451251843212565,0.317819747333952,0.675190814167979,1,1,FALSE,FALSE,TRUE,TRUE,FALSE,FALSE
"329","Magnetospira",-0.115883494161079,0.344646177551249,0.482024893369131,0.670403045130885,-0.240409770854587,0.514088025187836,0.832408933526159,0.658357572185055,1,1,FALSE,FALSE,TRUE,TRUE,FALSE,FALSE
"330","Magnetospirillum",-0.156851859872907,0.502064563739022,0.250981651460374,0.459341779908182,-0.624953493453569,1.09300870441043,0.576308869488135,0.354302412998009,1,1,FALSE,FALSE,TRUE,TRUE,FALSE,FALSE
"331","Rhodospirillum",0.146170497970127,-0.0029726993326993,0.129558159806073,0.390925205434074,1.12822301728366,-0.00760426621608726,0.341302674956784,0.994410136238047,1,1,FALSE,FALSE,TRUE,TRUE,FALSE,FALSE
"332","Aerophototrophica",-0.51122576193056,1.13533071309021,0.0546972303632558,0.530863474384614,-9.34646523298168,2.13864914026399,0.0112544702009793,0.165875970563481,1,1,FALSE,FALSE,TRUE,TRUE,FALSE,FALSE
"333","Ferrovibrio",-0.567650261402239,1.24817971203357,0.440113976916647,0.65865006832541,-1.28978012781845,1.89505743953995,0.32614626405318,0.198565182455,1,1,FALSE,FALSE,TRUE,TRUE,FALSE,FALSE
"334","Hypericibacter",0.29642729769278,-0.47997540615647,0.339188045028136,0.423768276034895,0.873932032799655,-1.13263647446074,0.474312421970775,0.374879119023725,1,1,FALSE,FALSE,TRUE,TRUE,FALSE,FALSE
"335","Pelagibius",-0.0785870897287348,0.483481845832352,0.36009803986804,0.427507411049686,-0.21823803805634,1.13093208055792,0.841246148267349,0.340322402189687,1,1,FALSE,FALSE,TRUE,TRUE,FALSE,FALSE
"336","Algihabitans",-0.135695785218733,0.466804439315401,0.372217366334114,0.44911118605295,-0.364560596823223,1.03939615358493,0.739621712144333,0.375030758511789,1,1,FALSE,FALSE,TRUE,TRUE,FALSE,FALSE
"337","Thalassobaculum",-0.207394167646663,0.527667524522415,0.0992440790105515,0.262615233007539,-2.08973844801979,2.00927995866587,0.171820879910119,0.182246415126589,1,1,FALSE,FALSE,TRUE,TRUE,FALSE,FALSE
"338","Caenispirillum",0.0577517323932224,0.144391909962142,0.125651405125034,0.309526938944724,0.459618675459732,0.466492223437546,0.677050811130881,0.672649652789726,1,1,FALSE,FALSE,TRUE,TRUE,FALSE,FALSE
"339","Brevundimonas",0.185836234554695,-0.0149377169709264,0.413466958561877,0.568489477122764,0.449458489261322,-0.0262761538639714,0.676379385612503,0.980295718777335,1,1,FALSE,FALSE,TRUE,TRUE,FALSE,FALSE
"340","Caulobacter",0.0792165463496987,0.198301659439065,0.0316806608521529,0.248355112908094,2.50047013600461,0.798460144899243,0.0667330096352405,0.469324550374728,1,1,FALSE,FALSE,TRUE,TRUE,FALSE,FALSE
"341","Phenylobacterium",0.405171592156581,-0.434641189643456,0.169354241418794,0.494203549588372,2.39245022009597,-0.879478081461523,0.0965280890240201,0.443895094125001,1,1,FALSE,FALSE,TRUE,TRUE,FALSE,FALSE
"342","Asticcacaulis",-0.330717597236929,1.01816994661232,0.394076707666546,0.582427771525483,-0.839221376962911,1.74814800459386,0.448573015977911,0.155351912665974,1,1,FALSE,FALSE,TRUE,TRUE,FALSE,FALSE
"343","Wolbachia",-0.203985981607544,0.580621433296753,0.0947622718622756,0.453157498584119,-2.15260754727378,1.28127954433258,0.120411465538525,0.290156974719819,1,1,FALSE,FALSE,TRUE,TRUE,FALSE,FALSE
"344","Rickettsia",0.2634450651809,-0.198430311350655,0.14298490204339,0.604150750498184,1.84246771103816,-0.328445029964838,0.162638054323737,0.764165190033772,1,1,FALSE,FALSE,TRUE,TRUE,FALSE,FALSE
"345","Oceanicaulis",-0.283572366722341,0.680023922673771,0.219434514905882,0.380254180465372,-1.29228698066924,1.78834042492716,0.325432205424349,0.215622169013547,1,1,FALSE,FALSE,TRUE,TRUE,FALSE,FALSE
"346","Maricaulis",-0.0535773711518553,0.489350310043254,0.163744706413168,0.517809786358622,-0.327200630331625,0.945038743830042,0.765017776766246,0.414358522898951,1,1,FALSE,FALSE,TRUE,TRUE,FALSE,FALSE
"347","Hyphobacterium",-0.645498402579963,1.31647546825078,0.0666536222185138,0.373047890267709,-9.68437094782027,3.52897175562646,0.00233793520557396,0.038667694029594,1,1,FALSE,FALSE,TRUE,TRUE,FALSE,FALSE
"348","Marinicauda",-0.165280751392265,0.443440692013621,0.0839572526022256,0.264374743228245,-1.96862982374299,1.67731866742952,0.187840142585877,0.235478509567201,1,1,FALSE,FALSE,TRUE,TRUE,FALSE,FALSE
"349","Tistrella",-0.18116958938044,0.719073930899343,0.486352608317563,0.730984951801913,-0.37250666755373,0.983705518323997,0.728412839093028,0.380953712250158,1,1,FALSE,FALSE,TRUE,TRUE,FALSE,FALSE
"350","Hyphococcus",0.0807897032872487,0.153432623945494,0.362648901268112,0.452989536582303,0.222776638795107,0.33871118768682,0.838015378904901,0.757148676154295,1,1,FALSE,FALSE,TRUE,TRUE,FALSE,FALSE
"351","Parvularcula",-0.693266577538359,1.56780510495891,0.121372574801356,0.670284280289156,-5.71188819774971,2.33901517768337,0.029309843739563,0.144255918409461,1,1,FALSE,FALSE,TRUE,TRUE,FALSE,FALSE
"352","Hyphomonas",-0.0865048487536854,0.529744449645835,0.270117407409584,0.410740109816733,-0.320249070888336,1.2897314797968,0.764810693686029,0.266661451246079,1,1,FALSE,FALSE,TRUE,TRUE,FALSE,FALSE
"353","Minwuia",0.258626150864296,-0.190398787489648,0.0407254953668814,0.352245972409276,6.35047280663933,-0.540527933328426,0.00789917778675497,0.626383785926601,1,1,FALSE,FALSE,TRUE,TRUE,FALSE,FALSE
"354","Sneathiella",0.140384244242297,-0.0555248819257243,0.069473273070557,0.315973271364596,2.02069426180228,-0.17572651536609,0.180716192563648,0.876690883446082,1,1,FALSE,FALSE,TRUE,TRUE,FALSE,FALSE
"355","Candidatus Pelagibacter",-0.152862501894577,0.662459755927617,0.1811268217635,0.38463856199531,-0.843952874600602,1.72229157807556,0.446212229286214,0.160120053092547,1,1,FALSE,FALSE,TRUE,TRUE,FALSE,FALSE
"356","Radicibacter",0.0131413380798121,0.254160776310986,0.581741759516812,0.631001883137044,0.022589641992913,0.40278925166977,0.983396119618283,0.7140884458463,1,1,FALSE,FALSE,TRUE,TRUE,FALSE,FALSE
"357","Oxalobacter",-0.58196271607029,1.52066018427904,1.09163945869219,2.09159640271993,-0.533108904626344,0.727033275779956,0.622200910978137,0.507472873379855,1,1,FALSE,FALSE,TRUE,TRUE,FALSE,FALSE
"358","Massilia",0.638240870484631,-0.919746988830799,0.443326229585797,0.521522528997485,1.4396641296883,-1.76358055058295,0.223375923208774,0.152577935735922,1,1,FALSE,FALSE,TRUE,TRUE,FALSE,FALSE
"359","Pseudoduganella",0.159778008199828,0.0371787357388065,0.256214355648308,0.597665185846684,0.623610678627031,0.0622066277562028,0.566681842773333,0.953382603325906,1,1,FALSE,FALSE,TRUE,TRUE,FALSE,FALSE
"360","Duganella",-0.26057537292137,0.877885497981205,0.0891631498664515,0.31591819228873,-2.92245589474643,2.77883806444065,0.0431374840431289,0.04987774578621,1,1,FALSE,FALSE,TRUE,TRUE,FALSE,FALSE
"361","Telluria",-0.604321259235197,1.24784689600951,0.0994495234176486,0.660515123559664,-6.07666320025775,1.88920261096307,0.00894696679728627,0.155276698492994,1,1,FALSE,FALSE,TRUE,TRUE,FALSE,FALSE
"362","Collimonas",-0.438993947945392,0.990867085119874,0.232702836170417,0.565434059222116,-1.88650020416554,1.75240077770171,0.19986532967896,0.221801210756313,1,1,FALSE,FALSE,TRUE,TRUE,FALSE,FALSE
"363","Herbaspirillum",0.334490878315064,-0.312247004491665,0.600283753112693,0.734357885421029,0.557221275073005,-0.425197319577558,0.607083422049956,0.692569649885092,1,1,FALSE,FALSE,TRUE,TRUE,FALSE,FALSE
"364","Janthinobacterium",0.43125246831216,-0.505770184485859,0.562340323043436,0.67604871947512,0.766888751598291,-0.748126828608648,0.485906821107141,0.495971282352386,1,1,FALSE,FALSE,TRUE,TRUE,FALSE,FALSE
"365","Noviherbaspirillum",-0.545244996439046,1.44722474501655,0.26464565870272,0.360745354924537,-2.06028316924528,4.01176266100306,0.108417717431782,0.0159732012215351,1,1,FALSE,FALSE,TRUE,TRUE,FALSE,FALSE
"366","Undibacterium",-0.607941758195977,1.32876270562104,0.0795607330992266,0.317562802113875,-7.64122871313621,4.18425173469959,0.0166989049128663,0.0526469712400959,1,1,FALSE,FALSE,TRUE,TRUE,FALSE,FALSE
"367","Burkholderia",0.164204547863969,0.0283256564105262,0.183750900206418,0.317515629161133,0.893625814510342,0.089210274421331,0.422029414768451,0.933202996919536,1,1,FALSE,FALSE,TRUE,TRUE,FALSE,FALSE
"368","Cupriavidus",0.44497749198033,-0.533220231822198,0.402857858112136,0.508343116201869,1.10455209702393,-1.04893764630118,0.331324573573424,0.353401381131377,1,1,FALSE,FALSE,TRUE,TRUE,FALSE,FALSE
"369","Paraburkholderia",0.344616718662218,-0.332498685185973,0.48714874901415,0.556806123736731,0.707415793142493,-0.597153427398699,0.518345893985891,0.58256398648521,1,1,FALSE,FALSE,TRUE,TRUE,FALSE,FALSE
"370","Ralstonia",0.663156357780686,-0.969577963422907,0.463887778728876,0.608076497547904,1.42956203674483,-1.59449998040177,0.226059913700925,0.186050780919729,1,1,FALSE,FALSE,TRUE,TRUE,FALSE,FALSE
"371","Polynucleobacter",0.0795355203523284,0.197663711433808,0.254768916752041,0.321687071024412,0.31218690790972,0.614459607606696,0.770495342252104,0.57214197501877,1,1,FALSE,FALSE,TRUE,TRUE,FALSE,FALSE
"372","Caballeronia",0.308201275209846,-0.259667798281231,0.243962945701723,0.465887958043123,1.26331182927535,-0.557361043139896,0.275094290268456,0.606996469648784,1,1,FALSE,FALSE,TRUE,TRUE,FALSE,FALSE
"373","Pandoraea",0.122588140554422,0.111558471029619,0.459334120410097,0.659558500494554,0.266882287004881,0.169141131447733,0.802753947931462,0.873894596541361,1,1,FALSE,FALSE,TRUE,TRUE,FALSE,FALSE
"374","Limnobacter",0.312318730214666,-0.26790270829087,0.424577004963443,0.566116524055427,0.735599729998467,-0.473228914732474,0.502778138900963,0.660718963902101,1,1,FALSE,FALSE,TRUE,TRUE,FALSE,FALSE
"375","Mycetohabitans",0.460875642504232,-0.865174984750063,0.24417367500388,0.33154161615195,1.88749111670989,-2.60955169004648,0.155539353141932,0.0797157903565,1,1,FALSE,FALSE,TRUE,TRUE,FALSE,FALSE
"376","Robbsia",-0.377025484388247,0.866930158005584,0.193267712357421,0.541860664391854,-1.95079395202336,1.59991343711684,0.190367457313047,0.250749130835953,1,1,FALSE,FALSE,TRUE,TRUE,FALSE,FALSE
"377","Comamonas",0.191562907087292,-0.0263910620361187,0.141969472237284,0.346916446659432,1.34932464049115,-0.0760732513267867,0.248549199583692,0.943013745687529,1,1,FALSE,FALSE,TRUE,TRUE,FALSE,FALSE
"378","Variovorax",0.17512780619727,0.00647913974392239,0.247653383303053,0.339447631762767,0.707148854021372,0.0190873028345372,0.518495012744608,0.985685609330206,1,1,FALSE,FALSE,TRUE,TRUE,FALSE,FALSE
"379","Acidovorax",0.446474171503893,-0.536213590869323,0.32024132420568,0.483384121939578,1.39418038134622,-1.10929086523936,0.235716750604146,0.329502339999322,1,1,FALSE,FALSE,TRUE,TRUE,FALSE,FALSE
"380","Hydrogenophaga",0.198242880001757,-0.0397510078650508,0.149385507676086,0.278445984916713,1.32705563669275,-0.142760212099811,0.255172637682558,0.893382034725184,1,1,FALSE,FALSE,TRUE,TRUE,FALSE,FALSE
"381","Rhodoferax",0.635792280492954,-0.914849808847446,0.641408437454672,0.731103038692623,0.991244023879692,-1.25132814450259,0.37767660279354,0.279003170297178,1,1,FALSE,FALSE,TRUE,TRUE,FALSE,FALSE
"382","Paracidovorax",0.19453889258123,-0.276198595933371,0.191887591656308,0.340888514633036,1.0138169482562,-0.810231451272849,0.417368211772802,0.502885729447599,1,1,FALSE,FALSE,TRUE,TRUE,FALSE,FALSE
"383","Alicycliphilus",0.636730903993834,-1.30481313847407,0.473972659428465,0.658626642823706,1.34339163098908,-1.98111198915366,0.271726137218411,0.141903951692697,1,1,FALSE,FALSE,TRUE,TRUE,FALSE,FALSE
"384","Diaphorobacter",0.390921455201606,-0.42510815826475,0.472928950536688,0.562571175012155,0.826596584450967,-0.75565222170433,0.454921041042382,0.491915655636401,1,1,FALSE,FALSE,TRUE,TRUE,FALSE,FALSE
"385","Ramlibacter",-0.249159654474302,0.655910888074681,0.0708555285968066,0.242122327186392,-3.51644620269661,2.70900621060752,0.0390166863302235,0.0732259536494344,1,1,FALSE,FALSE,TRUE,TRUE,FALSE,FALSE
"386","Polaromonas",-0.00736529363156267,0.252920286670118,0.116779270576542,0.624372563482291,-0.0630702143899347,0.405079116961056,0.953677692556204,0.712574331214992,1,1,FALSE,FALSE,TRUE,TRUE,FALSE,FALSE
"387","Ottowia",0.266412201815057,-0.17608965149165,0.443319612528997,0.553701310819651,0.600948377391336,-0.318022818531858,0.580267920433128,0.766378659906228,1,1,FALSE,FALSE,TRUE,TRUE,FALSE,FALSE
"388","Limnohabitans",0.427541588334871,-0.471924516607273,0.225615197801447,0.535027657150716,1.89500349489369,-0.882056301762982,0.154390301846776,0.442698614251744,1,1,FALSE,FALSE,TRUE,TRUE,FALSE,FALSE
"389","Delftia",-0.511345107744601,1.37942496762767,0.23244399575807,0.450076352743138,-2.19986369653021,3.06486879219561,0.092666750882088,0.0374800064166441,1,1,FALSE,FALSE,TRUE,TRUE,FALSE,FALSE
"390","Hylemonella",0.303864022851911,-0.426456095821631,0.161255603592085,0.333148928596409,1.8843625652884,-1.28007644394456,0.200191884238941,0.328928176063607,1,1,FALSE,FALSE,TRUE,TRUE,FALSE,FALSE
"391","Turicimonas",0.496502342824769,-0.636269933511075,0.196622318398939,0.647766024210587,2.52515760605257,-0.982252711210777,0.064998754499593,0.381588090403525,1,1,FALSE,FALSE,TRUE,TRUE,FALSE,FALSE
"392","Sutterella",0.237656765752964,-0.118578779367464,2.31982541663951,3.09223763472861,0.102445970308073,-0.0383472402106868,0.923333058948753,0.971248377384736,1,1,FALSE,FALSE,TRUE,TRUE,FALSE,FALSE
"393","Duodenibacillus",-0.415860680286238,1.18845611271094,1.23832694906334,1.97232202149942,-0.335824622569017,0.602566974234479,0.753879243176597,0.579290440607304,1,1,FALSE,FALSE,TRUE,TRUE,FALSE,FALSE
"394","Achromobacter",0.27590365466265,-0.195072557186835,0.575357258326377,0.653788344385745,0.47953449907838,-0.298372644391684,0.656599212953854,0.780276249666074,1,1,FALSE,FALSE,TRUE,TRUE,FALSE,FALSE
"395","Alcaligenes",0.567381211751847,-0.778027671365231,0.163148709338048,0.465720978747061,3.47769353526555,-1.67058755536067,0.0254051907469598,0.170123798356051,1,1,FALSE,FALSE,TRUE,TRUE,FALSE,FALSE
"396","Bordetella",0.403319596322151,-0.44990444050584,0.327937432226397,0.511323491906234,1.22986751949595,-0.879882203003383,0.286136068701771,0.428610620173665,1,1,FALSE,FALSE,TRUE,TRUE,FALSE,FALSE
"397","Castellaniella",-0.00745108748883935,0.305641840232616,0.266094816425022,0.527287009716258,-0.0280016258450448,0.579649857858412,0.979419445191522,0.602813138863392,1,1,FALSE,FALSE,TRUE,TRUE,FALSE,FALSE
"398","Pigmentiphaga",0.0315293880054561,0.293675976127552,0.544768139690863,0.648265170467512,0.0578767106742842,0.453018285581748,0.956622732633302,0.674021196668032,1,1,FALSE,FALSE,TRUE,TRUE,FALSE,FALSE
"399","Kerstersia",-0.192269639746522,0.497418468722133,0.0685110209877503,0.487741923979704,-2.80640453133663,1.0198394771224,0.106978755889622,0.4150889251379,1,1,FALSE,FALSE,TRUE,TRUE,FALSE,FALSE
"400","Paralcaligenes",-0.0993373755914065,0.311553940411903,0.163776206725516,0.40035889941961,-0.606543389772687,0.778186624210314,0.6058326346581,0.517905673479742,1,1,FALSE,FALSE,TRUE,TRUE,FALSE,FALSE
"401","Orrella",0.0642568929888909,0.228220966160681,0.47664477693355,0.640684373117361,0.134810861460146,0.356214347870282,0.899272856497381,0.739674166106251,1,1,FALSE,FALSE,TRUE,TRUE,FALSE,FALSE
"402","Advenella",-0.667906648675199,1.35382254507618,0.0369148762523823,0.770645579338402,-18.0931569188748,1.75673822230763,0.000368275032454491,0.177217207546075,0.401419785375396,1,FALSE,FALSE,TRUE,TRUE,FALSE,FALSE
"403","Roseateles",0.491078447635923,-0.625422143133381,0.327306787865683,0.472338395031855,1.5003613302314,-1.3240976166911,0.207911218731769,0.256065311921548,1,1,FALSE,FALSE,TRUE,TRUE,FALSE,FALSE
"404","Sphaerotilus",-0.0106562458387671,0.258405207015458,0.0639867160972492,0.246511454121215,-0.16653840810601,1.04824827688694,0.878325064289269,0.371529000800242,1,1,FALSE,FALSE,TRUE,TRUE,FALSE,FALSE
"405","Caldimonas",0.146177462698282,0.0643798267418992,0.878887536344322,0.931401649765553,0.166321009973925,0.0691214437488966,0.875972948961394,0.94821045359164,1,1,FALSE,FALSE,TRUE,TRUE,FALSE,FALSE
"406","Piscinibacter",0.277324110173765,-0.406296153923895,0.767396673285845,0.848960443806204,0.361382997643599,-0.47858078298951,0.741765181000143,0.664951869607252,1,1,FALSE,FALSE,TRUE,TRUE,FALSE,FALSE
"407","Methylibium",-0.308881329920827,1.05921744631259,0.292406342578452,0.370828666836229,-1.05634278380249,2.85635265296352,0.368354577864904,0.0647703988396545,1,1,FALSE,FALSE,TRUE,TRUE,FALSE,FALSE
"408","Rubrivivax",0.425294149863244,-0.493853547588025,0.65463262700665,0.745735023570606,0.649668428241851,-0.662237298743777,0.551328532874181,0.544026732523048,1,1,FALSE,FALSE,TRUE,TRUE,FALSE,FALSE
"409","Xylophilus",0.151892464788074,0.052949822562314,0.848179547992044,0.932429313384048,0.179080555700335,0.056786956182388,0.86657945045956,0.957438371821465,1,1,FALSE,FALSE,TRUE,TRUE,FALSE,FALSE
"410","Aquabacterium",0.28109680709952,-0.347335135585182,0.981088791266414,1.10783641171868,0.286515155001081,-0.313525654068664,0.793131198859615,0.774416187011234,1,1,FALSE,FALSE,TRUE,TRUE,FALSE,FALSE
"411","Rhizobacter",-0.0876565638377773,0.288192316904645,0.0524991542278566,0.391469440659584,-1.6696757333905,0.736180878944399,0.23693178876947,0.538257359943561,1,1,FALSE,FALSE,TRUE,TRUE,FALSE,FALSE
"412","Thiomonas",-0.0597948255997818,0.476324403338026,0.440836716680588,0.884213134762004,-0.135639395125762,0.538698628884578,0.898658501606143,0.618675833007776,1,1,FALSE,FALSE,TRUE,TRUE,FALSE,FALSE
"413","Neisseria",0.244528900438874,-0.132323048739284,0.036664007877516,0.31918573788837,6.669453630268,-0.414564415110433,0.00262633689850429,0.699729142120946,1,1,FALSE,FALSE,TRUE,TRUE,FALSE,FALSE
"414","Uruburuella",0.428035913228056,-0.783075661559623,0.56328593178045,0.612823055783223,0.759891005754587,-1.27781690680486,0.502579940865274,0.291222293072924,1,1,FALSE,FALSE,TRUE,TRUE,FALSE,FALSE
"415","Conchiformibius",-0.645624992025126,1.40412917327934,0.193267712357421,0.351281796766823,-3.34057346749743,3.99715893679338,0.0791212099848284,0.0572654339407377,1,1,FALSE,FALSE,TRUE,TRUE,FALSE,FALSE
"416","Aquella",-0.10593541789802,0.39314278567823,0.0616282657688699,0.354059167447232,-1.71894205647972,1.11038725112752,0.227764349050487,0.382446892523143,1,1,FALSE,FALSE,TRUE,TRUE,FALSE,FALSE
"417","Kingella",-0.454255701324394,0.997737632824835,0.0332064772976737,0.439188831890333,-13.6797317358387,2.27177368907681,0.00084517332504375,0.107748713450124,0.916167884347424,1,FALSE,FALSE,TRUE,TRUE,FALSE,FALSE
"418","Vitreoscilla",0.0488408202181371,0.0151975487928158,0.109613404146828,0.268754047517504,0.445573427796427,0.0565481671185844,0.699494431332027,0.960046334721178,1,1,FALSE,FALSE,TRUE,TRUE,FALSE,FALSE
"419","Snodgrassella",0.114604011176233,0.127526729785998,0.383622090935822,0.734469283435153,0.298741949131927,0.173631127485071,0.780014119434037,0.870588138358352,1,1,FALSE,FALSE,TRUE,TRUE,FALSE,FALSE
"420","Paludibacterium",0.390567223457389,-0.424399694776315,0.17418733129,0.511568606320729,2.24222519838222,-0.82960465034916,0.0884035414810042,0.45340206592046,1,1,FALSE,FALSE,TRUE,TRUE,FALSE,FALSE
"421","Chromobacterium",0.23366985600359,-0.110604959868715,0.344010490258331,0.45134326339551,0.67925212346902,-0.245057296383734,0.534250720068897,0.818470797825322,1,1,FALSE,FALSE,TRUE,TRUE,FALSE,FALSE
"422","Vogesella",0.170028330523698,-0.0427357535886495,0.0697426632947375,0.355187110385096,2.43793859441739,-0.12031898776483,0.0926705524481852,0.911836194560359,1,1,FALSE,FALSE,TRUE,TRUE,FALSE,FALSE
"423","Chitiniphilus",0.352448059503668,-0.348161366868871,0.719499780966241,0.755031759659684,0.489851517439454,-0.461121485837627,0.649890346410056,0.668670109182841,1,1,FALSE,FALSE,TRUE,TRUE,FALSE,FALSE
"424","Chitinibacter",0.38500568084937,-0.607107319959808,0.596091849110212,0.666369874430319,0.645883149424152,-0.911066576169618,0.564357038255872,0.429433601835964,1,1,FALSE,FALSE,TRUE,TRUE,FALSE,FALSE
"425","Silvimonas",0.101559184898736,-0.0902391805683819,0.066061157053703,0.290609692704136,1.53735098548419,-0.310516761257005,0.264033365829377,0.785540231741366,1,1,FALSE,FALSE,TRUE,TRUE,FALSE,FALSE
"426","Chitinimonas",0.00552528615429791,0.345684179829866,0.666703371116428,0.793632608373723,0.00828747295074501,0.435572047043565,0.993784484223141,0.685621202786897,1,1,FALSE,FALSE,TRUE,TRUE,FALSE,FALSE
"427","Iodobacter",-0.289616319749442,0.692111828727973,0.116893601594955,0.270839304253943,-2.47760626585007,2.55543349084606,0.131521180360682,0.125048562937846,1,1,FALSE,FALSE,TRUE,TRUE,FALSE,FALSE
"428","Azoarcus",0.0949219133990056,0.166890925340454,0.162392156292485,0.435270163991041,0.58452277231938,0.383419170774795,0.59024891373034,0.720915898545884,1,1,FALSE,FALSE,TRUE,TRUE,FALSE,FALSE
"429","Thauera",-0.0508175501700032,0.45836985247847,0.166010262067,0.344747409153537,-0.306110896623328,1.32958171782614,0.774791126305664,0.25441271810834,1,1,FALSE,FALSE,TRUE,TRUE,FALSE,FALSE
"430","Parazoarcus",-0.0835898957687026,0.280058980766495,0.187527276891484,0.482730996376419,-0.44574793147065,0.580155371974732,0.699387375272816,0.620463134363467,1,1,FALSE,FALSE,TRUE,TRUE,FALSE,FALSE
"431","Nitrogeniibacter",-0.97879373564198,1.87196769002081,0.127374664156444,0.550022290043631,-7.68436754769226,3.40343968582131,0.00457913322923069,0.04235414919963,1,1,FALSE,FALSE,TRUE,TRUE,FALSE,FALSE
"432","Dechloromonas",0.422674443562199,-0.488614134985935,0.781511477312685,0.941326953509581,0.540842272740016,-0.519069525380336,0.61732724764695,0.631108643425357,1,1,FALSE,FALSE,TRUE,TRUE,FALSE,FALSE
"433","Azospira",0.118726264924323,0.119282222289817,0.336040805093423,0.588129597349513,0.353309071769768,0.202816220825102,0.741690736450261,0.849177463485215,1,1,FALSE,FALSE,TRUE,TRUE,FALSE,FALSE
"434","Aromatoleum",-0.612803150000856,1.26198338061894,0.269240354409429,0.486374212705045,-2.27604495375525,2.59467576128312,0.107325427087791,0.0807466596665259,1,1,FALSE,FALSE,TRUE,TRUE,FALSE,FALSE
"435","Niveibacterium",-0.212865849671003,0.819178745688027,1.12854003363261,1.16760574175824,-0.188620556938347,0.701588486927502,0.86242871505776,0.533464719061774,1,1,FALSE,FALSE,TRUE,TRUE,FALSE,FALSE
"436","Fluviibacter",-0.176981990520163,0.466843170269415,0.15542875832538,0.293869947302512,-1.13866952568496,1.58860466867966,0.372856884078752,0.253085954011892,1,1,FALSE,FALSE,TRUE,TRUE,FALSE,FALSE
"437","Thiobacillus",0.122999777654646,0.110735196829172,0.359034835410707,0.540662321261738,0.342584522512819,0.2048139707068,0.749156325888997,0.847717355724285,1,1,FALSE,FALSE,TRUE,TRUE,FALSE,FALSE
"438","Sulfuritortus",0.581590928089274,-0.694006568157167,0.276351101590325,0.389236371275273,2.10453631175116,-1.7829951653371,0.169992069430475,0.216526698940007,1,1,FALSE,FALSE,TRUE,TRUE,FALSE,FALSE
"439","Sulfuriferula",-0.116408601477366,0.43465913307979,0.183605085878875,0.295029367674919,-0.634016214312066,1.47327412353987,0.571110699540092,0.237097882128871,1,1,FALSE,FALSE,TRUE,TRUE,FALSE,FALSE
"440","Methylophilus",0.0901787940995722,0.176377163939319,0.433377062320786,0.502787899473126,0.208083911078851,0.350798346826058,0.84532903174096,0.743435469336319,1,1,FALSE,FALSE,TRUE,TRUE,FALSE,FALSE
"441","Usitatibacter",0.132275399972927,0.0201857973293001,0.0692771069974089,0.572767625383351,1.90936668267447,0.0352425598702263,0.152220829990244,0.974100159077722,1,1,FALSE,FALSE,TRUE,TRUE,FALSE,FALSE
"442","Candidatus Nitrotoga",-0.323021214599225,0.779013488282887,0.0937667525049472,0.365429980593542,-3.44494403367741,2.13177223997218,0.0410876594682192,0.122804981112077,1,1,FALSE,FALSE,TRUE,TRUE,FALSE,FALSE
"443","Sideroxydans",-0.0883500455584587,0.357972040999108,0.0343752327321547,0.255846237223186,-2.57016574249447,1.39916867601548,0.123873697162805,0.296684610249667,1,1,FALSE,FALSE,TRUE,TRUE,FALSE,FALSE
"444","Methyloversatilis",-0.333448084106038,1.02363092035054,0.319498475204401,0.387727188473697,-1.04366095610539,2.64008032137261,0.355562942395659,0.0575755377787907,1,1,FALSE,FALSE,TRUE,TRUE,FALSE,FALSE
"445","Sulfuricystis",-0.237577195481785,0.63660678975382,0.0612185692541069,0.425885144951184,-3.88080280830553,1.49478514876773,0.0303071573030602,0.231839345551452,1,1,FALSE,FALSE,TRUE,TRUE,FALSE,FALSE
"446","Nitrosomonas",0.45505800444203,-0.553381256745598,0.467465662717868,0.725740866974138,0.973457604984932,-0.762505298968259,0.385448030918369,0.488244235090596,1,1,FALSE,FALSE,TRUE,TRUE,FALSE,FALSE
"447","Nitrosospira",0.0447421931594726,0.267250365819518,0.807359755365478,0.87179930703412,0.0554179135907245,0.306550330635969,0.9584631365821,0.774480113581976,1,1,FALSE,FALSE,TRUE,TRUE,FALSE,FALSE
"448","Candidatus Accumulibacter",-0.369475549422339,0.851830288073768,0.203172434131084,0.346911946897564,-1.81853188402497,2.45546541620054,0.210605685452866,0.133447862671963,1,1,FALSE,FALSE,TRUE,TRUE,FALSE,FALSE
"449","Acidithiobacillus",0.391067472301037,-0.425400192463611,0.588852409935916,0.67573641172392,0.664117978804904,-0.629535696290721,0.542940015419096,0.563165445210035,1,1,FALSE,FALSE,TRUE,TRUE,FALSE,FALSE
"450","Bilophila",-0.395525982829307,1.14778671779707,1.56011539167441,1.66533033703511,-0.253523543796851,0.689224649471378,0.81236120838178,0.528579340629264,1,1,FALSE,FALSE,TRUE,TRUE,FALSE,FALSE
"451","Desulfovibrio",-0.482266271511166,1.3212672951608,0.565798184115256,1.5430063261286,-0.852364473854384,0.856294153035558,0.442039894813996,0.440101494899515,1,1,FALSE,FALSE,TRUE,TRUE,FALSE,FALSE
"452","Mailhella",-0.448955407680375,1.25464556749922,0.781058083057194,1.41312584608948,-0.574804124583268,0.88785126319158,0.596206777447362,0.424784385426061,1,1,FALSE,FALSE,TRUE,TRUE,FALSE,FALSE
"453","Pseudodesulfovibrio",0.349355632144822,-0.341976512151181,0.046051083830762,0.384047885658794,7.58626297328213,-0.89045279227239,0.00161932732165985,0.423541396852122,1,1,FALSE,FALSE,TRUE,TRUE,FALSE,FALSE
"454","Nitratidesulfovibrio",0.484353073137959,-0.566610324612419,0.251357774370099,0.624439816632907,1.92694685633553,-0.90738980686351,0.149613730051518,0.431094758354939,1,1,FALSE,FALSE,TRUE,TRUE,FALSE,FALSE
"455","Maridesulfovibrio",0.343264931920456,-0.329795111702449,0.404618784516852,0.51886990346843,0.848366277236345,-0.63560270021041,0.444019153999998,0.55958020655659,1,1,FALSE,FALSE,TRUE,TRUE,FALSE,FALSE
"456","Solidesulfovibrio",0.115053745152098,0.126627261834267,0.276639152492194,0.540549005844414,0.415898270781989,0.234256765742187,0.698828917740157,0.826287524599036,1,1,FALSE,FALSE,TRUE,TRUE,FALSE,FALSE
"457","Megalodesulfovibrio",0.198432590950829,-0.283985992672568,0.316839945708036,0.418642722839675,0.626286532486916,-0.678349287302252,0.595078190396154,0.567514158158528,1,1,FALSE,FALSE,TRUE,TRUE,FALSE,FALSE
"458","Desulfolutivibrio",0.195516240303578,-0.0342977284686928,0.257038475637107,0.472062608815362,0.760649703586059,-0.0726550415733259,0.489236278675789,0.945568562175388,1,1,FALSE,FALSE,TRUE,TRUE,FALSE,FALSE
"459","Taurinivorans",0.621280042603228,-0.794821940387868,0.16559330122213,0.371124758776177,3.75184284640736,-2.14165700776439,0.0330744599700985,0.121662418571808,1,1,FALSE,FALSE,TRUE,TRUE,FALSE,FALSE
"460","Salidesulfovibrio",0.323595497751326,-0.534311806273563,0.0414995388251585,0.301432787943304,7.79756852515074,-1.77257361390315,0.0160518720823084,0.218304670730178,1,1,FALSE,FALSE,TRUE,TRUE,FALSE,FALSE
"461","Oceanidesulfovibrio",-0.0144621792882678,0.264748429431291,0.369106652842503,0.543611461947298,-0.039181573068093,0.487017746982234,0.971207243741061,0.659611881064705,1,1,FALSE,FALSE,TRUE,TRUE,FALSE,FALSE
"462","Desulfocurvibacter",0.0637327529749792,-0.0145863167208685,0.0336256208416984,0.24520642980013,1.89536286259273,-0.059485865573582,0.198518986722266,0.957974302337587,1,1,FALSE,FALSE,TRUE,TRUE,FALSE,FALSE
"463","Desulfomicrobium",0.217531555646981,-0.0783283591555001,0.447003661573422,0.59556097096976,0.486643789183483,-0.131520302661803,0.651971995259974,0.901713632703853,1,1,FALSE,FALSE,TRUE,TRUE,FALSE,FALSE
"464","Desulfohalobium",-0.300512903823042,0.713904996875175,0.255864693789177,0.377156235649869,-1.17449930028507,1.89286276984142,0.361104485224297,0.198897552107349,1,1,FALSE,FALSE,TRUE,TRUE,FALSE,FALSE
"465","Geobacter",0.112381191007933,0.1319723701226,0.382582584148042,0.552093325580174,0.293743614226951,0.239039966628676,0.783564890780368,0.822822679049024,1,1,FALSE,FALSE,TRUE,TRUE,FALSE,FALSE
"466","Geomonas",0.167923164517072,-0.0392271435776074,0.154288960092473,0.345243189952873,1.08836798443924,-0.113621773634295,0.3560515840573,0.916714739041991,1,1,FALSE,FALSE,TRUE,TRUE,FALSE,FALSE
"467","Citrifermentans",0.167804090357104,-0.222728991485119,0.0759171602486908,0.35551710271624,2.21035784014324,-0.626493042904022,0.157656722381245,0.594966573221202,1,1,FALSE,FALSE,TRUE,TRUE,FALSE,FALSE
"468","Geotalea",0.68994998323587,-1.02316521433328,0.540201599441711,0.741825257812547,1.27720833101739,-1.37925367673558,0.270627209284679,0.239912679222039,1,1,FALSE,FALSE,TRUE,TRUE,FALSE,FALSE
"469","Trichlorobacter",0.227273408378201,-0.138144216679489,0.194658410837262,0.299283383806735,1.16754990139217,-0.461583315860586,0.327345113219418,0.675791066554082,1,1,FALSE,FALSE,TRUE,TRUE,FALSE,FALSE
"470","Desulfuromonas",0.221284179815273,-0.0858336074920816,0.146269143105957,0.284512421646681,1.51285619862404,-0.30168667854746,0.204864726682677,0.77792523671422,1,1,FALSE,FALSE,TRUE,TRUE,FALSE,FALSE
"471","Pelobacter",-0.160158938546062,0.68741146787567,0.369268778135134,0.451820855158464,-0.433719144507395,1.52142483027832,0.69378892864981,0.225503660988721,1,1,FALSE,FALSE,TRUE,TRUE,FALSE,FALSE
"472","Syntrophotalea",0.295915206747621,-0.252547213961855,0.160974577118463,0.333945197629577,1.83827292510825,-0.756253468396898,0.163318374655712,0.504463272007573,1,1,FALSE,FALSE,TRUE,TRUE,FALSE,FALSE
"473","Geoalkalibacter",0.186068902362806,-0.069470039987165,0.0318350350866432,0.295482530385894,5.84478395756107,-0.235107097182492,0.00998141479714693,0.829259877797315,1,1,FALSE,FALSE,TRUE,TRUE,FALSE,FALSE
"474","Desulfosarcina",0.0754175952143404,0.205899561709782,0.162752366846155,0.541048806349346,0.46338862331649,0.380556355163339,0.66717719371388,0.722879049025188,1,1,FALSE,FALSE,TRUE,TRUE,FALSE,FALSE
"475","Desulfobacter",0.268159137049142,-0.179583521959821,0.305486935914379,0.475928008295924,0.877808853745225,-0.377333375698619,0.429610732023348,0.725092267333018,1,1,FALSE,FALSE,TRUE,TRUE,FALSE,FALSE
"476","Desulfococcus",0.0262471591106319,0.0603848710078267,0.0524991542278568,0.407388563671963,0.499953942052361,0.148224266443694,0.66669396068429,0.895760598454062,1,1,FALSE,FALSE,TRUE,TRUE,FALSE,FALSE
"477","Desulfatibacillum",0.0426906517818171,0.16949371098115,0.0643677735666826,0.275399557250368,0.663230206923207,0.615446563071493,0.554593168081527,0.581799278033556,1,1,FALSE,FALSE,TRUE,TRUE,FALSE,FALSE
"478","Desulfoluna",0.219180313419507,-0.325481437609925,0.203977468812346,0.329583463696597,1.07453197990778,-0.98755390807335,0.395013213037535,0.427470127365615,1,1,FALSE,FALSE,TRUE,TRUE,FALSE,FALSE
"479","Desulfobulbus",0.435516612671782,-0.485216223835458,0.136525759743651,0.44929097217041,3.18999589154116,-1.07995987876521,0.049711243101746,0.359242331684002,1,1,FALSE,FALSE,TRUE,TRUE,FALSE,FALSE
"480","Desulfurivibrio",-0.116860667385396,0.43541257625984,0.453736499773375,0.659415591909263,-0.257551833374137,0.660300698985828,0.813408731745,0.556232971131005,1,1,FALSE,FALSE,TRUE,TRUE,FALSE,FALSE
"481","Desulfarculus",0.389086410561581,-0.407832553651789,0.113483333814223,0.614457663507352,3.42857754953281,-0.663727670550746,0.0415812474096988,0.554315078407706,1,1,FALSE,FALSE,TRUE,TRUE,FALSE,FALSE
"482","Desulfoferula",0.271620128829745,-0.430361068430401,0.136759958832062,0.28091307436939,1.98610858872288,-1.53200796864475,0.185407001967257,0.265209072121401,1,1,FALSE,FALSE,TRUE,TRUE,FALSE,FALSE
"483","Desulfoglaeba",0.0179456667824917,0.0769878556641059,0.301604513978168,0.393984403169198,0.05950065715459,0.195408384303587,0.957963870813977,0.863125844276487,1,1,FALSE,FALSE,TRUE,TRUE,FALSE,FALSE
"484","Syntrophobacter",-0.210905369837014,0.592153747012536,0.28001541354874,0.40417548224578,-0.753192001697805,1.46509071683979,0.506052846435744,0.239132492217632,1,1,FALSE,FALSE,TRUE,TRUE,FALSE,FALSE
"485","Desulfomonile",0.403399715148585,-0.431688061296795,0.431270643058317,0.52127502587851,0.935374854842684,-0.828138774861247,0.418596792955677,0.468322012068249,1,1,FALSE,FALSE,TRUE,TRUE,FALSE,FALSE
"486","Syntrophus",0.432066086301852,-0.47946534655224,0.489931855814461,0.554838566779346,0.881890167324568,-0.864152882045273,0.442775625841657,0.451066578078956,1,1,FALSE,FALSE,TRUE,TRUE,FALSE,FALSE
"487","Akkermansia",-0.0291180222725581,0.41497079668358,0.677264679096344,1.18321221438656,-0.0429935639215815,0.350715443635547,0.967767238427979,0.743493111615418,1,1,FALSE,FALSE,TRUE,TRUE,FALSE,FALSE
"488","Luteolibacter",0.0255684122781852,0.198030776820536,0.14473650860267,0.412417906068952,0.176654891879253,0.480170171824276,0.871032285754579,0.66394384615217,1,1,FALSE,FALSE,TRUE,TRUE,FALSE,FALSE
"489","Verrucomicrobium",0.181136649903976,-0.0612496192224468,0.203358914125032,0.314076598283448,0.89072392367618,-0.19501490896552,0.438697298669763,0.857841416978775,1,1,FALSE,FALSE,TRUE,TRUE,FALSE,FALSE
"490","Opitutus",-0.217147761597804,0.547174712424698,0.164003584974361,0.402215092227068,-1.32404277401467,1.36040323448578,0.316548708763146,0.30673705971783,1,1,FALSE,FALSE,TRUE,TRUE,FALSE,FALSE
"491","Oleiharenicola",0.284433431382439,-0.455987673535788,0.2121950736752,0.32897615465585,1.34043371722103,-1.38608123136708,0.312078908637977,0.300032278995314,1,1,FALSE,FALSE,TRUE,TRUE,FALSE,FALSE
"492","Actomonas",-0.276260977056492,0.701079759044998,0.337489280659368,0.458587910524163,-0.818577041963374,1.52877941820069,0.472998552101551,0.223788284040826,1,1,FALSE,FALSE,TRUE,TRUE,FALSE,FALSE
"493","Termitidicoccus",-0.154455413056376,0.498070485711471,0.263862447252725,0.429325156690151,-0.585363376503667,1.16012415752971,0.599423285846998,0.329936026353533,1,1,FALSE,FALSE,TRUE,TRUE,FALSE,FALSE
"494","Nibricoccus",0.23051474949726,-0.289272752232633,0.414518850736677,0.47781135709349,0.556101970001104,-0.605412047951873,0.616925944660014,0.58763576913588,1,1,FALSE,FALSE,TRUE,TRUE,FALSE,FALSE
"495","Congregicoccus",0.348894170568645,-0.5849091519082,0.159376999297121,0.298348641709286,2.18911243220368,-1.9604887374622,0.160032637963691,0.188988094464676,1,1,FALSE,FALSE,TRUE,TRUE,FALSE,FALSE
"496","Coraliomargarita",0.231110617664639,-0.349342046100189,0.592362957156973,0.650593984744457,0.390150354393947,-0.53695861672838,0.73405676530099,0.645037883295225,1,1,FALSE,FALSE,TRUE,TRUE,FALSE,FALSE
"497","Ruficoccus",-0.241183903222462,0.595246995674014,0.373388766089637,0.466040998826855,-0.645932403773935,1.27724169584308,0.584540969309952,0.329746251868772,1,1,FALSE,FALSE,TRUE,TRUE,FALSE,FALSE
"498","Methylacidiphilum (ex Ratnadevi et al. 2023)",0.733132720136371,-1.28499349039055,0.128500780495524,0.494063433298824,5.70527834390789,-2.60086742670015,0.0293748320703105,0.121474521510578,1,1,FALSE,FALSE,TRUE,TRUE,FALSE,FALSE
"499","Stieleria",0.239632278982727,-0.312066575946301,0.353935738901616,0.42183932796173,0.677050245692588,-0.739775917656052,0.546907318965601,0.513067264247457,1,1,FALSE,FALSE,TRUE,TRUE,FALSE,FALSE
"500","Lignipirellula",0.0369761846638481,0.107319580554495,0.21318217818088,0.32639294513582,0.17344876095822,0.328804841384782,0.878265368050486,0.773540106308812,1,1,FALSE,FALSE,TRUE,TRUE,FALSE,FALSE
"501","Lacipirellula",-0.298093069432881,1.03224679509272,0.280219632510565,0.402223259165949,-1.06378367126594,2.56635281916115,0.365459661259872,0.082755197569645,1,1,FALSE,FALSE,TRUE,TRUE,FALSE,FALSE
"502","Botrimarina",-0.296345951911999,0.705571093053088,0.290202616126368,0.41463704865799,-1.0211691261355,1.70165954860216,0.414587564189282,0.23092674940577,1,1,FALSE,FALSE,TRUE,TRUE,FALSE,FALSE
"503","Gimesia",-0.0163357431048164,0.389406238348096,0.271377590752673,0.430848044125197,-0.0601956228571004,0.903813406275884,0.954887331662565,0.417205046959936,1,1,FALSE,FALSE,TRUE,TRUE,FALSE,FALSE
"504","Planctomicrobium",0.458966849655384,-0.524299952141461,0.0360193212246417,0.393275166704863,12.7422403879558,-1.33316312986252,0.00104276618398134,0.274674331477726,1,1,FALSE,FALSE,TRUE,TRUE,FALSE,FALSE
"505","Planctomyces",0.189148007237861,-0.0746018814455894,0.0667208343778484,0.237866997026081,2.83491669433707,-0.313628550317174,0.0659219520979041,0.774345272350518,1,1,FALSE,FALSE,TRUE,TRUE,FALSE,FALSE
"506","Calycomorphotria",0.688667055178602,-1.26445492112811,0.104897171819447,0.270777451312067,6.56516322827046,-4.66972015210694,0.0224236872288987,0.0429270787920414,1,1,FALSE,FALSE,TRUE,TRUE,FALSE,FALSE
"507","Crateriforma",-0.0343832599725999,0.250038469827391,0.151416226026648,0.332552242958684,-0.227077776767127,0.751877261758404,0.841462478185359,0.530564177988533,1,1,FALSE,FALSE,TRUE,TRUE,FALSE,FALSE
"508","Singulisphaera",0.272147954906722,-0.187561157674981,0.16579376018855,0.331402306369399,1.64148490629093,-0.565962137468997,0.176041042052888,0.601660719135805,1,1,FALSE,FALSE,TRUE,TRUE,FALSE,FALSE
"509","Aquisphaera",0.385623929645048,-0.414513107151632,0.286135874210077,0.462367500722482,1.3476951490603,-0.896501390136474,0.249028093925205,0.420663022499565,1,1,FALSE,FALSE,TRUE,TRUE,FALSE,FALSE
"510","Tundrisphaera",-0.109122333532803,0.574979419204069,0.169550396323617,0.574312359539808,-0.643598221525379,1.00116149278904,0.554879258359407,0.373402597897284,1,1,FALSE,FALSE,TRUE,TRUE,FALSE,FALSE
"511","Gemmata",0.334257571767913,-0.311780391397363,0.309521511794319,0.45093894368395,1.07991709471241,-0.691402673830454,0.340945777141681,0.527346464381274,1,1,FALSE,FALSE,TRUE,TRUE,FALSE,FALSE
"512","Frigoriglobus",0.317320739237572,-0.521762289246054,0.330067608141887,0.415386676573325,0.961381036521355,-1.25608816717536,0.437803623275022,0.3359287553452,1,1,FALSE,FALSE,TRUE,TRUE,FALSE,FALSE
"513","Limnoglobus",-0.385261523318086,0.883402235865261,0.132346799703105,0.282531134205042,-2.91099991977401,3.12674296357069,0.100528191308375,0.0888630370568786,1,1,FALSE,FALSE,TRUE,TRUE,FALSE,FALSE
"514","Saltatorellus",1.03663807934798,-1.48708533496246,0.0371565466545048,0.220401201481134,27.8992041156844,-6.74717435734919,0.000101085834058471,0.00664943982655999,0.110486816625909,1,FALSE,FALSE,TRUE,TRUE,FALSE,FALSE
"515","Engelhardtia",0.223420000781509,-0.333960812333927,0.399139907552457,0.474893287780495,0.559753601566753,-0.703233380902808,0.631973869054661,0.554749427868113,1,1,FALSE,FALSE,TRUE,TRUE,FALSE,FALSE
"516","Fontivita",0.612218645322544,-0.779719611586727,0.170264178473982,0.282681213939066,3.59569846581732,-2.75830006784533,0.0368741495504626,0.0702521700959806,1,1,FALSE,FALSE,TRUE,TRUE,FALSE,FALSE
"517","Phycisphaera",0.286503142364959,-0.429243734401883,0.101568567097421,0.23988271724086,2.82078551024703,-1.78938999582404,0.0666950721092898,0.171493771790104,1,1,FALSE,FALSE,TRUE,TRUE,FALSE,FALSE
"518","Chlamydia",0.260384047307367,-0.16403334247627,0.139982616330955,0.41856151390529,1.86011702118606,-0.391897814363762,0.136381973889278,0.715117030971475,1,1,FALSE,FALSE,TRUE,TRUE,FALSE,FALSE
"519","Tichowtungia",0.659586484240997,-0.858666009784149,0.263862447252725,0.357753870308031,2.49973609776026,-2.40015854767644,0.0877270556245998,0.0958608142412642,1,1,FALSE,FALSE,TRUE,TRUE,FALSE,FALSE
"520","Kiritimatiella",-0.31955179478487,0.751982778798831,0.148650049792988,0.348300041187276,-2.14969181127004,2.15900858419509,0.16457268141569,0.163483939339811,1,1,FALSE,FALSE,TRUE,TRUE,FALSE,FALSE
"521","Lentisphaera",0.467930294798463,-0.822981400367836,0.460247132235802,0.56287552353656,1.01669355879598,-1.4621019496407,0.41627780773432,0.2812200626315,1,1,FALSE,FALSE,TRUE,TRUE,FALSE,FALSE
"522","Treponema",-0.216717976046669,0.790170704231803,0.547132319138416,0.635848367789419,-0.396097924516579,1.24270304723577,0.712252966170877,0.281849314407372,1,1,FALSE,FALSE,TRUE,TRUE,FALSE,FALSE
"523","Brucepastera",0.0418326816299109,0.294796834765519,0.164989804382926,0.407682223179938,0.253547070901552,0.723104462260072,0.816228548571715,0.521893692361825,1,1,FALSE,FALSE,TRUE,TRUE,FALSE,FALSE
"524","Sphaerochaeta",0.488749827695457,-0.573938248874915,0.0606000636085983,0.362297551924563,8.06517020926212,-1.58416264704549,0.00398200470567313,0.211325255254401,1,1,FALSE,FALSE,TRUE,TRUE,FALSE,FALSE
"525","Parasphaerochaeta",0.438876797668269,-0.764874406107449,0.123945618181768,0.290464121921268,3.54088191342634,-2.63328359126836,0.0713299693867198,0.119011531602592,1,1,FALSE,FALSE,TRUE,TRUE,FALSE,FALSE
"526","Spirochaeta",0.315610356283392,-0.518341523337695,0.197125743967266,0.31529375096881,1.60106107873866,-1.64399554937253,0.250513535708749,0.241900843218508,1,1,FALSE,FALSE,TRUE,TRUE,FALSE,FALSE
"527","Marispirochaeta",0.230671275140356,-0.10460779814225,0.136932198660545,0.32182755258219,1.68456562734518,-0.325043015437699,0.167356116564115,0.761438916469732,1,1,FALSE,FALSE,TRUE,TRUE,FALSE,FALSE
"528","Salinispira",-0.463284794352878,1.10784153858795,0.036914876252382,0.243913950231106,-12.5500839061592,4.5419359472399,0.00628918837320456,0.0452128263668452,1,1,FALSE,FALSE,TRUE,TRUE,FALSE,FALSE
"529","Leadbettera",0.608205006141599,-1.10353082305411,0.148427480484737,0.2856866575131,4.09765768545902,-3.86273140181042,0.0547143672005805,0.060957116219023,1,1,FALSE,FALSE,TRUE,TRUE,FALSE,FALSE
"530","Breznakiella",0.201336589128272,-0.0949161845962751,0.143190945779652,0.288053099781851,1.40607067040466,-0.329509332370168,0.254380366854766,0.763436350620918,1,1,FALSE,FALSE,TRUE,TRUE,FALSE,FALSE
"531","Borrelia",0.282590114245023,-0.208445476351584,0.139615998489566,0.357994435408893,2.02405252479817,-0.582258984314943,0.112975040575608,0.59163323324049,1,1,FALSE,FALSE,TRUE,TRUE,FALSE,FALSE
"532","Borreliella",-0.500641254515626,1.31257762067175,0.138279327915338,0.739949061518741,-3.62050685422875,1.77387564757187,0.0362344695033022,0.174186347042983,1,1,FALSE,FALSE,TRUE,TRUE,FALSE,FALSE
"533","Leptospira",0.230698547763756,-0.104662343389047,0.523982645849355,0.691663769210112,0.440278985556483,-0.151319684575315,0.682481029892475,0.887048387449709,1,1,FALSE,FALSE,TRUE,TRUE,FALSE,FALSE
"534","Brachyspira",-0.0050042038541463,0.366743159846755,0.160316110237842,0.613587572772406,-0.0312146037395878,0.597703043739429,0.976593798166978,0.582231080358842,1,1,FALSE,FALSE,TRUE,TRUE,FALSE,FALSE
"535","Thermospira",-0.262975890498576,0.638830970226243,0.143190945779652,0.282816343413493,-1.8365399367028,2.25881914218881,0.207686876970296,0.152415402049271,1,1,FALSE,FALSE,TRUE,TRUE,FALSE,FALSE
"536","Winmispira",-0.821148483662563,1.75517615655422,0.0541631447669529,0.536057707984383,-15.160650054492,3.27422986445585,0.00432256301600441,0.0819725060850743,1,1,FALSE,FALSE,TRUE,TRUE,FALSE,FALSE
"537","Sorangium",0.155742347651754,0.0452500568349574,0.036446497432239,0.310247279850439,4.27317735925952,0.145851582830222,0.0129174672352475,0.891093410901701,1,1,FALSE,FALSE,TRUE,TRUE,FALSE,FALSE
"538","Polyangium",0.360791996544934,-0.364849240951405,0.567648850311814,0.663083557218242,0.635590112349824,-0.550231169178761,0.559587629038243,0.611442101515793,1,1,FALSE,FALSE,TRUE,TRUE,FALSE,FALSE
"539","Sandaracinus",0.111578167104511,0.0546811854433264,0.189871075675355,0.467838640198784,0.587652261976382,0.116880438563374,0.598069076800732,0.914340351151248,1,1,FALSE,FALSE,TRUE,TRUE,FALSE,FALSE
"540","Labilithrix",0.146826666019798,0.0323118737908018,0.272382191526473,0.404453563205731,0.539046496384209,0.0798901944012937,0.627288521514548,0.941355438697879,1,1,FALSE,FALSE,TRUE,TRUE,FALSE,FALSE
"541","Nannocystis",-0.289930629532892,0.936596011204246,0.430116902030575,0.652226318409398,-0.674074020723516,1.43599849433912,0.537212566548836,0.22434612387627,1,1,FALSE,FALSE,TRUE,TRUE,FALSE,FALSE
"542","Haliangium",0.268591070896958,-0.38446355573188,0.59712115657976,0.747416156500901,0.449810005787462,-0.514390212718684,0.683361350388605,0.64247459762693,1,1,FALSE,FALSE,TRUE,TRUE,FALSE,FALSE
"543","Cystobacter",0.0797118421937249,0.107791726961305,0.275008650493637,0.604749801136152,0.289852126653628,0.178241855985392,0.790808551826871,0.869889809025294,1,1,FALSE,FALSE,TRUE,TRUE,FALSE,FALSE
"544","Archangium",-0.395431365631367,0.899697073336457,0.117135433146525,0.514087733689528,-3.37584755533981,1.75008469250855,0.0432236574480256,0.17841018163074,1,1,FALSE,FALSE,TRUE,TRUE,FALSE,FALSE
"545","Corallococcus",0.370115528577393,-0.383496305016323,0.198969945463854,0.483232397754194,1.86015796362889,-0.793606361656646,0.136375509586382,0.47184500623212,1,1,FALSE,FALSE,TRUE,TRUE,FALSE,FALSE
"546","Myxococcus",0.321964112584723,-0.287193473030983,0.223129517732585,0.573567451325537,1.44294719881298,-0.500714383926891,0.222510549445709,0.642869622554497,1,1,FALSE,FALSE,TRUE,TRUE,FALSE,FALSE
"547","Anaeromyxobacter",0.425729885396532,-0.4947250186546,0.192072214074182,0.368893062868428,2.21650949070701,-1.34110686389094,0.0909647107477337,0.250973576957302,1,1,FALSE,FALSE,TRUE,TRUE,FALSE,FALSE
"548","Vulgatibacter",0.105399506189108,-0.0979198231491257,0.144629068117675,0.356342362477016,0.72875741758463,-0.274791418198115,0.541932563322594,0.809260466320351,1,1,FALSE,FALSE,TRUE,TRUE,FALSE,FALSE
"549","Pendulispora",0.169859552371214,0.017015647396035,0.143560212129394,0.607133239085045,1.18319379618996,0.0280262161592038,0.302249409777467,0.978983776815003,1,1,FALSE,FALSE,TRUE,TRUE,FALSE,FALSE
"550","Sulfurospirillum",0.881593993629284,-1.22867852543129,0.173666461251715,0.472058236899583,5.0763629734557,-2.6028113257828,0.0147652254125624,0.0801808594420693,1,1,FALSE,FALSE,TRUE,TRUE,FALSE,FALSE
"551","Campylobacter",0.511662190801163,-0.666589629463863,0.517443542039781,0.601262528231836,0.98882708784841,-1.10864987948632,0.378724614010046,0.32974828825545,1,1,FALSE,FALSE,TRUE,TRUE,FALSE,FALSE
"552","Sulfurimonas",0.439539671001433,-0.522344589864402,0.130519896286869,0.491738710567514,3.36760665236334,-1.06224012598391,0.0281059594396452,0.348003953774635,1,1,FALSE,FALSE,TRUE,TRUE,FALSE,FALSE
"553","Aliarcobacter",-0.238934669324106,0.99671521215056,0.226576257333283,0.516016971209012,-1.05454416158285,1.93155509946754,0.369057669070863,0.148939000559001,1,1,FALSE,FALSE,TRUE,TRUE,FALSE,FALSE
"554","Arcobacter",0.0239043745643408,0.308926003009781,0.42961409766247,0.642360659318061,0.0556415040716877,0.480922980771801,0.958295766467001,0.655694019466542,1,1,FALSE,FALSE,TRUE,TRUE,FALSE,FALSE
"555","Helicobacter",0.137263801683745,0.0822071487709734,0.113440025061775,0.235663602322939,1.21001208884603,0.348832606990034,0.292889291168617,0.74480278743484,1,1,FALSE,FALSE,TRUE,TRUE,FALSE,FALSE
"556","Sulfurovum",0.109033975315671,0.0589215050913928,0.12529433733993,0.289748506353585,0.870222690270965,0.203353956273686,0.448213996573473,0.85187033863477,1,1,FALSE,FALSE,TRUE,TRUE,FALSE,FALSE
"557","Hydrogenimonas",-0.572775412437141,1.19527048467941,0.336559863246035,0.528142206627388,-1.70185299849146,2.26316031871828,0.187337643738777,0.108608455305968,1,1,FALSE,FALSE,TRUE,TRUE,FALSE,FALSE
"558","Tunturiibacter",0.0302349696754623,0.296264812787538,0.530034385423798,0.657568789806456,0.0570434117237269,0.450545733587414,0.957246419027196,0.675658662285762,1,1,FALSE,FALSE,TRUE,TRUE,FALSE,FALSE
"559","Granulicella",0.422312611224101,-0.487890470309737,0.119838069163363,0.307017520359941,3.52402716576154,-1.5891290820724,0.0243613772505409,0.187232004349319,1,1,FALSE,FALSE,TRUE,TRUE,FALSE,FALSE
"560","Edaphobacter",-0.168133381787652,0.693001515713768,0.0760711219532824,0.417217942714592,-2.21021298845715,1.66100602290691,0.0916043905599451,0.172048638454274,1,1,FALSE,FALSE,TRUE,TRUE,FALSE,FALSE
"561","Telmatobacter",0.218067007216599,-0.258153396530981,0.376460082341762,0.441530597228257,0.57925665281726,-0.584678385035055,0.60304692561756,0.599828980648963,1,1,FALSE,FALSE,TRUE,TRUE,FALSE,FALSE
"562","Terriglobus",-0.216271979571372,0.789278711281205,0.64624659514703,0.840146066812174,-0.334658598119449,0.939454152628508,0.754695231505404,0.400687658124881,1,1,FALSE,FALSE,TRUE,TRUE,FALSE,FALSE
"563","Chloracidobacterium",0.510939362681622,-0.665143973224782,0.826039021643638,0.881883099757576,0.618541436051004,-0.754231454721862,0.569702128490888,0.492679418463957,1,1,FALSE,FALSE,TRUE,TRUE,FALSE,FALSE
"564","Silvibacterium",0.0872817224380752,0.0688098154153272,0.107999037000301,0.242003676896157,0.808171302840709,0.284333760122385,0.478133412517535,0.794651085226478,1,1,FALSE,FALSE,TRUE,TRUE,FALSE,FALSE
"565","Paludibaculum",0.58428089673791,-1.05568260424673,0.143190945779652,0.28629610167846,4.08043185661351,-3.6873802963352,0.0551397151534597,0.0663146409927221,1,1,FALSE,FALSE,TRUE,TRUE,FALSE,FALSE
"566","Geothrix",0.00832555617434,0.340083639789784,0.467151597909224,0.632556483579324,0.0178219580358961,0.537633632123126,0.986634415875795,0.619346507451633,1,1,FALSE,FALSE,TRUE,TRUE,FALSE,FALSE
"567","Mesoterricola",0.0387641314112646,0.279206489315933,0.205526574420859,0.481018180363963,0.18860885275053,0.58044893252199,0.859582013227481,0.592741604472523,1,1,FALSE,FALSE,TRUE,TRUE,FALSE,FALSE
"568","Sulfidibacter",-0.224292490429794,0.561464170088679,0.119826025811579,0.270979246409378,-1.8718178201327,2.07198218139722,0.202122673041549,0.174050776517136,1,1,FALSE,FALSE,TRUE,TRUE,FALSE,FALSE
"569","Luteitalea",0.538371940568199,-0.656641770329485,0.0888369667906664,0.327803234879629,6.06022425142911,-2.00315829882096,0.00901553688380391,0.138900305811194,1,1,FALSE,FALSE,TRUE,TRUE,FALSE,FALSE
"570","Bdellovibrio",0.056127435241628,0.244479881655208,0.202511443245482,0.335079589922733,0.27715685761812,0.729617347662337,0.795393203462879,0.50605329101938,1,1,FALSE,FALSE,TRUE,TRUE,FALSE,FALSE
"571","Micavibrio",-0.260807729092852,0.939033444242646,0.427993095043348,0.575072756673532,-0.609373684092816,1.63289502649094,0.585326452401506,0.200996446460588,1,1,FALSE,FALSE,TRUE,TRUE,FALSE,FALSE
"572","Nitrospira",0.101619588583034,0.153495574972395,0.417012609049879,0.616372173986449,0.243684690529056,0.249030669213451,0.819462811369157,0.815601474061,1,1,FALSE,FALSE,TRUE,TRUE,FALSE,FALSE
"573","Leptospirillum",-0.32107897333681,0.775776419512197,0.0820396839150293,0.271574645582479,-3.91370319843456,2.85658632766802,0.0296491773105975,0.0647579845859275,1,1,FALSE,FALSE,TRUE,TRUE,FALSE,FALSE
"574","Desulfurispirillum",0.0400498421037207,0.0327795050216492,0.212963173754617,0.376404213756525,0.188059941996673,0.0870859140882318,0.868181919805841,0.938537381793886,1,1,FALSE,FALSE,TRUE,TRUE,FALSE,FALSE
"575","Elusimicrobium",0.356407256835245,-0.48757090711162,0.387835566992549,0.468923042140002,0.918964858223259,-1.03976743153102,0.455125844423389,0.407644857128781,1,1,FALSE,FALSE,TRUE,TRUE,FALSE,FALSE
"576","Candidatus Caldatribacterium",0.270421085763872,-0.359570221645554,0.283704242720574,0.378329308487411,0.953179561823525,-0.950415983057571,0.441097104930413,0.442212880031533,1,1,FALSE,FALSE,TRUE,TRUE,FALSE,FALSE
"577","Nitrospina",-0.59856967229484,1.31001853381877,0.0546972303632561,0.494414666279777,-10.9433268982654,2.64963526198768,0.0082471279411041,0.117795688280521,1,1,FALSE,FALSE,TRUE,TRUE,FALSE,FALSE
"578","Faecalibacterium",-0.414405836361973,1.18554642486241,0.983728938504494,1.01968373907082,-0.421260186766459,1.16266091086511,0.695216188883077,0.30960415186641,1,1,FALSE,FALSE,TRUE,TRUE,FALSE,FALSE
"579","Lawsonibacter",0.386277164024296,-0.41581957591013,0.754763264127171,0.932322567684413,0.511785857080627,-0.446003980084801,0.635760150902676,0.678672123699297,1,1,FALSE,FALSE,TRUE,TRUE,FALSE,FALSE
"580","Flavonifractor",0.444162052563249,-0.531589352988035,0.388932675637287,0.584571776706857,1.14200240911995,-0.909365409296194,0.317171291817449,0.414595202843387,1,1,FALSE,FALSE,TRUE,TRUE,FALSE,FALSE
"581","Ruthenibacterium",-0.0475507410037871,0.451836234146035,0.649935285249494,0.794395924154407,-0.0731622702797765,0.56877964804136,0.945189401589728,0.599919363454083,1,1,FALSE,FALSE,TRUE,TRUE,FALSE,FALSE
"582","Oscillibacter",-0.0372821960886413,0.431299144315742,0.457365211165942,0.60043211887341,-0.0815151550193322,0.718314578382295,0.938948118476256,0.512284304918374,1,1,FALSE,FALSE,TRUE,TRUE,FALSE,FALSE
"583","Vescimonas",-0.678997520476619,1.7147297930917,0.950444679748155,0.989064644588617,-0.714399832988214,1.73368829072331,0.514455560938074,0.157999590425471,1,1,FALSE,FALSE,TRUE,TRUE,FALSE,FALSE
"584","Pusillibacter",-0.503556922864979,1.36384859786842,0.612172551070353,0.679229005320625,-0.822573508048564,2.00793633249603,0.456958874549401,0.115069506545,1,1,FALSE,FALSE,TRUE,TRUE,FALSE,FALSE
"585","Dysosmobacter",-0.256317885083644,0.869370522305753,0.721643847875662,0.87288022317496,-0.355186129332606,0.99597917242707,0.740387570972326,0.375630680619005,1,1,FALSE,FALSE,TRUE,TRUE,FALSE,FALSE
"586","Subdoligranulum",-0.746797382537826,1.85032951721412,0.959880471128497,1.0637813948634,-0.778010809679088,1.73938886894306,0.480014508010841,0.156950110419524,1,1,FALSE,FALSE,TRUE,TRUE,FALSE,FALSE
"587","Anaerotruncus",-0.379710713735237,1.11615617960894,0.511440979704376,0.59195170581088,-0.742433103336221,1.88555277170792,0.499056467965025,0.132428911916835,1,1,FALSE,FALSE,TRUE,TRUE,FALSE,FALSE
"588","Owariibacterium",-0.333528396292803,1.02379154472407,0.548466413623647,0.61490437451261,-0.608110885203023,1.66496058112378,0.57595072356526,0.171251456061588,1,1,FALSE,FALSE,TRUE,TRUE,FALSE,FALSE
"589","Ruminococcus",-1.58758930492381,3.53191336198609,0.825217208657813,1.20318589196464,-1.9238441567475,2.93546773243737,0.12670960069673,0.0425809971353473,1,1,FALSE,FALSE,TRUE,TRUE,FALSE,FALSE
"590","Pseudoflavonifractor",0.176476362960264,0.00378202621793434,0.132725893676313,0.259982866337736,1.32963024826676,0.0145472133268245,0.25439814036859,0.989090070994081,1,1,FALSE,FALSE,TRUE,TRUE,FALSE,FALSE
"591","Solibaculum",-0.0107809568340907,0.378296665806645,0.488383451547855,0.570295618539999,-0.0220747791513455,0.663334336628983,0.983445596194775,0.543392643431979,1,1,FALSE,FALSE,TRUE,TRUE,FALSE,FALSE
"592","Caproicibacterium",-0.317866906891793,0.992468565922048,0.565347916711513,0.617385868924685,-0.56225007202776,1.60753366067586,0.603959861671998,0.183216230455532,1,1,FALSE,FALSE,TRUE,TRUE,FALSE,FALSE
"593","Bengtsoniella",-0.205905055655605,0.768544863449674,0.484151877354785,0.592762953202895,-0.42529021426208,1.29654672124324,0.692507269902862,0.264526869625803,1,1,FALSE,FALSE,TRUE,TRUE,FALSE,FALSE
"594","Ethanoligenens",-0.382791546475341,1.12231784508915,0.538601128501072,0.700134095525932,-0.710714341688534,1.6030041277251,0.516505825972478,0.184196203217342,1,1,FALSE,FALSE,TRUE,TRUE,FALSE,FALSE
"595","Mageeibacillus",-0.0711490177463141,0.499032787631091,0.37279304554328,0.427264240839343,-0.190853929806086,1.16797227554256,0.85793550073136,0.307685843132367,1,1,FALSE,FALSE,TRUE,TRUE,FALSE,FALSE
"596","Thermocaproicibacter",-0.516453274553914,1.38964130124629,0.666044043211781,0.859243789885475,-0.7754040889901,1.61728407886604,0.481390571764188,0.181125011155408,1,1,FALSE,FALSE,TRUE,TRUE,FALSE,FALSE
"597","Amygdalobacter",-0.32134635802751,0.999427468193482,0.362186725295209,0.503232815364059,-0.88723946954596,1.98601410257886,0.425077131136982,0.117987112518857,1,1,FALSE,FALSE,TRUE,TRUE,FALSE,FALSE
"598","Petroclostridium",-0.282242592078874,0.711049117415635,0.183972019569947,0.355776182133375,-1.53416042688798,1.99858549594833,0.222542347579499,0.139517108395527,1,1,FALSE,FALSE,TRUE,TRUE,FALSE,FALSE
"599","Acetivibrio",-0.19415653764308,0.745047827424623,0.380539301135631,0.555689415118983,-0.510214154132478,1.34076303624588,0.636766554107977,0.251075515062888,1,1,FALSE,FALSE,TRUE,TRUE,FALSE,FALSE
"600","Thermoclostridium",0.0984101154543584,0.0766279381935814,0.0651583624488241,0.314457516338153,1.51032210994637,0.24368295942139,0.228120765797966,0.823189869237876,1,1,FALSE,FALSE,TRUE,TRUE,FALSE,FALSE
"601","Fastidiosipila",-0.0139877868520892,0.253219180263049,0.0772517729241512,0.316732983631214,-0.181067518875237,0.79947208958156,0.8730026147883,0.507880236363341,1,1,FALSE,FALSE,TRUE,TRUE,FALSE,FALSE
"602","Ruminiclostridium",-0.160223314986022,0.677181382110505,0.495674470710459,0.567768157447407,-0.323243024310634,1.19270757478722,0.762704178496295,0.298897238634432,1,1,FALSE,FALSE,TRUE,TRUE,FALSE,FALSE
"603","Paludihabitans",0.329349058600157,-0.30196336506185,0.415337079973583,0.537189736525986,0.792968108267879,-0.562116780217454,0.472177217966198,0.60404252225965,1,1,FALSE,FALSE,TRUE,TRUE,FALSE,FALSE
"604","Intestinimonas",-0.220704386554192,0.798143525246844,0.568036797697129,0.773352889127857,-0.388538889467984,1.03205604642784,0.717411579744635,0.360358113703321,1,1,FALSE,FALSE,TRUE,TRUE,FALSE,FALSE
"605","Flintibacter",0.2638178178199,-0.170900883501337,0.564431398496305,0.669748831879899,0.467404574803481,-0.255171603691552,0.66453724789755,0.811173759594384,1,1,FALSE,FALSE,TRUE,TRUE,FALSE,FALSE
"606","Thermaerobacter",0.323020055422449,-0.297721961753236,0.0330388644242561,0.225267987175227,9.77697209185248,-1.32163458060133,0.00227372935843145,0.278037840389323,1,1,FALSE,FALSE,TRUE,TRUE,FALSE,FALSE
"607","Levyella",-0.175441512407916,0.707617776954294,0.295460169668024,0.39557379688568,-0.593790738714595,1.78883885263713,0.584603517779234,0.148150827549814,1,1,FALSE,FALSE,TRUE,TRUE,FALSE,FALSE
"608","Fusibacter",-0.0698825834168448,0.36500877339256,0.513184340197304,0.585350891014245,-0.136174426893028,0.623572593799429,0.904153446167101,0.596546733855247,1,1,FALSE,FALSE,TRUE,TRUE,FALSE,FALSE
"609","Fenollaria",-0.820909134673482,1.86706187590583,0.0336256208416984,0.257154755322739,-24.4132038048645,7.26046023750408,0.00167362867952002,0.0184469075545718,1,1,FALSE,FALSE,TRUE,TRUE,FALSE,FALSE
"610","Agathobaculum",-0.0927350990761969,0.542204950290858,0.261606951737363,0.34967821555359,-0.354482548954957,1.55058258185306,0.740875915424407,0.195939682907439,1,1,FALSE,FALSE,TRUE,TRUE,FALSE,FALSE
"611","Intestinibacillus",0.182967708464376,-0.00920066479029012,0.423176409043843,0.574431480397033,0.432367458473848,-0.0160169926340577,0.687763507303058,0.987987897522505,1,1,FALSE,FALSE,TRUE,TRUE,FALSE,FALSE
"612","Butyricicoccus",-0.250678659228868,0.858092070596198,0.800461858922022,0.866199014042634,-0.31316752501669,0.990640784259728,0.769802965421243,0.377937938660694,1,1,FALSE,FALSE,TRUE,TRUE,FALSE,FALSE
"613","Clostridium",-0.0973714014670724,0.551477555072608,0.0766838255824474,0.2762206931649,-1.26977756687924,1.99651064789481,0.273007117345567,0.116580161003462,1,1,FALSE,FALSE,TRUE,TRUE,FALSE,FALSE
"614","Lactonifactor",-0.248207251278056,0.853149254694575,0.235152883575445,0.396442939078642,-1.05551438495724,2.15201021533476,0.350723635011392,0.097760890835774,1,1,FALSE,FALSE,TRUE,TRUE,FALSE,FALSE
"615","Proteiniclasticum",0.301325475493728,-0.2615643285387,0.0855314951975857,0.45053285257598,3.52297682622803,-0.580566604728539,0.0388342286175198,0.60226831952178,1,1,FALSE,FALSE,TRUE,TRUE,FALSE,FALSE
"616","Caloramator",-0.206070123123845,0.768874998386153,0.309434112583758,0.449805123717414,-0.665958001214443,1.70935135649809,0.541878269492057,0.162564193753375,1,1,FALSE,FALSE,TRUE,TRUE,FALSE,FALSE
"617","Wukongibacter",-0.19014540431527,0.737025560769003,0.319821813196213,0.645789511505809,-0.5945354458941,1.14127830761831,0.584151435293979,0.317439601573707,1,1,FALSE,FALSE,TRUE,TRUE,FALSE,FALSE
"618","Crassaminicella",0.162807238117057,0.03112027590435,0.396226383462772,0.506614625685929,0.410894490907503,0.0614279065911586,0.702209064057761,0.953965251610833,1,1,FALSE,FALSE,TRUE,TRUE,FALSE,FALSE
"619","Haloimpatiens",-0.284877240984268,0.926489234107,0.569970300794241,0.815591138880916,-0.499810675376065,1.13597265828347,0.643451994190268,0.319411952769865,1,1,FALSE,FALSE,TRUE,TRUE,FALSE,FALSE
"620","Aristaeella",0.0584448041574674,0.239845143823529,1.08022248673355,1.17437177645577,0.054104413558541,0.204232721385195,0.959446417576694,0.848142101081119,1,1,FALSE,FALSE,TRUE,TRUE,FALSE,FALSE
"621","Eubacterium",-0.369381360680816,1.0954974735001,0.254575198671817,0.729235044563095,-1.45097151100332,1.50225566045916,0.220409582282715,0.207446398570747,1,1,FALSE,FALSE,TRUE,TRUE,FALSE,FALSE
"622","Pseudoramibacter",0.261606327264942,-0.195365748157392,0.0313917984797252,0.498571539014988,8.33358838723129,-0.391850983999948,0.0036216641988425,0.721345359943345,1,1,FALSE,FALSE,TRUE,TRUE,FALSE,FALSE
"623","Acetobacterium",-0.153976027605525,0.497271509960054,0.0481552478422274,0.281971546260214,-3.19749216347098,1.76355209082392,0.049426606640711,0.176004946271763,1,1,FALSE,FALSE,TRUE,TRUE,FALSE,FALSE
"624","Alkalibacter",-0.148246831215864,0.487722849310618,0.183631832963722,0.467926877296988,-0.807304642246593,1.0423056955565,0.478563220741415,0.373876297924653,1,1,FALSE,FALSE,TRUE,TRUE,FALSE,FALSE
"625","Anaerofustis",0.073728800339698,0.209277151459068,0.60963247283591,0.722410403391263,0.120939752432681,0.289692881603924,0.909570521757936,0.786447182285319,1,1,FALSE,FALSE,TRUE,TRUE,FALSE,FALSE
"626","Acutalibacter",-0.206930991777258,0.770596735692981,0.412647014857282,0.57561098774474,-0.50147216465101,1.33874570169725,0.642381529196269,0.251674431940099,1,1,FALSE,FALSE,TRUE,TRUE,FALSE,FALSE
"627","Caproiciproducens",-0.136753351072761,0.630241454283985,0.506930757267925,0.696133238788818,-0.269767318538305,0.905346015915751,0.8006845562418,0.416483248051833,1,1,FALSE,FALSE,TRUE,TRUE,FALSE,FALSE
"628","Caproicibacter",-0.435212328946604,1.22715941003167,0.81942697466962,0.867658280498343,-0.531117893845361,1.41433492610345,0.623459482641463,0.23016661241897,1,1,FALSE,FALSE,TRUE,TRUE,FALSE,FALSE
"629","Desulforamulus",0.146541356985952,-0.00359079769240684,0.129650987623397,0.504235373320981,1.13027567064601,-0.00712127288642451,0.340559666135345,0.994765174307417,1,1,FALSE,FALSE,TRUE,TRUE,FALSE,FALSE
"630","Candidatus Formimonas",0.333405201704506,-0.43413446542097,0.210086215771746,0.333693646391746,1.58699227590802,-1.30099709753331,0.21070954082306,0.284167769281623,1,1,FALSE,FALSE,TRUE,TRUE,FALSE,FALSE
"631","Desulfofundulus",0.157879800802211,-0.0224882040528381,0.119826025811579,0.310348735247189,1.31757520732991,-0.0724610784539739,0.279232504903953,0.94679553859947,1,1,FALSE,FALSE,TRUE,TRUE,FALSE,FALSE
"632","Thermanaerosceptrum",-0.0275045921696584,0.236281134221507,0.0342209693883342,0.2979141655973,-0.803735039108349,0.793118157868653,0.505895508614003,0.510852777009209,1,1,FALSE,FALSE,TRUE,TRUE,FALSE,FALSE
"633","Acididesulfobacillus",-0.688152679680307,1.38756593008469,0.0937667525049471,0.487360725227944,-7.33898382205356,2.84710248130009,0.00522722143596843,0.06526422030294,1,1,FALSE,FALSE,TRUE,TRUE,FALSE,FALSE
"634","Dehalobacter",-0.083782120222288,0.524298992583039,0.520565309181203,0.588349875438481,-0.160944493888901,0.891134704825582,0.879938631819509,0.42321608113888,1,1,FALSE,FALSE,TRUE,TRUE,FALSE,FALSE
"635","Desulfitobacterium",-0.104622497838687,0.565979747815836,0.299241783446641,0.368461922198939,-0.349625298424752,1.5360603463124,0.744251274456447,0.199327223952222,1,1,FALSE,FALSE,TRUE,TRUE,FALSE,FALSE
"636","Desulfosporosinus",0.0362546182287008,0.180220433569678,0.226284073044712,0.322310063705084,0.160217277959007,0.559152362473487,0.882890153600814,0.615084990826566,1,1,FALSE,FALSE,TRUE,TRUE,FALSE,FALSE
"637","Heliomicrobium",-0.122725461538992,0.602185675216448,0.465628631239998,0.526053355924059,-0.263569405541422,1.14472356926353,0.805132643906179,0.316164856999836,1,1,FALSE,FALSE,TRUE,TRUE,FALSE,FALSE
"638","Symbiobacterium",-0.211394754608864,0.592969388298953,0.142210439419531,0.394153739157473,-1.48649252102537,1.50441142475639,0.233851267962753,0.229527636938897,1,1,FALSE,FALSE,TRUE,TRUE,FALSE,FALSE
"639","Caldinitratiruptor",0.0123249755895983,0.332084800959267,0.560653748048806,0.716599024014777,0.0219832216095797,0.463417880614388,0.983514243528573,0.667157939853416,1,1,FALSE,FALSE,TRUE,TRUE,FALSE,FALSE
"640","Desulfoscipio",0.25289911641909,-0.18085373008097,0.344327661274122,0.536386982972801,0.734472262505088,-0.337170244286373,0.51586198651965,0.75819987420935,1,1,FALSE,FALSE,TRUE,TRUE,FALSE,FALSE
"641","Thermincola",0.0880170361518372,0.180700679834789,0.159337360459471,0.40361256423025,0.552394215004114,0.447708262450679,0.610091242712074,0.677540473644881,1,1,FALSE,FALSE,TRUE,TRUE,FALSE,FALSE
"642","Lachnospira",0.433905728733235,-0.511076705328006,1.09214193586847,1.85554300908643,0.397297928486002,-0.275432422113262,0.711435730331741,0.796626826519629,1,1,FALSE,FALSE,TRUE,TRUE,FALSE,FALSE
"643","Simiaoa",-0.511931635601541,1.38059802334155,1.13345510523641,1.44178683571998,-0.451655855830979,0.957560430666664,0.67492320664251,0.392510056582705,1,1,FALSE,FALSE,TRUE,TRUE,FALSE,FALSE
"644","Roseburia",-0.674352089336584,1.70543893081163,0.391253742394605,0.661329262932365,-1.72356712860897,2.57880457799438,0.159881237355519,0.061404879453352,1,1,FALSE,FALSE,TRUE,TRUE,FALSE,FALSE
"645","Agathobacter",-0.599493740342192,1.55572223282285,1.0493874012339,1.55447827716846,-0.571279719612882,1.0008002399729,0.598376899759886,0.373557540684109,1,1,FALSE,FALSE,TRUE,TRUE,FALSE,FALSE
"646","Blautia",-0.405727907144342,1.16819056642715,0.35335159698214,0.992338113249054,-1.14822717828228,1.17721021779797,0.314873369371775,0.304375694747738,1,1,FALSE,FALSE,TRUE,TRUE,FALSE,FALSE
"647","Mediterraneibacter",-0.139270461891818,0.635275675922096,0.0782666629165164,0.636153690931312,-1.77943528830879,0.998619806782963,0.149782825040313,0.374493926817231,1,1,FALSE,FALSE,TRUE,TRUE,FALSE,FALSE
"648","Coprococcus",-0.569748194771004,1.49623114168047,1.07451132003451,1.79661919618726,-0.530239360114611,0.832803715364797,0.624015322161728,0.451791072427734,1,1,FALSE,FALSE,TRUE,TRUE,FALSE,FALSE
"649","Enterocloster",0.0240750138997109,0.30858472433904,0.312576155782626,0.417858145669048,0.0770212745096698,0.738491585092721,0.942305325544328,0.501200620522627,1,1,FALSE,FALSE,TRUE,TRUE,FALSE,FALSE
"650","Dorea",-0.244083081508474,0.844900915155413,0.312955239870734,1.02984801256191,-0.779929684543043,0.820413211318034,0.479003485660661,0.458056123410664,1,1,FALSE,FALSE,TRUE,TRUE,FALSE,FALSE
"651","Anaerobutyricum",-0.263548212529894,0.883831177198251,0.66619516584698,1.64607435582698,-0.395602108872747,0.536932717571083,0.712590766821368,0.619788147984819,1,1,FALSE,FALSE,TRUE,TRUE,FALSE,FALSE
"652","Anaerostipes",-0.309285613305317,0.975305978749099,0.261418981386142,1.14600041290456,-1.1831031230608,0.851052030842786,0.302281526968917,0.442688818550638,1,1,FALSE,FALSE,TRUE,TRUE,FALSE,FALSE
"653","Hungatella",-0.388247840024333,1.13323043218713,0.109008712984495,0.448377645280828,-3.56162208868162,2.52740172065752,0.0235517719266361,0.0648436785116603,1,1,FALSE,FALSE,TRUE,TRUE,FALSE,FALSE
"654","Sellimonas",-0.310137681940806,0.977010116020075,0.600898279087368,0.728428887038155,-0.51612343175926,1.34125668737915,0.632987616423887,0.250929169929319,1,1,FALSE,FALSE,TRUE,TRUE,FALSE,FALSE
"655","Lachnoclostridium",-0.535945337742861,1.42862542762418,0.468327378835112,0.634258366682741,-1.14438181913673,2.25243450093704,0.316291093064439,0.0874092128657443,1,1,FALSE,FALSE,TRUE,TRUE,FALSE,FALSE
"656","Eisenbergiella",-0.342797230958227,1.04232921405492,0.581013486197524,0.626335884953475,-0.589998750634315,1.6641697196263,0.586909044850802,0.17141057262559,1,1,FALSE,FALSE,TRUE,TRUE,FALSE,FALSE
"657","Eshraghiella",-0.541957862818774,1.44065047777601,0.540276944949552,0.660591237352523,-1.00311121524791,2.18085011776686,0.372567320648529,0.094654525919301,1,1,FALSE,FALSE,TRUE,TRUE,FALSE,FALSE
"658","Wansuia",-0.501257451331899,1.35924965480226,0.580572516765365,0.948013763311467,-0.863384739816197,1.43378683665343,0.436621308256553,0.224933534437008,1,1,FALSE,FALSE,TRUE,TRUE,FALSE,FALSE
"659","Lacrimispora",-0.0284593975088338,0.413653547156132,0.0529493196717071,0.570059482192083,-0.537483723781266,0.725632254314033,0.619440947171398,0.508243769143931,1,1,FALSE,FALSE,TRUE,TRUE,FALSE,FALSE
"660","Wujia",0.0264012971278472,0.303932157882768,1.29334451543338,1.44308215785079,0.0204131975763632,0.210613204680889,0.984691430758547,0.843483043269541,1,1,FALSE,FALSE,TRUE,TRUE,FALSE,FALSE
"661","Claveliimonas",-0.229525091830848,0.815784935800158,0.536630276861109,0.731389370102256,-0.427715508661569,1.11539074690968,0.690879697600752,0.327170149540193,1,1,FALSE,FALSE,TRUE,TRUE,FALSE,FALSE
"662","Butyrivibrio",-0.141410966374428,0.639556684887319,0.250062650791745,0.510192581548435,-0.565502148868271,1.25355935781399,0.60194531963484,0.278271383849812,1,1,FALSE,FALSE,TRUE,TRUE,FALSE,FALSE
"663","Marvinbryantia",0.0299485394829854,0.296837673172493,0.360796816420519,0.521922972181575,0.0830066622541355,0.568738470988827,0.93783420521443,0.599944789635284,1,1,FALSE,FALSE,TRUE,TRUE,FALSE,FALSE
"664","Hominifimenecus",0.191651123463622,-0.0265674947887811,0.405363170748888,0.501231603125703,0.472788692444744,-0.0530044287373442,0.661007128755999,0.960269929163317,1,1,FALSE,FALSE,TRUE,TRUE,FALSE,FALSE
"665","Chordicoccus",-0.260143509955128,0.877021772048718,0.286912973053475,0.427165712923421,-0.906698317564895,2.05311836955871,0.415847229349955,0.109302659397687,1,1,FALSE,FALSE,TRUE,TRUE,FALSE,FALSE
"666","Otoolea",0.279680952228247,-0.20262715231803,0.717525440078382,0.807976730927365,0.389785416106911,-0.250783400761384,0.716559629977369,0.814336867094306,1,1,FALSE,FALSE,TRUE,TRUE,FALSE,FALSE
"667","Anaerocolumna",-0.251020388318873,0.85877552877621,0.193248044091115,0.616640535836594,-1.29895435423149,1.3926679789403,0.263776739569419,0.236138558265856,1,1,FALSE,FALSE,TRUE,TRUE,FALSE,FALSE
"668","Stomatobaculum",0.0397626230495832,0.277209506039296,0.284225794628352,0.346658425697539,0.139898009966252,0.799661815464318,0.895502119741118,0.468702173962974,1,1,FALSE,FALSE,TRUE,TRUE,FALSE,FALSE
"669","Kineothrix",-0.231223897449952,0.819182547038366,0.394947266139296,0.697628818317692,-0.585455115844252,1.17423839945975,0.589679392893105,0.305436921741966,1,1,FALSE,FALSE,TRUE,TRUE,FALSE,FALSE
"670","Lachnoanaerobaculum",-0.0207518876247779,0.39823852738802,0.181452888889373,0.559029620536262,-0.114365154238078,0.71237464484619,0.914459057529853,0.515581448314745,1,1,FALSE,FALSE,TRUE,TRUE,FALSE,FALSE
"671","Qiania",-0.312618876371129,0.981972504880721,0.455354423092445,0.643920625189737,-0.686539672214101,1.52498998551471,0.530102026878892,0.20194977138652,1,1,FALSE,FALSE,TRUE,TRUE,FALSE,FALSE
"672","Novisyntrophococcus",-0.038505633040542,0.433746018219546,0.453288812806675,0.687089745560975,-0.0849472388301902,0.631280005300347,0.936385168257861,0.562133061266426,1,1,FALSE,FALSE,TRUE,TRUE,FALSE,FALSE
"673","Faecalimonas",0.580340154924855,-0.803945557711247,1.21834304592305,1.56006924006092,0.476335591085659,-0.515326843877683,0.658687388805016,0.633496243905181,1,1,FALSE,FALSE,TRUE,TRUE,FALSE,FALSE
"674","Pseudobutyrivibrio",-0.115082247842498,0.586899247823458,0.340545644756256,0.59897371461217,-0.337934868980244,0.979841407904635,0.752403472910141,0.382643016490538,1,1,FALSE,FALSE,TRUE,TRUE,FALSE,FALSE
"675","Herbinix",-0.0573088331043124,0.471352418347088,0.120086964651389,0.583844541014996,-0.477227759654673,0.807325212851449,0.658104621548307,0.464748256515883,1,1,FALSE,FALSE,TRUE,TRUE,FALSE,FALSE
"676","Chakrabartyella",-0.104210787424117,0.615933850723908,0.3425342961995,0.630867295388101,-0.3042346082724,0.976328706887546,0.780831523695106,0.400906515962894,1,1,FALSE,FALSE,TRUE,TRUE,FALSE,FALSE
"677","Anaeromicropila",-0.250009551333889,1.02440241717502,0.0987618330310156,0.44492893650147,-2.53143895431118,2.30239558080897,0.0853164817248624,0.104758048599074,1,1,FALSE,FALSE,TRUE,TRUE,FALSE,FALSE
"678","Anaeropeptidivorans",-0.427130711723061,1.21099617558458,0.431320947702023,0.53542135137813,-0.990285109032411,2.26176295074446,0.378092097997531,0.0865116253173105,1,1,FALSE,FALSE,TRUE,TRUE,FALSE,FALSE
"679","Anaerotignum",-0.124063216558993,0.604861185256448,0.494494248943347,0.552992402174851,-0.250889098961404,1.09379655647637,0.814260626992126,0.335494504853271,1,1,FALSE,FALSE,TRUE,TRUE,FALSE,FALSE
"680","Cellulosilyticum",-0.0958952994913516,0.548525351121168,0.322406493157898,0.48820293375973,-0.297436005559563,1.1235601287704,0.780941228453628,0.324070331869797,1,1,FALSE,FALSE,TRUE,TRUE,FALSE,FALSE
"681","Vallitalea",0.161048583080807,0.0346375859768497,0.29049616347036,0.649468928097361,0.55439142864012,0.0533321679888853,0.608845612211548,0.960024558474922,1,1,FALSE,FALSE,TRUE,TRUE,FALSE,FALSE
"682","Petrocella",0.280808458151719,-0.227369299635352,0.396733046856412,0.530839091538638,0.707802035592338,-0.428320565044149,0.530102385310719,0.697308096807633,1,1,FALSE,FALSE,TRUE,TRUE,FALSE,FALSE
"683","Ihubacter",1.123825777163,-1.63239816465415,0.777863650423851,0.947943535416658,1.44475934381383,-1.72204156014065,0.244270199183007,0.183540247262565,1,1,FALSE,FALSE,TRUE,TRUE,FALSE,FALSE
"684","Emergencia",-0.272467064395131,0.901668880928725,0.235946883256298,0.532717443170871,-1.15478136703829,1.69258373737822,0.312470470180298,0.165789888940016,1,1,FALSE,FALSE,TRUE,TRUE,FALSE,FALSE
"685","Mogibacterium",0.144038120770778,0.000581262666216846,0.206728546528489,0.754827520446205,0.696750028912569,0.000770060246178148,0.536094607822745,0.999433924788017,1,1,FALSE,FALSE,TRUE,TRUE,FALSE,FALSE
"686","Aminipila",0.0822855878126739,0.192163576513116,0.380640251359004,0.541261828810487,0.216176790339142,0.355028871951727,0.839426792233795,0.740496708108744,1,1,FALSE,FALSE,TRUE,TRUE,FALSE,FALSE
"687","Anoxybacterium",-0.0773373644214971,0.511409480981458,0.400000758859647,0.483456718054135,-0.193343044253157,1.05781854276393,0.856111035855554,0.34978977511719,1,1,FALSE,FALSE,TRUE,TRUE,FALSE,FALSE
"688","Clostridioides",-0.0499963445093357,0.456727441157134,0.32677219859995,0.48936525293197,-0.153000606304772,0.93330582508813,0.885805755894584,0.403497160407587,1,1,FALSE,FALSE,TRUE,TRUE,FALSE,FALSE
"689","Paraclostridium",0.0610387953746966,0.234657161389069,0.19533924416214,0.350793755981793,0.312475844966573,0.668931978941063,0.7702913077582,0.540165292379515,1,1,FALSE,FALSE,TRUE,TRUE,FALSE,FALSE
"690","Romboutsia",-0.63368622663906,1.62410720541658,0.220321523708351,0.870472818426817,-2.87618847207093,1.86577589907033,0.0451860950102373,0.135491629227197,1,1,FALSE,FALSE,TRUE,TRUE,FALSE,FALSE
"691","Peptostreptococcus",-0.131821795902113,0.728933028595579,0.247613216341182,0.398124519562035,-0.532369789666147,1.83091719494558,0.631376973111168,0.164519315084381,1,1,FALSE,FALSE,TRUE,TRUE,FALSE,FALSE
"692","Terrisporobacter",0.154665522415113,0.0474037073082383,0.399381613764927,0.935211182931466,0.387262500537012,0.0506877036688645,0.71828445432215,0.962004556822369,1,1,FALSE,FALSE,TRUE,TRUE,FALSE,FALSE
"693","Tepidibacter",-0.128617387298147,0.720922007085665,0.278050898160762,0.391902550737738,-0.46256778218995,1.83954405432821,0.675160352493969,0.163111872445918,1,1,FALSE,FALSE,TRUE,TRUE,FALSE,FALSE
"694","Peptacetobacter",0.315135477511854,-0.273536202885245,0.82113586525873,0.955088618337056,0.38377994537184,-0.286398767228019,0.720668684472081,0.788794160897715,1,1,FALSE,FALSE,TRUE,TRUE,FALSE,FALSE
"695","Filifactor",0.145377528011585,0.0659796961152949,0.147354260235456,0.627393610591867,0.98658517086162,0.105164756225444,0.379698986788877,0.921307638492544,1,1,FALSE,FALSE,TRUE,TRUE,FALSE,FALSE
"696","Geosporobacter",-0.0966712523219539,0.550077256782371,0.329620433479674,0.427262210763203,-0.293280520571596,1.28744654435923,0.783894192866889,0.267380826730654,1,1,FALSE,FALSE,TRUE,TRUE,FALSE,FALSE
"697","Alkaliphilus",-0.0518615674026885,0.284995084687568,0.0457582411330003,0.569513314470832,-1.13338201203906,0.500418651234472,0.374628535587345,0.66641861167154,1,1,FALSE,FALSE,TRUE,TRUE,FALSE,FALSE
"698","Christensenella",-0.341094772305506,1.03892429674947,1.01920101384231,1.10266536086376,-0.334668792193999,0.942193646071956,0.754688095973738,0.399441173653017,1,1,FALSE,FALSE,TRUE,TRUE,FALSE,FALSE
"699","Neomoorella",-0.0244108948960233,0.40555654193051,0.602735936770933,0.721574263707407,-0.0405001484178975,0.562044078244676,0.969635264040458,0.60408761123308,1,1,FALSE,FALSE,TRUE,TRUE,FALSE,FALSE
"700","Gelria",0.566995742151791,-0.70434810630214,0.0992271845877106,0.335800311881402,5.71411699835746,-2.09752070316987,0.0106340329054857,0.126864356401658,1,1,FALSE,FALSE,TRUE,TRUE,FALSE,FALSE
"701","Thermacetogenium",0.273686202249036,-0.215498873130881,0.175865020794759,0.30602556094814,1.55622875437201,-0.70418586102159,0.217512239193202,0.532057155035304,1,1,FALSE,FALSE,TRUE,TRUE,FALSE,FALSE
"702","Thermoanaerobacterium",0.240335216889075,-0.159913897530946,0.169354241418795,0.575434462633464,1.41912723812303,-0.277901147593947,0.25091876024462,0.799140105523663,1,1,FALSE,FALSE,TRUE,TRUE,FALSE,FALSE
"703","Thermoanaerobacter",-0.266622738007396,0.889980228153255,0.668413671681109,1.07563381382936,-0.398888815868803,0.827400753593683,0.710353014390004,0.454514566455372,1,1,FALSE,FALSE,TRUE,TRUE,FALSE,FALSE
"704","Candidatus Desulforudis",-0.202321044634098,0.792816733095762,0.307017330061911,0.514628098213944,-0.65898900427966,1.54056246801776,0.556968395585288,0.221069974042376,1,1,FALSE,FALSE,TRUE,TRUE,FALSE,FALSE
"705","Mahella",0.575839181120206,-0.926434755681542,0.227827839592827,0.33794530452447,2.52751894654026,-2.74137484166306,0.127317843981689,0.111288249789598,1,1,FALSE,FALSE,TRUE,TRUE,FALSE,FALSE
"706","Monoglobus",-0.0882258204999421,0.533186393138347,0.761315531279034,0.840753383334765,-0.115886011614291,0.634176922397286,0.913327808842548,0.560421350626518,1,1,FALSE,FALSE,TRUE,TRUE,FALSE,FALSE
"707","Mitsuokella",-0.121929721083289,0.600594194305041,1.5432107792227,1.96312835293463,-0.079010413045912,0.305937303288004,0.940819131946604,0.774914002377342,1,1,FALSE,FALSE,TRUE,TRUE,FALSE,FALSE
"708","Selenomonas",0.0879432453282668,0.180848261481931,0.407340764936546,0.631800951292148,0.215896008694259,0.28624246467509,0.839631358970159,0.788905590419259,1,1,FALSE,FALSE,TRUE,TRUE,FALSE,FALSE
"709","Megamonas",0.265281843708681,-0.173828935278897,0.0748793554883174,0.215911936965727,3.5427901586315,-0.805091824573323,0.0239532450905014,0.465897864010956,1,1,FALSE,FALSE,TRUE,TRUE,FALSE,FALSE
"710","Pectinatus",-0.619150782241566,1.27256276768679,0.0315387776923292,0.841047527800512,-19.6314133756729,1.51306879293108,0.00028878461594984,0.227470225735021,0.315064016001275,1,FALSE,FALSE,TRUE,TRUE,FALSE,FALSE
"711","Selenobaculum",-0.835609962473256,2.44443178834676,0.125473028754022,0.687377311415221,-6.65967794649627,3.55617176731363,0.0069013893406494,0.0379234353831477,1,1,FALSE,FALSE,TRUE,TRUE,FALSE,FALSE
"712","Sporomusa",0.0384823889363205,0.279769974265822,0.0543471373419002,0.321871728436678,0.708084929924204,0.869197104152817,0.517972235213892,0.433785185764856,1,1,FALSE,FALSE,TRUE,TRUE,FALSE,FALSE
"713","Pelosinus",0.200727273938783,-0.176210941318695,0.405051737077307,0.49156640129347,0.495559592922995,-0.358468237159877,0.66930190861125,0.754295049828939,1,1,FALSE,FALSE,TRUE,TRUE,FALSE,FALSE
"714","Dialister",0.216707437920993,-0.076680123703522,0.664788368188324,0.913688206281846,0.325979587325756,-0.0839237315052619,0.760780931169928,0.937149388908579,1,1,FALSE,FALSE,TRUE,TRUE,FALSE,FALSE
"715","Veillonella",0.345133815372827,-0.333532878607191,0.796129520337773,1.8286651534999,0.433514656291601,-0.182391444365219,0.686996183677137,0.864146265704692,1,1,FALSE,FALSE,TRUE,TRUE,FALSE,FALSE
"716","Megasphaera",-1.4213308411018,3.19939643434205,0.317835973018456,1.60511485427841,-4.47190048251481,1.99325077941563,0.0110584963473105,0.117015137456182,1,1,FALSE,FALSE,TRUE,TRUE,FALSE,FALSE
"717","Colibacter",0.997344578953395,-1.42159616763814,0.0810166971929411,0.345826743138799,12.3103584015307,-4.11071785465586,0.0011546142395326,0.0260705269821497,1,1,FALSE,FALSE,TRUE,TRUE,FALSE,FALSE
"718","Acidaminococcus",0.18056062855726,-0.00438650497605693,0.69850008897244,1.60929521536673,0.25849764575246,-0.00272573045279161,0.808779176394364,0.997955705324635,1,1,FALSE,FALSE,TRUE,TRUE,FALSE,FALSE
"719","Phascolarctobacterium",-0.44384363281293,1.24442201776432,1.91238504161824,2.21711534379403,-0.232089052755482,0.561279782419805,0.827859351012622,0.604561748341317,1,1,FALSE,FALSE,TRUE,TRUE,FALSE,FALSE
"720","Paenibacillus",-0.0146047191966941,0.385944190531852,0.209580164856113,0.294108430606044,-0.0696855983805573,1.31225136843772,0.947788608748811,0.259670865129669,1,1,FALSE,FALSE,TRUE,TRUE,FALSE,FALSE
"721","Brevibacillus",-0.105815776096164,0.568366304330791,0.328507586540763,0.462833649098288,-0.322110600885724,1.22801422376724,0.763500649281477,0.286760117803362,1,1,FALSE,FALSE,TRUE,TRUE,FALSE,FALSE
"722","Cohnella",-0.0709147810349729,0.498564314208408,0.473544187543517,0.530766824127054,-0.149753249855814,0.939328329400375,0.888206737549001,0.40074498737235,1,1,FALSE,FALSE,TRUE,TRUE,FALSE,FALSE
"723","Aneurinibacillus",0.471623673711965,-0.545394658902429,0.0884388137542231,0.249068898745259,5.33276797473376,-2.1897340922531,0.0128883195083277,0.116283332359519,1,1,FALSE,FALSE,TRUE,TRUE,FALSE,FALSE
"724","Saccharibacillus",0.874497994866894,-1.39226123759532,0.218896494849235,0.417036944653218,3.99502968500801,-3.33846019026694,0.0161969397091672,0.0288771360382388,1,1,FALSE,FALSE,TRUE,TRUE,FALSE,FALSE
"725","Thermobacillus",-0.230938016556431,0.818610785251326,0.263653085760035,0.389678132572202,-0.875916228671114,2.10073575298621,0.430525335929246,0.103567235731814,1,1,FALSE,FALSE,TRUE,TRUE,FALSE,FALSE
"726","Bacillus",0.117201774023899,0.122331204090665,0.170873314618678,0.374626384869795,0.68589863950054,0.32654188020735,0.530466029772871,0.760386011729033,1,1,FALSE,FALSE,TRUE,TRUE,FALSE,FALSE
"727","Neobacillus",0.203305084047671,-0.0498754159568803,0.0782795014349173,0.281526436381613,2.59716886695685,-0.177160683728023,0.0602273508088173,0.86799119348691,1,1,FALSE,FALSE,TRUE,TRUE,FALSE,FALSE
"728","Salimicrobium",-0.105583086620357,0.392438123122905,0.116893601594955,0.314943336947867,-0.903240940305789,1.24605945604706,0.461731080577001,0.338908326197843,1,1,FALSE,FALSE,TRUE,TRUE,FALSE,FALSE
"729","Lysinibacillus",0.0799532633395923,0.196828225459279,0.0808867415556564,0.498271669793499,0.988459440965096,0.395021907508511,0.378884250581079,0.712986160923592,1,1,FALSE,FALSE,TRUE,TRUE,FALSE,FALSE
"730","Oceanobacillus",-0.192790375184483,0.742315502507431,0.232304645748776,0.690040528056141,-0.829903227131218,1.07575638288746,0.453251514651833,0.342595421841721,1,1,FALSE,FALSE,TRUE,TRUE,FALSE,FALSE
"731","Peribacillus",-0.097230952399571,0.551196656937606,0.337515673499687,0.494630895986383,-0.288078332456052,1.11435953841585,0.787597169614385,0.327563354649784,1,1,FALSE,FALSE,TRUE,TRUE,FALSE,FALSE
"732","Niallia",0.0439813618214525,0.268772028495558,0.0901089693831467,0.572399686213138,0.488090831828762,0.469553067496754,0.651032463694618,0.663127310980116,1,1,FALSE,FALSE,TRUE,TRUE,FALSE,FALSE
"733","Sutcliffiella",0.13737924634157,0.0819762594553231,0.399175885972354,0.570296171927716,0.344157177748669,0.143743310038759,0.748059458056827,0.892654083718301,1,1,FALSE,FALSE,TRUE,TRUE,FALSE,FALSE
"734","Halobacillus",-0.172868148326603,0.702471048791668,0.363274616815677,0.511444965167737,-0.475860796005779,1.37350271609631,0.658997645903229,0.241548931034781,1,1,FALSE,FALSE,TRUE,TRUE,FALSE,FALSE
"735","Rossellomorea",0.487154736369364,-0.617574720600264,0.278075090153069,0.356836773320499,1.75188196864813,-1.73069248119666,0.154675864681655,0.15855409556429,1,1,FALSE,FALSE,TRUE,TRUE,FALSE,FALSE
"736","Priestia",0.104128669371898,0.148477413394667,0.13225172365804,0.426950759443183,0.787352077475687,0.347762382688596,0.475108200620527,0.745547686657702,1,1,FALSE,FALSE,TRUE,TRUE,FALSE,FALSE
"737","Salisediminibacterium",-0.0448548591578572,0.446444470454178,0.237220114094341,0.322125452664927,-0.189085395768837,1.38593354471299,0.859232449749434,0.238025888231917,1,1,FALSE,FALSE,TRUE,TRUE,FALSE,FALSE
"738","Mesobacillus",0.118358084562194,0.120018583014075,0.132332353998732,0.256517107187384,0.894400205132968,0.46787750076412,0.421661085865322,0.664226748445403,1,1,FALSE,FALSE,TRUE,TRUE,FALSE,FALSE
"739","Heyndrickxia",-0.0910949759792813,0.538924704097025,0.0711920699326294,0.218756559863185,-1.27956633464214,2.4635819123965,0.269876173102001,0.0694236496457215,1,1,FALSE,FALSE,TRUE,TRUE,FALSE,FALSE
"740","Cytobacillus",-0.124713176754464,0.711161480726455,0.296417987288579,0.536464028380746,-0.420734173034678,1.32564616284341,0.702270718104485,0.276862534864511,1,1,FALSE,FALSE,TRUE,TRUE,FALSE,FALSE
"741","Virgibacillus",0.0608885932719488,0.234957565594565,0.312946007902567,0.488851318933223,0.194565809227085,0.480631955964222,0.855215174001411,0.655883688299942,1,1,FALSE,FALSE,TRUE,TRUE,FALSE,FALSE
"742","Metabacillus",0.011929049317436,0.332876653503591,0.37179869371498,0.659036062532455,0.0320846993792312,0.505096264724054,0.975941634834801,0.640050232779566,1,1,FALSE,FALSE,TRUE,TRUE,FALSE,FALSE
"743","Terribacillus",-0.420511119005554,0.941496662293437,0.208076400321645,0.438764392078349,-2.02094576009354,2.14579095134346,0.136531450266714,0.121188353199097,1,1,FALSE,FALSE,TRUE,TRUE,FALSE,FALSE
"744","Alkalihalobacillus",-0.306603809284894,1.16588806205253,0.173935722325958,0.323164430979134,-1.76274203587871,3.60772396429918,0.176148564864686,0.0365622882958721,1,1,FALSE,FALSE,TRUE,TRUE,FALSE,FALSE
"745","Alkalibacillus",0.0687544797465231,0.400059089181435,0.0969199628281435,0.318995968589215,0.709394408956152,1.25411957696747,0.551630069608671,0.336511152512238,1,1,FALSE,FALSE,TRUE,TRUE,FALSE,FALSE
"746","Planococcus",0.288364716664891,-0.219994681191317,0.241563271663999,0.327486030028079,1.19374404344875,-0.671768139766006,0.29853415163324,0.538535261105824,1,1,FALSE,FALSE,TRUE,TRUE,FALSE,FALSE
"747","Sporosarcina",0.124551152089047,0.107632447960369,0.383460477697197,0.46025150120212,0.324808316197321,0.233855723836307,0.761603841853304,0.82657824943356,1,1,FALSE,FALSE,TRUE,TRUE,FALSE,FALSE
"748","Ureibacillus",0.0717159534785533,0.213302845181356,0.250879883761415,0.381507995109604,0.285857727623769,0.559104521833352,0.789179898997364,0.605912478606774,1,1,FALSE,FALSE,TRUE,TRUE,FALSE,FALSE
"749","Solibacillus",-0.0284985577377063,0.426653276507881,0.0641981702479118,0.225475927955174,-0.443915420449749,1.89223426366251,0.687170517001847,0.154812712956165,1,1,FALSE,FALSE,TRUE,TRUE,FALSE,FALSE
"750","Jeotgalibacillus",-0.25428231919954,0.689836588281269,0.035007594006994,0.244361176307974,-7.2636331176812,2.82302041062305,0.0184312379373755,0.105915545519547,1,1,FALSE,FALSE,TRUE,TRUE,FALSE,FALSE
"751","Kurthia",-0.21360223298203,0.596648518920896,0.152633188798351,0.293303076337209,-1.39944814534555,2.03423887117683,0.256155781638237,0.134792265328343,1,1,FALSE,FALSE,TRUE,TRUE,FALSE,FALSE
"752","Staphylococcus",1.63491397357625e-05,0.356702053858991,0.309828603455192,0.413917209577325,5.2768335632791e-05,0.861771498274354,0.999960423748298,0.437411149042981,1,1,FALSE,FALSE,TRUE,TRUE,FALSE,FALSE
"753","Jeotgalicoccus",0.0461938186159296,0.088884312650331,0.129921462091053,0.277927103978865,0.355551868586234,0.319811603034911,0.756174718568082,0.779428705219122,1,1,FALSE,FALSE,TRUE,TRUE,FALSE,FALSE
"754","Salinicoccus",-0.126000783290163,0.608736318718789,0.51755967978179,0.775529103314619,-0.243451698832657,0.7849303348089,0.819631240419896,0.476376436908022,1,1,FALSE,FALSE,TRUE,TRUE,FALSE,FALSE
"755","Macrococcus",-0.453604522387415,1.08848099465702,0.135405991474072,0.400576777114904,-3.34995901916402,2.71728431811911,0.0787293923630429,0.112947037181479,1,1,FALSE,FALSE,TRUE,TRUE,FALSE,FALSE
"756","Geobacillus",0.364073645884716,-0.371412539630968,0.210055716887136,0.331987241883661,1.73322417156747,-1.11875546037135,0.158085361423401,0.325890162876428,1,1,FALSE,FALSE,TRUE,TRUE,FALSE,FALSE
"757","Anoxybacillus",-0.168239365804016,0.561722338166902,0.0440609312182835,0.263422594116487,-3.81833431913947,2.13239999420287,0.0622524923955508,0.166619759166283,1,1,FALSE,FALSE,TRUE,TRUE,FALSE,FALSE
"758","Parageobacillus",0.131210620500697,-0.149542051772305,0.225383528085566,0.407063939740122,0.582165971112512,-0.367367475163179,0.619338117592352,0.748576453615725,1,1,FALSE,FALSE,TRUE,TRUE,FALSE,FALSE
"759","Alicyclobacillus",-0.398541100043157,1.15381695222478,0.514291663567665,0.571518200106168,-0.774932063410204,2.01886300735556,0.481640073287511,0.113644871971687,1,1,FALSE,FALSE,TRUE,TRUE,FALSE,FALSE
"760","Tumebacillus",0.0483724414349963,0.259989869268471,0.392011077802246,0.571464699827689,0.123395598170821,0.454953506921537,0.907745707706414,0.672741102190112,1,1,FALSE,FALSE,TRUE,TRUE,FALSE,FALSE
"761","Kyrpidia",0.112941544715537,0.00466025972167209,0.481163755328847,0.59193421440386,0.234725794419716,0.00787293521521723,0.829530140872475,0.994212644146885,1,1,FALSE,FALSE,TRUE,TRUE,FALSE,FALSE
"762","Exiguobacterium",-0.220250034465013,0.797234821068489,0.478299887055682,0.543958968969936,-0.460485232017987,1.46561572939622,0.669089417195507,0.216626641387092,1,1,FALSE,FALSE,TRUE,TRUE,FALSE,FALSE
"763","Hydrogenibacillus",-0.326984123275766,0.766847435780622,0.119085867376556,0.402925337768178,-2.74578445351389,1.90319983356774,0.110988346824229,0.197338523690467,1,1,FALSE,FALSE,TRUE,TRUE,FALSE,FALSE
"764","Staphylospora",0.0647210537266223,0.132776374406474,0.0419827231619336,0.371019726922758,1.54161161668774,0.35786877292947,0.220829714680103,0.744139386854619,1,1,FALSE,FALSE,TRUE,TRUE,FALSE,FALSE
"765","Novibacillus",0.309257596905634,-0.274784530891877,0.0984509354745702,0.345094607321455,3.14123573752649,-0.796258547836176,0.0516141080505687,0.484070250558557,1,1,FALSE,FALSE,TRUE,TRUE,FALSE,FALSE
"766","Polycladomyces",0.245871246286156,-0.169140613192748,0.193812270870916,0.323277236788673,1.26860515684228,-0.523206071893382,0.294076274913284,0.637017199012937,1,1,FALSE,FALSE,TRUE,TRUE,FALSE,FALSE
"767","Listeria",-0.0320738681470804,0.420882488432624,0.318843142274915,0.418690536119353,-0.10059450524241,1.00523525641059,0.924712753059689,0.371659218892797,1,1,FALSE,FALSE,TRUE,TRUE,FALSE,FALSE
"768","Gemella",-0.181639068973518,0.7200128900855,0.223494588060094,0.697314035886655,-0.812722449121132,1.0325518389573,0.461979288662629,0.360152087259568,1,1,FALSE,FALSE,TRUE,TRUE,FALSE,FALSE
"769","Fictibacillus",-0.399145757401743,1.39724293234465,0.230985547553817,0.458145491306202,-1.72801182424085,3.04977994732858,0.182434116819104,0.0554376330919545,1,1,FALSE,FALSE,TRUE,TRUE,FALSE,FALSE
"770","Streptococcus",-0.365133591574247,1.08700193528696,0.106229494837636,1.00380106412154,-3.43721479738116,1.08288581686076,0.0263608529464253,0.339773110896307,1,1,FALSE,FALSE,TRUE,TRUE,FALSE,FALSE
"771","Lactococcus",0.284354449103083,-0.211974146067704,0.389048367396272,0.963621340212466,0.730897422873513,-0.219976599958824,0.505351162915138,0.836659912830978,1,1,FALSE,FALSE,TRUE,TRUE,FALSE,FALSE
"772","Pseudolactococcus",0.131235319966713,0.0942641122050368,0.327707578359438,0.826241146456075,0.400464708883755,0.114087893842319,0.70928131725043,0.914665316703959,1,1,FALSE,FALSE,TRUE,TRUE,FALSE,FALSE
"773","Enterococcus",0.166318714655487,0.0240973228274897,0.156184112991741,0.504144178737181,1.06488881275832,0.0477984748090328,0.346938091638852,0.964168196931388,1,1,FALSE,FALSE,TRUE,TRUE,FALSE,FALSE
"774","Vagococcus",0.298434344867371,-0.240133937596278,0.261026012062929,0.736341575653103,1.14331266263005,-0.326117586642164,0.316686319692348,0.760684000892039,1,1,FALSE,FALSE,TRUE,TRUE,FALSE,FALSE
"775","Lactobacillus",-0.355227178909076,1.06718910995662,0.564803176993816,0.714314045063501,-0.62893976765461,1.49400549706641,0.563518446321877,0.20947851846757,1,1,FALSE,FALSE,TRUE,TRUE,FALSE,FALSE
"776","Ligilactobacillus",-0.0234425535185235,0.403619859175511,0.626391833952819,0.786760646976512,-0.0374247431844541,0.513014804091442,0.97193962983938,0.634973884676295,1,1,FALSE,FALSE,TRUE,TRUE,FALSE,FALSE
"777","Lacticaseibacillus",-0.110571045406792,0.577876842952046,0.483905420789468,0.685845713469177,-0.228497224160872,0.842575569990811,0.830465958972991,0.446898407134933,1,1,FALSE,FALSE,TRUE,TRUE,FALSE,FALSE
"778","Limosilactobacillus",0.212996740060469,-0.0692587279824739,1.14654380787114,1.27130775240308,0.185772875487377,-0.0544783337091732,0.861663118709861,0.95916649343286,1,1,FALSE,FALSE,TRUE,TRUE,FALSE,FALSE
"779","Levilactobacillus",-0.328755469507175,1.01424569115281,0.347252009163124,0.500443417457734,-0.946734535242788,2.02669403926863,0.39738228257211,0.112635754929141,1,1,FALSE,FALSE,TRUE,TRUE,FALSE,FALSE
"780","Leuconostoc",-0.570733892454942,1.49820253704835,0.149603254146838,0.831852999029533,-3.8149831413076,1.80104241830732,0.0188592820502565,0.146061115168061,1,1,FALSE,FALSE,TRUE,TRUE,FALSE,FALSE
"781","Companilactobacillus",0.63513609310842,-0.913537434078377,0.436502176694671,0.611690323239193,1.45505824946365,-1.49346392998463,0.219347243801257,0.209612617831719,1,1,FALSE,FALSE,TRUE,TRUE,FALSE,FALSE
"782","Pediococcus",0.2763030618053,-0.195871371472136,0.297821055739698,0.521579893043852,0.927748580835047,-0.37553474373612,0.406050844592704,0.7263288017757,1,1,FALSE,FALSE,TRUE,TRUE,FALSE,FALSE
"783","Fructilactobacillus",0.300967683044455,-0.260968007789912,0.0368525603376257,0.323249787851915,8.16680524465956,-0.807326153325938,0.00384021780896748,0.47855254863399,1,1,FALSE,FALSE,TRUE,TRUE,FALSE,FALSE
"784","Latilactobacillus",0.471856508660979,-0.586978265183494,0.422248805293677,0.597571209032489,1.11748453221271,-0.982273336317282,0.326373104046672,0.381579077926785,1,1,FALSE,FALSE,TRUE,TRUE,FALSE,FALSE
"785","Lactiplantibacillus",-0.00811932822806938,0.372973408594603,0.280791838256518,0.428804011743825,-0.0289158270357273,0.869799251825619,0.97831690658916,0.433492229049618,1,1,FALSE,FALSE,TRUE,TRUE,FALSE,FALSE
"786","Schleiferilactobacillus",-0.430191977489291,0.957631426432998,0.150315733518328,0.307569283085447,-2.86192248422777,3.11354702532813,0.0644753013666894,0.0527356342934759,1,1,FALSE,FALSE,TRUE,TRUE,FALSE,FALSE
"787","Weissella",-0.0899621162950946,0.536658984728652,0.557030045813414,1.00394559526606,-0.16150316660877,0.53454986730275,0.879526357647369,0.621291011282452,1,1,FALSE,FALSE,TRUE,TRUE,FALSE,FALSE
"788","Lentilactobacillus",-0.144728694929637,0.481859288833574,0.119085867376556,0.353589967732782,-1.21533056875671,1.36276289715812,0.31115959041061,0.266234323404435,1,1,FALSE,FALSE,TRUE,TRUE,FALSE,FALSE
"789","Trichococcus",-0.412567125660084,0.928256673384319,0.382081199444147,0.461546711585737,-1.07978912927484,2.01118684216188,0.359307417447254,0.137825140596133,1,1,FALSE,FALSE,TRUE,TRUE,FALSE,FALSE
"790","Granulicatella",-0.0517478775193764,0.460230507177216,0.140887303799548,0.844453777330365,-0.367299792982073,0.545003787693599,0.732003043176055,0.614714401165668,1,1,FALSE,FALSE,TRUE,TRUE,FALSE,FALSE
"791","Alloiococcus",-0.26097422830271,1.00784245292039,0.11586347681525,0.369975897924259,-2.25242876768532,2.72407596974524,0.109691236818286,0.0723005256697505,1,1,FALSE,FALSE,TRUE,TRUE,FALSE,FALSE
"792","Dolosigranulum",-0.00420280976777181,0.189677569417734,0.493788035979551,0.571994139460118,-0.0085113641107859,0.331607539889768,0.993981665716156,0.771709983648059,1,1,FALSE,FALSE,TRUE,TRUE,FALSE,FALSE
"793","Alkalibacterium",-0.167599160588598,0.560441927736065,0.102514156574273,0.34579420742263,-1.63488796269,1.62073833426334,0.243695518000898,0.246518001139063,1,1,FALSE,FALSE,TRUE,TRUE,FALSE,FALSE
"794","Carnobacterium",-0.486284629392134,1.19781286534314,0.160938696035821,0.48187731444372,-3.0215519410192,2.48572163378534,0.0942948237686358,0.130824695795729,1,1,FALSE,FALSE,TRUE,TRUE,FALSE,FALSE
"795","Aerococcus",0.248055042368647,-0.264730723758001,0.143822835242874,0.373030335092745,1.72472641044627,-0.70967612779315,0.183041872581883,0.529091566055457,1,1,FALSE,FALSE,TRUE,TRUE,FALSE,FALSE
"796","Holdemania",0.290754949018042,-0.224775145897622,0.629518961625345,0.701435536969043,0.461868453123867,-0.320450182591107,0.668178024395401,0.76466911615831,1,1,FALSE,FALSE,TRUE,TRUE,FALSE,FALSE
"797","Amedibacillus",-0.724655437884849,1.80604562790816,0.662162239354798,0.745306237852152,-1.09437747249215,2.42322623397448,0.33526807312105,0.0725096845350103,1,1,FALSE,FALSE,TRUE,TRUE,FALSE,FALSE
"798","Longicatena",-0.462507260368489,1.28174927287544,0.525828707480842,0.897129401606031,-0.87957780506942,1.42872284709527,0.42875733161716,0.226284322069899,1,1,FALSE,FALSE,TRUE,TRUE,FALSE,FALSE
"799","Faecalibaculum",-0.267105633407358,0.685820852963109,0.0675478397381839,0.440228345612192,-3.95431792404705,1.55787527041084,0.0288620137341618,0.217142025177809,1,1,FALSE,FALSE,TRUE,TRUE,FALSE,FALSE
"800","Allobaculum",0.0576621415626043,0.241410469013254,0.195610084342723,0.326308998282796,0.294781027043453,0.739821672965435,0.782827394087067,0.500476294979744,1,1,FALSE,FALSE,TRUE,TRUE,FALSE,FALSE
"801","Amedibacterium",-0.299919912652036,0.956574577442535,0.194851936775741,1.02207982925233,-1.5392195613494,0.935909847807374,0.198585217297873,0.402305217532899,1,1,FALSE,FALSE,TRUE,TRUE,FALSE,FALSE
"802","Solobacterium",-0.0911857844443512,0.539106321027166,0.191542722370255,0.60832412397862,-0.476059770457306,0.886215587672656,0.658867615004776,0.42556743413642,1,1,FALSE,FALSE,TRUE,TRUE,FALSE,FALSE
"803","Erysipelothrix",-0.729710285282335,1.45682860608807,0.0330724819968263,0.885130436077388,-22.0639710485702,1.64589143781369,0.000203806211899566,0.198338417250136,0.222556383394326,1,FALSE,FALSE,TRUE,TRUE,FALSE,FALSE
"804","Intestinibaculum",-0.0759591785609895,0.508653109260443,0.115372009977896,0.694050722067999,-0.658384807333619,0.732875988868445,0.546257587645515,0.504267333378296,1,1,FALSE,FALSE,TRUE,TRUE,FALSE,FALSE
"805","Faecalibacillus",0.391798637954541,-0.42686252377062,0.839625683176804,1.69237207535746,0.46663488957619,-0.252227349993623,0.6650427585287,0.813295562125515,1,1,FALSE,FALSE,TRUE,TRUE,FALSE,FALSE
"806","Thomasclavelia",-0.031545766430027,0.419826284998518,0.119071028519431,0.950892795800624,-0.264932341832247,0.441507483128039,0.804153725526364,0.681662726567673,1,1,FALSE,FALSE,TRUE,TRUE,FALSE,FALSE
"807","Catenibacterium",-1.05738817968271,2.47151111150388,0.167894657701463,0.776564115440065,-6.29792629592108,3.18262338210583,0.00324844821758625,0.0334511764032959,1,1,FALSE,FALSE,TRUE,TRUE,FALSE,FALSE
"808","Tannockella",-0.740600713451977,1.47497931970414,0.095070528039347,0.552763076165627,-7.79001367432674,2.66837526474396,0.00440224436437832,0.0757952577697494,1,1,FALSE,FALSE,TRUE,TRUE,FALSE,FALSE
"809","Turicibacter",-0.465446700199037,1.28762815253654,0.606464497612665,0.737596715465477,-0.767475593429225,1.74570754660147,0.485594544638695,0.155795459456377,1,1,FALSE,FALSE,TRUE,TRUE,FALSE,FALSE
"810","Murdochiella",0.103054024901169,0.150626702336125,0.682204475740052,0.761311059591581,0.151060317787238,0.197851719659677,0.88724016101143,0.852809055074648,1,1,FALSE,FALSE,TRUE,TRUE,FALSE,FALSE
"811","Parvimonas",0.292233506497363,-0.227732260856264,0.109075831058826,0.682087601082488,2.67917744619115,-0.333875385646723,0.0552758185894515,0.755243544055772,1,1,FALSE,FALSE,TRUE,TRUE,FALSE,FALSE
"812","Anaerococcus",0.00317546542438175,0.3503838212897,0.26333466649761,0.511684529650787,0.0120586684108701,0.68476532118106,0.9909562726609,0.531110009333548,1,1,FALSE,FALSE,TRUE,TRUE,FALSE,FALSE
"813","Helcococcus",0.0281321265566495,0.300470499025164,0.0829881307904863,0.361044187120031,0.338989760206463,0.832226385977713,0.751666228881703,0.452081467812464,1,1,FALSE,FALSE,TRUE,TRUE,FALSE,FALSE
"814","Aedoeadaptatus",0.0492854864448161,0.158502319876152,0.0724892543847186,0.498129503755213,0.679900584757648,0.318195004875764,0.545332416240847,0.771201121823122,1,1,FALSE,FALSE,TRUE,TRUE,FALSE,FALSE
"815","Peptoniphilus",-0.309922533792299,0.976579819723062,0.345531394099343,0.575957204868832,-0.89694464550794,1.69557705237053,0.420452725826717,0.165209142540338,1,1,FALSE,FALSE,TRUE,TRUE,FALSE,FALSE
"816","Finegoldia",-0.0661189606747865,0.488972673488037,0.553605223715473,0.769100175401727,-0.119433411829164,0.635772411874214,0.910690141748611,0.559480141986936,1,1,FALSE,FALSE,TRUE,TRUE,FALSE,FALSE
"817","Tissierella",0.137819314384157,-0.0503950222094435,0.0423536728854997,0.448988873607773,3.25401092738148,-0.112241138192363,0.082870818473421,0.920882321459076,1,1,FALSE,FALSE,TRUE,TRUE,FALSE,FALSE
"818","Acidilutibacter",0.323883930338871,-0.41033128700688,0.486725902906821,0.54215180289219,0.665433929866017,-0.756856815412042,0.553362064660937,0.504150487726107,1,1,FALSE,FALSE,TRUE,TRUE,FALSE,FALSE
"819","Ezakiella",0.573710484881208,-0.715539344184501,0.109891273969671,0.322053126911874,5.22071010878943,-2.22180529978304,0.0136678333127547,0.11285337163565,1,1,FALSE,FALSE,TRUE,TRUE,FALSE,FALSE
"820","Sedimentibacter",0.0974799080376112,0.161774936063242,0.618101072202918,0.766251959606273,0.157708686202714,0.211124988373756,0.88232740640223,0.843109668671518,1,1,FALSE,FALSE,TRUE,TRUE,FALSE,FALSE
"821","Carboxydichorda",-0.223822712652976,0.560524614535042,0.166417057190089,0.362309891822486,-1.34495055033521,1.54708614693212,0.310860745609313,0.26190818275628,1,1,FALSE,FALSE,TRUE,TRUE,FALSE,FALSE
"822","Limnochorda",-0.0917408363938322,0.3935461912739,0.0573825068533381,0.243454311698939,-1.59875964687826,1.61650943262228,0.20817040608087,0.204404881207998,1,1,FALSE,FALSE,TRUE,TRUE,FALSE,FALSE
"823","Candidatus Contubernalis",0.178530379841061,-0.244181570453032,0.413832867611986,0.492594128265679,0.431406961151412,-0.495705402158861,0.708223071747881,0.669215252046419,1,1,FALSE,FALSE,TRUE,TRUE,FALSE,FALSE
"824","Caldicellulosiruptor",0.500993562049378,-0.645252371960293,0.563850193250096,0.741795562452597,0.888522462254726,-0.869852024763934,0.424463404942502,0.433466561659867,1,1,FALSE,FALSE,TRUE,TRUE,FALSE,FALSE
"825","Ndongobacter",-0.252928784973697,0.66219277224034,0.403474613235228,0.494377095549866,-0.626876578294749,1.3394487289178,0.575202913801279,0.272858623433367,1,1,FALSE,FALSE,TRUE,TRUE,FALSE,FALSE
"826","Collinsella",0.732899128932826,-1.10906350572719,0.647498176629084,1.34897638260839,1.13189373404624,-0.822151907198477,0.320935933027877,0.45717284872068,1,1,FALSE,FALSE,TRUE,TRUE,FALSE,FALSE
"827","Enorma",0.67866956326459,-1.00060437439071,0.385303260832842,0.491879841300987,1.76139065575939,-2.03424554204984,0.152968342470216,0.111671968431517,1,1,FALSE,FALSE,TRUE,TRUE,FALSE,FALSE
"828","Coriobacterium",0.346214905048209,-0.335695057957954,0.216904287487159,0.361318513787404,1.59616441454024,-0.929083468320346,0.185686287472818,0.405436194034459,1,1,FALSE,FALSE,TRUE,TRUE,FALSE,FALSE
"829","Parolsenella",-0.119813617685448,0.596361987509362,0.195664953892276,1.01810995652103,-0.612340714584036,0.585754007894373,0.573411269831935,0.589496890797539,1,1,FALSE,FALSE,TRUE,TRUE,FALSE,FALSE
"830","Olsenella",-0.0258957092480276,0.408526170634519,0.0824453958686223,0.667434131699074,-0.31409527451712,0.612084625631209,0.769148155182584,0.573564804161318,1,1,FALSE,FALSE,TRUE,TRUE,FALSE,FALSE
"831","Parafannyhessea",0.200959153427046,-0.0451835547156268,0.430447948660861,0.545640064723323,0.466860520655835,-0.0828083523128713,0.664894547181436,0.937982300626911,1,1,FALSE,FALSE,TRUE,TRUE,FALSE,FALSE
"832","Thermophilibacter",0.238799963118956,-0.120865174099449,0.180298583513985,0.394796009736508,1.32446943544864,-0.306145885770517,0.255952936990892,0.774766360600602,1,1,FALSE,FALSE,TRUE,TRUE,FALSE,FALSE
"833","Fannyhessea",0.724492550515245,-1.09225034889202,0.449288724286023,0.584744269344056,1.6125322345148,-1.86791116416971,0.182141050859795,0.135157304530998,1,1,FALSE,FALSE,TRUE,TRUE,FALSE,FALSE
"834","Lancefieldella",0.0193526402164268,0.318029471705609,0.342142774646359,0.449278947103123,0.0565630539368537,0.707866401833895,0.957605961859638,0.518094243860681,1,1,FALSE,FALSE,TRUE,TRUE,FALSE,FALSE
"835","Atopobium",-0.0665110483757011,0.489756848889867,0.244166459608023,0.374677760205541,-0.272400429127227,1.3071414983937,0.79879758834184,0.261241311357172,1,1,FALSE,FALSE,TRUE,TRUE,FALSE,FALSE
"836","Leptogranulimonas",-0.147836291306189,0.656604849775987,0.124783025728792,0.279058464888139,-1.18474680704971,2.35292934059244,0.321423509539652,0.100039403529419,1,1,FALSE,FALSE,TRUE,TRUE,FALSE,FALSE
"837","Adlercreutzia",-0.204382329736929,0.76549941161232,1.32761822937053,1.71522200538728,-0.153946612976107,0.446297569182294,0.88510658909804,0.678477106274844,1,1,FALSE,FALSE,TRUE,TRUE,FALSE,FALSE
"838","Eggerthella",-0.412154550685958,1.18104385351038,0.63105658715821,0.963392588618681,-0.653118213284141,1.22592167249674,0.549317641904639,0.28746628134225,1,1,FALSE,FALSE,TRUE,TRUE,FALSE,FALSE
"839","Gordonibacter",-0.43351116071428,1.22375707356702,0.303945832979968,1.07582993048095,-1.42627769054775,1.13750049045386,0.226939454283615,0.318842834606998,1,1,FALSE,FALSE,TRUE,TRUE,FALSE,FALSE
"840","Slackia",0.233978956677335,-0.111223161216206,0.276371382882262,0.375112955463426,0.846610652076857,-0.296505784714361,0.444890506198284,0.781601874984838,1,1,FALSE,FALSE,TRUE,TRUE,FALSE,FALSE
"841","Berryella",0.343646084660314,-0.330557417182165,0.158673668634513,0.277981075850673,2.16574109376562,-1.18913640495346,0.0962680036228848,0.300151434225186,1,1,FALSE,FALSE,TRUE,TRUE,FALSE,FALSE
"842","Raoultibacter",0.111376623311231,0.133981505516002,0.519918113763712,0.595494141671242,0.214219547968756,0.224992147093145,0.840853082187828,0.833012157303386,1,1,FALSE,FALSE,TRUE,TRUE,FALSE,FALSE
"843","Denitrobacterium",0.276836595474016,-0.19693843880957,0.544953147264757,0.599527324602932,0.508000727885547,-0.328489512867495,0.638185476373506,0.759018799273036,1,1,FALSE,FALSE,TRUE,TRUE,FALSE,FALSE
"844","Arabiibacter",0.462753668340463,-0.568772584542463,0.228009018423929,0.387244491685248,2.02954107490644,-1.46876868943241,0.11227132353639,0.21582075491117,1,1,FALSE,FALSE,TRUE,TRUE,FALSE,FALSE
"845","Xiamenia",0.019475659173453,0.317783433791557,0.562819245769624,0.608229665699066,0.0346037547931061,0.522472762696167,0.974053656124369,0.628942296967553,1,1,FALSE,FALSE,TRUE,TRUE,FALSE,FALSE
"846","Cryptobacterium",0.432358572438252,-0.751837955647415,0.186463598846316,0.514781940534543,2.3187290984049,-1.46049792435748,0.146261822971115,0.281601537003178,1,1,FALSE,FALSE,TRUE,TRUE,FALSE,FALSE
"847","Phoenicibacter",0.192325995262361,-0.0279172383862586,0.0827872097374653,0.334152369596176,2.32313657957872,-0.083546432485266,0.0808580487228553,0.93743112690789,1,1,FALSE,FALSE,TRUE,TRUE,FALSE,FALSE
"848","Bifidobacterium",-0.775001860189881,1.90673847251822,0.732912206693404,0.84533206800458,-1.05742796082817,2.2556088248481,0.349947919011003,0.0871026110104401,1,1,FALSE,FALSE,TRUE,TRUE,FALSE,FALSE
"849","Gardnerella",-0.320706218555442,0.998147189249347,0.519653070001065,0.611656524460163,-0.617154476841221,1.63187532435838,0.570530374537385,0.178041754220538,1,1,FALSE,FALSE,TRUE,TRUE,FALSE,FALSE
"850","Scardovia",-0.139076608311741,0.703098402942967,0.420850284764958,0.516371466849872,-0.330465757886832,1.36161358262536,0.762781666316792,0.266556840579097,1,1,FALSE,FALSE,TRUE,TRUE,FALSE,FALSE
"851","Parascardovia",-0.230291886905053,0.817318525948568,0.4202413311715,0.521587329314217,-0.54799913721735,1.56698309183081,0.61283800326168,0.192184937482338,1,1,FALSE,FALSE,TRUE,TRUE,FALSE,FALSE
"852","Mycobacterium",0.144376484101927,0.0679817839346083,0.17103747708904,0.342696132684195,0.844121923213163,0.198373361853067,0.446128066968967,0.852427258088095,1,1,FALSE,FALSE,TRUE,TRUE,FALSE,FALSE
"853","Mycolicibacterium",0.0293324631283019,0.29806982588186,0.160007321894434,0.335541864584307,0.183319505513967,0.888323804992647,0.863464555403415,0.424558385904847,1,1,FALSE,FALSE,TRUE,TRUE,FALSE,FALSE
"854","Mycobacteroides",-0.153667882329295,0.496757934499671,0.0705381856304973,0.332088418903111,-2.17850630769352,1.49586045830946,0.117513614132182,0.231579851228691,1,1,FALSE,FALSE,TRUE,TRUE,FALSE,FALSE
"855","Mycolicibacter",-0.171100916649217,0.52581299169954,0.097831507773847,0.288233515919037,-1.74893467904781,1.82426040921361,0.178617308920919,0.165614955597476,1,1,FALSE,FALSE,TRUE,TRUE,FALSE,FALSE
"856","Corynebacterium",0.157410996421189,0.0419127592960852,0.232926288296192,0.361436570914076,0.675797470404124,0.115961589581507,0.536225470555836,0.913271598664123,1,1,FALSE,FALSE,TRUE,TRUE,FALSE,FALSE
"857","Nocardia",0.103444070931383,0.149846610275696,0.0950606415563257,0.235714949339396,1.08819033027554,0.63571110231086,0.33768684534522,0.559516289620842,1,1,FALSE,FALSE,TRUE,TRUE,FALSE,FALSE
"858","Rhodococcus",0.0063059878895399,0.344122776359383,0.175973220579561,0.360062404123939,0.0358349291373504,0.955730930022149,0.973130990902667,0.393329836467064,1,1,FALSE,FALSE,TRUE,TRUE,FALSE,FALSE
"859","Rhodococcoides",-0.248637623298539,0.655040836115078,0.154547942632394,0.432936198303396,-1.60880577938165,1.51301932867261,0.206029722595932,0.227481923064441,1,1,FALSE,FALSE,TRUE,TRUE,FALSE,FALSE
"860","Prescottella",0.460183300633178,-0.739094651384166,0.342830262954114,0.436971572976162,1.34230652996574,-1.69140213481229,0.311573114804987,0.232830800048405,1,1,FALSE,FALSE,TRUE,TRUE,FALSE,FALSE
"861","Gordonia",0.320525516971306,-0.284316281804149,0.210399803880741,0.370931689393901,1.52341167177602,-0.766492294763814,0.202326531023877,0.48611787460767,1,1,FALSE,FALSE,TRUE,TRUE,FALSE,FALSE
"862","Tsukamurella",-0.458418581133039,1.00467576583924,0.0967141785487961,0.255667091422056,-4.73993149723904,3.92962488934769,0.0178074057589056,0.029337345630611,1,1,FALSE,FALSE,TRUE,TRUE,FALSE,FALSE
"863","Dietzia",-0.410373148531935,0.93362548629296,0.410490059961356,0.654003177395026,-0.999715190595767,1.42755497001055,0.422759369613021,0.289581354593263,1,1,FALSE,FALSE,TRUE,TRUE,FALSE,FALSE
"864","Streptomyces",0.133834177398828,0.0890663973408082,0.0403609849538437,0.255319391527651,3.31592941926169,0.348843058131612,0.0294904750069109,0.744795514876196,1,1,FALSE,FALSE,TRUE,TRUE,FALSE,FALSE
"865","Kitasatospora",0.146423946556161,0.0638868590261413,0.11505709699138,0.400718662180628,1.27261985905251,0.159430705519135,0.272094428479795,0.881055967346197,1,1,FALSE,FALSE,TRUE,TRUE,FALSE,FALSE
"866","Actinacidiphila",0.443713447651051,-0.822269497617113,0.0812137418709285,0.234208261843726,5.46352670655462,-3.51084753007461,0.0120505162045678,0.0391739771669751,1,1,FALSE,FALSE,TRUE,TRUE,FALSE,FALSE
"867","Streptacidiphilus",0.238434952045464,-0.156746789458262,0.0512289303435486,0.222047940775288,4.6543027630381,-0.705914177411305,0.0187094736630227,0.531122179498366,1,1,FALSE,FALSE,TRUE,TRUE,FALSE,FALSE
"868","Embleya",0.1344174907384,0.0166156460535126,0.0466565974271188,0.280165885766789,2.88099643246318,0.0593064569872134,0.0634773714131952,0.956437555074839,1,1,FALSE,FALSE,TRUE,TRUE,FALSE,FALSE
"869","Microbacterium",0.171673735616703,0.0133872809050566,0.0619427150528275,0.258721070842719,2.77149194171247,0.051744068859374,0.0502541576463993,0.961213580353305,1,1,FALSE,FALSE,TRUE,TRUE,FALSE,FALSE
"870","Leucobacter",-0.09170902656335,0.540152805265164,0.67166921574301,0.778804428271554,-0.136538975456691,0.69356668459623,0.897991563137633,0.526123571851706,1,1,FALSE,FALSE,TRUE,TRUE,FALSE,FALSE
"871","Rathayibacter",0.234649014255039,-0.112563276371615,0.57116544080226,0.724510058172747,0.410824951042995,-0.155364684177754,0.702256098494142,0.884058769948941,1,1,FALSE,FALSE,TRUE,TRUE,FALSE,FALSE
"872","Salinibacterium",1.12182475933602,-2.06237756878986,0.056825215648778,0.253940752965463,19.7416718357874,-8.12149111438743,0.00255602181877315,0.0148247234263781,1,1,FALSE,FALSE,TRUE,TRUE,FALSE,FALSE
"873","Leifsonia",0.339175324546289,-0.321615896954116,0.0876585521132329,0.379082968567516,3.86927819784383,-0.848405029034786,0.0180045310250092,0.443999936197477,1,1,FALSE,FALSE,TRUE,TRUE,FALSE,FALSE
"874","Curtobacterium",-0.0295557783316592,0.415846308801781,0.405197845027419,0.479758378249615,-0.0729415980227122,0.866782796621468,0.945354355051358,0.434961413569504,1,1,FALSE,FALSE,TRUE,TRUE,FALSE,FALSE
"875","Cryobacterium",0.148972971888102,0.0587888083622607,0.448635427806844,0.503306809344385,0.332057975484363,0.116805112251193,0.756516550551088,0.912644280850256,1,1,FALSE,FALSE,TRUE,TRUE,FALSE,FALSE
"876","Agrococcus",0.138086097306913,0.0105013017726556,0.121372574801356,0.539656731735302,1.13770427572218,0.0194592250130707,0.337884139927517,0.985696626174061,1,1,FALSE,FALSE,TRUE,TRUE,FALSE,FALSE
"877","Clavibacter",-0.389618465859237,0.890008907049574,0.115732701584086,0.303024312591884,-3.36653737903249,2.93708745492064,0.0435221572115605,0.0606525376147926,1,1,FALSE,FALSE,TRUE,TRUE,FALSE,FALSE
"878","Agromyces",0.220285379571126,-0.0838360070037898,0.210978930022358,0.493014040356346,1.04411080076945,-0.170047909676556,0.355378209669179,0.873226586182541,1,1,FALSE,FALSE,TRUE,TRUE,FALSE,FALSE
"879","Plantibacter",0.0803167976402146,0.10678346788382,0.0867083607564929,0.266808683194391,0.926286657243724,0.400224860020842,0.422618833272955,0.715786181731899,1,1,FALSE,FALSE,TRUE,TRUE,FALSE,FALSE
"880","Paramicrobacterium",0.847666090250643,-1.17213201980022,0.543283802720256,0.5970447181809,1.56026387314756,-1.96322316253215,0.216606197971568,0.144397474895518,1,1,FALSE,FALSE,TRUE,TRUE,FALSE,FALSE
"881","Humibacter",0.121341842511931,0.038408393097628,0.0824738383462466,0.232206817405639,1.4712767702469,0.165405966658304,0.237592728099284,0.879142448053558,1,1,FALSE,FALSE,TRUE,TRUE,FALSE,FALSE
"882","Gulosibacter",-0.296230648090077,0.734362544100973,0.0457582411330006,0.225846102302318,-6.4738206879293,3.25160601230104,0.00747975363150223,0.0474318189316593,1,1,FALSE,FALSE,TRUE,TRUE,FALSE,FALSE
"883","Microcella",-0.369159379551834,0.851197948332757,0.0561926627395216,0.248135415962401,-6.56952992711974,3.43037669585117,0.0223948811111963,0.0754838144848308,1,1,FALSE,FALSE,TRUE,TRUE,FALSE,FALSE
"884","Herbiconiux",-0.156816722436733,0.502006001345401,0.0541631447669531,0.304612920025676,-2.89526620198045,1.64801283314932,0.0627433858369274,0.197908317996461,1,1,FALSE,FALSE,TRUE,TRUE,FALSE,FALSE
"885","Microterricola",-0.249209977462726,0.910039065167331,0.253797024193847,0.396913206170905,-0.981926317908214,2.29279109643805,0.39854336297799,0.105685133210853,1,1,FALSE,FALSE,TRUE,TRUE,FALSE,FALSE
"886","Mycetocola",-0.662975199532608,1.68268515120368,0.182198488054942,0.527085237079401,-3.63875247599579,3.19243460607529,0.0219888984203624,0.0331391059733613,1,1,FALSE,FALSE,TRUE,TRUE,FALSE,FALSE
"887","Rothia",0.358216475183339,-0.359698198228216,0.107660647756883,0.389695780773147,3.32727401001948,-0.92302307588392,0.029179742709647,0.40823300709516,1,1,FALSE,FALSE,TRUE,TRUE,FALSE,FALSE
"888","Arthrobacter",0.0711122499542172,0.21451025223003,0.147989046460764,0.407231060654523,0.48052373912059,0.52675317026471,0.655954224177077,0.626223978751953,1,1,FALSE,FALSE,TRUE,TRUE,FALSE,FALSE
"889","Glutamicibacter",0.439884937297223,-0.49249676487786,0.185757116037289,0.467280931342866,2.36806506626062,-1.05396289864114,0.0986765728570145,0.369285165459475,1,1,FALSE,FALSE,TRUE,TRUE,FALSE,FALSE
"890","Pseudarthrobacter",0.261753643977508,-0.166772535816551,0.183044341481212,0.285048966683518,1.43000128744419,-0.585066270391761,0.225942542091269,0.589916875154791,1,1,FALSE,FALSE,TRUE,TRUE,FALSE,FALSE
"891","Sinomonas",-0.136436285464569,0.468038606391795,0.0706762817544821,0.450069598485361,-1.93043949225466,1.03992495375583,0.149102018156308,0.374820684200827,1,1,FALSE,FALSE,TRUE,TRUE,FALSE,FALSE
"892","Paenarthrobacter",0.103989561333661,0.14875562947114,0.247804230735559,0.380909385369432,0.419644011020265,0.39052760363693,0.696304105959804,0.716052611897334,1,1,FALSE,FALSE,TRUE,TRUE,FALSE,FALSE
"893","Kocuria",0.304498837637917,-0.252262923137372,0.161028556809805,0.448171072500822,1.89096172548804,-0.562871944701226,0.131604339102828,0.603574303720274,1,1,FALSE,FALSE,TRUE,TRUE,FALSE,FALSE
"894","Micrococcus",0.45502610956744,-0.553317466996416,0.261621720718765,0.475785061122666,1.73925203273385,-1.16295678912407,0.156975215408688,0.309496997765928,1,1,FALSE,FALSE,TRUE,TRUE,FALSE,FALSE
"895","Crystallibacter",0.309600266633227,-0.275355647104532,0.0824738383462466,0.330005839071274,3.75392091408968,-0.83439628789435,0.0330273550347208,0.465283195928232,1,1,FALSE,FALSE,TRUE,TRUE,FALSE,FALSE
"896","Citricoccus",-0.51755042343864,1.39183559901574,0.121613941655769,0.479439845696539,-4.25568332373915,2.90304531738212,0.0130985764960028,0.0439834744883522,1,1,FALSE,FALSE,TRUE,TRUE,FALSE,FALSE
"897","Isoptericola",0.128684447084458,-0.0346969962006283,0.592277158472264,0.641870397674352,0.217270656556113,-0.0540560778723303,0.841935317688316,0.960288876817961,1,1,FALSE,FALSE,TRUE,TRUE,FALSE,FALSE
"898","Cellulosimicrobium",0.254168442419056,-0.151602132699649,0.135434800141783,0.436623135848023,1.87668488566435,-0.347215070051665,0.133792884350776,0.745928758150755,1,1,FALSE,FALSE,TRUE,TRUE,FALSE,FALSE
"899","Xylanimonas",0.32266432900628,-0.297129084392954,0.110529889809533,0.266850433297518,2.91924953116575,-1.11346674884982,0.061533512221887,0.346691676617749,1,1,FALSE,FALSE,TRUE,TRUE,FALSE,FALSE
"900","Promicromonospora",0.00512172492440707,0.232108589076833,0.0602553940113858,0.275401907528017,0.0850002727297621,0.842799496779884,0.937615963486234,0.461229304362817,1,1,FALSE,FALSE,TRUE,TRUE,FALSE,FALSE
"901","Terrabacter",0.442740907994397,-0.772602626759704,0.416034539482365,0.500386674068969,1.06419267146728,-1.54401119533654,0.398723396506949,0.262577083327626,1,1,FALSE,FALSE,TRUE,TRUE,FALSE,FALSE
"902","Phycicoccus",0.447397192618236,-0.505017190412883,0.077123638799398,0.294422881274243,5.8010384310566,-1.7152783378357,0.0101939063604666,0.184802538139469,1,1,FALSE,FALSE,TRUE,TRUE,FALSE,FALSE
"903","Janibacter",0.149858493879936,0.057017764378591,0.0927204588643762,0.363753681147771,1.61623977831189,0.156748281415819,0.181347798016659,0.883036700169249,1,1,FALSE,FALSE,TRUE,TRUE,FALSE,FALSE
"904","Pedococcus",0.450972810130566,-0.510976552933431,0.0396778303776012,0.31980430859151,11.3658636532996,-1.59777882663272,0.00146113811389675,0.208380734058189,1,1,FALSE,FALSE,TRUE,TRUE,FALSE,FALSE
"905","Arsenicicoccus",0.267611047923718,-0.38201349829878,0.57873468096657,0.629225899157989,0.462407138754445,-0.607116615527078,0.675263246887097,0.586641334057093,1,1,FALSE,FALSE,TRUE,TRUE,FALSE,FALSE
"906","Brevibacterium",-0.210754960002277,0.778244672143015,0.582084011845378,0.63921465548331,-0.362069659556739,1.21750129704799,0.7356176524586,0.290324549564789,1,1,FALSE,FALSE,TRUE,TRUE,FALSE,FALSE
"907","Saxibacter",0.0115784129834236,0.0897223632622421,0.274525584736179,0.374604215083074,0.0421760798526322,0.239512423111269,0.970190261538517,0.833017005849969,1,1,FALSE,FALSE,TRUE,TRUE,FALSE,FALSE
"908","Cellulomonas",-0.0986782385502396,0.554091229238943,0.362743930384605,0.498881200907235,-0.272032776525342,1.11066768647788,0.799060960080341,0.32897461426009,1,1,FALSE,FALSE,TRUE,TRUE,FALSE,FALSE
"909","Ornithinimicrobium",0.063276514407111,0.23018172332424,0.48932333205339,0.684085926865087,0.129314320945168,0.336480717238371,0.903350660749725,0.753420276309941,1,1,FALSE,FALSE,TRUE,TRUE,FALSE,FALSE
"910","Serinicoccus",-0.169539034531326,0.451957258291741,0.188318650937951,0.314988413088349,-0.900277448287303,1.43483772580858,0.462987226083899,0.28779316279031,1,1,FALSE,FALSE,TRUE,TRUE,FALSE,FALSE
"911","Brachybacterium",0.333429205411837,-0.31012365868521,0.309252629602441,0.39497562888236,1.07817743002049,-0.785171630874416,0.341634650081184,0.476249955924532,1,1,FALSE,FALSE,TRUE,TRUE,FALSE,FALSE
"912","Gephyromycinifex",0.275240084480482,-0.218088676849958,0.0692104014412084,0.251027488386865,3.97686010699256,-0.868784045330749,0.0284366987550023,0.448888658364145,1,1,FALSE,FALSE,TRUE,TRUE,FALSE,FALSE
"913","Demequina",0.144033944097585,-0.175188698966081,0.101738823247226,0.328537906769025,1.4157225285335,-0.533237399266822,0.292516278999931,0.647190697672835,1,1,FALSE,FALSE,TRUE,TRUE,FALSE,FALSE
"914","Ruania",0.15898602049881,0.0387627111408433,0.235278180216167,0.404979099824106,0.675736357501311,0.0957153373042684,0.536260450585441,0.928350182227229,1,1,FALSE,FALSE,TRUE,TRUE,FALSE,FALSE
"915","Sanguibacter",0.424949241942829,-0.493163731747194,0.45766385317197,0.555406642088974,0.928518254167543,-0.88793272239656,0.405696351950351,0.424745419393059,1,1,FALSE,FALSE,TRUE,TRUE,FALSE,FALSE
"916","Actinomyces",-0.146735421724065,0.650205595586595,0.308683965504847,0.43775688547267,-0.475358094755852,1.48531209254317,0.659326228814404,0.211641669474774,1,1,FALSE,FALSE,TRUE,TRUE,FALSE,FALSE
"917","Trueperella",0.0482289405663799,0.260276871005702,0.735756665572442,0.843318001120512,0.0655501238699024,0.308634311920146,0.950881366422682,0.773005857888497,1,1,FALSE,FALSE,TRUE,TRUE,FALSE,FALSE
"918","Schaalia",-0.0710966555339925,0.498928063206448,0.151542047006756,0.677761761128359,-0.469154646768251,0.736140767776301,0.66338864541877,0.502482719281611,1,1,FALSE,FALSE,TRUE,TRUE,FALSE,FALSE
"919","Arcanobacterium",0.393615518262546,-0.415381066486731,0.157384936131078,0.303286661582373,2.5009732693523,-1.36959886174854,0.0876314305056202,0.264324610232903,1,1,FALSE,FALSE,TRUE,TRUE,FALSE,FALSE
"920","Actinotignum",0.223521402691818,-0.271789385219031,0.288185735494847,0.389149762592174,0.775615775388767,-0.698418478810341,0.494505331004394,0.535186588725831,1,1,FALSE,FALSE,TRUE,TRUE,FALSE,FALSE
"921","Pauljensenia",-0.243288967174276,0.667849884230741,0.175785792529912,0.330843816751013,-1.38400813668077,2.01862586035076,0.300566836689164,0.180992195585184,1,1,FALSE,FALSE,TRUE,TRUE,FALSE,FALSE
"922","Cutibacterium",0.393664383578282,-0.4305940150181,0.626019398822585,0.833739328731951,0.628837356028718,-0.516461200976327,0.563579125485831,0.632772022143514,1,1,FALSE,FALSE,TRUE,TRUE,FALSE,FALSE
"923","Tessaracoccus",0.087344556863441,0.0950705358451115,0.13262993542647,0.262155384237974,0.658558390928759,0.36264956419438,0.557209987982573,0.740910432443964,1,1,FALSE,FALSE,TRUE,TRUE,FALSE,FALSE
"924","Propionibacterium",-0.0649389601940039,0.486612672526471,0.116079048183125,0.412810782107082,-0.55943739383146,1.17877897966397,0.605705657797416,0.303816882939549,1,1,FALSE,FALSE,TRUE,TRUE,FALSE,FALSE
"925","Arachnia",0.0663917834719621,0.22395118519454,0.296502070536624,0.374679545733761,0.223916761700189,0.597713933798977,0.833793849865282,0.582224485447753,1,1,FALSE,FALSE,TRUE,TRUE,FALSE,FALSE
"926","Microlunatus",-0.312956218568274,0.762238494897969,0.105861144850018,0.291957506914649,-2.9562897606262,2.61078573712031,0.0597217588190265,0.0796310048005405,1,1,FALSE,FALSE,TRUE,TRUE,FALSE,FALSE
"927","Brooklawnia",0.184392452402177,-0.255905715575264,0.0600136184352984,0.370272953323163,3.0725101603559,-0.691127216499437,0.0916059802235553,0.560926305328036,1,1,FALSE,FALSE,TRUE,TRUE,FALSE,FALSE
"928","Raineyella",-0.15072658708066,0.658187926299783,0.263405540074141,0.387052177754616,-0.572222539579975,1.70051472160186,0.59779587047668,0.164255835783241,1,1,FALSE,FALSE,TRUE,TRUE,FALSE,FALSE
"929","Acidipropionibacterium",0.405267826261434,-0.434801579818211,0.106431094287621,0.251284291937714,3.80779535317219,-1.73031738858546,0.0318355990619567,0.182008994166437,1,1,FALSE,FALSE,TRUE,TRUE,FALSE,FALSE
"930","Propioniciclava",0.582134439392012,-0.729579268369175,0.34747844154338,0.432897282089971,1.67531095398716,-1.68534037646728,0.192466695221425,0.190510090947245,1,1,FALSE,FALSE,TRUE,TRUE,FALSE,FALSE
"931","Vaginimicrobium",0.141060878867809,0.00275468499409382,0.252506584437297,0.367100703347882,0.558642378305336,0.00750389462338718,0.615392509848798,0.994483917110265,1,1,FALSE,FALSE,TRUE,TRUE,FALSE,FALSE
"932","Nocardioides",-0.215888795995237,0.788512344128937,0.351809259753131,0.466239187806785,-0.613652966800046,1.69121850919084,0.572624960309048,0.166055475435616,1,1,FALSE,FALSE,TRUE,TRUE,FALSE,FALSE
"933","Aeromicrobium",-0.344039273715148,1.04481329956876,0.324732470474747,0.418892459062671,-1.0594544894515,2.49422799805628,0.349128084935464,0.0671798374858703,1,1,FALSE,FALSE,TRUE,TRUE,FALSE,FALSE
"934","Mumia",0.143909831029596,-0.0727604560634739,0.241615678408936,0.32904597708703,0.595614622268128,-0.221125499565762,0.593375154582126,0.839190238791912,1,1,FALSE,FALSE,TRUE,TRUE,FALSE,FALSE
"935","Friedmanniella",-0.132372797319288,0.377624783867666,0.17801616173085,0.380382156203047,-0.743599884596028,0.992751047097201,0.534607968851267,0.425449983060413,1,1,FALSE,FALSE,TRUE,TRUE,FALSE,FALSE
"936","Micropruina",-0.584761729051005,1.21524767903585,0.0368525603376257,0.228765698287819,-15.8676011569805,5.31219360302392,0.000544204242672037,0.013027006376719,0.591005807541832,1,FALSE,FALSE,TRUE,TRUE,FALSE,FALSE
"937","Kribbella",-0.0758210547990081,0.508376861736477,0.722035288399136,0.786247701205736,-0.105010178889061,0.646586134314752,0.921422775162481,0.553129528306686,1,1,FALSE,FALSE,TRUE,TRUE,FALSE,FALSE
"938","Micromonospora",0.0721060035406394,0.212522745057184,0.0696502425599755,0.280167603804054,1.03525846989763,0.758555743674845,0.359029181747013,0.490357595121005,1,1,FALSE,FALSE,TRUE,TRUE,FALSE,FALSE
"939","Dactylosporangium",0.206395725008281,-0.0560566978780972,0.0754270363020206,0.34798474361721,2.73636265094445,-0.161089527360891,0.0521002692625914,0.879831599512511,1,1,FALSE,FALSE,TRUE,TRUE,FALSE,FALSE
"940","Actinoplanes",-0.0958490014449775,0.548432755028419,0.273800135637458,0.345233651391877,-0.350069225575155,1.58858429013888,0.743942494261346,0.187352252819048,1,1,FALSE,FALSE,TRUE,TRUE,FALSE,FALSE
"941","Phytohabitans",-0.330369545733488,0.791260706839992,0.166403982624642,0.282728902802329,-1.98534638728391,2.79865517461158,0.141321155196461,0.0679286711520594,1,1,FALSE,FALSE,TRUE,TRUE,FALSE,FALSE
"942","Plantactinospora",0.13715751670439,0.0120489361101956,0.299969211552144,0.405695159712976,0.457238647908861,0.0296994820414424,0.678578804273813,0.978172034770338,1,1,FALSE,FALSE,TRUE,TRUE,FALSE,FALSE
"943","Krasilnikovia",0.191959450467433,-0.202646951052676,0.0473328250519557,0.257508693315061,4.05552489750454,-0.786951882842798,0.0557633000949193,0.513753917277415,1,1,FALSE,FALSE,TRUE,TRUE,FALSE,FALSE
"944","Catellatospora",-0.277815919378368,0.668511027985826,0.211985162652419,0.472395081544029,-1.31054417159322,1.41515238854898,0.32028844251566,0.292658629088214,1,1,FALSE,FALSE,TRUE,TRUE,FALSE,FALSE
"945","Actinocatenispora",0.165786788344993,-0.218694387460895,0.295136322693691,0.387116932062025,0.561729531735935,-0.56493108244063,0.63085150132198,0.629036381179432,1,1,FALSE,FALSE,TRUE,TRUE,FALSE,FALSE
"946","Amycolatopsis",0.0685080371142986,0.219718677909866,0.155809805714636,0.258290887842247,0.43969015172107,0.850663682894073,0.682873439833321,0.442880980297046,1,1,FALSE,FALSE,TRUE,TRUE,FALSE,FALSE
"947","Saccharopolyspora",0.117347639006231,0.122039474126,0.209746092902862,0.511758422462319,0.559474731482019,0.238470865880054,0.605682461865404,0.823234669132278,1,1,FALSE,FALSE,TRUE,TRUE,FALSE,FALSE
"948","Pseudonocardia",0.006913217098342,0.342908317941781,0.101813875093865,0.355562343972508,0.0679005399997643,0.964411231264395,0.949123450609657,0.389453240163724,1,1,FALSE,FALSE,TRUE,TRUE,FALSE,FALSE
"949","Saccharothrix",0.0981533498787185,0.160428052381028,0.53085527402044,0.590214221984484,0.184896627540973,0.271813261025156,0.862306405427043,0.799218227692884,1,1,FALSE,FALSE,TRUE,TRUE,FALSE,FALSE
"950","Lentzea",0.222642092598763,-0.130425357047092,0.163039152206858,0.459921269027526,1.36557440090392,-0.283581921146782,0.265447119170116,0.795175212989924,1,1,FALSE,FALSE,TRUE,TRUE,FALSE,FALSE
"951","Actinomycetospora",0.0855000213050216,0.0981447617758105,0.138067479930753,0.537380669768774,0.61926256166842,0.182635452477367,0.57959088063428,0.866729034795268,1,1,FALSE,FALSE,TRUE,TRUE,FALSE,FALSE
"952","Kutzneria",-0.0112229090780662,0.259349645747623,0.194996034345059,0.295496918011099,-0.0575545503566829,0.87767292969831,0.957722464296782,0.444734528141803,1,1,FALSE,FALSE,TRUE,TRUE,FALSE,FALSE
"953","Actinosynnema",0.309177259768748,-0.274650635663735,0.033810295262748,0.398720311220409,9.14447085912905,-0.688830310206872,0.00276443996688529,0.540421274837283,1,1,FALSE,FALSE,TRUE,TRUE,FALSE,FALSE
"954","Actinokineospora",-0.00824960801843844,0.373233968175339,0.483569281067554,0.563494328970468,-0.0170598264642166,0.662356210145462,0.987205905881996,0.543957976512487,1,1,FALSE,FALSE,TRUE,TRUE,FALSE,FALSE
"955","Saccharomonospora",-0.500832364005668,1.11454391724043,0.054163144766953,0.34571626390069,-9.24673717083069,3.22386891685428,0.0114943508915449,0.0842364483839946,1,1,FALSE,FALSE,TRUE,TRUE,FALSE,FALSE
"956","Actinoalloteichus",-0.105983346229967,0.568701444598398,0.383678490567983,0.589220537503196,-0.276229574592711,0.965175869477077,0.796056471651144,0.389113327050737,1,1,FALSE,FALSE,TRUE,TRUE,FALSE,FALSE
"957","Umezawaea",-0.0433353790718661,0.395352569190181,0.287082614291069,0.367812551561551,-0.150950900244795,1.07487514363419,0.889593276534565,0.361185457891068,1,1,FALSE,FALSE,TRUE,TRUE,FALSE,FALSE
"958","Nonomuraea",0.00436000894765652,0.348014734243151,0.151179537399409,0.26191837847928,0.0288399410572186,1.32871445014189,0.978373791419581,0.254673368469106,1,1,FALSE,FALSE,TRUE,TRUE,FALSE,FALSE
"959","Streptosporangium",0.276440547205274,-0.196146342272083,0.125482497210262,0.290513520885952,2.20302076664973,-0.675171130327819,0.0923412248522608,0.53658405421689,1,1,FALSE,FALSE,TRUE,TRUE,FALSE,FALSE
"960","Microbispora",0.301196554616028,-0.2613494604092,0.115649899675937,0.29463727115374,2.6043823251037,-0.887021045863642,0.0800721657474622,0.440402718929391,1,1,FALSE,FALSE,TRUE,TRUE,FALSE,FALSE
"961","Sphaerimonospora",0.119785877600757,-0.126692565972426,0.0325112790458291,0.339417560409616,3.68444063464569,-0.373264617833947,0.0664101904265795,0.744801397532715,1,1,FALSE,FALSE,TRUE,TRUE,FALSE,FALSE
"962","Microtetraspora",0.129760098911944,0.0243779657642733,0.0824738383462466,0.333399557084729,1.57334860986071,0.0731193705757621,0.213696886878087,0.946313329453966,1,1,FALSE,FALSE,TRUE,TRUE,FALSE,FALSE
"963","Actinomadura",-0.0258561710184211,0.408447094175306,0.225349870411932,0.518410905046768,-0.114737900541753,0.787882913339676,0.914181777454472,0.474830557862764,1,1,FALSE,FALSE,TRUE,TRUE,FALSE,FALSE
"964","Spirillospora",-0.0869609380991205,0.286801065427331,0.0843835612020166,0.301890398309279,-1.03054359001196,0.950017181843293,0.411071802757939,0.442374143413518,1,1,FALSE,FALSE,TRUE,TRUE,FALSE,FALSE
"965","Actinoallomurus",0.1961742124168,-0.0356136726951353,0.153358327617458,0.246020888645935,1.27918852183979,-0.1447587352893,0.2699963732708,0.891902329725881,1,1,FALSE,FALSE,TRUE,TRUE,FALSE,FALSE
"966","Thermomonospora",0.48940271276857,-0.797533475654951,0.441285105282474,0.51218520381178,1.10903972717433,-1.55711931879241,0.382910838623207,0.259740693951818,1,1,FALSE,FALSE,TRUE,TRUE,FALSE,FALSE
"967","Nocardiopsis",-0.196457022858788,0.568073168715493,0.170701048554611,0.49002984429289,-1.15088351549251,1.15926239050852,0.333188990384455,0.330238038640256,1,1,FALSE,FALSE,TRUE,TRUE,FALSE,FALSE
"968","Thermobifida",-0.32755785417982,0.767994897588729,0.0860090662395238,0.267347346603679,-3.80841076994854,2.8726482882481,0.0625474934519007,0.102827679539081,1,1,FALSE,FALSE,TRUE,TRUE,FALSE,FALSE
"969","Streptomonospora",-0.0323410430341514,0.177561275297392,0.248517635807602,0.393733715110821,-0.130135806777066,0.450967921930221,0.90836722850251,0.696190233265217,1,1,FALSE,FALSE,TRUE,TRUE,FALSE,FALSE
"970","Jiangella",0.387722911933127,-0.405560055937699,0.121105475572718,0.410813465655018,3.20153081518035,-0.987212177407713,0.0492741108443723,0.396323821619736,1,1,FALSE,FALSE,TRUE,TRUE,FALSE,FALSE
"971","Modestobacter",0.200051320078802,-0.0927740695138254,0.208931523670573,0.358092703080241,0.957497062024151,-0.259078357966531,0.408953091666248,0.81233487682155,1,1,FALSE,FALSE,TRUE,TRUE,FALSE,FALSE
"972","Blastococcus",0.192572947707824,-0.27226670618656,0.106149432988111,0.27740615114306,1.81416840662156,-0.981473211984221,0.211321097983209,0.429847021586144,1,1,FALSE,FALSE,TRUE,TRUE,FALSE,FALSE
"973","Frankia",0.118925344767142,-0.124971500305196,0.0584452355857847,0.260189603445136,2.03481675751971,-0.480309353834529,0.178846833435177,0.678411325614054,1,1,FALSE,FALSE,TRUE,TRUE,FALSE,FALSE
"974","Pseudofrankia",-0.620632671213027,1.27503258263922,0.248882938492796,0.367615757966554,-2.49367302946318,3.46838391719657,0.0881975446147812,0.0403936573189123,1,1,FALSE,FALSE,TRUE,TRUE,FALSE,FALSE
"975","Kineococcus",0.660916319373303,-0.965097886608143,0.194938180708002,0.352523617075952,3.39038928635171,-2.73768292352513,0.0275201126381266,0.0520294824138084,1,1,FALSE,FALSE,TRUE,TRUE,FALSE,FALSE
"976","Georgenia",0.0673787982654846,0.128346800175039,0.0685110209877503,0.28340556153371,0.983473860030956,0.452873258663177,0.397892342121005,0.681386798622275,1,1,FALSE,FALSE,TRUE,TRUE,FALSE,FALSE
"977","Epidermidibacterium",-0.681784468031037,1.37695224400257,0.37027365591277,0.470797913733388,-1.84129888028451,2.9247203605544,0.162827287622932,0.0612616273471768,1,1,FALSE,FALSE,TRUE,TRUE,FALSE,FALSE
"978","Catenulispora",-0.342714009633928,0.798307208496947,0.07363045839402,0.269928309342717,-4.6545141387,2.95747863734948,0.0431900778383592,0.0978381460970477,1,1,FALSE,FALSE,TRUE,TRUE,FALSE,FALSE
"979","Nakamurella",0.0130479832730286,0.218898158495798,0.345693387645507,0.425284484490942,0.0377443819851386,0.514709956460828,0.972262689042313,0.642276129370082,1,1,FALSE,FALSE,TRUE,TRUE,FALSE,FALSE
"980","Actinopolyspora",-0.164001976225573,0.440883141680236,0.0990505902354676,0.341789229717177,-1.65573951488528,1.28992695891868,0.239611820519332,0.32610438814378,1,1,FALSE,FALSE,TRUE,TRUE,FALSE,FALSE
"981","Candidatus Planktophila",0.272951490557708,-0.326971844230654,0.312662549918383,0.386496465976069,0.872990675183067,-0.845989221156033,0.446918459696717,0.459698587520006,1,1,FALSE,FALSE,TRUE,TRUE,FALSE,FALSE
"982","Jatrophihabitans",-0.198163609258809,0.78242314465754,0.597876925559093,0.804051229072452,-0.331445487837652,0.973101111430595,0.762111305823392,0.402275069473248,1,1,FALSE,FALSE,TRUE,TRUE,FALSE,FALSE
"983","Stackebrandtia",-0.166530973419586,0.518196419650156,0.311310656162205,0.531104994800299,-0.534935024301954,0.975694871491472,0.62980405846158,0.401174928610997,1,1,FALSE,FALSE,TRUE,TRUE,FALSE,FALSE
"984","Conexibacter",0.375510761683897,-0.385206472188984,0.100338586862198,0.274952010356099,3.74243621947368,-1.40099529256066,0.0332887660357115,0.255739821592061,1,1,FALSE,FALSE,TRUE,TRUE,FALSE,FALSE
"985","Baekduia",0.206020097831462,-0.102722032434923,0.0956606277499274,0.359824101173544,2.15365613499874,-0.285478466005755,0.120292487280593,0.793853358491111,1,1,FALSE,FALSE,TRUE,TRUE,FALSE,FALSE
"986","Svornostia",-0.178656074164349,0.538404920891427,0.224381661056401,0.577131532767821,-0.79621513328329,0.93289811823196,0.484092000552242,0.419689400313973,1,1,FALSE,FALSE,TRUE,TRUE,FALSE,FALSE
"987","Paraconexibacter",0.210198990759952,-0.109686853982407,0.152205664837001,0.436008600607914,1.38101949743498,-0.251570390651639,0.26116666139383,0.81762174230763,1,1,FALSE,FALSE,TRUE,TRUE,FALSE,FALSE
"988","Miltoncostaea",0.0294800257241618,0.0539191377807662,0.143190945779652,0.346243266175909,0.205879118708573,0.15572617014701,0.855940014866439,0.890546548720091,1,1,FALSE,FALSE,TRUE,TRUE,FALSE,FALSE
"989","Candidatus Poriferisodalis",0.157618909815971,0.0414969325065218,0.569327616594542,0.630835867163044,0.276850982144121,0.0657808705347387,0.795611967389535,0.950708771938211,1,1,FALSE,FALSE,TRUE,TRUE,FALSE,FALSE
"990","Iamia",-0.216634092770264,0.601701618567953,0.073784226109392,0.359025475629445,-2.93604885750355,1.67593014816858,0.0607033969247594,0.192345241760616,1,1,FALSE,FALSE,TRUE,TRUE,FALSE,FALSE
"991","Aquihabitans",-0.121598385102154,0.599931522342772,0.7258571402826,0.772752789512423,-0.167523853323,0.776356333467661,0.875086337115824,0.480887539892767,1,1,FALSE,FALSE,TRUE,TRUE,FALSE,FALSE
"992","Dermatobacter",0.0556919998770839,0.216176882470907,0.214421611084747,0.328676127619041,0.259731281727346,0.657720060282174,0.811875737440631,0.557680556079894,1,1,FALSE,FALSE,TRUE,TRUE,FALSE,FALSE
"993","Candidatus Poriferisocius",-0.531013469344057,1.12566724619094,0.217049921794684,0.428458946160424,-2.44650385014358,2.62724645214776,0.0919653929800104,0.0785106394551081,1,1,FALSE,FALSE,TRUE,TRUE,FALSE,FALSE
"994","Salinilacustrithrix",0.0515828770092158,0.158056928987476,0.229915355521957,0.371384388551823,0.224355945657095,0.425588511148257,0.836892161177196,0.699092946279902,1,1,FALSE,FALSE,TRUE,TRUE,FALSE,FALSE
"995","Rubrobacter",-0.409303641024761,1.17534203418799,0.622572844831423,0.735202052305402,-0.657438955815026,1.59866533356704,0.546806277703515,0.185140001142748,1,1,FALSE,FALSE,TRUE,TRUE,FALSE,FALSE
"996","Euzebya",-0.526857659954631,1.11874089720856,0.0956606277499274,0.337408841298454,-5.50757058935389,3.31568340919373,0.0117844006132997,0.0451996261740426,1,1,FALSE,FALSE,TRUE,TRUE,FALSE,FALSE
"997","Egibacter",-0.462903114889427,1.03868541900795,0.119085867376556,0.281512768503697,-3.88713728242581,3.68965651017817,0.0602616459231108,0.0662407927027582,1,1,FALSE,FALSE,TRUE,TRUE,FALSE,FALSE
"998","Synechococcus",0.206115834618949,-0.055496917099432,0.10043614710936,0.368184866447131,2.0522077016208,-0.150731119491575,0.109415706777649,0.887483580833619,1,1,FALSE,FALSE,TRUE,TRUE,FALSE,FALSE
"999","Cyanobium",0.30603217691464,-0.255329601690817,0.26008490434,0.412195118347359,1.17666258905428,-0.619438684074006,0.304570992417731,0.569166753308399,1,1,FALSE,FALSE,TRUE,TRUE,FALSE,FALSE
"1000","Prochlorococcus",0.0910500063276981,0.174634739483067,0.3944664580824,0.598407591896354,0.230818120177606,0.291832426339461,0.82878136885214,0.784924273589794,1,1,FALSE,FALSE,TRUE,TRUE,FALSE,FALSE
"1001","Planktothrix",0.345078750166442,-0.334486452993224,0.166549061873329,0.340049164306667,2.07193451758315,-0.983641449833337,0.130001263065986,0.397821900271337,1,1,FALSE,FALSE,TRUE,TRUE,FALSE,FALSE
"1002","Geitlerinema",0.132510987534453,-0.0837500251867165,0.319739279126575,0.688416553519368,0.414434497683333,-0.121656030434719,0.718777290144772,0.914292732342725,1,1,FALSE,FALSE,TRUE,TRUE,FALSE,FALSE
"1003","Nostoc",-0.0331531066931072,0.423040965524677,0.0565791701566042,0.296243512411438,-0.585959578433962,1.4280176537238,0.589371391729585,0.22647307065432,1,1,FALSE,FALSE,TRUE,TRUE,FALSE,FALSE
"1004","Thermosynechococcus",0.484272429534146,-0.743301252509422,0.0474315214093714,0.359329758896552,10.2099282322086,-2.06857693833093,0.00945713590595433,0.17448290295223,1,1,FALSE,FALSE,TRUE,TRUE,FALSE,FALSE
"1005","Leptolyngbya",-0.588481956670268,1.533698665479,0.197386025199692,0.391569880262003,-2.98137599191691,3.91679427552698,0.0406834565838805,0.017294375631272,1,1,FALSE,FALSE,TRUE,TRUE,FALSE,FALSE
"1006","Trichocoleus",0.176726501893384,-0.128209397227898,0.0999010023883523,0.287218517566693,1.7690163028233,-0.44638276916852,0.218915965626603,0.698998005289319,1,1,FALSE,FALSE,TRUE,TRUE,FALSE,FALSE
"1007","Gloeobacter",-0.200584018888192,0.788474168730995,0.380502639792834,0.464722249172705,-0.527155393711329,1.6966568098141,0.634582329607662,0.188329435627768,1,1,FALSE,FALSE,TRUE,TRUE,FALSE,FALSE
"1008","Pseudanabaena",0.194215185301488,-0.130131081090102,0.53198306819493,0.619493352878486,0.36507775700546,-0.210060496186838,0.739273157804474,0.847077825547807,1,1,FALSE,FALSE,TRUE,TRUE,FALSE,FALSE
"1009","Spiroplasma",0.215858549539736,-0.0749823469410102,0.323274686090606,0.430568012265625,0.667724875554394,-0.174147509348076,0.540860108981739,0.87020807533547,1,1,FALSE,FALSE,TRUE,TRUE,FALSE,FALSE
"1010","Mycoplasma",0.19499635121295,-0.033257950287438,0.510693315017901,0.823660892638811,0.381826715719032,-0.0403782073237538,0.72200759100779,0.969726626452717,1,1,FALSE,FALSE,TRUE,TRUE,FALSE,FALSE
"1011","Mycoplasmopsis",-0.202591043110997,0.90585614661779,0.411442255891404,0.484050702219884,-0.492392407950603,1.87140756632204,0.656224193513923,0.158033052815786,1,1,FALSE,FALSE,TRUE,TRUE,FALSE,FALSE
"1012","Mesomycoplasma",-0.00749572591404868,0.37172620396656,0.25984029408758,0.545337047690922,-0.0288474346920275,0.681644875477526,0.978368174114783,0.532886013724629,1,1,FALSE,FALSE,TRUE,TRUE,FALSE,FALSE
"1013","Metamycoplasma",-0.457339938399641,1.5427283848394,0.262078134351345,0.352001331299433,-1.74505186986155,4.38273451735063,0.179318671606722,0.0219932439263614,1,1,FALSE,FALSE,TRUE,TRUE,FALSE,FALSE
"1014","Dehalococcoides",0.746555550125718,-1.13637634811297,0.277669156255161,0.436288321672663,2.68865134390252,-2.60464534956214,0.0547346056059433,0.0597553925998547,1,1,FALSE,FALSE,TRUE,TRUE,FALSE,FALSE
"1015","Dehalogenimonas",-0.196039865519522,0.567377906483382,0.406902113364047,0.618896125696603,-0.481786304570331,0.916757890259476,0.66291983740514,0.426873715672446,1,1,FALSE,FALSE,TRUE,TRUE,FALSE,FALSE
"1016","Roseiflexus",0.305601252560627,-0.2686906236502,0.120567761452992,0.254823000700538,2.53468463607312,-1.05442060925245,0.0850743073436246,0.369106013992604,1,1,FALSE,FALSE,TRUE,TRUE,FALSE,FALSE
"1017","Candidatus Promineifilum",0.127931485303239,-0.0328145917475809,0.287723379124481,0.406156502749683,0.444633611952298,-0.0807929739532072,0.686705740899607,0.940694647353114,1,1,FALSE,FALSE,TRUE,TRUE,FALSE,FALSE
"1018","Ktedonosporobacter",-0.318577351395842,0.771607049610583,0.487509523852254,0.622240522813235,-0.653479236422858,1.24004628647784,0.560065629700308,0.303110296178216,1,1,FALSE,FALSE,TRUE,TRUE,FALSE,FALSE
"1019","Anaerolinea",0.080783025362355,-0.0486868614956199,0.205090884004504,0.321297045857827,0.393888912978603,-0.151532241342685,0.731691050534696,0.893460370442652,1,1,FALSE,FALSE,TRUE,TRUE,FALSE,FALSE
"1020","Tepidiforma",-0.0950336915446774,0.399034283191975,0.394887583756352,0.695626494348115,-0.240660115571812,0.573632957390328,0.825327579254319,0.606397569702664,1,1,FALSE,FALSE,TRUE,TRUE,FALSE,FALSE
"1021","Pyramidobacter",0.205496934086314,-0.0542591160341643,0.276426666371569,0.386646509875135,0.743404884860448,-0.140332615576142,0.498528884390451,0.895180130954976,1,1,FALSE,FALSE,TRUE,TRUE,FALSE,FALSE
"1022","Jonquetella",-0.414438223098944,0.931375169115751,0.348386531499467,0.641958483245503,-1.18959312610389,1.4508339611108,0.319774395182825,0.24272269002496,1,1,FALSE,FALSE,TRUE,TRUE,FALSE,FALSE
"1023","Cloacibacillus",0.524730475983377,-0.692726199828289,1.28337815066467,1.3711854276581,0.40886661169322,-0.505202422557408,0.703581314714711,0.63998201940985,1,1,FALSE,FALSE,TRUE,TRUE,FALSE,FALSE
"1024","Thermanaerovibrio",0.208271280948582,-0.106474004296791,0.245024484365013,0.68865048445018,0.850001915067067,-0.154612545407269,0.457779241867812,0.886942986992765,1,1,FALSE,FALSE,TRUE,TRUE,FALSE,FALSE
"1025","Fretibacterium",0.433288209737934,-0.509841667337406,0.5021742866503,0.643445803706674,0.862824364481377,-0.792361476911312,0.436895535927028,0.472493138782959,1,1,FALSE,FALSE,TRUE,TRUE,FALSE,FALSE
"1026","Aminobacterium",-0.277767488537457,0.780778583633784,0.170140784503712,0.34193632001523,-1.632574396243,2.28340348167462,0.244154151164511,0.149847858662833,1,1,FALSE,FALSE,TRUE,TRUE,FALSE,FALSE
"1027","Deinococcus",0.193253624128878,-0.0297724961192936,0.131284835654869,0.314051295635192,1.47201786988497,-0.0948013796888705,0.214993439475511,0.929031778262629,1,1,FALSE,FALSE,TRUE,TRUE,FALSE,FALSE
"1028","Thermus",-0.00445537922680932,0.365645510592081,0.604647342412284,0.776184424836658,-0.00736855835508061,0.471080710836253,0.994473643745405,0.662125827297151,1,1,FALSE,FALSE,TRUE,TRUE,FALSE,FALSE
"1029","Oceanithermus",-0.518518456604062,1.10484222495762,0.266332526990597,0.375806374699699,-1.9468837038533,2.93992411874461,0.146720121525634,0.06051390002953,1,1,FALSE,FALSE,TRUE,TRUE,FALSE,FALSE
"1030","Meiothermus",-0.564822767733518,1.24252472469613,0.283246270744843,0.640216733460337,-1.99410486940648,1.94078764230411,0.1843080147776,0.191805351614422,1,1,FALSE,FALSE,TRUE,TRUE,FALSE,FALSE
"1031","Fervidobacterium",0.763365420367607,-1.34545889085302,0.157366997750421,0.335819198740227,4.85086092560704,-4.00649782948772,0.0399669773107666,0.057021153749314,1,1,FALSE,FALSE,TRUE,TRUE,FALSE,FALSE
"1032","Mesotoga",-0.221695886973106,0.668635380505083,0.0894391757349999,0.434048074794662,-2.47873356559066,1.54046387792734,0.131424123397699,0.263351443103776,1,1,FALSE,FALSE,TRUE,TRUE,FALSE,FALSE
"1033","Fusobacterium",0.806062055841509,-1.25538935954455,1.92324189158515,2.03987024622262,0.419116315721028,-0.615426085001855,0.696659511759133,0.57156364574471,1,1,FALSE,FALSE,TRUE,TRUE,FALSE,FALSE
"1034","Cetobacterium",0.160725560135023,0.0352836318684178,1.24155401731288,1.27101307148783,0.129455148864875,0.0277602431162374,0.903246136853117,0.979183159628437,1,1,FALSE,FALSE,TRUE,TRUE,FALSE,FALSE
"1035","Leptotrichia",0.415831837796432,-0.474928923454401,0.317588046963372,0.592936394179468,1.30934347741491,-0.800977858867356,0.260563436769913,0.46802129997939,1,1,FALSE,FALSE,TRUE,TRUE,FALSE,FALSE
"1036","Candidatus Nanosynbacter",-0.177188583497223,0.711111919132911,0.244137950443137,0.467460032442493,-0.725772388830196,1.52122506691605,0.508166622765671,0.202849681435966,1,1,FALSE,FALSE,TRUE,TRUE,FALSE,FALSE
"1037","Persicimonas",0.0327185079352742,0.0474421733585412,0.154059533814682,0.40963860000913,0.212375742838683,0.115814704369861,0.851492882149677,0.918379873451001,1,1,FALSE,FALSE,TRUE,TRUE,FALSE,FALSE
"1038","Bradymonas",-0.0966220501848962,0.528569246972756,0.449435635802081,0.601760041797572,-0.21498528930057,0.878372125530003,0.843564183401649,0.444409219668332,1,1,FALSE,FALSE,TRUE,TRUE,FALSE,FALSE
"1039","Homo",0.256235168049161,-0.155735583959858,0.450497245873789,0.540997934780876,0.568782984571115,-0.28786724301071,0.599917303229687,0.787747569798923,1,1,FALSE,FALSE,TRUE,TRUE,FALSE,FALSE
"1040","Halorubrum",0.696543152604156,-0.920260457056083,0.130477343909257,0.274274464585361,5.33842222515336,-3.3552538638524,0.0128505437484491,0.0438874430845368,1,1,FALSE,FALSE,TRUE,TRUE,FALSE,FALSE
"1041","Halobaculum",0.250472173834466,-0.176808825773264,0.227528896207163,0.323694538175751,1.10083676407595,-0.546221220690676,0.35137098916271,0.622915008169874,1,1,FALSE,FALSE,TRUE,TRUE,FALSE,FALSE
"1042","Haloplanus",-0.2867188803487,0.930172512835862,0.324971371887209,0.40947541224109,-0.882289657343152,2.27161994353936,0.427451742754503,0.0855744007227478,1,1,FALSE,FALSE,TRUE,TRUE,FALSE,FALSE
"1043","Haloprofundus",-0.36251531269267,0.906302575267532,0.185358720226107,0.381941826887961,-1.95574997631868,2.3728811862582,0.189660637089887,0.140991143762931,1,1,FALSE,FALSE,TRUE,TRUE,FALSE,FALSE
"1044","Haloferax",0.0979705647813506,0.273234158458679,0.352043178069276,0.45675625821159,0.278291331531133,0.598205615241083,0.80692110705652,0.610423812897025,1,1,FALSE,FALSE,TRUE,TRUE,FALSE,FALSE
"1045","Natrinema",0.207839963841346,-0.0589451755442278,0.349567662628142,0.436841862716227,0.594562901724807,-0.134934814117205,0.584134772329398,0.89918094057991,1,1,FALSE,FALSE,TRUE,TRUE,FALSE,FALSE
"1046","Halopiger",0.221685772759956,-0.218127938961044,0.224879824202991,0.388779611049597,0.985796629580467,-0.561058071878201,0.428155556496294,0.631232723085915,1,1,FALSE,FALSE,TRUE,TRUE,FALSE,FALSE
"1047","Halorussus",0.522055959074436,-0.629448467839879,0.129751228126027,0.262821863606276,4.02351458721735,-2.39496234903361,0.0275817437848794,0.0963100056639817,1,1,FALSE,FALSE,TRUE,TRUE,FALSE,FALSE
"1048","Haladaptatus",0.389241257350517,-0.553238908142164,0.132629935426469,0.287921760439997,2.9347918786126,-1.92149043301456,0.0991382291382076,0.194619716100466,1,1,FALSE,FALSE,TRUE,TRUE,FALSE,FALSE
"1049","Haloarcula",0.00134634656227914,0.354042059013905,0.0653205221284034,0.463045814733294,0.0206113870252379,0.764594015859591,0.984542827753608,0.487129390697473,1,1,FALSE,FALSE,TRUE,TRUE,FALSE,FALSE
"1050","Halosimplex",-0.59199940011512,1.22731046414271,0.0714422683627545,0.330184001075883,-8.28640262525247,3.71705006948732,0.00368179167751828,0.0338760686647517,1,1,FALSE,FALSE,TRUE,TRUE,FALSE,FALSE
"1051","Natronomonas",0.176621471345918,-0.154539556854278,0.10726247960337,0.242928724953451,1.64662864404235,-0.636151846118198,0.198188834122207,0.569890840108074,1,1,FALSE,FALSE,TRUE,TRUE,FALSE,FALSE
"1052","Halorarius",-0.466623847562356,1.0461268843538,0.095070528039347,0.380331630770537,-4.90818613492115,2.75056503250699,0.0390925475683213,0.110664501422437,1,1,FALSE,FALSE,TRUE,TRUE,FALSE,FALSE
"1053","Salinirubellus",-0.0788655857233608,0.270610360675811,0.215632241385958,0.331314194072027,-0.365741158263063,0.8167786515569,0.749619570521113,0.499870467573845,1,1,FALSE,FALSE,TRUE,TRUE,FALSE,FALSE
"1054","Salarchaeum",-0.117081964740112,0.692083450690575,0.505981994554885,0.567790456735922,-0.231395516046197,1.2189064512799,0.83189194570956,0.309981571142073,1,1,FALSE,FALSE,TRUE,TRUE,FALSE,FALSE
"1055","Methanosarcina",0.268267585467026,-0.179800418795588,0.347236298038371,0.49877106020856,0.772579327053478,-0.360486870911085,0.482885153410386,0.736713176165295,1,1,FALSE,FALSE,TRUE,TRUE,FALSE,FALSE
"1056","Methanolobus",-0.0119249010698441,0.249093408698558,0.272927304603097,0.382669818925716,-0.0436925909160531,0.650935601343862,0.969119407251374,0.581883740707419,1,1,FALSE,FALSE,TRUE,TRUE,FALSE,FALSE
"1057","Methanothrix",0.354759011499744,-0.35062022188206,0.0738415174705741,0.341587194873707,4.80432991698898,-1.02644427877834,0.0171659310128896,0.380211527198282,1,1,FALSE,FALSE,TRUE,TRUE,FALSE,FALSE
"1058","Methanocella",-0.264632309241611,0.642143807712311,0.0714731780528901,0.290425190559754,-3.70254011995637,2.21104721141672,0.0658250407289977,0.157580440989167,1,1,FALSE,FALSE,TRUE,TRUE,FALSE,FALSE
"1059","Methanobrevibacter",-0.00829571440089133,0.373326180940246,0.8734296895655,1.10158858756661,-0.00949786170540888,0.338898010703721,0.992876737592177,0.751730338212535,1,1,FALSE,FALSE,TRUE,TRUE,FALSE,FALSE
"1060","Methanobacterium",0.0948038550438086,-0.00833576020542647,0.549454458569355,0.61591516016232,0.172541788614573,-0.0135339422449508,0.878892564039317,0.990430495858135,1,1,FALSE,FALSE,TRUE,TRUE,FALSE,FALSE
"1061","Thermococcus",0.116967299375485,0.122800153387493,0.169470508063054,0.283427037394713,0.690192651879966,0.433269015250921,0.528031144792821,0.687160446753987,1,1,FALSE,FALSE,TRUE,TRUE,FALSE,FALSE
"1062","Acidianus",0.0654661532903765,0.131534541800219,0.0970306919045647,0.313421050637391,0.674695315527237,0.419673603712074,0.548211147537487,0.702966084704563,1,1,FALSE,FALSE,TRUE,TRUE,FALSE,FALSE
"1063","Nitrosopumilus",-0.164001976225573,0.553247559010015,0.210522294121171,0.33070606733723,-0.779024268713209,1.67292836041576,0.517507500742288,0.236311892108043,1,1,FALSE,FALSE,TRUE,TRUE,FALSE,FALSE
"1064","Brigitvirus",0.661571642855455,-1.21026409648182,0.0731650407189503,0.472325875873903,9.04218239140683,-2.56234976379936,0.012010851822158,0.124495070334112,1,1,FALSE,FALSE,TRUE,TRUE,FALSE,FALSE
"1065","Oengusvirus",-1.36436967417645,2.9100112982351,0.0900436418931162,0.286933992411766,-15.1523155382363,10.1417447050298,0.00432728873693838,0.00958289689913652,1,1,FALSE,FALSE,TRUE,TRUE,FALSE,FALSE
"1066","Toutatisvirus",0.892276052970699,-1.24648195766699,0.315629021343511,0.710607826387989,2.82697721892817,-1.75410671171867,0.066354938743381,0.177687940628169,1,1,FALSE,FALSE,TRUE,TRUE,FALSE,FALSE
"1067","Rosenblumvirus",0.123136682718687,0.110461386701089,0.22590523959576,0.382371170297255,0.545081127551668,0.288885238432636,0.614665907700579,0.787022356392922,1,1,FALSE,FALSE,TRUE,TRUE,FALSE,FALSE
"1068","Rubivirus",0.143563246182847,0.0696082597727674,0.113528836631106,0.370323013777741,1.26455313419033,0.187966335288426,0.274692407324498,0.860053387249973,1,1,FALSE,FALSE,TRUE,TRUE,FALSE,FALSE
"1069","Salinivirga",-0.00204424262530543,0.373727476294987,0.246049627344877,0.52484250114954,-0.00830825328761869,0.712075480694547,0.993892653538289,0.527799678471633,1,1,FALSE,FALSE,TRUE,TRUE,FALSE,FALSE
"1070","Formosa",0.98921977741163,-1.55868253631144,0.775416068228398,0.829894857086655,1.27572772598292,-1.87816868968582,0.330184169713914,0.201142111295093,1,1,FALSE,FALSE,TRUE,TRUE,FALSE,FALSE
"1071","Zobellia",0.0305114357273764,0.314762490380387,0.0908993569188465,0.435642596371979,0.335661733609585,0.722524594706123,0.769066932698556,0.545036563337765,1,1,FALSE,FALSE,TRUE,TRUE,FALSE,FALSE
"1072","Bernardetia",0.221662971862899,-0.0235689252139786,0.571654180246658,0.637657404433428,0.387757108269995,-0.0369617368983899,0.735573712068992,0.973873027142955,1,1,FALSE,FALSE,TRUE,TRUE,FALSE,FALSE
"1073","Candidatus Cardinium",-0.265431088524728,0.838254778231495,0.0321447902517115,0.259889721212797,-8.25735948022234,3.22542490068368,0.0143512437367743,0.0841651648221376,1,1,FALSE,FALSE,TRUE,TRUE,FALSE,FALSE
"1074","Ferrigenium",0.606157708975888,-0.904922816769737,0.46430196084524,0.531943756969004,1.30552476640936,-1.70116258516869,0.321692724566725,0.231018530252355,1,1,FALSE,FALSE,TRUE,TRUE,FALSE,FALSE
"1075","Pelagerythrobacter",0.169765187286217,-0.0321377733903959,0.0478079224721486,0.297281928383934,3.55098440818291,-0.108105371776553,0.0709668012442725,0.923780324645178,1,1,FALSE,FALSE,TRUE,TRUE,FALSE,FALSE
"1076","Nitrospirillum",-0.398755708429241,1.10490401804052,0.115830374135583,0.269146687389761,-3.44258327235035,4.10521128369107,0.0750080808819383,0.0545293577413621,1,1,FALSE,FALSE,TRUE,TRUE,FALSE,FALSE
"1077","Ereboglobus",0.751112332789123,-1.19483206439621,0.308106477615387,0.404723024212336,2.43783363012168,-2.95222162544759,0.135010400330413,0.0981372352317346,1,1,FALSE,FALSE,TRUE,TRUE,FALSE,FALSE
"1078","Aeoliella",0.216830497226099,-0.126268393270159,0.217968253210036,0.373194575459261,0.994780175703656,-0.338344664079778,0.42466409179186,0.767320652344933,1,1,FALSE,FALSE,TRUE,TRUE,FALSE,FALSE
"1079","Tautonia",0.516481050973484,-0.490481346369661,0.280955991551995,0.411509903286627,1.83829876031635,-1.19190654332328,0.163314174565533,0.318990212587595,1,1,FALSE,FALSE,TRUE,TRUE,FALSE,FALSE
"1080","Chondromyces",1.26600133707727,-1.73968182320931,0.0789047196336913,0.258333420608282,16.0446845632882,-6.73424994378577,0.000526546846253739,0.0066858854964402,0.572356421877814,1,FALSE,FALSE,TRUE,TRUE,FALSE,FALSE
"1081","Pseudomyxococcus",-0.115587518506101,0.538567638194241,0.20296511839539,0.564410638009906,-0.569494499448563,0.954212415437834,0.626456484373248,0.440680875131598,1,1,FALSE,FALSE,TRUE,TRUE,FALSE,FALSE
"1082","Defluviitalea",0.241605973298343,-0.107426584761547,0.606172866871774,0.890667486341208,0.39857602756979,-0.120613569495892,0.728731948462114,0.915021824962551,1,1,FALSE,FALSE,TRUE,TRUE,FALSE,FALSE
"1083","Intestinibacter",-1.51612610333627,3.45200922518436,0.0313917424767047,1.23725504208885,-48.2969718696363,2.79005468375894,0.00042843113855414,0.108039747467774,0.466561509885459,1,FALSE,FALSE,TRUE,TRUE,FALSE,FALSE
"1084","Serpentinicella",0.530426049297251,-0.513723010242607,0.144890652404332,0.300944685822138,3.66087142610859,-1.70703466266297,0.0352236651827096,0.18635453136931,1,1,FALSE,FALSE,TRUE,TRUE,FALSE,FALSE
"1085","Apilactobacillus",0.203045218249864,0.0136665820120899,0.0747278250277051,0.315969713743049,2.71713004057841,0.0432528227157993,0.112957772259671,0.969429930082937,1,1,FALSE,FALSE,TRUE,TRUE,FALSE,FALSE
"1086","Mammaliicoccus",-0.348153795220483,1.0720929522761,0.040474045658726,0.468235939601292,-8.60190251688919,2.28964259597203,0.0132468941511532,0.14920574844892,1,1,FALSE,FALSE,TRUE,TRUE,FALSE,FALSE
"1087","Miniphocaeibacter",0.319481859842127,-0.331571118502214,0.227301681093985,0.336497889944858,1.40554112184515,-0.985358685478083,0.295071331253015,0.428326563951216,1,1,FALSE,FALSE,TRUE,TRUE,FALSE,FALSE
"1088","Kytococcus",0.867360104644671,-1.4273276081073,0.87344417375529,0.916664077808094,0.993034392702556,-1.55708906093527,0.425340146338459,0.259747196162677,1,1,FALSE,FALSE,TRUE,TRUE,FALSE,FALSE
"1089","Paraoerskovia",0.732906811295842,-1.04605660407986,0.407982210345673,0.511492019762035,1.79641855137475,-2.04510835685477,0.214264614025965,0.177501001022012,1,1,FALSE,FALSE,TRUE,TRUE,FALSE,FALSE
"1090","Geminocystis",-0.135732640170936,0.647250642177012,0.150756224537028,0.349178706275347,-0.900345180358358,1.85363720795339,0.462958476275669,0.204965130384388,1,1,FALSE,FALSE,TRUE,TRUE,FALSE,FALSE
"1091","Thermoflexus",-0.198396719430026,0.70418604004209,0.210816264716033,0.344333043843815,-0.941088296471164,2.04507250358899,0.446001285049585,0.177505665720811,1,1,FALSE,FALSE,TRUE,TRUE,FALSE,FALSE
"1092","Thermosipho",0.217658207137924,-0.0595310524407094,0.090738291439559,0.279239407846423,2.39874703044091,-0.213190011036875,0.138566202296221,0.850936120396005,1,1,FALSE,FALSE,TRUE,TRUE,FALSE,FALSE
"1093","Candidatus Minimicrobia",-0.302745227051008,0.874895783671157,0.244298371301642,0.523157043668437,-1.23924373886717,1.67233872555034,0.303368271944876,0.193050900418946,1,1,FALSE,FALSE,TRUE,TRUE,FALSE,FALSE
"1094","Methanocaldococcus",0.151882298129082,0.0720207655769757,0.372513551598916,0.582130497114687,0.407722880086286,0.123719279326447,0.72297943947605,0.912850112057762,1,1,FALSE,FALSE,TRUE,TRUE,FALSE,FALSE
