"Genus","Mean_omnivore","Mean_vegan","Log2FC","Pvalue","FDR"
"Phocaeicola",0.0633333333333333,0.0254166666666667,-1.31718983605703,0.2,0.867344860200026
"Tannerella",3.66666666666667e-05,6.66666666666667e-06,-2.45766260612636,0.353678517318465,0.867344860200026
"Barnesiella",0.00997,0.00574666666666667,-0.794867072577651,0.2,0.867344860200026
"Prevotella",0.00208,0.00078,-1.41502593932432,0.4,0.867344860200026
"Xylanibacter",9.66666666666667e-05,4.66666666666667e-05,-1.05046619384658,0.50655516904904,0.867344860200026
"Pseudoprevotella",3.33333333333333e-05,6.66666666666667e-06,-2.32019841734071,0.353678517318465,0.867344860200026
"Sodaliphilus",0.000363333333333333,2e-05,-4.18254036346866,0.1,0.867344860200026
"Muribaculum",0.000223333333333333,2.33333333333333e-05,-3.25818069981929,0.0765225004750592,0.867344860200026
"Duncaniella",0.00015,2.33333333333333e-05,-2.68397618531551,0.1,0.867344860200026
"Macellibacteroides",1.66666666666667e-05,0,-10.7036152362715,0.504985075093846,0.867344860200026
"Proteiniphilum",2e-05,3.33333333333333e-06,-2.58136206201472,0.34577858615116,0.867344860200026
"Dysgonomonas",1.66666666666667e-05,3.33333333333333e-06,-2.31847184638052,0.479500122186953,0.867344860200026
"Limibacterium",6.66666666666667e-06,0,-9.38298420509155,0.504985075093846,0.867344860200026
"Paludibacter",6.66666666666667e-06,0,-9.38298420509155,0.187632329994884,0.867344860200026
"Mangrovibacterium",2.66666666666667e-05,3.33333333333333e-06,-2.9962193032761,0.353678517318465,0.867344860200026
"Halosquirtibacter",1e-05,0,-9.96722625883599,0.196705602458947,0.867344860200026
"Draconibacterium",2e-05,3.33333333333333e-06,-2.58136206201472,0.479500122186953,0.867344860200026
"Gaoshiqia",3.33333333333333e-06,0,-8.38514338989102,0.504985075093846,0.867344860200026
"Marinifilum",1e-05,3.33333333333333e-06,-1.58208286894497,0.479500122186953,0.867344860200026
"Xiashengella",1e-05,3.33333333333333e-06,-1.58208286894497,0.479500122186953,0.867344860200026
"Pontibacter",3.33333333333333e-05,6.66666666666667e-06,-2.32019841734071,0.500184257070794,0.867344860200026
"Adhaeribacter",1e-05,0,-9.96722625883599,0.196705602458947,0.867344860200026
"Runella",6.66666666666667e-06,0,-9.38298420509155,0.187632329994884,0.867344860200026
"Tellurirhabdus",1e-05,0,-9.96722625883599,0.196705602458947,0.867344860200026
"Algoriphagus",3.33333333333333e-06,0,-8.38514338989102,0.504985075093846,0.867344860200026
"Aquiflexum",3.33333333333333e-06,0,-8.38514338989102,0.504985075093846,0.867344860200026
"Echinicola",3.33333333333333e-06,0,-8.38514338989102,0.504985075093846,0.867344860200026
"Emticicia",3.33333333333333e-06,0,-8.38514338989102,0.504985075093846,0.867344860200026
"Rhodocytophaga",3.33333333333333e-06,0,-8.38514338989102,0.504985075093846,0.867344860200026
"Ekhidna",3.33333333333333e-06,0,-8.38514338989102,0.504985075093846,0.867344860200026
"Flavobacterium",1e-04,4e-05,-1.32171172849494,0.121183272837463,0.867344860200026
"Capnocytophaga",2e-05,6.66666666666667e-06,-1.58352124681419,0.164159728478515,0.867344860200026
"Rasiella",6.66666666666667e-06,0,-9.38298420509155,0.187632329994884,0.867344860200026
"Muriicola",3.33333333333333e-06,0,-8.38514338989102,0.504985075093846,0.867344860200026
"Christiangramia",1e-05,3.33333333333333e-06,-1.58208286894497,0.479500122186953,0.867344860200026
"Aequorivita",3.33333333333333e-06,0,-8.38514338989102,0.504985075093846,0.867344860200026
"Robiginitalea",3.33333333333333e-06,0,-8.38514338989102,0.504985075093846,0.867344860200026
"Leeuwenhoekiella",3.33333333333333e-06,0,-8.38514338989102,0.504985075093846,0.867344860200026
"Cellulophaga",3.33333333333333e-06,0,-8.38514338989102,0.504985075093846,0.867344860200026
"Winogradskyella",6.66666666666667e-06,0,-9.38298420509155,0.187632329994884,0.867344860200026
"Amniculibacterium",3.33333333333333e-06,0,-8.38514338989102,0.504985075093846,0.867344860200026
"Ornithobacterium",3.33333333333333e-05,0,-11.7031826224323,0.187632329994884,0.867344860200026
"Kaistella",6.66666666666667e-06,0,-9.38298420509155,0.187632329994884,0.867344860200026
"Epilithonimonas",3.33333333333333e-06,0,-8.38514338989102,0.504985075093846,0.867344860200026
"Elizabethkingia",2e-05,3.33333333333333e-06,-2.58136206201472,0.479500122186953,0.867344860200026
"Weeksella",3.33333333333333e-06,0,-8.38514338989102,0.504985075093846,0.867344860200026
"Pedobacter",7.33333333333333e-05,1.66666666666667e-05,-2.13683488403635,0.268285883677117,0.867344860200026
"Sphingobacterium",3e-05,1.66666666666667e-05,-0.847612367326742,0.301699582478348,0.867344860200026
"Chitinophaga",2.66666666666667e-05,1e-05,-1.41413643433113,0.368688269361781,0.867344860200026
"Niabella",6.66666666666667e-06,0,-9.38298420509155,0.187632329994884,0.867344860200026
"Lacibacter",3.33333333333333e-06,0,-8.38514338989102,0.504985075093846,0.867344860200026
"Phnomibacter",3.33333333333333e-06,0,-8.38514338989102,0.504985075093846,0.867344860200026
"Niastella",3.33333333333333e-06,0,-8.38514338989102,0.504985075093846,0.867344860200026
"Flavihumibacter",3.33333333333333e-06,0,-8.38514338989102,0.504985075093846,0.867344860200026
"Phaeodactylibacter",2.66666666666667e-05,3.33333333333333e-06,-2.9962193032761,0.34577858615116,0.867344860200026
"Aureispira",6.66666666666667e-06,0,-9.38298420509155,0.187632329994884,0.867344860200026
"Pelodictyon",3.33333333333333e-06,0,-8.38514338989102,0.504985075093846,0.867344860200026
"Prosthecochloris",1e-05,0,-9.96722625883599,0.196705602458947,0.867344860200026
"Gracilimonas",3.33333333333333e-06,0,-8.38514338989102,0.504985075093846,0.867344860200026
"Candidatus Palauibacter",6.66666666666667e-06,0,-9.38298420509155,0.504985075093846,0.867344860200026
"Fibrobacter",6.66666666666667e-06,0,-9.38298420509155,0.187632329994884,0.867344860200026
"Raoultella",3.33333333333333e-06,0,-8.38514338989102,0.504985075093846,0.867344860200026
"Cronobacter",1e-05,3.33333333333333e-06,-1.58208286894497,0.187632329994884,0.867344860200026
"Kosakonia",1.33333333333333e-05,0,-10.3819033996664,0.0593464387919199,0.867344860200026
"Siccibacter",3.33333333333333e-06,0,-8.38514338989102,0.504985075093846,0.867344860200026
"Leclercia",3.33333333333333e-06,0,-8.38514338989102,0.504985075093846,0.867344860200026
"Kluyvera",3.33333333333333e-06,0,-8.38514338989102,0.504985075093846,0.867344860200026
"Atlantibacter",6.66666666666667e-06,0,-9.38298420509155,0.504985075093846,0.867344860200026
"Franconibacter",3.33333333333333e-06,0,-8.38514338989102,0.504985075093846,0.867344860200026
"Rahnella",6.66666666666667e-06,0,-9.38298420509155,0.187632329994884,0.867344860200026
"Yersinia",3.33333333333333e-06,0,-8.38514338989102,0.504985075093846,0.867344860200026
"Xenorhabdus",3.33333333333333e-06,0,-8.38514338989102,0.504985075093846,0.867344860200026
"Morganella",3.33333333333333e-06,0,-8.38514338989102,0.504985075093846,0.867344860200026
"Dickeya",1e-05,1.33333333333333e-05,0.414677140830389,0.504985075093846,0.867344860200026
"Brenneria",0,3.33333333333333e-06,8.38514338989102,0.504985075093846,0.867344860200026
"Musicola",3.33333333333333e-06,0,-8.38514338989102,0.504985075093846,0.867344860200026
"Hafnia",1e-05,0,-9.96722625883599,0.196705602458947,0.867344860200026
"Edwardsiella",6.66666666666667e-06,0,-9.38298420509155,0.187632329994884,0.867344860200026
"Gallaecimonas",6.66666666666667e-06,0,-9.38298420509155,0.504985075093846,0.867344860200026
"Stutzerimonas",1.33333333333333e-05,3.33333333333333e-06,-1.99676000977536,0.479500122186953,0.867344860200026
"Azotobacter",3.33333333333333e-06,0,-8.38514338989102,0.504985075093846,0.867344860200026
"Xanthomonas",0.000216666666666667,0.00017,-0.349924193527116,0.4,0.867344860200026
"Stenotrophomonas",3.33333333333333e-05,1.66666666666667e-05,-0.999567386160718,0.353678517318465,0.867344860200026
"Lysobacter",3e-05,1.66666666666667e-05,-0.847612367326742,0.187632329994884,0.867344860200026
"Luteimonas",1e-05,3.33333333333333e-06,-1.58208286894497,0.187632329994884,0.867344860200026
"Thermomonas",0,3.33333333333333e-06,8.38514338989102,0.504985075093846,0.867344860200026
"Aerosticca",6.66666666666667e-06,0,-9.38298420509155,0.187632329994884,0.867344860200026
"Frateuria",3.33333333333333e-06,0,-8.38514338989102,0.504985075093846,0.867344860200026
"Halomonas",4.33333333333333e-05,2.33333333333333e-05,-0.892799521879153,0.268285883677117,0.867344860200026
"Kushneria",6.66666666666667e-06,0,-9.38298420509155,0.187632329994884,0.867344860200026
"Marinomonas",6.66666666666667e-06,0,-9.38298420509155,0.504985075093846,0.867344860200026
"Amphritea",3.33333333333333e-06,0,-8.38514338989102,0.504985075093846,0.867344860200026
"Alcanivorax",6.66666666666667e-06,0,-9.38298420509155,0.187632329994884,0.867344860200026
"Alloalcanivorax",3.33333333333333e-06,0,-8.38514338989102,0.504985075093846,0.867344860200026
"Endozoicomonas",6.66666666666667e-06,0,-9.38298420509155,0.187632329994884,0.867344860200026
"Pokkaliibacter",3.33333333333333e-06,0,-8.38514338989102,0.504985075093846,0.867344860200026
"Oceanimonas",6.66666666666667e-06,0,-9.38298420509155,0.187632329994884,0.867344860200026
"Pseudaeromonas",0,3.33333333333333e-06,8.38514338989102,0.504985075093846,0.867344860200026
"Succinivibrio",0,0.000176666666666667,14.1088238981765,0.504985075093846,0.867344860200026
"Pseudoalteromonas",1.33333333333333e-05,6.66666666666667e-06,-0.998919194574831,0.301699582478348,0.867344860200026
"Thalassotalea",0,3.33333333333333e-06,8.38514338989102,0.504985075093846,0.867344860200026
"Colwellia",3.33333333333333e-06,0,-8.38514338989102,0.504985075093846,0.867344860200026
"Idiomarina",6.66666666666667e-06,0,-9.38298420509155,0.187632329994884,0.867344860200026
"Ferrimonas",3.33333333333333e-06,0,-8.38514338989102,0.504985075093846,0.867344860200026
"Thioalkalivibrio",1.33333333333333e-05,3.33333333333333e-06,-1.99676000977536,0.479500122186953,0.867344860200026
"Ectothiorhodospira",3.33333333333333e-06,0,-8.38514338989102,0.504985075093846,0.867344860200026
"Spiribacter",0,3.33333333333333e-06,8.38514338989102,0.504985075093846,0.867344860200026
"Acidihalobacter",6.66666666666667e-06,0,-9.38298420509155,0.504985075093846,0.867344860200026
"Thioflavicoccus",3.33333333333333e-06,0,-8.38514338989102,0.504985075093846,0.867344860200026
"Halothiobacillus",3.33333333333333e-06,0,-8.38514338989102,0.504985075093846,0.867344860200026
"Guyparkeria",3.33333333333333e-06,0,-8.38514338989102,0.504985075093846,0.867344860200026
"Psychrobacter",1.66666666666667e-05,3.33333333333333e-06,-2.31847184638052,0.157299207050285,0.867344860200026
"Faucicola",3.33333333333333e-06,0,-8.38514338989102,0.504985075093846,0.867344860200026
"Cellvibrio",6.66666666666667e-06,0,-9.38298420509155,0.187632329994884,0.867344860200026
"Teredinibacter",3.33333333333333e-06,0,-8.38514338989102,0.504985075093846,0.867344860200026
"Methylomicrobium",3.33333333333333e-06,0,-8.38514338989102,0.504985075093846,0.867344860200026
"Methylomarinovum",3.33333333333333e-06,0,-8.38514338989102,0.504985075093846,0.867344860200026
"Allofrancisella",3.33333333333333e-06,0,-8.38514338989102,0.504985075093846,0.867344860200026
"Francisella",3.33333333333333e-06,0,-8.38514338989102,0.504985075093846,0.867344860200026
"Thiomicrorhabdus",3.33333333333333e-06,0,-8.38514338989102,0.504985075093846,0.867344860200026
"Cardiobacterium",1e-05,0,-9.96722625883599,0.0468541776038738,0.867344860200026
"Acidiferrobacter",3.33333333333333e-06,0,-8.38514338989102,0.504985075093846,0.867344860200026
"Immundisolibacter",3.33333333333333e-06,0,-8.38514338989102,0.504985075093846,0.867344860200026
"Bradyrhizobium",0.000133333333333333,6e-05,-1.15187086237746,0.268285883677117,0.867344860200026
"Tardiphaga",6.66666666666667e-06,0,-9.38298420509155,0.187632329994884,0.867344860200026
"Agrobacterium",2.66666666666667e-05,1.33333333333333e-05,-0.99945929350074,0.353678517318465,0.867344860200026
"Ensifer",1.33333333333333e-05,0,-10.3819033996664,0.187632329994884,0.867344860200026
"Ciceribacter",6.66666666666667e-06,0,-9.38298420509155,0.187632329994884,0.867344860200026
"Hoeflea",3.33333333333333e-06,0,-8.38514338989102,0.504985075093846,0.867344860200026
"Aminobacter",6.66666666666667e-06,1e-05,0.584242053744442,0.504985075093846,0.867344860200026
"Phyllobacterium",6.66666666666667e-06,0,-9.38298420509155,0.187632329994884,0.867344860200026
"Devosia",3.66666666666667e-05,1.66666666666667e-05,-1.13703157494637,0.34577858615116,0.867344860200026
"Pelagibacterium",3.33333333333333e-06,0,-8.38514338989102,0.504985075093846,0.867344860200026
"Paradevosia",6.66666666666667e-06,0,-9.38298420509155,0.504985075093846,0.867344860200026
"Methylobacterium",2.66666666666667e-05,1.66666666666667e-05,-0.677747456895575,0.368688269361781,0.867344860200026
"Microvirga",1e-05,3.33333333333333e-06,-1.58208286894497,0.187632329994884,0.867344860200026
"Breoghania",0,3.33333333333333e-06,8.38514338989102,0.504985075093846,0.867344860200026
"Aureimonas",1.66666666666667e-05,6.66666666666667e-06,-1.32063103118,0.157299207050285,0.867344860200026
"Bosea",2e-05,1e-05,-0.999279193069748,0.196705602458947,0.867344860200026
"Labrys",0,3.33333333333333e-06,8.38514338989102,0.504985075093846,0.867344860200026
"Kaistia",3.33333333333333e-06,0,-8.38514338989102,0.504985075093846,0.867344860200026
"Methylosinus",6.66666666666667e-06,0,-9.38298420509155,0.187632329994884,0.867344860200026
"Methylocystis",1.66666666666667e-05,6.66666666666667e-06,-1.32063103118,0.34577858615116,0.867344860200026
"Cohaesibacter",6.66666666666667e-06,0,-9.38298420509155,0.187632329994884,0.867344860200026
"Bartonella",6.66666666666667e-06,0,-9.38298420509155,0.187632329994884,0.867344860200026
"Kaustia",0,3.33333333333333e-06,8.38514338989102,0.504985075093846,0.867344860200026
"Lichenihabitans",3.33333333333333e-06,0,-8.38514338989102,0.504985075093846,0.867344860200026
"Salaquimonas",3.33333333333333e-06,0,-8.38514338989102,0.504985075093846,0.867344860200026
"Pleomorphomonas",0,3.33333333333333e-06,8.38514338989102,0.504985075093846,0.867344860200026
"Methylocella",0,3.33333333333333e-06,8.38514338989102,0.504985075093846,0.867344860200026
"Methyloraptor",3.33333333333333e-06,0,-8.38514338989102,0.504985075093846,0.867344860200026
"Leisingera",1.66666666666667e-05,3.33333333333333e-06,-2.31847184638052,0.353678517318465,0.867344860200026
"Roseovarius",1e-05,3.33333333333333e-06,-1.58208286894497,0.479500122186953,0.867344860200026
"Thalassovita",3.33333333333333e-06,0,-8.38514338989102,0.504985075093846,0.867344860200026
"Tateyamaria",3.33333333333333e-06,0,-8.38514338989102,0.504985075093846,0.867344860200026
"Ketogulonicigenium",0,6.66666666666667e-06,9.38298420509155,0.504985075093846,0.867344860200026
"Ruegeria",0,3.33333333333333e-06,8.38514338989102,0.504985075093846,0.867344860200026
"Pseudosulfitobacter",3.33333333333333e-06,0,-8.38514338989102,0.504985075093846,0.867344860200026
"Salipiger",3.33333333333333e-06,0,-8.38514338989102,0.504985075093846,0.867344860200026
"Octadecabacter",0,3.33333333333333e-06,8.38514338989102,0.504985075093846,0.867344860200026
"Roseivivax",0,3.33333333333333e-06,8.38514338989102,0.504985075093846,0.867344860200026
"Tabrizicola",6.66666666666667e-06,0,-9.38298420509155,0.187632329994884,0.867344860200026
"Thioclava",6.66666666666667e-06,0,-9.38298420509155,0.187632329994884,0.867344860200026
"Roseinatronobacter",3.33333333333333e-06,0,-8.38514338989102,0.504985075093846,0.867344860200026
"Rhodovulum",0,3.33333333333333e-06,8.38514338989102,0.504985075093846,0.867344860200026
"Pseudooceanicola",3.33333333333333e-06,0,-8.38514338989102,0.504985075093846,0.867344860200026
"Limimaricola",3.33333333333333e-06,0,-8.38514338989102,0.504985075093846,0.867344860200026
"Frigidibacter",6.66666666666667e-06,0,-9.38298420509155,0.504985075093846,0.867344860200026
"Cereibacter",3.33333333333333e-06,0,-8.38514338989102,0.504985075093846,0.867344860200026
"Fuscovulum",0,3.33333333333333e-06,8.38514338989102,0.504985075093846,0.867344860200026
"Pontivivens",0,3.33333333333333e-06,8.38514338989102,0.504985075093846,0.867344860200026
"Rhodobacter",0,3.33333333333333e-06,8.38514338989102,0.504985075093846,0.867344860200026
"Sphingomonas",6.66666666666667e-05,4e-05,-0.736821353510128,0.353678517318465,0.867344860200026
"Citromicrobium",3.33333333333333e-06,0,-8.38514338989102,0.504985075093846,0.867344860200026
"Altererythrobacter",2.33333333333333e-05,0,-11.1887948714186,0.196705602458947,0.867344860200026
"Tsuneonella",3.33333333333333e-06,0,-8.38514338989102,0.504985075093846,0.867344860200026
"Aurantiacibacter",3.33333333333333e-06,0,-8.38514338989102,0.504985075093846,0.867344860200026
"Sphingobium",2.33333333333333e-05,1.33333333333333e-05,-0.80689147175226,0.34577858615116,0.867344860200026
"Novosphingopyxis",6.66666666666667e-06,0,-9.38298420509155,0.187632329994884,0.867344860200026
"Parasphingorhabdus",3.33333333333333e-06,0,-8.38514338989102,0.504985075093846,0.867344860200026
"Sphingomicrobium",3.33333333333333e-06,0,-8.38514338989102,0.504985075093846,0.867344860200026
"Roseomonas",1.66666666666667e-05,6.66666666666667e-06,-1.32063103118,0.500184257070794,0.867344860200026
"Sediminicoccus",0,3.33333333333333e-06,8.38514338989102,0.504985075093846,0.867344860200026
"Acidocella",6.66666666666667e-06,0,-9.38298420509155,0.187632329994884,0.867344860200026
"Elioraea",0,3.33333333333333e-06,8.38514338989102,0.504985075093846,0.867344860200026
"Azospirillum",3e-05,1.66666666666667e-05,-0.847612367326742,0.164159728478515,0.867344860200026
"Thalassospira",1e-05,3.33333333333333e-06,-1.58208286894497,0.187632329994884,0.867344860200026
"Hypericibacter",3.33333333333333e-06,0,-8.38514338989102,0.504985075093846,0.867344860200026
"Pelagibius",3.33333333333333e-06,0,-8.38514338989102,0.504985075093846,0.867344860200026
"Algihabitans",3.33333333333333e-06,0,-8.38514338989102,0.504985075093846,0.867344860200026
"Nisaea",3.33333333333333e-06,0,-8.38514338989102,0.504985075093846,0.867344860200026
"Thalassobaculum",3.33333333333333e-06,0,-8.38514338989102,0.504985075093846,0.867344860200026
"Phenylobacterium",3.33333333333333e-06,0,-8.38514338989102,0.504985075093846,0.867344860200026
"Oceanicaulis",0,3.33333333333333e-06,8.38514338989102,0.504985075093846,0.867344860200026
"Hyphobacterium",0,3.33333333333333e-06,8.38514338989102,0.504985075093846,0.867344860200026
"Luteithermobacter",3.33333333333333e-06,0,-8.38514338989102,0.504985075093846,0.867344860200026
"Parvularcula",0,3.33333333333333e-06,8.38514338989102,0.504985075093846,0.867344860200026
"Massilia",4.66666666666667e-05,1.33333333333333e-05,-1.80658242215112,0.0765225004750592,0.867344860200026
"Duganella",0,3.33333333333333e-06,8.38514338989102,0.504985075093846,0.867344860200026
"Telluria",0,6.66666666666667e-06,9.38298420509155,0.504985075093846,0.867344860200026
"Herbaspirillum",2.33333333333333e-05,1e-05,-1.22156861258265,0.187632329994884,0.867344860200026
"Janthinobacterium",1e-05,3.33333333333333e-06,-1.58208286894497,0.479500122186953,0.867344860200026
"Noviherbaspirillum",0,3.33333333333333e-06,8.38514338989102,0.504985075093846,0.867344860200026
"Undibacterium",0,3.33333333333333e-06,8.38514338989102,0.504985075093846,0.867344860200026
"Burkholderia",6.66666666666667e-05,4.66666666666667e-05,-0.514480445038231,0.50655516904904,0.867344860200026
"Cupriavidus",6.66666666666667e-05,3e-05,-1.15173866325744,0.115688022299509,0.867344860200026
"Paraburkholderia",5e-05,2.66666666666667e-05,-0.906638196540451,0.268285883677117,0.867344860200026
"Ralstonia",2.66666666666667e-05,1e-05,-1.41413643433113,0.164159728478515,0.867344860200026
"Caballeronia",1.33333333333333e-05,6.66666666666667e-06,-0.998919194574831,0.301699582478348,0.867344860200026
"Pandoraea",1.66666666666667e-05,6.66666666666667e-06,-1.32063103118,0.157299207050285,0.867344860200026
"Limnobacter",6.66666666666667e-06,0,-9.38298420509155,0.187632329994884,0.867344860200026
"Imbroritus",6.66666666666667e-06,0,-9.38298420509155,0.504985075093846,0.867344860200026
"Comamonas",3e-05,2e-05,-0.584722151692547,0.500184257070794,0.867344860200026
"Acidovorax",2.66666666666667e-05,1e-05,-1.41413643433113,0.164159728478515,0.867344860200026
"Rhodoferax",2e-05,6.66666666666667e-06,-1.58352124681419,0.301699582478348,0.867344860200026
"Paracidovorax",6.66666666666667e-06,0,-9.38298420509155,0.187632329994884,0.867344860200026
"Alicycliphilus",1.33333333333333e-05,0,-10.3819033996664,0.0593464387919199,0.867344860200026
"Diaphorobacter",1e-05,0,-9.96722625883599,0.0468541776038738,0.867344860200026
"Hylemonella",3.33333333333333e-06,0,-8.38514338989102,0.504985075093846,0.867344860200026
"Vandammella",0,3.33333333333333e-06,8.38514338989102,0.504985075093846,0.867344860200026
"Simplicispira",0,3.33333333333333e-06,8.38514338989102,0.504985075093846,0.867344860200026
"Turicimonas",4.33333333333333e-05,1.66666666666667e-05,-1.37797915702625,0.184038627196425,0.867344860200026
"Achromobacter",4e-05,2e-05,-0.99963946143986,0.368688269361781,0.867344860200026
"Alcaligenes",1.33333333333333e-05,3.33333333333333e-06,-1.99676000977536,0.34577858615116,0.867344860200026
"Castellaniella",3.33333333333333e-06,0,-8.38514338989102,0.504985075093846,0.867344860200026
"Orrella",3.33333333333333e-06,0,-8.38514338989102,0.504985075093846,0.867344860200026
"Advenella",0,3.33333333333333e-06,8.38514338989102,0.504985075093846,0.867344860200026
"Roseateles",2.66666666666667e-05,1e-05,-1.41413643433113,0.115688022299509,0.867344860200026
"Piscinibacter",1e-05,0,-9.96722625883599,0.196705602458947,0.867344860200026
"Rubrivivax",3.33333333333333e-06,0,-8.38514338989102,0.504985075093846,0.867344860200026
"Aquabacterium",6.66666666666667e-06,0,-9.38298420509155,0.504985075093846,0.867344860200026
"Thiomonas",0,3.33333333333333e-06,8.38514338989102,0.504985075093846,0.867344860200026
"Neisseria",3.66666666666667e-05,2e-05,-0.874141359312171,0.50655516904904,0.867344860200026
"Uruburuella",3.33333333333333e-06,0,-8.38514338989102,0.504985075093846,0.867344860200026
"Kingella",0,3.33333333333333e-06,8.38514338989102,0.504985075093846,0.867344860200026
"Snodgrassella",0,3.33333333333333e-06,8.38514338989102,0.504985075093846,0.867344860200026
"Chromobacterium",1.66666666666667e-05,1e-05,-0.736388977435553,0.479500122186953,0.867344860200026
"Aquitalea",1e-05,0,-9.96722625883599,0.196705602458947,0.867344860200026
"Chitiniphilus",1e-05,3.33333333333333e-06,-1.58208286894497,0.479500122186953,0.867344860200026
"Chitinibacter",6.66666666666667e-06,0,-9.38298420509155,0.187632329994884,0.867344860200026
"Aquaspirillum",3.33333333333333e-06,0,-8.38514338989102,0.504985075093846,0.867344860200026
"Azoarcus",6.66666666666667e-06,0,-9.38298420509155,0.187632329994884,0.867344860200026
"Pseudazoarcus",0,3.33333333333333e-06,8.38514338989102,0.504985075093846,0.867344860200026
"Nitrogeniibacter",0,6.66666666666667e-06,9.38298420509155,0.187632329994884,0.867344860200026
"Dechloromonas",1.66666666666667e-05,3.33333333333333e-06,-2.31847184638052,0.157299207050285,0.867344860200026
"Azonexus",3.33333333333333e-06,0,-8.38514338989102,0.504985075093846,0.867344860200026
"Aromatoleum",0,6.66666666666667e-06,9.38298420509155,0.187632329994884,0.867344860200026
"Methylophilus",3.33333333333333e-06,0,-8.38514338989102,0.504985075093846,0.867344860200026
"Usitatibacter",3.33333333333333e-06,0,-8.38514338989102,0.504985075093846,0.867344860200026
"Methyloversatilis",3.33333333333333e-06,0,-8.38514338989102,0.504985075093846,0.867344860200026
"Sulfuricystis",0,3.33333333333333e-06,8.38514338989102,0.504985075093846,0.867344860200026
"Nitrosospira",3.33333333333333e-06,0,-8.38514338989102,0.504985075093846,0.867344860200026
"Candidatus Accumulibacter",0,3.33333333333333e-06,8.38514338989102,0.504985075093846,0.867344860200026
"Acidithiobacillus",1.66666666666667e-05,1e-05,-0.736388977435553,0.504985075093846,0.867344860200026
"Pseudodesulfovibrio",4.66666666666667e-05,2.66666666666667e-05,-0.807123128650377,0.375825087488698,0.867344860200026
"Nitratidesulfovibrio",1.66666666666667e-05,6.66666666666667e-06,-1.32063103118,0.500184257070794,0.867344860200026
"Maridesulfovibrio",2e-05,6.66666666666667e-06,-1.58352124681419,0.34577858615116,0.867344860200026
"Megalodesulfovibrio",3.33333333333333e-06,0,-8.38514338989102,0.504985075093846,0.867344860200026
"Desulfolutivibrio",1e-05,3.33333333333333e-06,-1.58208286894497,0.479500122186953,0.867344860200026
"Taurinivorans",3.33333333333333e-06,0,-8.38514338989102,0.504985075093846,0.867344860200026
"Salidesulfovibrio",3.33333333333333e-06,0,-8.38514338989102,0.504985075093846,0.867344860200026
"Lawsonia",0,3.33333333333333e-06,8.38514338989102,0.504985075093846,0.867344860200026
"Geomonas",1e-05,3.33333333333333e-06,-1.58208286894497,0.479500122186953,0.867344860200026
"Citrifermentans",3.33333333333333e-06,0,-8.38514338989102,0.504985075093846,0.867344860200026
"Trichlorobacter",3.33333333333333e-06,0,-8.38514338989102,0.504985075093846,0.867344860200026
"Pelobacter",3.33333333333333e-06,0,-8.38514338989102,0.504985075093846,0.867344860200026
"Syntrophotalea",6.66666666666667e-06,0,-9.38298420509155,0.187632329994884,0.867344860200026
"Desulfobacter",3.33333333333333e-06,0,-8.38514338989102,0.504985075093846,0.867344860200026
"Desulfonema",3.33333333333333e-06,0,-8.38514338989102,0.504985075093846,0.867344860200026
"Desulfobulbus",6.66666666666667e-06,0,-9.38298420509155,0.187632329994884,0.867344860200026
"Desulfomonile",6.66666666666667e-06,0,-9.38298420509155,0.504985075093846,0.867344860200026
"Syntrophus",3.33333333333333e-06,0,-8.38514338989102,0.504985075093846,0.867344860200026
"Verrucomicrobium",3.33333333333333e-06,0,-8.38514338989102,0.504985075093846,0.867344860200026
"Synoicihabitans",3.33333333333333e-06,0,-8.38514338989102,0.504985075093846,0.867344860200026
"Opitutus",0,3.33333333333333e-06,8.38514338989102,0.504985075093846,0.867344860200026
"Oleiharenicola",3.33333333333333e-06,0,-8.38514338989102,0.504985075093846,0.867344860200026
"Nibricoccus",3.33333333333333e-06,0,-8.38514338989102,0.504985075093846,0.867344860200026
"Congregicoccus",3.33333333333333e-06,0,-8.38514338989102,0.504985075093846,0.867344860200026
"Coraliomargarita",6.66666666666667e-06,0,-9.38298420509155,0.504985075093846,0.867344860200026
"Ruficoccus",3.33333333333333e-06,0,-8.38514338989102,0.504985075093846,0.867344860200026
"Methylacidiphilum (ex Ratnadevi et al. 2023)",6.66666666666667e-06,0,-9.38298420509155,0.187632329994884,0.867344860200026
"Pirellula",3.33333333333333e-06,0,-8.38514338989102,0.504985075093846,0.867344860200026
"Lignipirellula",3.33333333333333e-06,0,-8.38514338989102,0.504985075093846,0.867344860200026
"Lacipirellula",3.33333333333333e-06,0,-8.38514338989102,0.504985075093846,0.867344860200026
"Gimesia",1e-05,3.33333333333333e-06,-1.58208286894497,0.479500122186953,0.867344860200026
"Planctomicrobium",6.66666666666667e-06,0,-9.38298420509155,0.187632329994884,0.867344860200026
"Planctomyces",3.33333333333333e-06,0,-8.38514338989102,0.504985075093846,0.867344860200026
"Calycomorphotria",3.33333333333333e-06,0,-8.38514338989102,0.504985075093846,0.867344860200026
"Saltatorellus",6.66666666666667e-06,0,-9.38298420509155,0.187632329994884,0.867344860200026
"Engelhardtia",3.33333333333333e-06,0,-8.38514338989102,0.504985075093846,0.867344860200026
"Fontivita",3.33333333333333e-06,0,-8.38514338989102,0.504985075093846,0.867344860200026
"Mucisphaera",0,3.33333333333333e-06,8.38514338989102,0.504985075093846,0.867344860200026
"Chlamydia",1e-05,3.33333333333333e-06,-1.58208286894497,0.187632329994884,0.867344860200026
"Tichowtungia",3.33333333333333e-06,0,-8.38514338989102,0.504985075093846,0.867344860200026
"Lentisphaera",6.66666666666667e-06,0,-9.38298420509155,0.504985075093846,0.867344860200026
"Parasphaerochaeta",3.33333333333333e-06,0,-8.38514338989102,0.504985075093846,0.867344860200026
"Sediminispirochaeta",3.33333333333333e-06,0,-8.38514338989102,0.504985075093846,0.867344860200026
"Leadbettera",6.66666666666667e-06,0,-9.38298420509155,0.187632329994884,0.867344860200026
"Borreliella",0,3.33333333333333e-06,8.38514338989102,0.504985075093846,0.867344860200026
"Leptospira",1e-05,3.33333333333333e-06,-1.58208286894497,0.479500122186953,0.867344860200026
"Winmispira",0,3.33333333333333e-06,8.38514338989102,0.504985075093846,0.867344860200026
"Polyangium",3.33333333333333e-06,0,-8.38514338989102,0.504985075093846,0.867344860200026
"Haliangium",3.33333333333333e-06,0,-8.38514338989102,0.504985075093846,0.867344860200026
"Corallococcus",1.33333333333333e-05,3.33333333333333e-06,-1.99676000977536,0.479500122186953,0.867344860200026
"Anaeromyxobacter",1.33333333333333e-05,3.33333333333333e-06,-1.99676000977536,0.157299207050285,0.867344860200026
"Sulfurospirillum",2e-05,3.33333333333333e-06,-2.58136206201472,0.34577858615116,0.867344860200026
"Campylobacter",6.33333333333333e-05,2e-05,-1.66247162145076,0.268285883677117,0.867344860200026
"Sulfurimonas",3.33333333333333e-06,0,-8.38514338989102,0.504985075093846,0.867344860200026
"Aliarcobacter",0,3.33333333333333e-06,8.38514338989102,0.504985075093846,0.867344860200026
"Hydrogenimonas",3.33333333333333e-06,0,-8.38514338989102,0.504985075093846,0.867344860200026
"Edaphobacter",0,3.33333333333333e-06,8.38514338989102,0.504985075093846,0.867344860200026
"Chloracidobacterium",3.33333333333333e-06,0,-8.38514338989102,0.504985075093846,0.867344860200026
"Paludibaculum",3.33333333333333e-06,0,-8.38514338989102,0.504985075093846,0.867344860200026
"Luteitalea",1e-05,0,-9.96722625883599,0.196705602458947,0.867344860200026
"Micavibrio",3.33333333333333e-06,0,-8.38514338989102,0.504985075093846,0.867344860200026
"Halobacteriovorax",3.33333333333333e-06,0,-8.38514338989102,0.504985075093846,0.867344860200026
"Leptospirillum",3.33333333333333e-06,0,-8.38514338989102,0.504985075093846,0.867344860200026
"Caldithrix",3.33333333333333e-06,0,-8.38514338989102,0.504985075093846,0.867344860200026
"Elusimicrobium",3.33333333333333e-06,0,-8.38514338989102,0.504985075093846,0.867344860200026
"Candidatus Caldatribacterium",3.33333333333333e-06,0,-8.38514338989102,0.504985075093846,0.867344860200026
"Flavonifractor",0.00513,0.00220666666666667,-1.21708638391117,0.4,0.867344860200026
"Ruminococcus",0.00208333333333333,0.0305666666666667,3.87498718599642,0.2,0.867344860200026
"Pseudoflavonifractor",0.000556666666666667,0.00042,-0.40641593594573,0.50655516904904,0.867344860200026
"Thermoclostridium",3.33333333333333e-06,0,-8.38514338989102,0.504985075093846,0.867344860200026
"Fastidiosipila",0,3.33333333333333e-06,8.38514338989102,0.504985075093846,0.867344860200026
"Paludihabitans",1e-05,0,-9.96722625883599,0.504985075093846,0.867344860200026
"Thermaerobacter",1e-05,3.33333333333333e-06,-1.58208286894497,0.479500122186953,0.867344860200026
"Levyella",3.33333333333333e-06,0,-8.38514338989102,0.504985075093846,0.867344860200026
"Fenollaria",0,3.33333333333333e-06,8.38514338989102,0.504985075093846,0.867344860200026
"Candidatus Neoarthromitus",0,3.33333333333333e-06,8.38514338989102,0.504985075093846,0.867344860200026
"Haloimpatiens",0,3.33333333333333e-06,8.38514338989102,0.504985075093846,0.867344860200026
"Anaerofustis",6.66666666666667e-06,0,-9.38298420509155,0.504985075093846,0.867344860200026
"Candidatus Formimonas",3.33333333333333e-06,0,-8.38514338989102,0.504985075093846,0.867344860200026
"Desulfofarcimen",3.33333333333333e-06,0,-8.38514338989102,0.504985075093846,0.867344860200026
"Heliorestis",1e-05,0,-9.96722625883599,0.504985075093846,0.867344860200026
"Syntrophothermus",0,3.33333333333333e-06,8.38514338989102,0.504985075093846,0.867344860200026
"Caldinitratiruptor",6.66666666666667e-06,0,-9.38298420509155,0.504985075093846,0.867344860200026
"Thermincola",0,3.33333333333333e-06,8.38514338989102,0.504985075093846,0.867344860200026
"Roseburia",0.00386333333333333,0.0136633333333333,1.82238874519369,0.4,0.867344860200026
"Eshraghiella",0.000103333333333333,0.00021,1.02301270234728,0.4,0.867344860200026
"Hominifimenecus",2.33333333333333e-05,1e-05,-1.22156861258265,0.50655516904904,0.867344860200026
"Faecalimonas",0.000166666666666667,5e-05,-1.73676364311379,0.375825087488698,0.867344860200026
"Petrocella",3.33333333333333e-06,0,-8.38514338989102,0.504985075093846,0.867344860200026
"Emergencia",2e-05,3.33333333333333e-05,0.736677170526523,0.500184257070794,0.867344860200026
"Paraclostridium",1e-05,6.66666666666667e-06,-0.584242053744442,0.504985075093846,0.867344860200026
"Romboutsia",3.33333333333333e-06,4.33333333333333e-05,3.69645100340677,0.157299207050285,0.867344860200026
"Tepidibacter",0,3.33333333333333e-06,8.38514338989102,0.504985075093846,0.867344860200026
"Peptacetobacter",3.33333333333333e-06,0,-8.38514338989102,0.504985075093846,0.867344860200026
"Alkaliphilus",0,3.33333333333333e-06,8.38514338989102,0.504985075093846,0.867344860200026
"Peptoclostridium",0,3.33333333333333e-06,8.38514338989102,0.504985075093846,0.867344860200026
"Thermoanaerobacter",3.33333333333333e-06,1e-05,1.58208286894497,0.479500122186953,0.867344860200026
"Mahella",3.33333333333333e-06,0,-8.38514338989102,0.504985075093846,0.867344860200026
"Biomaibacter",0,3.33333333333333e-06,8.38514338989102,0.504985075093846,0.867344860200026
"Megamonas",2e-05,1.33333333333333e-05,-0.584602052239359,0.479500122186953,0.867344860200026
"Pectinatus",0,6.66666666666667e-06,9.38298420509155,0.504985075093846,0.867344860200026
"Selenobaculum",0,6.66666666666667e-06,9.38298420509155,0.504985075093846,0.867344860200026
"Pelosinus",3.33333333333333e-06,0,-8.38514338989102,0.504985075093846,0.867344860200026
"Megasphaera",5.66666666666667e-05,0.01192,7.71641481946606,0.4,0.867344860200026
"Aneurinibacillus",6.66666666666667e-06,0,-9.38298420509155,0.187632329994884,0.867344860200026
"Saccharibacillus",6.66666666666667e-06,0,-9.38298420509155,0.187632329994884,0.867344860200026
"Salimicrobium",6.66666666666667e-06,0,-9.38298420509155,0.187632329994884,0.867344860200026
"Oceanobacillus",3.33333333333333e-06,1e-05,1.58208286894497,0.479500122186953,0.867344860200026
"Sutcliffiella",3.33333333333333e-06,0,-8.38514338989102,0.504985075093846,0.867344860200026
"Rossellomorea",1e-05,0,-9.96722625883599,0.196705602458947,0.867344860200026
"Mesobacillus",3.33333333333333e-06,0,-8.38514338989102,0.504985075093846,0.867344860200026
"Heyndrickxia",3.33333333333333e-06,0,-8.38514338989102,0.504985075093846,0.867344860200026
"Virgibacillus",3.33333333333333e-06,0,-8.38514338989102,0.504985075093846,0.867344860200026
"Metabacillus",0,3.33333333333333e-06,8.38514338989102,0.504985075093846,0.867344860200026
"Alkalihalobacillus",0,3.33333333333333e-06,8.38514338989102,0.504985075093846,0.867344860200026
"Planococcus",1.66666666666667e-05,1e-05,-0.736388977435553,0.479500122186953,0.867344860200026
"Salinicoccus",0,3.33333333333333e-06,8.38514338989102,0.504985075093846,0.867344860200026
"Geobacillus",1.33333333333333e-05,6.66666666666667e-06,-0.998919194574831,0.301699582478348,0.867344860200026
"Kyrpidia",3.33333333333333e-06,0,-8.38514338989102,0.504985075093846,0.867344860200026
"Staphylospora",3.33333333333333e-06,0,-8.38514338989102,0.504985075093846,0.867344860200026
"Kroppenstedtia",0,3.33333333333333e-06,8.38514338989102,0.504985075093846,0.867344860200026
"Gemella",3.33333333333333e-06,1e-05,1.58208286894497,0.479500122186953,0.867344860200026
"Fictibacillus",0,3.33333333333333e-06,8.38514338989102,0.504985075093846,0.867344860200026
"Leuconostoc",0,2e-05,10.9665054519057,0.196705602458947,0.867344860200026
"Companilactobacillus",3.33333333333333e-06,0,-8.38514338989102,0.504985075093846,0.867344860200026
"Dolosigranulum",3.33333333333333e-06,0,-8.38514338989102,0.504985075093846,0.867344860200026
"Ignavigranum",3.33333333333333e-06,0,-8.38514338989102,0.504985075093846,0.867344860200026
"Aerococcus",3.33333333333333e-06,0,-8.38514338989102,0.504985075093846,0.867344860200026
"Amedibacillus",8e-05,0.000216666666666667,1.43729157108572,0.4,0.867344860200026
"Longicatena",2e-05,5e-05,1.32149543780183,0.500184257070794,0.867344860200026
"Allobaculum",1.33333333333333e-05,6.66666666666667e-06,-0.998919194574831,0.301699582478348,0.867344860200026
"Erysipelothrix",0,6.66666666666667e-06,9.38298420509155,0.504985075093846,0.867344860200026
"Intestinibaculum",0,3.33333333333333e-06,8.38514338989102,0.504985075093846,0.867344860200026
"Catenibacterium",1e-05,2e-04,4.32055825366219,0.196705602458947,0.867344860200026
"Tannockella",0,3.33333333333333e-06,8.38514338989102,0.504985075093846,0.867344860200026
"Anaerococcus",0,3.33333333333333e-06,8.38514338989102,0.504985075093846,0.867344860200026
"Helcococcus",0,3.33333333333333e-06,8.38514338989102,0.504985075093846,0.867344860200026
"Acidilutibacter",3.33333333333333e-06,0,-8.38514338989102,0.504985075093846,0.867344860200026
"Gottschalkia",3.33333333333333e-06,0,-8.38514338989102,0.504985075093846,0.867344860200026
"Ezakiella",3.33333333333333e-06,0,-8.38514338989102,0.504985075093846,0.867344860200026
"Candidatus Contubernalis",3.33333333333333e-06,0,-8.38514338989102,0.504985075093846,0.867344860200026
"Caldicellulosiruptor",1.33333333333333e-05,6.66666666666667e-06,-0.998919194574831,0.49356278970339,0.867344860200026
"Enorma",4.66666666666667e-05,1.66666666666667e-05,-1.48487058554595,0.115688022299509,0.867344860200026
"Coriobacterium",3.33333333333333e-06,0,-8.38514338989102,0.504985075093846,0.867344860200026
"Fannyhessea",1e-05,0,-9.96722625883599,0.196705602458947,0.867344860200026
"Atopobium",1e-05,3.33333333333333e-06,-1.58208286894497,0.479500122186953,0.867344860200026
"Slackia",4e-05,2e-05,-0.99963946143986,0.479500122186953,0.867344860200026
"Berryella",3.33333333333333e-05,1.66666666666667e-05,-0.999567386160718,0.177529852412153,0.867344860200026
"Raoultibacter",2e-05,6.66666666666667e-06,-1.58352124681419,0.500184257070794,0.867344860200026
"Denitrobacterium",1.33333333333333e-05,3.33333333333333e-06,-1.99676000977536,0.479500122186953,0.867344860200026
"Arabiibacter",2e-05,6.66666666666667e-06,-1.58352124681419,0.164159728478515,0.867344860200026
"Xiamenia",1e-05,3.33333333333333e-06,-1.58208286894497,0.479500122186953,0.867344860200026
"Bifidobacterium",0.0278633333333333,0.0578933333333333,1.05502909656953,0.4,0.867344860200026
"Mycobacterium",0.000453333333333333,0.00031,-0.548289316147525,0.4,0.867344860200026
"Mycolicibacillus",3.33333333333333e-06,0,-8.38514338989102,0.504985075093846,0.867344860200026
"Prescottella",3.33333333333333e-06,0,-8.38514338989102,0.504985075093846,0.867344860200026
"Gordonia",3e-05,2e-05,-0.584722151692547,0.368688269361781,0.867344860200026
"Tsukamurella",0,3.33333333333333e-06,8.38514338989102,0.504985075093846,0.867344860200026
"Tomitella",0,6.66666666666667e-06,9.38298420509155,0.504985075093846,0.867344860200026
"Dietzia",3.33333333333333e-06,0,-8.38514338989102,0.504985075093846,0.867344860200026
"Streptacidiphilus",3.33333333333333e-06,0,-8.38514338989102,0.504985075093846,0.867344860200026
"Rathayibacter",1.33333333333333e-05,6.66666666666667e-06,-0.998919194574831,0.49356278970339,0.867344860200026
"Salinibacterium",1.33333333333333e-05,0,-10.3819033996664,0.196705602458947,0.867344860200026
"Leifsonia",1.33333333333333e-05,6.66666666666667e-06,-0.998919194574831,0.49356278970339,0.867344860200026
"Clavibacter",0,3.33333333333333e-06,8.38514338989102,0.504985075093846,0.867344860200026
"Plantibacter",3.33333333333333e-06,0,-8.38514338989102,0.504985075093846,0.867344860200026
"Paramicrobacterium",1e-05,0,-9.96722625883599,0.504985075093846,0.867344860200026
"Mycetocola",0,6.66666666666667e-06,9.38298420509155,0.187632329994884,0.867344860200026
"Rothia",6.66666666666667e-05,3.33333333333333e-05,-0.999783644423466,0.4,0.867344860200026
"Glutamicibacter",1e-05,3.33333333333333e-06,-1.58208286894497,0.479500122186953,0.867344860200026
"Pseudarthrobacter",1.33333333333333e-05,6.66666666666667e-06,-0.998919194574831,0.301699582478348,0.867344860200026
"Micrococcus",6.66666666666667e-06,0,-9.38298420509155,0.187632329994884,0.867344860200026
"Crystallibacter",3.33333333333333e-06,0,-8.38514338989102,0.504985075093846,0.867344860200026
"Citricoccus",0,6.66666666666667e-06,9.38298420509155,0.504985075093846,0.867344860200026
"Isoptericola",6.66666666666667e-06,0,-9.38298420509155,0.504985075093846,0.867344860200026
"Cellulosimicrobium",1e-05,3.33333333333333e-06,-1.58208286894497,0.479500122186953,0.867344860200026
"Promicromonospora",3.33333333333333e-06,0,-8.38514338989102,0.504985075093846,0.867344860200026
"Terrabacter",3.33333333333333e-06,0,-8.38514338989102,0.504985075093846,0.867344860200026
"Pedococcus",3.33333333333333e-06,0,-8.38514338989102,0.504985075093846,0.867344860200026
"Arsenicicoccus",6.66666666666667e-06,0,-9.38298420509155,0.187632329994884,0.867344860200026
"Serinicoccus",3.33333333333333e-06,0,-8.38514338989102,0.504985075093846,0.867344860200026
"Brachybacterium",1.33333333333333e-05,6.66666666666667e-06,-0.998919194574831,0.301699582478348,0.867344860200026
"Beutenbergia",0,3.33333333333333e-06,8.38514338989102,0.504985075093846,0.867344860200026
"Sanguibacter",3.33333333333333e-06,0,-8.38514338989102,0.504985075093846,0.867344860200026
"Arcanobacterium",6.66666666666667e-06,0,-9.38298420509155,0.187632329994884,0.867344860200026
"Pauljensenia",3.33333333333333e-06,0,-8.38514338989102,0.504985075093846,0.867344860200026
"Cutibacterium",4.33333333333333e-05,2.33333333333333e-05,-0.892799521879153,0.368688269361781,0.867344860200026
"Microlunatus",0,3.33333333333333e-06,8.38514338989102,0.504985075093846,0.867344860200026
"Acidipropionibacterium",3.33333333333333e-06,0,-8.38514338989102,0.504985075093846,0.867344860200026
"Propioniciclava",3.33333333333333e-06,0,-8.38514338989102,0.504985075093846,0.867344860200026
"Mumia",3.33333333333333e-06,0,-8.38514338989102,0.504985075093846,0.867344860200026
"Phytohabitans",0,3.33333333333333e-06,8.38514338989102,0.504985075093846,0.867344860200026
"Saccharothrix",1e-05,0,-9.96722625883599,0.196705602458947,0.867344860200026
"Actinomycetospora",0,3.33333333333333e-06,8.38514338989102,0.504985075093846,0.867344860200026
"Actinosynnema",3.33333333333333e-06,0,-8.38514338989102,0.504985075093846,0.867344860200026
"Saccharomonospora",0,3.33333333333333e-06,8.38514338989102,0.504985075093846,0.867344860200026
"Actinoalloteichus",3.33333333333333e-06,0,-8.38514338989102,0.504985075093846,0.867344860200026
"Nonomuraea",2.33333333333333e-05,1.33333333333333e-05,-0.80689147175226,0.479500122186953,0.867344860200026
"Streptosporangium",1.66666666666667e-05,6.66666666666667e-06,-1.32063103118,0.34577858615116,0.867344860200026
"Microbispora",3.33333333333333e-06,0,-8.38514338989102,0.504985075093846,0.867344860200026
"Actinoallomurus",3.33333333333333e-06,0,-8.38514338989102,0.504985075093846,0.867344860200026
"Thermomonospora",3.33333333333333e-06,0,-8.38514338989102,0.504985075093846,0.867344860200026
"Streptomonospora",3.33333333333333e-06,0,-8.38514338989102,0.504985075093846,0.867344860200026
"Frankia",3.33333333333333e-06,0,-8.38514338989102,0.504985075093846,0.867344860200026
"Kineococcus",6.66666666666667e-06,0,-9.38298420509155,0.187632329994884,0.867344860200026
"Georgenia",3.33333333333333e-06,0,-8.38514338989102,0.504985075093846,0.867344860200026
"Catenulispora",0,3.33333333333333e-06,8.38514338989102,0.504985075093846,0.867344860200026
"Nakamurella",3.33333333333333e-06,0,-8.38514338989102,0.504985075093846,0.867344860200026
"Svornostia",0,3.33333333333333e-06,8.38514338989102,0.504985075093846,0.867344860200026
"Paraconexibacter",0,3.33333333333333e-06,8.38514338989102,0.504985075093846,0.867344860200026
"Candidatus Poriferisodalis",1e-05,3.33333333333333e-06,-1.58208286894497,0.479500122186953,0.867344860200026
"Euzebya",3.33333333333333e-06,1e-05,1.58208286894497,0.187632329994884,0.867344860200026
"Synechococcus",5.66666666666667e-05,3.33333333333333e-05,-0.765356573540049,0.50655516904904,0.867344860200026
"Prochlorococcus",3.33333333333333e-06,0,-8.38514338989102,0.504985075093846,0.867344860200026
"Thermosynechococcus",6.66666666666667e-06,0,-9.38298420509155,0.187632329994884,0.867344860200026
"Leptolyngbya",0,6.66666666666667e-06,9.38298420509155,0.187632329994884,0.867344860200026
"Trichocoleus",3.33333333333333e-06,0,-8.38514338989102,0.504985075093846,0.867344860200026
"Spiroplasma",3.33333333333333e-05,1.66666666666667e-05,-0.999567386160718,0.50655516904904,0.867344860200026
"Acholeplasma",6.66666666666667e-06,0,-9.38298420509155,0.504985075093846,0.867344860200026
"Metamycoplasma",0,3.33333333333333e-06,8.38514338989102,0.504985075093846,0.867344860200026
"Dehalococcoides",1e-05,0,-9.96722625883599,0.0468541776038738,0.867344860200026
"Vulcanimicrobium",3.33333333333333e-06,0,-8.38514338989102,0.504985075093846,0.867344860200026
"Pyramidobacter",3.66666666666667e-05,2e-05,-0.874141359312171,0.34577858615116,0.867344860200026
"Cloacibacillus",0.000296666666666667,1e-05,-4.88937758542166,0.50655516904904,0.867344860200026
"Aminomonas",3.33333333333333e-06,0,-8.38514338989102,0.504985075093846,0.867344860200026
"Fretibacterium",1.33333333333333e-05,3.33333333333333e-06,-1.99676000977536,0.34577858615116,0.867344860200026
"Aminobacterium",3.33333333333333e-06,0,-8.38514338989102,0.504985075093846,0.867344860200026
"Deinococcus",5e-05,3e-05,-0.736773286109285,0.50655516904904,0.867344860200026
"Fervidobacterium",6.66666666666667e-06,0,-9.38298420509155,0.187632329994884,0.867344860200026
"Ilyobacter",6.66666666666667e-06,0,-9.38298420509155,0.187632329994884,0.867344860200026
"Candidatus Southlakia",3.33333333333333e-06,0,-8.38514338989102,0.504985075093846,0.867344860200026
"Candidatus Bipolaricaulis",0,3.33333333333333e-06,8.38514338989102,0.504985075093846,0.867344860200026
"Persicimonas",0,3.33333333333333e-06,8.38514338989102,0.504985075093846,0.867344860200026
"Bradymonas",0,3.33333333333333e-06,8.38514338989102,0.504985075093846,0.867344860200026
"Homo",0.00034,0.000186666666666667,-0.865035566332772,0.2,0.867344860200026
"Halorubrum",1e-05,3.33333333333333e-06,-1.58208286894497,0.479500122186953,0.867344860200026
"Halobaculum",3.33333333333333e-06,0,-8.38514338989102,0.504985075093846,0.867344860200026
"Haloplanus",3.33333333333333e-06,0,-8.38514338989102,0.504985075093846,0.867344860200026
"Halorussus",6.66666666666667e-06,0,-9.38298420509155,0.187632329994884,0.867344860200026
"Halosimplex",0,3.33333333333333e-06,8.38514338989102,0.504985075093846,0.867344860200026
"Methanosarcina",6.66666666666667e-06,0,-9.38298420509155,0.187632329994884,0.867344860200026
"Methanocella",0,3.33333333333333e-06,8.38514338989102,0.504985075093846,0.867344860200026
"Methanobacterium",3.33333333333333e-06,0,-8.38514338989102,0.504985075093846,0.867344860200026
"Thermococcus",0,3.33333333333333e-06,8.38514338989102,0.504985075093846,0.867344860200026
"Endlipuvirus",0.000873333333333333,0,-16.4142613047927,0.196705602458947,0.867344860200026
"Jahgtovirus",1.33333333333333e-05,0,-10.3819033996664,0.187632329994884,0.867344860200026
"Junduvirus",8.66666666666667e-05,0,-13.0814279572914,0.196705602458947,0.867344860200026
"Buchavirus",0.00021,0,-14.358170405569,0.0636025696207536,0.867344860200026
"Cohcovirus",5e-05,0,-12.2880008897076,0.0593464387919199,0.867344860200026
"Brigitvirus",0.000403333333333333,0.00011,-1.87437373863782,0.50655516904904,0.867344860200026
"Taranisvirus",4e-05,3.33333333333333e-06,-3.58100152345458,0.353678517318465,0.867344860200026
"Oengusvirus",1.66666666666667e-05,0.000123333333333333,2.88677688382994,0.50655516904904,0.867344860200026
"Candidatus Azobacteroides",3.33333333333333e-06,0,-8.38514338989102,0.504985075093846,0.867344860200026
"Salinivirga",0,3.33333333333333e-06,8.38514338989102,0.504985075093846,0.867344860200026
"Formosa",3.33333333333333e-06,0,-8.38514338989102,0.504985075093846,0.867344860200026
"Seonamhaeicola",3.33333333333333e-06,0,-8.38514338989102,0.504985075093846,0.867344860200026
"Faecalibacter",0,3.33333333333333e-06,8.38514338989102,0.504985075093846,0.867344860200026
"Nibribacter",3.33333333333333e-06,0,-8.38514338989102,0.504985075093846,0.867344860200026
"Bernardetia",3.33333333333333e-06,0,-8.38514338989102,0.504985075093846,0.867344860200026
"Olivibacter",0,3.33333333333333e-06,8.38514338989102,0.504985075093846,0.867344860200026
"Actimicrobium",3.33333333333333e-06,0,-8.38514338989102,0.504985075093846,0.867344860200026
"Sulfuritalea",3.33333333333333e-06,0,-8.38514338989102,0.504985075093846,0.867344860200026
"Permianibacter",3.33333333333333e-06,0,-8.38514338989102,0.504985075093846,0.867344860200026
"Marichromatium",6.66666666666667e-06,0,-9.38298420509155,0.504985075093846,0.867344860200026
"Saccharophagus",3.33333333333333e-06,0,-8.38514338989102,0.504985075093846,0.867344860200026
"Adhaeretor",6.66666666666667e-06,0,-9.38298420509155,0.187632329994884,0.867344860200026
"Tautonia",3.33333333333333e-06,0,-8.38514338989102,0.504985075093846,0.867344860200026
"Thermosulfurimonas",6.66666666666667e-06,0,-9.38298420509155,0.504985075093846,0.867344860200026
"Chondromyces",3.33333333333333e-06,0,-8.38514338989102,0.504985075093846,0.867344860200026
"Peredibacter",1e-05,0,-9.96722625883599,0.504985075093846,0.867344860200026
"Intestinibacter",0,0.000196666666666667,14.2635381888128,0.196705602458947,0.867344860200026
"Kytococcus",6.66666666666667e-06,0,-9.38298420509155,0.504985075093846,0.867344860200026
"Paraoerskovia",3.33333333333333e-06,0,-8.38514338989102,0.504985075093846,0.867344860200026
"Yimella",3.33333333333333e-06,0,-8.38514338989102,0.504985075093846,0.867344860200026
"Actinopolymorpha",3.33333333333333e-06,0,-8.38514338989102,0.504985075093846,0.867344860200026
"Actinobaculum",3.33333333333333e-06,0,-8.38514338989102,0.504985075093846,0.867344860200026
"Actinospongicola",3.33333333333333e-06,0,-8.38514338989102,0.504985075093846,0.867344860200026
"Cylindrospermum",3.33333333333333e-06,0,-8.38514338989102,0.504985075093846,0.867344860200026
"Trichothermofontia",3.33333333333333e-06,0,-8.38514338989102,0.504985075093846,0.867344860200026
"Aurodevirus",3.33333333333333e-05,0,-11.7031826224323,0.504985075093846,0.867344860200026
"Canhaevirus",6.66666666666667e-06,0,-9.38298420509155,0.187632329994884,0.867344860200026
"Burzaovirus",0,6.66666666666667e-06,9.38298420509155,0.187632329994884,0.867344860200026
"Kingevirus",3.33333333333333e-06,0,-8.38514338989102,0.504985075093846,0.867344860200026
"Phosphitispora",0,6.66666666666667e-06,9.38298420509155,0.187632329994884,0.867344860200026
"Proteinivorax",3.33333333333333e-06,0,-8.38514338989102,0.504985075093846,0.867344860200026
"Acetoanaerobium",3.33333333333333e-06,0,-8.38514338989102,0.504985075093846,0.867344860200026
"Natroniella",6.66666666666667e-06,0,-9.38298420509155,0.504985075093846,0.867344860200026
"Marinilactibacillus",0,3.33333333333333e-06,8.38514338989102,0.504985075093846,0.867344860200026
"Tuanshanicoccus",0,1e-05,9.96722625883599,0.504985075093846,0.867344860200026
"Nosocomiicoccus",0,3.33333333333333e-06,8.38514338989102,0.504985075093846,0.867344860200026
"Allocoprobacillus",0,3.33333333333333e-06,8.38514338989102,0.504985075093846,0.867344860200026
"Geochorda",6.66666666666667e-06,0,-9.38298420509155,0.504985075093846,0.867344860200026
"Streptantibioticus",3.33333333333333e-06,0,-8.38514338989102,0.504985075093846,0.867344860200026
"Pengzhenrongella",0,3.33333333333333e-06,8.38514338989102,0.504985075093846,0.867344860200026
"Natronoglycomyces",0,3.33333333333333e-06,8.38514338989102,0.504985075093846,0.867344860200026
"Capillimicrobium",3.33333333333333e-06,0,-8.38514338989102,0.504985075093846,0.867344860200026
"Mesoplasma",0,3.33333333333333e-06,8.38514338989102,0.504985075093846,0.867344860200026
"Picosynechococcus",0,3.33333333333333e-06,8.38514338989102,0.504985075093846,0.867344860200026
"Lacinutrix",0,3.33333333333333e-06,8.38514338989102,0.504985075093846,0.867344860200026
"Algibacter",3.33333333333333e-06,0,-8.38514338989102,0.504985075093846,0.867344860200026
"Fibrella",3.33333333333333e-06,0,-8.38514338989102,0.504985075093846,0.867344860200026
"Fulvivirga",3.33333333333333e-06,0,-8.38514338989102,0.504985075093846,0.867344860200026
"Ferruginibacter",0,3.33333333333333e-06,8.38514338989102,0.504985075093846,0.867344860200026
"Schlesneria",0,3.33333333333333e-06,8.38514338989102,0.504985075093846,0.867344860200026
"Planctellipticum",3.33333333333333e-06,0,-8.38514338989102,0.504985075093846,0.867344860200026
"Polystyrenella",3.33333333333333e-06,0,-8.38514338989102,0.504985075093846,0.867344860200026
"Dryocola",0,3.33333333333333e-06,8.38514338989102,0.504985075093846,0.867344860200026
"Thermohahella",0,3.33333333333333e-06,8.38514338989102,0.504985075093846,0.867344860200026
"Liberibacter",3.33333333333333e-06,0,-8.38514338989102,0.504985075093846,0.867344860200026
"Allosphingosinicella",3.33333333333333e-06,0,-8.38514338989102,0.504985075093846,0.867344860200026
"Lautropia",3.33333333333333e-06,0,-8.38514338989102,0.504985075093846,0.867344860200026
"Rugamonas",0,3.33333333333333e-06,8.38514338989102,0.504985075093846,0.867344860200026
"Desulfofustis",0,6.66666666666667e-06,9.38298420509155,0.187632329994884,0.867344860200026
"Acidobacterium",3.33333333333333e-06,0,-8.38514338989102,0.504985075093846,0.867344860200026
"Lughvirus",3.33333333333333e-06,3.33333333333333e-05,3.31803923254124,0.479500122186953,0.867344860200026
"Arenibacter",3.33333333333333e-06,0,-8.38514338989102,0.504985075093846,0.867344860200026
"Antarcticibacterium",3.33333333333333e-06,0,-8.38514338989102,0.504985075093846,0.867344860200026
"Ichthyobacterium",3.33333333333333e-06,0,-8.38514338989102,0.504985075093846,0.867344860200026
"Catalinimonas",3.33333333333333e-06,0,-8.38514338989102,0.504985075093846,0.867344860200026
"Pseudopedobacter",3.33333333333333e-06,0,-8.38514338989102,0.504985075093846,0.867344860200026
"Paraflavitalea",3.33333333333333e-06,0,-8.38514338989102,0.504985075093846,0.867344860200026
"Melioribacter",3.33333333333333e-06,0,-8.38514338989102,0.504985075093846,0.867344860200026
"Shigella",1e-05,0,-9.96722625883599,0.504985075093846,0.867344860200026
"Cedecea",3.33333333333333e-06,0,-8.38514338989102,0.504985075093846,0.867344860200026
"Limnobaculum",3.33333333333333e-06,0,-8.38514338989102,0.504985075093846,0.867344860200026
"Dokdonella",0,3.33333333333333e-06,8.38514338989102,0.504985075093846,0.867344860200026
"Histophilus",3.33333333333333e-06,0,-8.38514338989102,0.504985075093846,0.867344860200026
"Thermochromatium",3.33333333333333e-06,0,-8.38514338989102,0.504985075093846,0.867344860200026
"Aquicella",0,3.33333333333333e-06,8.38514338989102,0.504985075093846,0.867344860200026
"Algiphilus",3.33333333333333e-06,0,-8.38514338989102,0.504985075093846,0.867344860200026
"Steroidobacter",0,3.33333333333333e-06,8.38514338989102,0.504985075093846,0.867344860200026
"Aquibium",3.33333333333333e-06,0,-8.38514338989102,0.504985075093846,0.867344860200026
"Antarcticirhabdus",0,3.33333333333333e-06,8.38514338989102,0.504985075093846,0.867344860200026
"Pseudolabrys",0,3.33333333333333e-06,8.38514338989102,0.504985075093846,0.867344860200026
"Enhydrobacter",3.33333333333333e-06,0,-8.38514338989102,0.504985075093846,0.867344860200026
"Rhizorhabdus",3.33333333333333e-06,0,-8.38514338989102,0.504985075093846,0.867344860200026
"Falsihalocynthiibacter",0,6.66666666666667e-06,9.38298420509155,0.504985075093846,0.867344860200026
"Zavarzinia",0,3.33333333333333e-06,8.38514338989102,0.504985075093846,0.867344860200026
"Neopusillimonas",3.33333333333333e-06,0,-8.38514338989102,0.504985075093846,0.867344860200026
"Jeongeupia",0,3.33333333333333e-06,8.38514338989102,0.504985075093846,0.867344860200026
"Denitratisoma",3.33333333333333e-06,0,-8.38514338989102,0.504985075093846,0.867344860200026
"Anatilimnocola",3.33333333333333e-06,0,-8.38514338989102,0.504985075093846,0.867344860200026
"Desulfotalea",3.33333333333333e-06,0,-8.38514338989102,0.504985075093846,0.867344860200026
"Candidatus Korobacter",3.33333333333333e-06,0,-8.38514338989102,0.504985075093846,0.867344860200026
"Pseudobdellovibrio",3.33333333333333e-06,0,-8.38514338989102,0.504985075093846,0.867344860200026
"Thermomicrobium",3.33333333333333e-06,0,-8.38514338989102,0.504985075093846,0.867344860200026
"Desulfurobacterium",0,3.33333333333333e-06,8.38514338989102,0.504985075093846,0.867344860200026
"Syntrophomonas",0,6.66666666666667e-06,9.38298420509155,0.504985075093846,0.867344860200026
"Ammonifex",3.33333333333333e-06,0,-8.38514338989102,0.504985075093846,0.867344860200026
"Carboxydothermus",0,3.33333333333333e-06,8.38514338989102,0.504985075093846,0.867344860200026
"Tepidanaerobacter",3.33333333333333e-06,0,-8.38514338989102,0.504985075093846,0.867344860200026
"Thermaerobacillus",3.33333333333333e-06,0,-8.38514338989102,0.504985075093846,0.867344860200026
"Sporolactobacillus",0,6.66666666666667e-06,9.38298420509155,0.504985075093846,0.867344860200026
"Dermacoccus",0,3.33333333333333e-06,8.38514338989102,0.504985075093846,0.867344860200026
"Propionimicrobium",3.33333333333333e-06,0,-8.38514338989102,0.504985075093846,0.867344860200026
"Pimelobacter",0,3.33333333333333e-06,8.38514338989102,0.504985075093846,0.867344860200026
"Scrofimicrobium",3.33333333333333e-06,0,-8.38514338989102,0.504985075093846,0.867344860200026
"Flaviflexus",0,3.33333333333333e-06,8.38514338989102,0.504985075093846,0.867344860200026
"Angustibacter",3.33333333333333e-06,0,-8.38514338989102,0.504985075093846,0.867344860200026
"Microvenator",3.33333333333333e-06,0,-8.38514338989102,0.504985075093846,0.867344860200026
"Halostagnicola",3.33333333333333e-06,0,-8.38514338989102,0.504985075093846,0.867344860200026
"Methanoculleus",0,3.33333333333333e-06,8.38514338989102,0.504985075093846,0.867344860200026
"Diorhovirus",3.66666666666667e-05,0,-11.8406468112179,0.504985075093846,0.867344860200026
"Kahucivirus",3.33333333333333e-06,0,-8.38514338989102,0.504985075093846,0.867344860200026
"Pipoluvirus",0,3.33333333333333e-06,8.38514338989102,0.504985075093846,0.867344860200026
"Satomivirus",0.000176666666666667,0,-14.1088238981765,0.504985075093846,0.867344860200026
"Skogvirus",0,3.33333333333333e-06,8.38514338989102,0.504985075093846,0.867344860200026
"Sterolibacterium",0,3.33333333333333e-06,8.38514338989102,0.504985075093846,0.867344860200026
"Parashewanella",0,3.33333333333333e-06,8.38514338989102,0.504985075093846,0.867344860200026
"Pseudorhizobium",0,3.33333333333333e-06,8.38514338989102,0.504985075093846,0.867344860200026
"Sphingosinithalassobacter",0,3.33333333333333e-06,8.38514338989102,0.504985075093846,0.867344860200026
"Persephonella",0,3.33333333333333e-06,8.38514338989102,0.504985075093846,0.867344860200026
"Helicovermis",0,1e-05,9.96722625883599,0.504985075093846,0.867344860200026
"Paenalkalicoccus",0,3.33333333333333e-06,8.38514338989102,0.504985075093846,0.867344860200026
"Nicoliella",0,3.33333333333333e-06,8.38514338989102,0.504985075093846,0.867344860200026
"Acetobacteroides",6.66666666666667e-06,3.33333333333333e-06,-0.997840815200527,0.619256754176862,0.959625214746015
"Aquipluma",6.66666666666667e-06,3.33333333333333e-06,-0.997840815200527,0.619256754176862,0.959625214746015
"Flammeovirga",6.66666666666667e-06,3.33333333333333e-06,-0.997840815200527,0.619256754176862,0.959625214746015
"Aquimarina",6.66666666666667e-06,3.33333333333333e-06,-0.997840815200527,0.619256754176862,0.959625214746015
"Nonlabens",6.66666666666667e-06,3.33333333333333e-06,-0.997840815200527,0.619256754176862,0.959625214746015
"Tenacibaculum",3.33333333333333e-06,6.66666666666667e-06,0.997840815200527,0.619256754176862,0.959625214746015
"Chlorobaculum",6.66666666666667e-06,3.33333333333333e-06,-0.997840815200527,0.619256754176862,0.959625214746015
"Salinibacter",6.66666666666667e-06,3.33333333333333e-06,-0.997840815200527,0.619256754176862,0.959625214746015
"Providencia",6.66666666666667e-06,3.33333333333333e-06,-0.997840815200527,0.619256754176862,0.959625214746015
"Pectobacterium",6.66666666666667e-06,3.33333333333333e-06,-0.997840815200527,0.619256754176862,0.959625214746015
"Vreelandella",6.66666666666667e-06,3.33333333333333e-06,-0.997840815200527,0.619256754176862,0.959625214746015
"Alteromonas",6.66666666666667e-06,3.33333333333333e-06,-0.997840815200527,0.619256754176862,0.959625214746015
"Microbulbifer",1.66666666666667e-05,1.33333333333333e-05,-0.321711836605164,0.619256754176862,0.959625214746015
"Thiohalobacter",6.66666666666667e-06,3.33333333333333e-06,-0.997840815200527,0.619256754176862,0.959625214746015
"Neorhizobium",3.33333333333333e-06,6.66666666666667e-06,0.997840815200527,0.619256754176862,0.959625214746015
"Martelella",6.66666666666667e-06,3.33333333333333e-06,-0.997840815200527,0.619256754176862,0.959625214746015
"Ancylobacter",6.66666666666667e-06,3.33333333333333e-06,-0.997840815200527,0.619256754176862,0.959625214746015
"Celeribacter",6.66666666666667e-06,3.33333333333333e-06,-0.997840815200527,0.619256754176862,0.959625214746015
"Acetobacter",6.66666666666667e-06,3.33333333333333e-06,-0.997840815200527,0.619256754176862,0.959625214746015
"Magnetospirillum",3.33333333333333e-06,6.66666666666667e-06,0.997840815200527,0.619256754176862,0.959625214746015
"Asticcacaulis",3.33333333333333e-06,6.66666666666667e-06,0.997840815200527,0.619256754176862,0.959625214746015
"Wolbachia",3.33333333333333e-06,6.66666666666667e-06,0.997840815200527,0.619256754176862,0.959625214746015
"Rickettsia",6.66666666666667e-06,3.33333333333333e-06,-0.997840815200527,0.619256754176862,0.959625214746015
"Ramlibacter",6.66666666666667e-06,3.33333333333333e-06,-0.997840815200527,0.619256754176862,0.959625214746015
"Polaromonas",3.33333333333333e-06,6.66666666666667e-06,0.997840815200527,0.619256754176862,0.959625214746015
"Ottowia",6.66666666666667e-06,3.33333333333333e-06,-0.997840815200527,0.619256754176862,0.959625214746015
"Delftia",3.33333333333333e-06,6.66666666666667e-06,0.997840815200527,0.619256754176862,0.959625214746015
"Pigmentiphaga",3.33333333333333e-06,6.66666666666667e-06,0.997840815200527,0.619256754176862,0.959625214746015
"Sphaerotilus",6.66666666666667e-06,3.33333333333333e-06,-0.997840815200527,0.619256754176862,0.959625214746015
"Azospira",6.66666666666667e-06,3.33333333333333e-06,-0.997840815200527,0.619256754176862,0.959625214746015
"Desulfomicrobium",6.66666666666667e-06,3.33333333333333e-06,-0.997840815200527,0.619256754176862,0.959625214746015
"Geotalea",6.66666666666667e-06,3.33333333333333e-06,-0.997840815200527,0.619256754176862,0.959625214746015
"Singulisphaera",6.66666666666667e-06,3.33333333333333e-06,-0.997840815200527,0.619256754176862,0.959625214746015
"Gemmata",6.66666666666667e-06,3.33333333333333e-06,-0.997840815200527,0.619256754176862,0.959625214746015
"Brachyspira",3.33333333333333e-06,6.66666666666667e-06,0.997840815200527,0.619256754176862,0.959625214746015
"Nannocystis",3.33333333333333e-06,6.66666666666667e-06,0.997840815200527,0.619256754176862,0.959625214746015
"Tunturiibacter",6.66666666666667e-06,3.33333333333333e-06,-0.997840815200527,0.619256754176862,0.959625214746015
"Bdellovibrio",1.33333333333333e-05,1.66666666666667e-05,0.321711836605164,0.619256754176862,0.959625214746015
"Petroclostridium",3.33333333333333e-06,6.66666666666667e-06,0.997840815200527,0.619256754176862,0.959625214746015
"Proteiniclasticum",6.66666666666667e-06,3.33333333333333e-06,-0.997840815200527,0.619256754176862,0.959625214746015
"Anaeropeptidivorans",3.33333333333333e-06,6.66666666666667e-06,0.997840815200527,0.619256754176862,0.959625214746015
"Gelria",6.66666666666667e-06,3.33333333333333e-06,-0.997840815200527,0.619256754176862,0.959625214746015
"Thermacetogenium",6.66666666666667e-06,3.33333333333333e-06,-0.997840815200527,0.619256754176862,0.959625214746015
"Peribacillus",6.66666666666667e-06,3.33333333333333e-06,-0.997840815200527,0.619256754176862,0.959625214746015
"Psychrobacillus",6.66666666666667e-06,3.33333333333333e-06,-0.997840815200527,0.619256754176862,0.959625214746015
"Vagococcus",6.66666666666667e-06,3.33333333333333e-06,-0.997840815200527,0.619256754176862,0.959625214746015
"Tissierella",6.66666666666667e-06,3.33333333333333e-06,-0.997840815200527,0.619256754176862,0.959625214746015
"Sedimentibacter",3.33333333333333e-06,6.66666666666667e-06,0.997840815200527,0.619256754176862,0.959625214746015
"Cryptobacterium",6.66666666666667e-06,3.33333333333333e-06,-0.997840815200527,0.619256754176862,0.959625214746015
"Leucobacter",1.33333333333333e-05,6.66666666666667e-06,-0.998919194574831,0.619256754176862,0.959625214746015
"Cryobacterium",6.66666666666667e-06,3.33333333333333e-06,-0.997840815200527,0.619256754176862,0.959625214746015
"Paenarthrobacter",6.66666666666667e-06,3.33333333333333e-06,-0.997840815200527,0.619256754176862,0.959625214746015
"Kocuria",6.66666666666667e-06,3.33333333333333e-06,-0.997840815200527,0.619256754176862,0.959625214746015
"Phycicoccus",6.66666666666667e-06,3.33333333333333e-06,-0.997840815200527,0.619256754176862,0.959625214746015
"Saxibacter",6.66666666666667e-06,3.33333333333333e-06,-0.997840815200527,0.619256754176862,0.959625214746015
"Ornithinimicrobium",6.66666666666667e-06,3.33333333333333e-06,-0.997840815200527,0.619256754176862,0.959625214746015
"Arachnia",6.66666666666667e-06,3.33333333333333e-06,-0.997840815200527,0.619256754176862,0.959625214746015
"Jiangella",1.33333333333333e-05,6.66666666666667e-06,-0.998919194574831,0.619256754176862,0.959625214746015
"Conexibacter",6.66666666666667e-06,3.33333333333333e-06,-0.997840815200527,0.619256754176862,0.959625214746015
"Baekduia",6.66666666666667e-06,3.33333333333333e-06,-0.997840815200527,0.619256754176862,0.959625214746015
"Iamia",6.66666666666667e-06,3.33333333333333e-06,-0.997840815200527,0.619256754176862,0.959625214746015
"Candidatus Poriferisocius",3.33333333333333e-06,6.66666666666667e-06,0.997840815200527,0.619256754176862,0.959625214746015
"Cyanobium",6.66666666666667e-06,3.33333333333333e-06,-0.997840815200527,0.619256754176862,0.959625214746015
"Geitlerinema",6.66666666666667e-06,3.33333333333333e-06,-0.997840815200527,0.619256754176862,0.959625214746015
"Leptotrichia",6.66666666666667e-06,3.33333333333333e-06,-0.997840815200527,0.619256754176862,0.959625214746015
"Rosenblumvirus",6.66666666666667e-06,3.33333333333333e-06,-0.997840815200527,0.619256754176862,0.959625214746015
"Hoylesella",0.000213333333333333,0.00014,-0.60764715600073,0.657905019428482,0.971966674793519
"Paramuribaculum",7.66666666666667e-05,1e-05,-2.93734564650459,0.642834826490804,0.971966674793519
"Hymenobacter",0.00018,5.33333333333333e-05,-1.7546971696982,0.657905019428482,0.971966674793519
"Mucilaginibacter",5.33333333333333e-05,2.33333333333333e-05,-1.19229739248575,0.657905019428482,0.971966674793519
"Klebsiella",7.66666666666667e-05,0.000276666666666667,1.85134145460879,0.657905019428482,0.971966674793519
"Enterobacter",4.33333333333333e-05,0.000156666666666667,1.85390832629946,0.653095114932182,0.971966674793519
"Salmonella",1.33333333333333e-05,6.66666666666667e-06,-0.998919194574831,0.642834826490804,0.971966674793519
"Serratia",3.66666666666667e-05,2.33333333333333e-05,-0.65185193979927,0.653095114932182,0.971966674793519
"Marinobacter",2.33333333333333e-05,1.66666666666667e-05,-0.485179635147096,0.657905019428482,0.971966674793519
"Pseudoxanthomonas",3.33333333333333e-05,1e-05,-1.73595636359627,0.642834826490804,0.971966674793519
"Aeromonas",5.33333333333333e-05,2.66666666666667e-05,-0.999729570737271,0.657905019428482,0.971966674793519
"Vibrio",5.33333333333333e-05,4e-05,-0.414947350558792,0.642834826490804,0.971966674793519
"Rhodopseudomonas",1.33333333333333e-05,1e-05,-0.414677140830389,0.653095114932182,0.971966674793519
"Rhizobium",5.66666666666667e-05,3e-05,-0.917311592374025,0.642834826490804,0.971966674793519
"Paracoccus",3.66666666666667e-05,2.66666666666667e-05,-0.45928411805079,0.642834826490804,0.971966674793519
"Variovorax",5e-05,3.33333333333333e-05,-0.584818267275309,0.642834826490804,0.971966674793519
"Bordetella",2.33333333333333e-05,1e-05,-1.22156861258265,0.642834826490804,0.971966674793519
"Sphaerochaeta",2e-05,1e-05,-0.999279193069748,0.653095114932182,0.971966674793519
"Myxococcus",1.33333333333333e-05,1e-05,-0.414677140830389,0.653095114932182,0.971966674793519
"Geothrix",2e-05,1e-05,-0.999279193069748,0.653095114932182,0.971966674793519
"Thermocaproicibacter",1.33333333333333e-05,3.66666666666667e-05,1.45874341155153,0.642834826490804,0.971966674793519
"Intestinibacillus",6.33333333333333e-05,3.33333333333333e-05,-0.925794450924236,0.653095114932182,0.971966674793519
"Aristaeella",0.000286666666666667,8.33333333333333e-05,-1.78228577760247,0.657905019428482,0.971966674793519
"Kineothrix",2e-05,3.33333333333333e-05,0.736677170526523,0.653095114932182,0.971966674793519
"Qiania",6.66666666666667e-05,5.66666666666667e-05,-0.234427070883417,0.657905019428482,0.971966674793519
"Neomoorella",2e-05,1e-05,-0.999279193069748,0.653095114932182,0.971966674793519
"Colibacter",4.66666666666667e-05,1e-05,-2.22125956298151,0.642834826490804,0.971966674793519
"Lactococcus",2.66666666666667e-05,4e-05,0.58478222017848,0.657905019428482,0.971966674793519
"Faecalibacillus",0.000213333333333333,0.000603333333333333,1.49980217421244,0.653095114932182,0.971966674793519
"Kitasatospora",3e-05,2.33333333333333e-05,-0.362432732179645,0.642834826490804,0.971966674793519
"Microbacterium",9.33333333333333e-05,6e-05,-0.637344057665498,0.642834826490804,0.971966674793519
"Arthrobacter",5e-05,3.66666666666667e-05,-0.447354078489661,0.653095114932182,0.971966674793519
"Kribbella",3.66666666666667e-05,1.33333333333333e-05,-1.45874341155153,0.657905019428482,0.971966674793519
"Dactylosporangium",3e-05,2e-05,-0.584722151692547,0.642834826490804,0.971966674793519
"Alistipes",0.135706666666667,0.118276666666667,-0.198326089663631,1,1
"Bacteroides",0.124636666666667,0.0842633333333333,-0.564751606516764,0.7,1
"Parabacteroides",0.02706,0.02464,-0.135159530919031,1,1
"Coprobacter",0.000446666666666667,0.000216666666666667,-1.04368709182206,1,1
"Segatella",0.219566666666667,0.256603333333333,0.224880852586341,1,1
"Paraprevotella",0.00279666666666667,0.00203,-0.462226634293157,1,1
"Butyricimonas",0.00533333333333333,0.00311,-0.778120985090283,1,1
"Odoribacter",0.00481,0.00217666666666667,-1.14391277432114,1,1
"Porphyromonas",0.000146666666666667,0.000116666666666667,-0.330123309634541,0.7,1
"Petrimonas",2.66666666666667e-05,1.66666666666667e-05,-0.677747456895575,0.824778095082513,1
"Dyadobacter",2.66666666666667e-05,6.66666666666667e-06,-1.99837848807557,0.813663715766792,1
"Spirosoma",1.66666666666667e-05,1.33333333333333e-05,-0.321711836605164,0.822186767238018,1
"Flagellimonas",1e-05,6.66666666666667e-06,-0.584242053744442,0.813663715766792,1
"Polaribacter",6.66666666666667e-06,3.33333333333333e-06,-0.997840815200527,1,1
"Maribacter",1e-05,3.33333333333333e-06,-1.58208286894497,1,1
"Myroides",3.33333333333333e-06,3.33333333333333e-06,0,1,1
"Chryseobacterium",4.66666666666667e-05,2.66666666666667e-05,-0.807123128650377,0.824778095082513,1
"Riemerella",3.33333333333333e-06,6.66666666666667e-06,0.997840815200527,1,1
"Blattabacterium",1.33333333333333e-05,6.66666666666667e-06,-0.998919194574831,0.813663715766792,1
"Arachidicoccus",3.33333333333333e-06,3.33333333333333e-06,0,1,1
"Candidatus Sulfidibacterium",3.33333333333333e-06,3.33333333333333e-06,0,1,1
"Rubrivirga",6.66666666666667e-06,3.33333333333333e-06,-0.997840815200527,1,1
"Escherichia",0.00419,0.000683333333333333,-2.61627116564133,1,1
"Citrobacter",3.33333333333333e-05,0.000206666666666667,2.63190527803126,1,1
"Pantoea",4.66666666666667e-05,2e-05,-1.22198036991176,0.7,1
"Erwinia",1e-05,1e-05,0,1,1
"Buchnera",6.66666666666667e-06,6.66666666666667e-06,0,1,1
"Proteus",1.33333333333333e-05,6.66666666666667e-06,-0.998919194574831,0.813663715766792,1
"Sodalis",3.33333333333333e-06,3.33333333333333e-06,0,1,1
"Pseudomonas",0.00028,0.000176666666666667,-0.66436683244604,0.7,1
"Metapseudomonas",3.33333333333333e-06,3.33333333333333e-06,0,1,1
"Ectopseudomonas",3.33333333333333e-06,3.33333333333333e-06,0,1,1
"Dyella",1.33333333333333e-05,1.33333333333333e-05,0,1,1
"Rhodanobacter",3.33333333333333e-06,3.33333333333333e-06,0,1,1
"Luteibacter",6.66666666666667e-06,6.66666666666667e-06,3.20342650381492e-16,1,1
"Salinicola",3.33333333333333e-06,3.33333333333333e-06,0,1,1
"Cobetia",3.33333333333333e-06,3.33333333333333e-06,0,1,1
"Marinobacterium",3.33333333333333e-06,3.33333333333333e-06,0,1,1
"Haemophilus",0.000106666666666667,0.000346666666666667,1.70034608742346,0.7,1
"Gallibacterium",3.33333333333333e-06,3.33333333333333e-06,0,1,1
"Aggregatibacter",3.33333333333333e-06,3.33333333333333e-06,0,1,1
"Shewanella",2e-05,3e-05,0.584722151692547,0.824778095082513,1
"Photobacterium",6.66666666666667e-06,6.66666666666667e-06,0,1,1
"Acinetobacter",3e-05,2.66666666666667e-05,-0.169864910431166,0.813663715766792,1
"Moraxella",6.66666666666667e-06,3.33333333333333e-06,-0.997840815200527,1,1
"Methylomonas",1e-05,6.66666666666667e-06,-0.584242053744442,0.813663715766792,1
"Methylococcus",3.33333333333333e-06,3.33333333333333e-06,0,1,1
"Thiothrix",3.33333333333333e-06,3.33333333333333e-06,0,1,1
"Legionella",1e-05,6.66666666666667e-06,-0.584242053744442,0.813663715766792,1
"Pararhizobium",3.33333333333333e-06,3.33333333333333e-06,0,1,1
"Sinorhizobium",1.66666666666667e-05,1.66666666666667e-05,0,1,1
"Shinella",1.33333333333333e-05,1.33333333333333e-05,0,1,1
"Mesorhizobium",4.66666666666667e-05,4.33333333333333e-05,-0.106891428519703,1,1
"Nitratireductor",6.66666666666667e-06,6.66666666666667e-06,0,1,1
"Methylorubrum",6.66666666666667e-06,6.66666666666667e-06,0,1,1
"Roseibium",1.66666666666667e-05,2e-05,0.262890215634195,1,1
"Stappia",3.33333333333333e-06,3.33333333333333e-06,0,1,1
"Hyphomicrobium",6.66666666666667e-06,6.66666666666667e-06,-1.60171325190746e-16,1,1
"Brucella",3.33333333333333e-06,3.33333333333333e-06,0,1,1
"Oricola",3.33333333333333e-06,3.33333333333333e-06,0,1,1
"Acuticoccus",3.33333333333333e-06,1e-05,1.58208286894497,1,1
"Chelatococcus",3.33333333333333e-06,3.33333333333333e-06,0,1,1
"Sulfitobacter",1.66666666666667e-05,1.33333333333333e-05,-0.321711836605164,1,1
"Phaeobacter",3.33333333333333e-06,3.33333333333333e-06,0,1,1
"Sagittula",3.33333333333333e-06,3.33333333333333e-06,0,1,1
"Alloyangia",3.33333333333333e-06,3.33333333333333e-06,0,1,1
"Yoonia",3.33333333333333e-06,3.33333333333333e-06,0,1,1
"Novosphingobium",1.66666666666667e-05,1.33333333333333e-05,-0.321711836605164,1,1
"Qipengyuania",6.66666666666667e-06,1.33333333333333e-05,0.998919194574831,1,1
"Erythrobacter",1e-05,3.33333333333333e-06,-1.58208286894497,1,1
"Sphingopyxis",1.33333333333333e-05,1e-05,-0.414677140830389,0.813663715766792,1
"Komagataeibacter",1e-05,1e-05,0,1,1
"Muricoccus",3.33333333333333e-06,3.33333333333333e-06,0,1,1
"Skermanella",3.33333333333333e-06,3.33333333333333e-06,0,1,1
"Magnetospira",3.33333333333333e-06,3.33333333333333e-06,0,1,1
"Ferrovibrio",3.33333333333333e-06,6.66666666666667e-06,0.997840815200527,1,1
"Brevundimonas",2.33333333333333e-05,2e-05,-0.222289419512902,0.813663715766792,1
"Caulobacter",1e-05,1e-05,0,1,1
"Tistrella",1e-05,6.66666666666667e-06,-0.584242053744442,0.813663715766792,1
"Hyphomonas",3.33333333333333e-06,3.33333333333333e-06,0,1,1
"Oxalobacter",0.000153333333333333,0.00268666666666667,4.13098535655458,1,1
"Pseudoduganella",1.33333333333333e-05,1e-05,-0.414677140830389,0.813663715766792,1
"Collimonas",3.33333333333333e-06,1e-05,1.58208286894497,1,1
"Polynucleobacter",1.33333333333333e-05,1.33333333333333e-05,0,1,1
"Hydrogenophaga",1.66666666666667e-05,1.33333333333333e-05,-0.321711836605164,1,1
"Limnohabitans",6.66666666666667e-06,3.33333333333333e-06,-0.997840815200527,1,1
"Sutterella",0.02376,0.0182566666666667,-0.380111273459193,1,1
"Duodenibacillus",1e-04,0.000543333333333333,2.44171984875658,1,1
"Caldimonas",1e-05,3.33333333333333e-06,-1.58208286894497,1,1
"Methylibium",3.33333333333333e-06,3.33333333333333e-06,0,1,1
"Tepidimonas",3.33333333333333e-06,3.33333333333333e-06,0,1,1
"Xylophilus",3.33333333333333e-06,3.33333333333333e-06,0,1,1
"Paludibacterium",1.33333333333333e-05,6.66666666666667e-06,-0.998919194574831,0.813663715766792,1
"Vogesella",3.33333333333333e-06,3.33333333333333e-06,0,1,1
"Chitinimonas",3.33333333333333e-06,3.33333333333333e-06,0,1,1
"Thauera",1e-05,1e-05,0,1,1
"Niveibacterium",1.33333333333333e-05,6.66666666666667e-06,-0.998919194574831,1,1
"Thiobacillus",3.33333333333333e-06,3.33333333333333e-06,0,1,1
"Nitrosomonas",6.66666666666667e-06,3.33333333333333e-06,-0.997840815200527,1,1
"Bilophila",0.0035,0.00142666666666667,-1.2947006358193,1,1
"Desulfovibrio",0.000246666666666667,0.00529333333333333,4.42348607055458,1,1
"Mailhella",4e-05,0.000126666666666667,1.66271827652013,1,1
"Solidesulfovibrio",6.66666666666667e-06,6.66666666666667e-06,0,1,1
"Oceanidesulfovibrio",6.66666666666667e-06,3.33333333333333e-06,-0.997840815200527,1,1
"Geobacter",1e-05,6.66666666666667e-06,-0.584242053744442,0.813663715766792,1
"Desulfuromonas",1.33333333333333e-05,1e-05,-0.414677140830389,0.813663715766792,1
"Desulfosarcina",1e-05,1.33333333333333e-05,0.414677140830389,1,1
"Desulfurivibrio",3.33333333333333e-06,3.33333333333333e-06,0,1,1
"Desulfarculus",6.66666666666667e-06,6.66666666666667e-06,-1.60171325190746e-16,1,1
"Akkermansia",0.01034,0.0119466666666667,0.208371763378393,1,1
"Luteolibacter",1e-05,1e-05,0,1,1
"Actomonas",3.33333333333333e-06,3.33333333333333e-06,0,1,1
"Termitidicoccus",3.33333333333333e-06,3.33333333333333e-06,0,1,1
"Aquisphaera",3.33333333333333e-06,3.33333333333333e-06,0,1,1
"Kiritimatiella",3.33333333333333e-06,3.33333333333333e-06,0,1,1
"Treponema",6.66666666666667e-05,6.66666666666667e-05,0,1,1
"Borrelia",3.33333333333333e-06,3.33333333333333e-06,0,1,1
"Sorangium",3.33333333333333e-05,2.33333333333333e-05,-0.514387751013622,0.824778095082513,1
"Sandaracinus",3.33333333333333e-06,3.33333333333333e-06,0,1,1
"Cystobacter",3.33333333333333e-06,3.33333333333333e-06,0,1,1
"Archangium",3.33333333333333e-06,1.33333333333333e-05,1.99676000977536,1,1
"Pendulispora",3.33333333333333e-06,3.33333333333333e-06,0,1,1
"Helicobacter",3.33333333333333e-06,3.33333333333333e-06,0,1,1
"Granulicella",3.33333333333333e-06,3.33333333333333e-06,0,1,1
"Terriglobus",6.66666666666667e-06,6.66666666666667e-06,0,1,1
"Mesoterricola",3.33333333333333e-06,3.33333333333333e-06,0,1,1
"Nitrospira",6.66666666666667e-06,6.66666666666667e-06,0,1,1
"Desulfurispirillum",3.33333333333333e-06,3.33333333333333e-06,0,1,1
"Faecalibacterium",0.196353333333333,0.140323333333333,-0.484697136317892,0.7,1
"Lawsonibacter",0.00768,0.00182,-2.07716181215635,0.7,1
"Ruthenibacterium",0.00222666666666667,0.00198333333333333,-0.166957639359237,1,1
"Oscillibacter",0.00239,0.00197,-0.278813701586175,1,1
"Vescimonas",0.00378333333333333,0.00504333333333333,0.414718737348037,1,1
"Pusillibacter",0.00131,0.00227,0.793120828327018,0.7,1
"Dysosmobacter",0.00160666666666667,0.00195666666666667,0.284325750687967,1,1
"Subdoligranulum",0.00128,0.00176,0.459428544733945,0.7,1
"Anaerotruncus",0.00071,0.00111666666666667,0.653300265213162,0.7,1
"Owariibacterium",0.000673333333333333,0.000706666666666667,0.0697079611579481,1,1
"Solibaculum",0.000176666666666667,0.00011,-0.683476846743654,1,1
"Caproicibacterium",8.33333333333333e-05,8e-05,-0.0588864764619068,1,1
"Bengtsoniella",2e-05,2e-05,0,1,1
"Ethanoligenens",3e-05,3.66666666666667e-05,0.289419207619625,0.824778095082513,1
"Mageeibacillus",1.66666666666667e-05,1.33333333333333e-05,-0.321711836605164,1,1
"Amygdalobacter",1.33333333333333e-05,1.66666666666667e-05,0.321711836605164,1,1
"Acetivibrio",3.33333333333333e-06,3.33333333333333e-06,0,1,1
"Ruminiclostridium",6.66666666666667e-06,6.66666666666667e-06,3.20342650381492e-16,1,1
"Intestinimonas",0.00145333333333333,0.00222666666666667,0.615516520085334,1,1
"Flintibacter",0.000653333333333333,0.000286666666666667,-1.18841684561764,1,1
"Fusibacter",3.33333333333333e-06,3.33333333333333e-06,0,1,1
"Agathobaculum",0.000126666666666667,0.000126666666666667,0,1,1
"Butyricicoccus",0.00028,0.00013,-1.10685575554584,1,1
"Clostridium",0.00108,0.00107333333333333,-0.0089330418000492,1,1
"Lactonifactor",3.33333333333333e-05,3.66666666666667e-05,0.137464188785648,1,1
"Caloramator",3.33333333333333e-06,6.66666666666667e-06,0.997840815200527,1,1
"Wukongibacter",3.33333333333333e-06,3.33333333333333e-06,0,1,1
"Eubacterium",0.00064,0.00145,1.17989649766769,0.7,1
"Pseudoramibacter",1e-05,1e-05,0,1,1
"Acetobacterium",6.66666666666667e-06,6.66666666666667e-06,0,1,1
"Alkalibacter",3.33333333333333e-06,3.33333333333333e-06,0,1,1
"Acutalibacter",9.33333333333333e-05,0.000113333333333333,0.28008064400981,1,1
"Caproiciproducens",5.66666666666667e-05,6e-05,0.0824480185492068,1,1
"Caproicibacter",2.66666666666667e-05,2.33333333333333e-05,-0.192567821748479,1,1
"Desulforamulus",1.33333333333333e-05,1.33333333333333e-05,-1.60171325190746e-16,1,1
"Dehalobacter",1e-05,6.66666666666667e-06,-0.584242053744442,0.813663715766792,1
"Desulfitobacterium",6.66666666666667e-06,6.66666666666667e-06,3.20342650381492e-16,1,1
"Desulfosporosinus",6.66666666666667e-06,6.66666666666667e-06,3.20342650381492e-16,1,1
"Heliomicrobium",1e-05,6.66666666666667e-06,-0.584242053744442,0.813663715766792,1
"Candidatus Syntrophocurvum",3.33333333333333e-06,3.33333333333333e-06,0,1,1
"Symbiobacterium",3.33333333333333e-06,6.66666666666667e-06,0.997840815200527,1,1
"Desulfoscipio",3.33333333333333e-06,3.33333333333333e-06,0,1,1
"Lachnospira",0.00506,0.00637333333333333,0.3329101450332,1,1
"Simiaoa",0.00376,0.00621333333333333,0.724633277237903,0.7,1
"Agathobacter",0.01172,0.0327366666666667,1.48193407026308,0.7,1
"Blautia",0.00388666666666667,0.0149333333333333,1.94192819793101,1,1
"Mediterraneibacter",0.00266,0.00499333333333333,0.908574437820545,1,1
"Coprococcus",0.00545333333333333,0.0322866666666667,2.56572605597269,1,1
"Enterocloster",0.00123666666666667,0.00116333333333333,-0.088191415024884,1,1
"Dorea",0.00168333333333333,0.0056,1.73409994582568,1,1
"Anaerobutyricum",0.000543333333333333,0.00451666666666667,3.05532562374026,1,1
"Anaerostipes",0.00036,0.00201666666666667,2.4858709095348,1,1
"Hungatella",0.000293333333333333,0.000846666666666667,1.52922092579229,0.7,1
"Sellimonas",0.00043,4e-04,-0.104334143546888,1,1
"Lachnoclostridium",0.000263333333333333,0.000473333333333333,0.845942065630895,0.7,1
"Eisenbergiella",0.000253333333333333,0.000236666666666667,-0.0981763836458448,1,1
"Wansuia",1e-04,0.00026,1.37842284816638,0.7,1
"Lacrimispora",0.00011,0.000146666666666667,0.415004713363156,1,1
"Wujia",0.00195666666666667,0.000163333333333333,-3.5824258966405,1,1
"Claveliimonas",9e-05,9.33333333333333e-05,0.0524616955384963,1,1
"Butyrivibrio",5e-05,5.33333333333333e-05,0.0930913741968203,1,1
"Marvinbryantia",7.33333333333333e-05,4e-05,-0.874305206962298,0.824778095082513,1
"Chordicoccus",4.66666666666667e-05,6.33333333333333e-05,0.440491251539001,1,1
"Otoolea",9.33333333333333e-05,5.33333333333333e-05,-0.807239008282625,1,1
"Anaerocolumna",2.66666666666667e-05,4.66666666666667e-05,0.807123128650377,1,1
"Stomatobaculum",1.33333333333333e-05,1.33333333333333e-05,0,1,1
"Lachnoanaerobaculum",1.66666666666667e-05,2e-05,0.262890215634195,1,1
"Novisyntrophococcus",1.66666666666667e-05,1.33333333333333e-05,-0.321711836605164,1,1
"Pseudobutyrivibrio",6.66666666666667e-06,1e-05,0.584242053744442,0.813663715766792,1
"Herbinix",6.66666666666667e-06,6.66666666666667e-06,0,1,1
"Chakrabartyella",3.33333333333333e-06,3.33333333333333e-06,0,1,1
"Anaeromicropila",3.33333333333333e-06,3.33333333333333e-06,0,1,1
"Anaerotignum",1e-05,6.66666666666667e-06,-0.584242053744442,0.813663715766792,1
"Cellulosilyticum",3.33333333333333e-06,3.33333333333333e-06,0,1,1
"Vallitalea",3.33333333333333e-06,3.33333333333333e-06,0,1,1
"Ihubacter",0.00045,6e-05,-2.90668222600382,1,1
"Mogibacterium",6.66666666666667e-06,1.33333333333333e-05,0.998919194574831,0.813663715766792,1
"Aminipila",2.33333333333333e-05,1.33333333333333e-05,-0.80689147175226,1,1
"Anoxybacterium",3.33333333333333e-06,3.33333333333333e-06,0,1,1
"Clostridioides",0.000553333333333333,0.000386666666666667,-0.51704719818952,1,1
"Peptostreptococcus",3.33333333333333e-06,3.33333333333333e-06,0,1,1
"Terrisporobacter",3.33333333333333e-06,6.66666666666667e-06,0.997840815200527,1,1
"Filifactor",3.33333333333333e-06,3.33333333333333e-06,0,1,1
"Christensenella",0.000413333333333333,0.000266666666666667,-0.632249018939911,1,1
"Thermoanaerobacterium",3.33333333333333e-06,3.33333333333333e-06,0,1,1
"Candidatus Desulforudis",3.33333333333333e-06,3.33333333333333e-06,0,1,1
"Monoglobus",3.33333333333333e-05,1.33333333333333e-05,-1.32127922276588,1,1
"Mitsuokella",0.00140666666666667,0.00113333333333333,-0.311705779052945,1,1
"Selenomonas",0.000156666666666667,0.00014,-0.162260466911953,1,1
"Sporomusa",2e-05,1.66666666666667e-05,-0.262890215634195,0.813663715766792,1
"Dialister",0.000283333333333333,9e-05,-1.65439406118007,0.7,1
"Veillonella",0.00018,0.00033,0.874432687787107,1,1
"Acidaminococcus",0.00161333333333333,0.00455666666666667,1.4979285141504,1,1
"Phascolarctobacterium",0.0187666666666667,0.01419,-0.403297584241648,1,1
"Paenibacillus",3e-04,0.000236666666666667,-0.342093108200648,1,1
"Brevibacillus",4e-05,4.33333333333333e-05,0.115449479952194,1,1
"Cohnella",1.66666666666667e-05,1.33333333333333e-05,-0.321711836605164,0.822186767238018,1
"Thermobacillus",3.33333333333333e-06,3.33333333333333e-06,0,1,1
"Bacillus",5.66666666666667e-05,3.66666666666667e-05,-0.627892384754401,1,1
"Neobacillus",2.33333333333333e-05,1.66666666666667e-05,-0.485179635147096,0.813663715766792,1
"Lysinibacillus",1e-05,6.66666666666667e-06,-0.584242053744442,0.813663715766792,1
"Niallia",6.66666666666667e-06,6.66666666666667e-06,0,1,1
"Halobacillus",3.33333333333333e-06,3.33333333333333e-06,0,1,1
"Priestia",3.33333333333333e-06,3.33333333333333e-06,0,1,1
"Cytobacillus",3.33333333333333e-06,3.33333333333333e-06,0,1,1
"Sporosarcina",1.66666666666667e-05,6.66666666666667e-06,-1.32063103118,0.813663715766792,1
"Staphylococcus",3.33333333333333e-05,3.66666666666667e-05,0.137464188785648,0.822186767238018,1
"Alicyclobacillus",1.33333333333333e-05,1.66666666666667e-05,0.321711836605164,0.813663715766792,1
"Tumebacillus",3.33333333333333e-06,6.66666666666667e-06,0.997840815200527,1,1
"Exiguobacterium",1e-05,6.66666666666667e-06,-0.584242053744442,0.813663715766792,1
"Listeria",6.66666666666667e-06,6.66666666666667e-06,3.20342650381492e-16,1,1
"Streptococcus",0.000506666666666667,0.00193333333333333,1.93196056480454,0.824778095082513,1
"Pseudolactococcus",3.33333333333333e-06,3.33333333333333e-06,0,1,1
"Enterococcus",0.000193333333333333,0.000116666666666667,-0.728648944134536,1,1
"Lactobacillus",1.66666666666667e-05,1.66666666666667e-05,0,1,1
"Ligilactobacillus",3e-05,1.66666666666667e-05,-0.847612367326742,1,1
"Lacticaseibacillus",1e-05,1e-05,0,1,1
"Limosilactobacillus",0.00021,2e-05,-3.3916649536633,1,1
"Levilactobacillus",6.66666666666667e-06,6.66666666666667e-06,0,1,1
"Lactiplantibacillus",3.33333333333333e-06,3.33333333333333e-06,0,1,1
"Weissella",6.66666666666667e-06,1e-05,0.584242053744442,0.813663715766792,1
"Trichococcus",3.33333333333333e-06,3.33333333333333e-06,0,1,1
"Granulicatella",3.33333333333333e-06,6.66666666666667e-06,0.997840815200527,1,1
"Holdemania",5e-04,0.000166666666666667,-1.58490479522773,0.7,1
"Faecalibaculum",6.66666666666667e-06,1e-05,0.584242053744442,0.813663715766792,1
"Amedibacterium",6.66666666666667e-06,2.33333333333333e-05,1.80581066632709,0.813663715766792,1
"Solobacterium",6.66666666666667e-06,6.66666666666667e-06,0,1,1
"Massilimicrobiota",3.33333333333333e-06,6.66666666666667e-06,0.997840815200527,1,1
"Thomasclavelia",4.33333333333333e-05,0.000113333333333333,1.38681752289903,1,1
"Turicibacter",1.33333333333333e-05,1.66666666666667e-05,0.321711836605164,0.813663715766792,1
"Murdochiella",4.33333333333333e-05,1.33333333333333e-05,-1.69969099363141,0.822186767238018,1
"Parvimonas",3.33333333333333e-06,3.33333333333333e-06,0,1,1
"Aedoeadaptatus",3.33333333333333e-06,3.33333333333333e-06,0,1,1
"Peptoniphilus",3.33333333333333e-06,3.33333333333333e-06,0,1,1
"Carboxydichorda",3.33333333333333e-06,3.33333333333333e-06,0,1,1
"Limnochorda",3.33333333333333e-06,3.33333333333333e-06,0,1,1
"Ndongobacter",3.33333333333333e-06,3.33333333333333e-06,0,1,1
"Collinsella",0.01111,0.00350666666666667,-1.66368379722926,0.7,1
"Parolsenella",5.66666666666667e-05,0.000306666666666667,2.43589158766213,1,1
"Olsenella",5.33333333333333e-05,5.66666666666667e-05,0.0874469320679195,1,1
"Parafannyhessea",4e-05,1.66666666666667e-05,-1.26252967707406,0.822186767238018,1
"Thermophilibacter",4.66666666666667e-05,2.66666666666667e-05,-0.807123128650377,0.824778095082513,1
"Lancefieldella",1e-05,1e-05,0,1,1
"Leptogranulimonas",3.33333333333333e-06,3.33333333333333e-06,0,1,1
"Adlercreutzia",0.000783333333333333,0.000563333333333333,-0.475630317804924,1,1
"Eggerthella",0.00026,0.000533333333333333,1.03649743909979,0.7,1
"Gordonibacter",5.66666666666667e-05,0.00037,2.70673744554968,1,1
"Gardnerella",6.66666666666667e-06,6.66666666666667e-06,0,1,1
"Mycolicibacterium",4.33333333333333e-05,3.33333333333333e-05,-0.378411770865531,1,1
"Mycobacteroides",3.33333333333333e-06,3.33333333333333e-06,0,1,1
"Corynebacterium",0.00016,9.33333333333333e-05,-0.777543178097478,0.824778095082513,1
"Nocardia",4.33333333333333e-05,3e-05,-0.530366789699507,1,1
"Rhodococcus",2.66666666666667e-05,2.66666666666667e-05,0,1,1
"Streptomyces",0.000603333333333333,0.00043,-0.488608992876948,0.7,1
"Curtobacterium",1.33333333333333e-05,6.66666666666667e-06,-0.998919194574831,0.813663715766792,1
"Protaetiibacter",3.33333333333333e-06,3.33333333333333e-06,0,1,1
"Agrococcus",3.33333333333333e-06,6.66666666666667e-06,0.997840815200527,1,1
"Agromyces",3.33333333333333e-06,3.33333333333333e-06,0,1,1
"Sinomonas",6.66666666666667e-06,1e-05,0.584242053744442,1,1
"Xylanimonas",3.33333333333333e-06,3.33333333333333e-06,0,1,1
"Janibacter",3.33333333333333e-06,3.33333333333333e-06,0,1,1
"Brevibacterium",1.33333333333333e-05,1e-05,-0.414677140830389,0.813663715766792,1
"Cellulomonas",1.33333333333333e-05,1.33333333333333e-05,0,1,1
"Ruania",3.33333333333333e-06,3.33333333333333e-06,0,1,1
"Actinomyces",5.66666666666667e-05,7e-05,0.304806095318958,1,1
"Trueperella",4.33333333333333e-05,2.33333333333333e-05,-0.892799521879153,0.822186767238018,1
"Schaalia",7e-05,0.000103333333333333,0.561812411930494,1,1
"Tessaracoccus",1e-05,1e-05,0,1,1
"Propionibacterium",6.66666666666667e-06,1e-05,0.584242053744442,0.813663715766792,1
"Brooklawnia",3.33333333333333e-06,3.33333333333333e-06,0,1,1
"Nocardioides",3.66666666666667e-05,4e-05,0.12549810212769,1,1
"Aeromicrobium",3.33333333333333e-06,3.33333333333333e-06,0,1,1
"Micromonospora",7e-05,5.66666666666667e-05,-0.304806095318957,1,1
"Actinoplanes",2e-05,1.66666666666667e-05,-0.262890215634195,1,1
"Plantactinospora",6.66666666666667e-06,3.33333333333333e-06,-0.997840815200527,1,1
"Amycolatopsis",4.33333333333333e-05,3.33333333333333e-05,-0.378411770865531,1,1
"Saccharopolyspora",1e-05,6.66666666666667e-06,-0.584242053744442,0.813663715766792,1
"Pseudonocardia",1e-05,6.66666666666667e-06,-0.584242053744442,0.813663715766792,1
"Lentzea",6.66666666666667e-06,3.33333333333333e-06,-0.997840815200527,1,1
"Kutzneria",6.66666666666667e-06,3.33333333333333e-06,-0.997840815200527,1,1
"Actinokineospora",3.33333333333333e-06,3.33333333333333e-06,0,1,1
"Actinomadura",1e-05,1e-05,0,1,1
"Spirillospora",3.33333333333333e-06,3.33333333333333e-06,0,1,1
"Nocardiopsis",3.33333333333333e-06,6.66666666666667e-06,0.997840815200527,1,1
"Modestobacter",3.33333333333333e-06,3.33333333333333e-06,0,1,1
"Stackebrandtia",3.33333333333333e-06,3.33333333333333e-06,0,1,1
"Aquihabitans",1e-05,3.33333333333333e-06,-1.58208286894497,1,1
"Rubrobacter",1e-05,1.33333333333333e-05,0.414677140830389,0.813663715766792,1
"Nostoc",3.33333333333333e-06,3.33333333333333e-06,0,1,1
"Gloeobacter",3.33333333333333e-06,3.33333333333333e-06,0,1,1
"Mycoplasma",1.33333333333333e-05,1e-05,-0.414677140830389,1,1
"Mycoplasmopsis",6.66666666666667e-06,6.66666666666667e-06,3.20342650381492e-16,1,1
"Dehalogenimonas",3.33333333333333e-06,3.33333333333333e-06,0,1,1
"Roseiflexus",3.33333333333333e-06,3.33333333333333e-06,0,1,1
"Tepidiforma",6.66666666666667e-06,6.66666666666667e-06,3.20342650381492e-16,1,1
"Jonquetella",6.66666666666667e-06,1.66666666666667e-05,1.32063103118,1,1
"Thermanaerovibrio",3.33333333333333e-06,3.33333333333333e-06,0,1,1
"Thermus",1e-05,1e-05,-3.20342650381492e-16,1,1
"Meiothermus",3.33333333333333e-06,6.66666666666667e-06,0.997840815200527,1,1
"Fusobacterium",0.00469666666666667,5.66666666666667e-05,-6.37274155601744,1,1
"Cetobacterium",3.33333333333333e-05,6.66666666666667e-06,-2.32019841734071,1,1
"Candidatus Nanosynbacter",1e-05,1.33333333333333e-05,0.414677140830389,0.813663715766792,1
"Methanobrevibacter",2e-05,6.66666666666667e-06,-1.58352124681419,1,1
"Toutatisvirus",5e-05,1.33333333333333e-05,-1.90609749004119,0.824778095082513,1
"Sulfuricaulis",3.33333333333333e-06,3.33333333333333e-06,0,1,1
"Defluviitalea",6.66666666666667e-06,3.33333333333333e-06,-0.997840815200527,1,1
"Culoivirus",6.66666666666667e-06,6.66666666666667e-06,0,1,1
"Tyzzerella",3.33333333333333e-06,3.33333333333333e-06,0,1,1
"Dehalobacterium",3.33333333333333e-06,3.33333333333333e-06,0,1,1
"Sinanaerobacter",3.33333333333333e-06,3.33333333333333e-06,0,1,1
"Candidatus Phytoplasma",3.33333333333333e-06,3.33333333333333e-06,0,1,1
"Labilibaculum",3.33333333333333e-06,3.33333333333333e-06,0,1,1
"Persicobacter",3.33333333333333e-06,3.33333333333333e-06,0,1,1
"Mameliella",3.33333333333333e-06,3.33333333333333e-06,0,1,1
"Dabirmavirus",1.33333333333333e-05,0.000276666666666667,4.37400996028299,1,1
"Desulfosudis",3.33333333333333e-06,3.33333333333333e-06,0,1,1
"Geovibrio",3.33333333333333e-06,6.66666666666667e-06,0.997840815200527,1,1
"Thermosediminibacter",3.33333333333333e-06,3.33333333333333e-06,0,1,1
"Oryzobacter",3.33333333333333e-06,3.33333333333333e-06,0,1,1
"Afonbuvirus",0.000123333333333333,3.33333333333333e-06,-5.20524873021046,1,1
"Tenuifilum",0,0,0,NA,NA
"Maribellus",0,0,0,NA,NA
"Rufibacter",0,0,0,NA,NA
"Larkinella",0,0,0,NA,NA
"Cytophaga",0,0,0,NA,NA
"Jiulongibacter",0,0,0,NA,NA
"Reichenbachiella",0,0,0,NA,NA
"Chryseolinea",0,0,0,NA,NA
"Roseivirga",0,0,0,NA,NA
"Marivirga",0,0,0,NA,NA
"Flavivirga",0,0,0,NA,NA
"Gilvibacter",0,0,0,NA,NA
"Mariniflexile",0,0,0,NA,NA
"Candidatus Arcticimaribacter",0,0,0,NA,NA
"Changchengzhania",0,0,0,NA,NA
"Salegentibacter",0,0,0,NA,NA
"Olleya",0,0,0,NA,NA
"Cloacibacterium",0,0,0,NA,NA
"Apibacter",0,0,0,NA,NA
"Cruoricaptor",0,0,0,NA,NA
"Candidatus Karelsulcia",0,0,0,NA,NA
"Puia",0,0,0,NA,NA
"Pseudobacter",0,0,0,NA,NA
"Mycovorax",0,0,0,NA,NA
"Pseudocnuella",0,0,0,NA,NA
"Flavisolibacter",0,0,0,NA,NA
"Neolewinella",0,0,0,NA,NA
"Chlorobium",0,0,0,NA,NA
"Chloroherpeton",0,0,0,NA,NA
"Rhodothermus",0,0,0,NA,NA
"Rhodocaloribacter",0,0,0,NA,NA
"Gemmatimonas",0,0,0,NA,NA
"Gemmatirosa",0,0,0,NA,NA
"Pseudogemmatithrix",0,0,0,NA,NA
"Pseudescherichia",0,0,0,NA,NA
"Pseudocitrobacter",0,0,0,NA,NA
"Lelliottia",0,0,0,NA,NA
"Pluralibacter",0,0,0,NA,NA
"Scandinavium",0,0,0,NA,NA
"Candidatus Blochmanniella",0,0,0,NA,NA
"Buttiauxella",0,0,0,NA,NA
"Phytobacter",0,0,0,NA,NA
"Duffyella",0,0,0,NA,NA
"Tatumella",0,0,0,NA,NA
"Mixta",0,0,0,NA,NA
"Gibbsiella",0,0,0,NA,NA
"Nissabacter",0,0,0,NA,NA
"Rouxiella",0,0,0,NA,NA
"Arsenophonus",0,0,0,NA,NA
"Lonsdalea",0,0,0,NA,NA
"Leminorella",0,0,0,NA,NA
"Halopseudomonas",1e-05,1e-05,0,NA,NA
"Entomomonas",0,0,0,NA,NA
"Aquipseudomonas",0,0,0,NA,NA
"Geopseudomonas",0,0,0,NA,NA
"Candidatus Njordibacter",0,0,0,NA,NA
"Pseudoluteimonas",0,0,0,NA,NA
"Tahibacter",0,0,0,NA,NA
"Billgrantia",0,0,0,NA,NA
"Pistricoccus",0,0,0,NA,NA
"Chromohalobacter",0,0,0,NA,NA
"Halotalea",0,0,0,NA,NA
"Thalassolituus",0,0,0,NA,NA
"Aliamphritea",0,0,0,NA,NA
"Neptuniibacter",0,0,0,NA,NA
"Neptunomonas",0,0,0,NA,NA
"Motiliproteus",0,0,0,NA,NA
"Allohahella",0,0,0,NA,NA
"Oleiphilus",0,0,0,NA,NA
"Mannheimia",0,0,0,NA,NA
"Pasteurella",0,0,0,NA,NA
"Actinobacillus",0,0,0,NA,NA
"Rodentibacter",0,0,0,NA,NA
"Avibacterium",0,0,0,NA,NA
"Zobellella",0,0,0,NA,NA
"Oceanisphaera",0,0,0,NA,NA
"Salinimonas",0,0,0,NA,NA
"Agarivorans",0,0,0,NA,NA
"Catenovulum",0,0,0,NA,NA
"Thalassomonas",0,0,0,NA,NA
"Psychromonas",0,0,0,NA,NA
"Alkalilimnicola",0,0,0,NA,NA
"Aquisalimonas",0,0,0,NA,NA
"Rheinheimera",0,0,0,NA,NA
"Thiocapsa",0,0,0,NA,NA
"Allochromatium",0,0,0,NA,NA
"Thiorhodovibrio",0,0,0,NA,NA
"Thiosocius",0,0,0,NA,NA
"Magnetovirga",0,0,0,NA,NA
"Sedimenticola",0,0,0,NA,NA
"Candidatus Thiodiazotropha",0,0,0,NA,NA
"Wenzhouxiangella",0,0,0,NA,NA
"Sulfuriflexus",0,0,0,NA,NA
"Salinivibrio",0,0,0,NA,NA
"Parasalinivibrio",0,0,0,NA,NA
"Aliivibrio",0,0,0,NA,NA
"Enterovibrio",0,0,0,NA,NA
"Grimontia",0,0,0,NA,NA
"Simiduia",0,0,0,NA,NA
"Kineobactrum",0,0,0,NA,NA
"Congregibacter",0,0,0,NA,NA
"Halioglobus",0,0,0,NA,NA
"Spongiibacter",0,0,0,NA,NA
"Methylocaldum",0,0,0,NA,NA
"Methylobacter",0,0,0,NA,NA
"Methylogaea",0,0,0,NA,NA
"Candidatus Methylocalor",0,0,0,NA,NA
"Methylophaga",0,0,0,NA,NA
"Thiomicrospira",0,0,0,NA,NA
"Wohlfahrtiimonas",0,0,0,NA,NA
"Solimonas",0,0,0,NA,NA
"Nevskia",0,0,0,NA,NA
"Hydrocarboniphaga",0,0,0,NA,NA
"Gilliamella",0,0,0,NA,NA
"Utexia",0,0,0,NA,NA
"Candidatus Vondammii",0,0,0,NA,NA
"Salinisphaera",0,0,0,NA,NA
"Kangiella",0,0,0,NA,NA
"Sulfurivermis",0,0,0,NA,NA
"Nitrobacter",0,0,0,NA,NA
"Afipia",0,0,0,NA,NA
"Rugositalea",0,0,0,NA,NA
"Allorhizobium",0,0,0,NA,NA
"Peteryoungia",0,0,0,NA,NA
"Terrirhizobium",0,0,0,NA,NA
"Georhizobium",0,0,0,NA,NA
"Mariluticola",0,0,0,NA,NA
"Pannonibacter",0,0,0,NA,NA
"Aurantimonas",0,0,0,NA,NA
"Xanthobacter",0,0,0,NA,NA
"Aquabacter",0,0,0,NA,NA
"Azorhizobium",0,0,0,NA,NA
"Starkeya",0,0,0,NA,NA
"Rhodomicrobium",0,0,0,NA,NA
"Methyloceanibacter",0,0,0,NA,NA
"Methyloligella",0,0,0,NA,NA
"Bauldia",0,0,0,NA,NA
"Pseudochrobactrum",0,0,0,NA,NA
"Oceaniradius",0,0,0,NA,NA
"Parvibaculum",0,0,0,NA,NA
"Pyruvatibacter",0,0,0,NA,NA
"Tepidicaulis",0,0,0,NA,NA
"Anderseniella",0,0,0,NA,NA
"Pseudorhodoplanes",0,0,0,NA,NA
"Nordella",0,0,0,NA,NA
"Phreatobacter",0,0,0,NA,NA
"Terrirubrum",0,0,0,NA,NA
"Alsobacter",0,0,0,NA,NA
"Reyranella",0,0,0,NA,NA
"Rhodoligotrophos",0,0,0,NA,NA
"Jannaschia",0,0,0,NA,NA
"Roseicyclus",0,0,0,NA,NA
"Thalassobacter",0,0,0,NA,NA
"Roseobacter",0,0,0,NA,NA
"Marivita",0,0,0,NA,NA
"Marinovum",0,0,0,NA,NA
"Shimia",0,0,0,NA,NA
"Seohaeicola",0,0,0,NA,NA
"Antarctobacter",0,0,0,NA,NA
"Tropicibacter",0,0,0,NA,NA
"Oceanicola",0,0,0,NA,NA
"Pseudorhodobacter",0,0,0,NA,NA
"Tritonibacter",0,0,0,NA,NA
"Aliiroseovarius",0,0,0,NA,NA
"Parasedimentitalea",0,0,0,NA,NA
"Profundibacter",0,0,0,NA,NA
"Pseudopelagicola",0,0,0,NA,NA
"Polymorphum",0,0,0,NA,NA
"Pikeienuella",0,0,0,NA,NA
"Gymnodinialimonas",0,0,0,NA,NA
"Cognatishimia",0,0,0,NA,NA
"Vannielia",0,0,0,NA,NA
"Marivivens",0,0,0,NA,NA
"Amylibacter",0,0,0,NA,NA
"Pelagovum",0,0,0,NA,NA
"Amaricoccus",0,0,0,NA,NA
"Parablastomonas",0,0,0,NA,NA
"Hankyongella",0,0,0,NA,NA
"Alterisphingorhabdus (ex Yan et al. 2024)",0,0,0,NA,NA
"Tardibacter",0,0,0,NA,NA
"Porphyrobacter",0,0,0,NA,NA
"Croceibacterium",0,0,0,NA,NA
"Croceicoccus",0,0,0,NA,NA
"Caenibius",0,0,0,NA,NA
"Sphingorhabdus",0,0,0,NA,NA
"Sphingosinicella",0,0,0,NA,NA
"Sandaracinobacteroides",0,0,0,NA,NA
"Glacieibacterium",0,0,0,NA,NA
"Blastomonas",0,0,0,NA,NA
"Zymomonas",0,0,0,NA,NA
"Gluconobacter",0,0,0,NA,NA
"Parasaccharibacter",0,0,0,NA,NA
"Rhodovastum",0,0,0,NA,NA
"Novacetimonas",0,0,0,NA,NA
"Asaia",0,0,0,NA,NA
"Lichenicola",0,0,0,NA,NA
"Gluconacetobacter",0,0,0,NA,NA
"Nguyenibacter",0,0,0,NA,NA
"Commensalibacter",0,0,0,NA,NA
"Lichenicoccus",0,0,0,NA,NA
"Humitalea",0,0,0,NA,NA
"Dankookia",0,0,0,NA,NA
"Niveispirillum",0,0,0,NA,NA
"Indioceanicola",0,0,0,NA,NA
"Rhodospirillum",0,0,0,NA,NA
"Pararhodospirillum",0,0,0,NA,NA
"Aerophototrophica",0,0,0,NA,NA
"Aestuariispira",0,0,0,NA,NA
"Caenispirillum",0,0,0,NA,NA
"Varunaivibrio",0,0,0,NA,NA
"Stella",0,0,0,NA,NA
"Candidatus Mesenet",0,0,0,NA,NA
"Ehrlichia",0,0,0,NA,NA
"Glycocaulis",0,0,0,NA,NA
"Maricaulis",0,0,0,NA,NA
"Marinicauda",0,0,0,NA,NA
"Litorimonas",0,0,0,NA,NA
"Algimonas",0,0,0,NA,NA
"Emcibacter",0,0,0,NA,NA
"Pseudemcibacter",0,0,0,NA,NA
"Hyphococcus",0,0,0,NA,NA
"Aquisalinus",0,0,0,NA,NA
"Candidatus Bealeia",0,0,0,NA,NA
"Minwuia",0,0,0,NA,NA
"Sneathiella",0,0,0,NA,NA
"Candidatus Pelagibacter",0,0,0,NA,NA
"Radicibacter",0,0,0,NA,NA
"Mycetohabitans",0,0,0,NA,NA
"Mycoavidus",0,0,0,NA,NA
"Robbsia",0,0,0,NA,NA
"Candidatus Vallotiella",0,0,0,NA,NA
"Trinickia",0,0,0,NA,NA
"Paenacidovorax",0,0,0,NA,NA
"Candidatus Symbiobacter",0,0,0,NA,NA
"Brachymonas",0,0,0,NA,NA
"Pulveribacter",0,0,0,NA,NA
"Melaminivora",0,0,0,NA,NA
"Kerstersia",0,0,0,NA,NA
"Paralcaligenes",0,0,0,NA,NA
"Inhella",0,0,0,NA,NA
"Rhizobacter",0,0,0,NA,NA
"Eikenella",0,0,0,NA,NA
"Conchiformibius",0,0,0,NA,NA
"Aquella",0,0,0,NA,NA
"Bergeriella",0,0,0,NA,NA
"Vitreoscilla",0,0,0,NA,NA
"Paralysiella",0,0,0,NA,NA
"Silvimonas",0,0,0,NA,NA
"Iodobacter",0,0,0,NA,NA
"Laribacter",0,0,0,NA,NA
"Parazoarcus",0,0,0,NA,NA
"Quatrionicoccus",0,0,0,NA,NA
"Ferribacterium",0,0,0,NA,NA
"Fluviibacter",0,0,0,NA,NA
"Sulfuritortus",0,0,0,NA,NA
"Sulfuriferula",0,0,0,NA,NA
"Sulfurimicrobium",0,0,0,NA,NA
"Sulfuricella",0,0,0,NA,NA
"Methylovorus",0,0,0,NA,NA
"Methylobacillus",0,0,0,NA,NA
"Candidatus Nitrotoga",0,0,0,NA,NA
"Sideroxydans",0,0,0,NA,NA
"Ferriphaselus",0,0,0,NA,NA
"Casimicrobium",0,0,0,NA,NA
"Chitinivorax",0,0,0,NA,NA
"Thermithiobacillus",0,0,0,NA,NA
"Mariprofundus",0,0,0,NA,NA
"Oleidesulfovibrio",0,0,0,NA,NA
"Halodesulfovibrio",0,0,0,NA,NA
"Desulfocurvibacter",0,0,0,NA,NA
"Desulfobaculum",0,0,0,NA,NA
"Thermodesulfomicrobium",0,0,0,NA,NA
"Desulfohalobium",0,0,0,NA,NA
"Geoalkalibacter",0,0,0,NA,NA
"Desulfococcus",0,0,0,NA,NA
"Desulfatibacillum",0,0,0,NA,NA
"Desulfoluna",0,0,0,NA,NA
"Desulfosediminicola",0,0,0,NA,NA
"Desulfoferula",0,0,0,NA,NA
"Desulfoglaeba",0,0,0,NA,NA
"Syntrophobacter",0,0,0,NA,NA
"Roseimicrobium",0,0,0,NA,NA
"Haloferula",0,0,0,NA,NA
"Methylacidimicrobium",0,0,0,NA,NA
"Stieleria",0,0,0,NA,NA
"Novipirellula",0,0,0,NA,NA
"Bremerella",0,0,0,NA,NA
"Bythopirellula",0,0,0,NA,NA
"Pirellulimonas",0,0,0,NA,NA
"Botrimarina",0,0,0,NA,NA
"Alienimonas",0,0,0,NA,NA
"Crateriforma",0,0,0,NA,NA
"Thalassoglobus",0,0,0,NA,NA
"Paludisphaera",0,0,0,NA,NA
"Tundrisphaera",0,0,0,NA,NA
"Frigoriglobus",0,0,0,NA,NA
"Urbifossiella",0,0,0,NA,NA
"Limnoglobus",0,0,0,NA,NA
"Rohdeia",0,0,0,NA,NA
"Phycisphaera",0,0,0,NA,NA
"Neochlamydia",0,0,0,NA,NA
"Brucepastera",0,0,0,NA,NA
"Spirochaeta",0,0,0,NA,NA
"Marispirochaeta",0,0,0,NA,NA
"Entomospira",0,0,0,NA,NA
"Salinispira",0,0,0,NA,NA
"Gracilinema",0,0,0,NA,NA
"Breznakiella",0,0,0,NA,NA
"Thermospira",0,0,0,NA,NA
"Labilithrix",0,0,0,NA,NA
"Melittangium",0,0,0,NA,NA
"Vulgatibacter",0,0,0,NA,NA
"Thiomicrolovo",0,0,0,NA,NA
"Malaciobacter",0,0,0,NA,NA
"Arcobacter",0,0,0,NA,NA
"Sulfurovum",0,0,0,NA,NA
"Caminibacter",0,0,0,NA,NA
"Telmatobacter",0,0,0,NA,NA
"Occallatibacter",0,0,0,NA,NA
"Silvibacterium",0,0,0,NA,NA
"Acidisarcina",0,0,0,NA,NA
"Thermotomaculum",0,0,0,NA,NA
"Sulfidibacter",0,0,0,NA,NA
"Bacteriovorax",0,0,0,NA,NA
"Pigmentibacter",0,0,0,NA,NA
"Thermodesulfovibrio",0,0,0,NA,NA
"Aquifex",0,0,0,NA,NA
"Pampinifervens",0,0,0,NA,NA
"Thermovibrio",0,0,0,NA,NA
"Nitrospina",0,0,0,NA,NA
"Proteiniborus",0,0,0,NA,NA
"Oceanirhabdus",0,0,0,NA,NA
"Crassaminicella",0,0,0,NA,NA
"Sarcina",0,0,0,NA,NA
"Hathewaya",0,0,0,NA,NA
"Desulfofundulus",0,0,0,NA,NA
"Thermanaerosceptrum",0,0,0,NA,NA
"Acididesulfobacillus",0,0,0,NA,NA
"Syntrophobotulus",0,0,0,NA,NA
"Desulfotomaculum",0,0,0,NA,NA
"Geosporobacter",0,0,0,NA,NA
"Koleobacter",0,0,0,NA,NA
"Salisediminibacterium",0,0,0,NA,NA
"Sediminibacillus",0,0,0,NA,NA
"Tepidibacillus",0,0,0,NA,NA
"Aciduricibacillus",0,0,0,NA,NA
"Terribacillus",0,0,0,NA,NA
"Alkalibacillus",0,0,0,NA,NA
"Ureibacillus",0,0,0,NA,NA
"Solibacillus",0,0,0,NA,NA
"Paenisporosarcina",0,0,0,NA,NA
"Jeotgalibacillus",0,0,0,NA,NA
"Kurthia",0,0,0,NA,NA
"Jeotgalicoccus",0,0,0,NA,NA
"Macrococcus",0,0,0,NA,NA
"Anoxybacillus",0,0,0,NA,NA
"Parageobacillus",0,0,0,NA,NA
"Effusibacillus",0,0,0,NA,NA
"Hydrogenibacillus",0,0,0,NA,NA
"Novibacillus",0,0,0,NA,NA
"Polycladomyces",0,0,0,NA,NA
"Brochothrix",0,0,0,NA,NA
"Melissococcus",0,0,0,NA,NA
"Pediococcus",0,0,0,NA,NA
"Fructilactobacillus",0,0,0,NA,NA
"Latilactobacillus",0,0,0,NA,NA
"Loigolactobacillus",0,0,0,NA,NA
"Schleiferilactobacillus",0,0,0,NA,NA
"Paucilactobacillus",0,0,0,NA,NA
"Agrilactobacillus",0,0,0,NA,NA
"Liquorilactobacillus",0,0,0,NA,NA
"Lentilactobacillus",0,0,0,NA,NA
"Alloiococcus",0,0,0,NA,NA
"Alkalibacterium",0,0,0,NA,NA
"Carnobacterium",0,0,0,NA,NA
"Jeotgalibaca",0,0,0,NA,NA
"Ruoffia",0,0,0,NA,NA
"Finegoldia",0,0,0,NA,NA
"Keratinibaculum",0,0,0,NA,NA
"Phoenicibacter",0,0,0,NA,NA
"Scardovia",0,0,0,NA,NA
"Parascardovia",0,0,0,NA,NA
"Mycolicibacter",0,0,0,NA,NA
"Rhodococcoides",0,0,0,NA,NA
"Skermania",0,0,0,NA,NA
"Segniliparus",0,0,0,NA,NA
"Actinacidiphila",0,0,0,NA,NA
"Embleya",0,0,0,NA,NA
"Humibacter",0,0,0,NA,NA
"Gulosibacter",0,0,0,NA,NA
"Frigoribacterium",0,0,0,NA,NA
"Microcella",0,0,0,NA,NA
"Herbiconiux",0,0,0,NA,NA
"Gryllotalpicola",0,0,0,NA,NA
"Cnuibacter",0,0,0,NA,NA
"Microterricola",0,0,0,NA,NA
"Ruicaihuangia",0,0,0,NA,NA
"Lysinibacter",0,0,0,NA,NA
"Auritidibacter",0,0,0,NA,NA
"Psychromicrobium",0,0,0,NA,NA
"Knoellia",0,0,0,NA,NA
"Dermabacter",0,0,0,NA,NA
"Gephyromycinifex",0,0,0,NA,NA
"Demequina",0,0,0,NA,NA
"Timonella",0,0,0,NA,NA
"Occultella",0,0,0,NA,NA
"Miniimonas",0,0,0,NA,NA
"Actinotignum",0,0,0,NA,NA
"Gleimia",0,0,0,NA,NA
"Boudabousia",0,0,0,NA,NA
"Nanchangia",0,0,0,NA,NA
"Raineyella",0,0,0,NA,NA
"Vaginimicrobium",0,0,0,NA,NA
"Luteococcus",0,0,0,NA,NA
"Friedmanniella",0,0,0,NA,NA
"Solicola",0,0,0,NA,NA
"Micropruina",0,0,0,NA,NA
"Krasilnikovia",0,0,0,NA,NA
"Couchioplanes",0,0,0,NA,NA
"Longispora",0,0,0,NA,NA
"Catellatospora",0,0,0,NA,NA
"Actinocatenispora",0,0,0,NA,NA
"Alloactinosynnema",0,0,0,NA,NA
"Kibdelosporangium",0,0,0,NA,NA
"Umezawaea",0,0,0,NA,NA
"Sphaerimonospora",0,0,0,NA,NA
"Microtetraspora",0,0,0,NA,NA
"Thermobispora",0,0,0,NA,NA
"Thermobifida",0,0,0,NA,NA
"Geodermatophilus",0,0,0,NA,NA
"Blastococcus",0,0,0,NA,NA
"Pseudofrankia",0,0,0,NA,NA
"Parafrankia",0,0,0,NA,NA
"Epidermidibacterium",0,0,0,NA,NA
"Actinopolyspora",0,0,0,NA,NA
"Candidatus Planktophila",0,0,0,NA,NA
"Jatrophihabitans",0,0,0,NA,NA
"Thermoleophilum",0,0,0,NA,NA
"Miltoncostaea",0,0,0,NA,NA
"Dermatobacter",0,0,0,NA,NA
"Ilumatobacter",0,0,0,NA,NA
"Salinilacustrithrix",0,0,0,NA,NA
"Egibacter",0,0,0,NA,NA
"Egicoccus",0,0,0,NA,NA
"Synechocystis",0,0,0,NA,NA
"Planktothrix",0,0,0,NA,NA
"Capilliphycus",0,0,0,NA,NA
"Limnospira",0,0,0,NA,NA
"Phormidium",0,0,0,NA,NA
"Oxynema",0,0,0,NA,NA
"Microcystis",0,0,0,NA,NA
"Cylindrospermopsis",0,0,0,NA,NA
"Dolichospermum",0,0,0,NA,NA
"Leptothermofonsia",0,0,0,NA,NA
"Leptodesmis",0,0,0,NA,NA
"Anthocerotibacter",0,0,0,NA,NA
"Halomicronema",0,0,0,NA,NA
"Nodosilinea",0,0,0,NA,NA
"Chamaesiphon",0,0,0,NA,NA
"Crinalium",0,0,0,NA,NA
"Pleurocapsa",0,0,0,NA,NA
"Chroococcidiopsis",0,0,0,NA,NA
"Pseudanabaena",0,0,0,NA,NA
"Candidatus Hepatoplasma",0,0,0,NA,NA
"Mesomycoplasma",0,0,0,NA,NA
"Ureaplasma",0,0,0,NA,NA
"Chloroflexus",0,0,0,NA,NA
"Candidatus Promineifilum",0,0,0,NA,NA
"Candidatus Leptofilum",0,0,0,NA,NA
"Ktedonosporobacter",0,0,0,NA,NA
"Anaerolinea",0,0,0,NA,NA
"Capsulimonas",0,0,0,NA,NA
"Chthonomonas",0,0,0,NA,NA
"Oceanithermus",0,0,0,NA,NA
"Thermotoga",0,0,0,NA,NA
"Pseudothermotoga",0,0,0,NA,NA
"Mesotoga",0,0,0,NA,NA
"Candidatus Saccharimonas",0,0,0,NA,NA
"Halorarum",0,0,0,NA,NA
"Halolamina",0,0,0,NA,NA
"Haloprofundus",0,0,0,NA,NA
"Haloferax",0,0,0,NA,NA
"Natrinema",0,0,0,NA,NA
"Halopiger",0,0,0,NA,NA
"Haloterrigena",0,0,0,NA,NA
"Halovivax",0,0,0,NA,NA
"Natronobeatus",0,0,0,NA,NA
"Natronosalvus",0,0,0,NA,NA
"Natrarchaeobaculum",0,0,0,NA,NA
"Haladaptatus",0,0,0,NA,NA
"Haloarcula",0,0,0,NA,NA
"Halorhabdus",0,0,0,NA,NA
"Halapricum",0,0,0,NA,NA
"Natronomonas",0,0,0,NA,NA
"Haloglomus",0,0,0,NA,NA
"Halorarius",0,0,0,NA,NA
"Salinirubellus",0,0,0,NA,NA
"Salarchaeum",0,0,0,NA,NA
"Halococcus",0,0,0,NA,NA
"Methanolobus",0,0,0,NA,NA
"Methanimicrococcus",0,0,0,NA,NA
"Methanothrix",0,0,0,NA,NA
"Methanogenium",0,0,0,NA,NA
"Methanomethylophilus",0,0,0,NA,NA
"Oxyplasma",0,0,0,NA,NA
"Acidianus",0,0,0,NA,NA
"Nitrosopumilus",0,0,0,NA,NA
"Eracentumvirus",0,0,0,NA,NA
"Jolieduovirus",0,0,0,NA,NA
"Rubivirus",0,0,0,NA,NA
"Bavovirus",0,0,0,NA,NA
"Aviadenovirus",0,0,0,NA,NA
"Zunongwangia",0,0,0,NA,NA
"Aureibaculum",0,0,0,NA,NA
"Urechidicola",0,0,0,NA,NA
"Pukyongia",0,0,0,NA,NA
"Zobellia",0,0,0,NA,NA
"Empedobacter",0,0,0,NA,NA
"Aureibacter",0,0,0,NA,NA
"Candidatus Cardinium",0,0,0,NA,NA
"Herminiimonas",0,0,0,NA,NA
"Deefgea",0,0,0,NA,NA
"Ferrigenium",0,0,0,NA,NA
"Thaumasiovibrio",0,0,0,NA,NA
"Lonepinella",0,0,0,NA,NA
"Glaesserella",0,0,0,NA,NA
"Lacimicrobium",0,0,0,NA,NA
"Planctobacterium",0,0,0,NA,NA
"Candidatus Rariloculus ( ex Nguyen 2022)",0,0,0,NA,NA
"Terrihabitans",0,0,0,NA,NA
"Methylovirgula",0,0,0,NA,NA
"Pelagerythrobacter",0,0,0,NA,NA
"Algirhabdus",0,0,0,NA,NA
"Nitrospirillum",0,0,0,NA,NA
"Kozakia",0,0,0,NA,NA
"Oecophyllibacter",0,0,0,NA,NA
"Gimibacter",0,0,0,NA,NA
"Oceaniferula",0,0,0,NA,NA
"Ereboglobus",0,0,0,NA,NA
"Aureliella",0,0,0,NA,NA
"Rosistilla",0,0,0,NA,NA
"Blastopirellula",0,0,0,NA,NA
"Aeoliella",0,0,0,NA,NA
"Candidatus Uabimicrobium",0,0,0,NA,NA
"Candidatus Protochlamydia",0,0,0,NA,NA
"Desulfobacula",0,0,0,NA,NA
"Nitratiruptor",0,0,0,NA,NA
"Pseudomyxococcus",0,0,0,NA,NA
"Caldisericum",0,0,0,NA,NA
"Serpentinicella",0,0,0,NA,NA
"Caminicella",0,0,0,NA,NA
"Halobacteroides",0,0,0,NA,NA
"Halanaerobium",0,0,0,NA,NA
"Natranaerofaba",0,0,0,NA,NA
"Furfurilactobacillus",0,0,0,NA,NA
"Apilactobacillus",0,0,0,NA,NA
"Robertmurraya",0,0,0,NA,NA
"Mammaliicoccus",0,0,0,NA,NA
"Saccharococcus",0,0,0,NA,NA
"Miniphocaeibacter",0,0,0,NA,NA
"Schnuerera",0,0,0,NA,NA
"Caloranaerobacter",0,0,0,NA,NA
"Halotia",0,0,0,NA,NA
"Geminocystis",0,0,0,NA,NA
"Thermoflexus",0,0,0,NA,NA
"Sneathia",0,0,0,NA,NA
"Haliovirga",0,0,0,NA,NA
"Allomeiothermus",0,0,0,NA,NA
"Thermosipho",0,0,0,NA,NA
"Oceanotoga",0,0,0,NA,NA
"Candidatus Minimicrobia",0,0,0,NA,NA
"Dissulfurimicrobium",0,0,0,NA,NA
"Halospeciosus",0,0,0,NA,NA
"Methanocaldococcus",0,0,0,NA,NA
"Methanococcus",0,0,0,NA,NA
"Methanothermobacter",0,0,0,NA,NA
"Sulfurisphaera",0,0,0,NA,NA
"Pyrobaculum",0,0,0,NA,NA
"Buorbuivirus",0,0,0,NA,NA
"Birpovirus",0,0,0,NA,NA
"Lebriduvirus",0,0,0,NA,NA
"Gediminasvirus",0,0,0,NA,NA
"Cequinquevirus",0,0,0,NA,NA
"Alkalicella",0,0,0,NA,NA
"Aceticella",0,0,0,NA,NA
"Metallumcola",0,0,0,NA,NA
"Zhaonella",0,0,0,NA,NA
"Halocella",0,0,0,NA,NA
"Halothermothrix",0,0,0,NA,NA
"Floricoccus",0,0,0,NA,NA
"Oenococcus",0,0,0,NA,NA
"Secundilactobacillus",0,0,0,NA,NA
"Xylocopilactobacillus",0,0,0,NA,NA
"Lapidilactobacillus",0,0,0,NA,NA
"Tetragenococcus",0,0,0,NA,NA
"Globicatella",0,0,0,NA,NA
"Facklamia",0,0,0,NA,NA
"Salicibibacter",0,0,0,NA,NA
"Lentibacillus",0,0,0,NA,NA
"Shouchella",0,0,0,NA,NA
"Paraliobacillus",0,0,0,NA,NA
"Aeribacillus",0,0,0,NA,NA
"Pontibacillus",0,0,0,NA,NA
"Evansella",0,0,0,NA,NA
"Gracilibacillus",0,0,0,NA,NA
"Caldalkalibacillus",0,0,0,NA,NA
"Alkalihalophilus",0,0,0,NA,NA
"Amphibacillus",0,0,0,NA,NA
"Pseudobacillus",0,0,0,NA,NA
"Ectobacillus",0,0,0,NA,NA
"Macrococcoides",0,0,0,NA,NA
"Metasolibacillus",0,0,0,NA,NA
"Chryseomicrobium",0,0,0,NA,NA
"Pseudalkalibacillus",0,0,0,NA,NA
"Bulleidia",0,0,0,NA,NA
"Gudongella",0,0,0,NA,NA
"Sporanaerobacter",0,0,0,NA,NA
"Alloscardovia",0,0,0,NA,NA
"Lawsonella",0,0,0,NA,NA
"Peterkaempfera",0,0,0,NA,NA
"Renibacterium",0,0,0,NA,NA
"Paeniglutamicibacter",0,0,0,NA,NA
"Nesterenkonia",0,0,0,NA,NA
"Rhodoluna",0,0,0,NA,NA
"Naasia",0,0,0,NA,NA
"Oerskovia",0,0,0,NA,NA
"Polymorphospora",0,0,0,NA,NA
"Solwaraspora",0,0,0,NA,NA
"Prauserella",0,0,0,NA,NA
"Sphaerisporangium",0,0,0,NA,NA
"Candidatus Nanopelagicus",0,0,0,NA,NA
"Actinomarinicola",0,0,0,NA,NA
"Williamsoniiplasma",0,0,0,NA,NA
"Mariniplasma",0,0,0,NA,NA
"Haploplasma",0,0,0,NA,NA
"Candidatus Xianfuyuplasma",0,0,0,NA,NA
"Candidatus Izemoplasma",0,0,0,NA,NA
"Malacoplasma",0,0,0,NA,NA
"Altericista",0,0,0,NA,NA
"Calothrix",0,0,0,NA,NA
"Cyanobacterium",0,0,0,NA,NA
"Gloeothece",0,0,0,NA,NA
"Microcoleus",0,0,0,NA,NA
"Allocoleopsis",0,0,0,NA,NA
"Kordia",0,0,0,NA,NA
"Pseudalgibacter",0,0,0,NA,NA
"Zhouia",0,0,0,NA,NA
"Aestuariibaculum",0,0,0,NA,NA
"Psychroserpens",0,0,0,NA,NA
"Patiriisocius",0,0,0,NA,NA
"Allomuricauda",0,0,0,NA,NA
"Dokdonia",0,0,0,NA,NA
"Lutibacter",0,0,0,NA,NA
"Flaviramulus",0,0,0,NA,NA
"Sanyastnella",0,0,0,NA,NA
"Parvicella",0,0,0,NA,NA
"Cyclobacterium",0,0,0,NA,NA
"Mongoliitalea",0,0,0,NA,NA
"Leadbetterella",0,0,0,NA,NA
"Microscilla",0,0,0,NA,NA
"Candidatus Amoebophilus",0,0,0,NA,NA
"Aurantibacillus",0,0,0,NA,NA
"Rhizosphaericola",0,0,0,NA,NA
"Saprospira",0,0,0,NA,NA
"Lewinella",0,0,0,NA,NA
"Fidelibacter",0,0,0,NA,NA
"Candidatus Westeberhardia",0,0,0,NA,NA
"Trabulsiella",0,0,0,NA,NA
"Candidatus Profftia",0,0,0,NA,NA
"Photorhabdus",0,0,0,NA,NA
"Bibersteinia",0,0,0,NA,NA
"Phocoenobacter",0,0,0,NA,NA
"Agrilutibacter",0,0,0,NA,NA
"Flocculibacter",0,0,0,NA,NA
"Saliniradius",0,0,0,NA,NA
"Litorilituus",0,0,0,NA,NA
"Zymobacter",0,0,0,NA,NA
"Venatoribacter",0,0,0,NA,NA
"Nitrincola",0,0,0,NA,NA
"Hahella",0,0,0,NA,NA
"Gynuella",0,0,0,NA,NA
"Gilvimarinus",0,0,0,NA,NA
"Thiodictyon",0,0,0,NA,NA
"Coxiella",0,0,0,NA,NA
"Methylotuvimicrobium",0,0,0,NA,NA
"Candidatus Pseudothioglobus",0,0,0,NA,NA
"Candidatus Reidiella",0,0,0,NA,NA
"Ignatzschineria",0,0,0,NA,NA
"Candidatus Spongiihabitans",0,0,0,NA,NA
"Ochrobactrum",0,0,0,NA,NA
"Filomicrobium",0,0,0,NA,NA
"Methylocapsa",0,0,0,NA,NA
"Blastochloris",0,0,0,NA,NA
"Rhodophyticola",0,0,0,NA,NA
"Hwanghaeella",0,0,0,NA,NA
"Candidatus Tisiphia",0,0,0,NA,NA
"Candidatus Lariskella",0,0,0,NA,NA
"Candidatus Bandiella",0,0,0,NA,NA
"Candidatus Ponderosibacter",0,0,0,NA,NA
"Candidatus Puniceispirillum",0,0,0,NA,NA
"Candidatus Methylopumilus",0,0,0,NA,NA
"Pseudothauera",0,0,0,NA,NA
"Candidatus Kinetoplastidibacterium",0,0,0,NA,NA
"Desulforapulum",0,0,0,NA,NA
"Turneriella",0,0,0,NA,NA
"Halarcobacter",0,0,0,NA,NA
"Poseidonibacter",0,0,0,NA,NA
"Sulfuricurvum",0,0,0,NA,NA
"Nautilia",0,0,0,NA,NA
"Nitrosophilus",0,0,0,NA,NA
"Pyxidicoccus",0,0,0,NA,NA
"Spirobacillus",0,0,0,NA,NA
"Flexistipes",0,0,0,NA,NA
"Mucispirillum",0,0,0,NA,NA
"Streptobacillus",0,0,0,NA,NA
"Marinitoga",0,0,0,NA,NA
"Tepiditoga",0,0,0,NA,NA
"Salinilacihabitans",0,0,0,NA,NA
"Halomicrobium",0,0,0,NA,NA
"Halobacterium",0,0,0,NA,NA
"Halocatena",0,0,0,NA,NA
"Halalkalicoccus",0,0,0,NA,NA
"Methanococcoides",0,0,0,NA,NA
"Methanospirillum",0,0,0,NA,NA
"Pyrococcus",0,0,0,NA,NA
"Saccharolobus",0,0,0,NA,NA
"Ignicoccus",0,0,0,NA,NA
"Nitrososphaera",0,0,0,NA,NA
"Carjivirus",0,0,0,NA,NA
"Bohxovirus",0,0,0,NA,NA
"Eponavirus",0,0,0,NA,NA
"Mooreparkvirus",0,0,0,NA,NA
"Potexvirus",0,0,0,NA,NA
"Theiavirus",0,0,0,NA,NA
"Alkalitalea",0,0,0,NA,NA
"Hwangdonia",0,0,0,NA,NA
"Sinomicrobium",0,0,0,NA,NA
"Pseudotamlana",0,0,0,NA,NA
"Daejeonia",0,0,0,NA,NA
"Bizionia",0,0,0,NA,NA
"Aggregatimonas",0,0,0,NA,NA
"Pontimicrobium",0,0,0,NA,NA
"Ulvibacterium",0,0,0,NA,NA
"Vaginella",0,0,0,NA,NA
"Fluviicola",0,0,0,NA,NA
"Croceimicrobium",0,0,0,NA,NA
"Porifericola",0,0,0,NA,NA
"Tunicatimonas",0,0,0,NA,NA
"Fulvitalea",0,0,0,NA,NA
"Imperialibacter",0,0,0,NA,NA
"Aquirufa",0,0,0,NA,NA
"Arcticibacter",0,0,0,NA,NA
"Anseongella",0,0,0,NA,NA
"Solitalea",0,0,0,NA,NA
"Filimonas",0,0,0,NA,NA
"Sediminibacterium",0,0,0,NA,NA
"Haliscomenobacter",0,0,0,NA,NA
"Cyclonatronum",0,0,0,NA,NA
"Ignavibacterium",0,0,0,NA,NA
"Gaopeijia",0,0,0,NA,NA
"Symbiopectobacterium",0,0,0,NA,NA
"Yokenella",0,0,0,NA,NA
"Jejubacter",0,0,0,NA,NA
"Superficieibacter",0,0,0,NA,NA
"Mangrovibacter",0,0,0,NA,NA
"Shimwellia",0,0,0,NA,NA
"Candidatus Fukatsuia",0,0,0,NA,NA
"Obesumbacterium",0,0,0,NA,NA
"Marilutibacter",0,0,0,NA,NA
"Xylella",0,0,0,NA,NA
"Bacterioplanoides",0,0,0,NA,NA
"Isoalcanivorax",0,0,0,NA,NA
"Reinekea",0,0,0,NA,NA
"Salinispirillum",0,0,0,NA,NA
"Hydrocarboniclastica",0,0,0,NA,NA
"Psychrosphaera",0,0,0,NA,NA
"Pseudidiomarina",0,0,0,NA,NA
"Moritella",0,0,0,NA,NA
"Tolumonas",0,0,0,NA,NA
"Dongshaea",0,0,0,NA,NA
"Sediminicurvatus",0,0,0,NA,NA
"Halorhodospira",0,0,0,NA,NA
"Caldichromatium",0,0,0,NA,NA
"Thiocystis",0,0,0,NA,NA
"Nitrosococcus",0,0,0,NA,NA
"Thiolapillus",0,0,0,NA,NA
"Maricurvus",0,0,0,NA,NA
"Oceanicoccus",0,0,0,NA,NA
"Candidatus Methylospira",0,0,0,NA,NA
"Methylomagnum",0,0,0,NA,NA
"Piscirickettsia",0,0,0,NA,NA
"Rickettsiella",0,0,0,NA,NA
"Flagellatimonas",0,0,0,NA,NA
"Dichelobacter",0,0,0,NA,NA
"Frischella",0,0,0,NA,NA
"Zophobihabitans",0,0,0,NA,NA
"Woeseia",0,0,0,NA,NA
"Labrenzia",0,0,0,NA,NA
"Pseudovibrio",0,0,0,NA,NA
"Jiella",0,0,0,NA,NA
"Roseitalea",0,0,0,NA,NA
"Candidatus Phaeomarinibacter",0,0,0,NA,NA
"Hartmannibacter",0,0,0,NA,NA
"Coralliovum",0,0,0,NA,NA
"Aestuariivirga",0,0,0,NA,NA
"Stakelama",0,0,0,NA,NA
"Alterirhizorhabdus",0,0,0,NA,NA
"Parasphingopyxis",0,0,0,NA,NA
"Dinoroseobacter",0,0,0,NA,NA
"Pelagimonas",0,0,0,NA,NA
"Marinibacterium",0,0,0,NA,NA
"Brevirhabdus",0,0,0,NA,NA
"Silicimonas",0,0,0,NA,NA
"Pseudogemmobacter",0,0,0,NA,NA
"Qingshengfaniella",0,0,0,NA,NA
"Paroceanicella",0,0,0,NA,NA
"Haematospirillum",0,0,0,NA,NA
"Terasakiella",0,0,0,NA,NA
"Rhodopila",0,0,0,NA,NA
"Granulibacter",0,0,0,NA,NA
"Pararoseomonas",0,0,0,NA,NA
"Candidatus Kirkpatrickella",0,0,0,NA,NA
"Roseococcus",0,0,0,NA,NA
"Acidisoma",0,0,0,NA,NA
"Acidiphilium",0,0,0,NA,NA
"Marinivivus",0,0,0,NA,NA
"Hirschia",0,0,0,NA,NA
"Candidatus Bodocaedibacter",0,0,0,NA,NA
"Candidatus Nucleicultrix",0,0,0,NA,NA
"Kordiimonas",0,0,0,NA,NA
"Pararobbsia",0,0,0,NA,NA
"Verminephrobacter",0,0,0,NA,NA
"Parapusillimonas",0,0,0,NA,NA
"Oligella",0,0,0,NA,NA
"Pollutimonas",0,0,0,NA,NA
"Ideonella",0,0,0,NA,NA
"Leptothrix",0,0,0,NA,NA
"Aquincola",0,0,0,NA,NA
"Piscinibacterium",0,0,0,NA,NA
"Eleftheria",0,0,0,NA,NA
"Candidatus Ichthyocystis",0,0,0,NA,NA
"Microvirgula",0,0,0,NA,NA
"Gallionella",0,0,0,NA,NA
"Sideroxyarcus",0,0,0,NA,NA
"Oryzomicrobium",0,0,0,NA,NA
"Ferrovum",0,0,0,NA,NA
"Sulfuriroseicoccus",0,0,0,NA,NA
"Roseibacillus",0,0,0,NA,NA
"Fontisphaera",0,0,0,NA,NA
"Lacunisphaera",0,0,0,NA,NA
"Horticoccus",0,0,0,NA,NA
"Rubellicoccus",0,0,0,NA,NA
"Maioricimonas",0,0,0,NA,NA
"Caulifigura",0,0,0,NA,NA
"Planctopirus",0,0,0,NA,NA
"Rubripirellula",0,0,0,NA,NA
"Thermogutta",0,0,0,NA,NA
"Telmatocola",0,0,0,NA,NA
"Poriferisphaera",0,0,0,NA,NA
"Humisphaera",0,0,0,NA,NA
"Limihaloglobus",0,0,0,NA,NA
"Candidatus Velamenicoccus",0,0,0,NA,NA
"Candidatus Electrothrix",0,0,0,NA,NA
"Desulfolithobacter",0,0,0,NA,NA
"Desulfobacca",0,0,0,NA,NA
"Stigmatella",0,0,0,NA,NA
"Oceanispirochaeta",0,0,0,NA,NA
"Thiospirochaeta",0,0,0,NA,NA
"Sulfonitrofixus",0,0,0,NA,NA
"Nitratifractor",0,0,0,NA,NA
"Hippea",0,0,0,NA,NA
"Alloacidobacterium",0,0,0,NA,NA
"Candidatus Magnetomonas",0,0,0,NA,NA
"Endomicrobium",0,0,0,NA,NA
"Sphaerobacter",0,0,0,NA,NA
"Dictyoglomus",0,0,0,NA,NA
"Carboxydocella",0,0,0,NA,NA
"Candidatus Epulonipiscium",0,0,0,NA,NA
"Desulfothermobacter",0,0,0,NA,NA
"Caldanaerobacter",0,0,0,NA,NA
"Acetohalobium",0,0,0,NA,NA
"Anoxybacter",0,0,0,NA,NA
"Thermanaeromonas",0,0,0,NA,NA
"Natranaerobius",0,0,0,NA,NA
"Amylolactobacillus",0,0,0,NA,NA
"Bombilactobacillus",0,0,0,NA,NA
"Siminovitchia",0,0,0,NA,NA
"Paraperibacillus",0,0,0,NA,NA
"Salipaludibacillus",0,0,0,NA,NA
"Halalkalibacterium (ex Joshi et al. 2022)",0,0,0,NA,NA
"Anoxybacteroides",0,0,0,NA,NA
"Guptibacillus",0,0,0,NA,NA
"Microaceticoccus",0,0,0,NA,NA
"Bombiscardovia",0,0,0,NA,NA
"Aquiluna",0,0,0,NA,NA
"Subtercola",0,0,0,NA,NA
"Frondihabitans",0,0,0,NA,NA
"Aurantimicrobium",0,0,0,NA,NA
"Homoserinibacter",0,0,0,NA,NA
"Marisediminicola",0,0,0,NA,NA
"Pseudoglutamicibacter",0,0,0,NA,NA
"Nostocoides",0,0,0,NA,NA
"Humibacillus",0,0,0,NA,NA
"Actinotalea",0,0,0,NA,NA
"Devriesea",0,0,0,NA,NA
"Allobranchiibius",0,0,0,NA,NA
"Luteipulveratus",0,0,0,NA,NA
"Austwickia",0,0,0,NA,NA
"Luteimicrobium",0,0,0,NA,NA
"Jonesia",0,0,0,NA,NA
"Ammonicoccus",0,0,0,NA,NA
"Salinispora",0,0,0,NA,NA
"Winkia",0,0,0,NA,NA
"Changpingibacter",0,0,0,NA,NA
"Buchananella",0,0,0,NA,NA
"Crossiella",0,0,0,NA,NA
"Allokutzneria",0,0,0,NA,NA
"Candidatus Spongiisocius",0,0,0,NA,NA
"Anabaena",0,0,0,NA,NA
"Acaryochloris",0,0,0,NA,NA
"Thermoleptolyngbya",0,0,0,NA,NA
"Thermocoleostomius",0,0,0,NA,NA
"Stanieria",0,0,0,NA,NA
"Thalassoporum",0,0,0,NA,NA
"Gloeomargarita",0,0,0,NA,NA
"Desertifilum",0,0,0,NA,NA
"Candidatus Lucifugimonas",0,0,0,NA,NA
"Thermobaculum",0,0,0,NA,NA
"Candidatus Brevifilum",0,0,0,NA,NA
"Caldilinea",0,0,0,NA,NA
"Fimbriimonas",0,0,0,NA,NA
"Marinithermus",0,0,0,NA,NA
"Truepera",0,0,0,NA,NA
"Candidatus Mycosynbacter",0,0,0,NA,NA
"Halalkaliarchaeum",0,0,0,NA,NA
"Halopenitus",0,0,0,NA,NA
"Salinigranum",0,0,0,NA,NA
"Halobellus",0,0,0,NA,NA
"Natronococcus",0,0,0,NA,NA
"Natronorubrum",0,0,0,NA,NA
"Halomarina",0,0,0,NA,NA
"Halomicrococcus",0,0,0,NA,NA
"Halorientalis",0,0,0,NA,NA
"Haloarchaeobius",0,0,0,NA,NA
"Methanofollis",0,0,0,NA,NA
"Methanosphaerula",0,0,0,NA,NA
"Methanocorpusculum",0,0,0,NA,NA
"Methanosphaera",0,0,0,NA,NA
"Archaeoglobus",0,0,0,NA,NA
"Ferroglobus",0,0,0,NA,NA
"Geoglobus",0,0,0,NA,NA
"Sulfodiicoccus",0,0,0,NA,NA
"Desulfurococcus",0,0,0,NA,NA
"Wotdevirus",0,0,0,NA,NA
"Fohxhuevirus",0,0,0,NA,NA
"Besingivirus",0,0,0,NA,NA
"Kolpuevirus",0,0,0,NA,NA
"Mahlunavirus",0,0,0,NA,NA
"Hnatkovirus",0,0,0,NA,NA
"Epseptimavirus",0,0,0,NA,NA
"Bixzunavirus",0,0,0,NA,NA
"Fengtaivirus",0,0,0,NA,NA
"Getalongvirus",0,0,0,NA,NA
"Moineauvirus",0,0,0,NA,NA
"Trichovirus",0,0,0,NA,NA
"Ephemeroptericola",0,0,0,NA,NA
"Alysiella",0,0,0,NA,NA
"Methylotenera",0,0,0,NA,NA
"Candidatus Profftella",0,0,0,NA,NA
"Ewingella",0,0,0,NA,NA
"Winslowiella",0,0,0,NA,NA
"Paramixta",0,0,0,NA,NA
"Pragia",0,0,0,NA,NA
"Pseudohongiella",0,0,0,NA,NA
"Ahniella",0,0,0,NA,NA
"Bacterioplanes",0,0,0,NA,NA
"Bermanella",0,0,0,NA,NA
"Marinicellulosiphila",0,0,0,NA,NA
"Psychrobium",0,0,0,NA,NA
"Alishewanella",0,0,0,NA,NA
"Alkalimarinus",0,0,0,NA,NA
"Granulosicoccus",0,0,0,NA,NA
"Methylovulum",0,0,0,NA,NA
"Mergibacter",0,0,0,NA,NA
"Sinimarinibacterium",0,0,0,NA,NA
"Sulfurifustis",0,0,0,NA,NA
"Nereida",0,0,0,NA,NA
"Lentibacter",0,0,0,NA,NA
"Neotabrizicola",0,0,0,NA,NA
"Candidatus Endolissoclinum",0,0,0,NA,NA
"Aristophania",0,0,0,NA,NA
"Candidatus Neoehrlichia",0,0,0,NA,NA
"Candidatus Cytomitobacter",0,0,0,NA,NA
"Candidatus Levibacter",0,0,0,NA,NA
"Desulfocapsa",0,0,0,NA,NA
"Stratiformator",0,0,0,NA,NA
"Rubinisphaera",0,0,0,NA,NA
"Symmachiella",0,0,0,NA,NA
"Anaerohalosphaera",0,0,0,NA,NA
"Candidatus Rhabdochlamydia",0,0,0,NA,NA
"Sulfurihydrogenibium",0,0,0,NA,NA
"Methylomusa",0,0,0,NA,NA
"Fervidibacillus",0,0,0,NA,NA
"Fodinisporobacter",0,0,0,NA,NA
"Yinghuangia",0,0,0,NA,NA
"Carbonactinospora",0,0,0,NA,NA
"Williamsia",0,0,0,NA,NA
"Humidisolicoccus",0,0,0,NA,NA
"Intrasporangium",0,0,0,NA,NA
"Barrientosiimonas",0,0,0,NA,NA
"Mobiluncus",0,0,0,NA,NA
"Natronosporangium",0,0,0,NA,NA
"Richelia",0,0,0,NA,NA
"Chlorogloeopsis",0,0,0,NA,NA
"Tolypothrix",0,0,0,NA,NA
"Gloeocapsopsis",0,0,0,NA,NA
"Crocosphaera",0,0,0,NA,NA
"Pelolinea",0,0,0,NA,NA
"Candidatus Absconditicoccus",0,0,0,NA,NA
"Candidatus Fervidibacter",0,0,0,NA,NA
"Halosolutus",0,0,0,NA,NA
"Halosegnis",0,0,0,NA,NA
"Candidatus Nanosalina",0,0,0,NA,NA
"Aeropyrum",0,0,0,NA,NA
"Candidatus Nitrosocaldus",0,0,0,NA,NA
"Conexivisphaera",0,0,0,NA,NA
"Delmidovirus",0,0,0,NA,NA
"Kanagawavirus",0,0,0,NA,NA
"Timshelvirus",0,0,0,NA,NA
"Frederiksenia",0,0,0,NA,NA
"Phytopseudomonas",0,0,0,NA,NA
"Ketobacter",0,0,0,NA,NA
"Novilysobacter",0,0,0,NA,NA
"Litorivicinus",0,0,0,NA,NA
"Marinimicrobium",0,0,0,NA,NA
"Curvibacter",0,0,0,NA,NA
"Pusillimonas",0,0,0,NA,NA
"Rugosibacter",0,0,0,NA,NA
"Chenggangzhangella",0,0,0,NA,NA
"Salinarimonas",0,0,0,NA,NA
"Aestuariibius",0,0,0,NA,NA
"Pseudophaeobacter",0,0,0,NA,NA
"Roseicitreum",0,0,0,NA,NA
"Ponticoccus",0,0,0,NA,NA
"Pseudoblastomonas",0,0,0,NA,NA
"Paramagnetospirillum",0,0,0,NA,NA
"Neoasaia",0,0,0,NA,NA
"Candidatus Nesciobacter",0,0,0,NA,NA
"Candidatus Hydrogenosomobacter",0,0,0,NA,NA
"Fundicoccus",0,0,0,NA,NA
"Anaerocellum",0,0,0,NA,NA
"Okibacterium",0,0,0,NA,NA
"Allosaccharopolyspora",0,0,0,NA,NA
"Fischerella",0,0,0,NA,NA
"Halomontanus",0,0,0,NA,NA
"Natronobacterium",0,0,0,NA,NA
"Thermogladius",0,0,0,NA,NA
"Zukovirus",0,0,0,NA,NA
