candidate_id	length_nt	gc_content_rnafold	mfe	mfe_per_nt	structure_or_error
Adalimumab_HC_topk_47	1416	0.4286723163841808	-372.2	-0.26285310734463274	.(((((.(((((((....((((((....((((............((((((((((.(.((((((.((((((((((.((.(.......).)).))))))....)))))))))).)...))))))))))(.(((.((((((((((((......(((((.....((.(((.(((((.((....)).)))))))).))((((((((.(((((..((((((..((((((((...((((...(((((.((.......))))))).))))))))))))..)))(((((((.............)))))))...)))....))))).)))))))).(((((.((.(((((.....)))))((((((((.((((...((((((....(((.......)))...)))))).)))).))))))))....)).))))).(((((.(((..((((.((.((((((((((.((.......((((.......)))))).)))))))))).)).))))...))))))))...(((.(((...(((((......((((((((((..(.((.((((((......)).)))).)).)..))).....))))))).........)))))...))).)))...)))))((((((((.((((.(((((((.....)))))...............)).)))).))))))))....(((((......(((((((((((....(((.((((..((((((...))))))....(((((.....))))).)))).)))...((((((((((((......(((((((((...(((((((.((((..(((...(((..........)))..)))..))))...))).))))(((((((....)).))))).(((((.........(((((((((((.....((((((((.((((((................))))))(((((.....((((.((((........)))).)))).....)))))...))))))))...)))))))))))((((..........((((...(((...)))...))))))))((((.((((((......))))).)...))))..)))))...)))))))))....(((....)))..)))))))))..)))........((((((...((.(((.....))).))))))))((((((.....((((((((((.......(((((((((..((((..((((...)))))).))..))))...(((........)))..)))))))))))))))...))))))))))))...)))))....))))))))))))))).)).))).)(((.((((((.(((((......)))).).)))))).)))...)))).......))))))....))))))).)).)))...... (-372.20)
Adalimumab_HC_topk_39	1416	0.4258474576271186	-377.7	-0.2667372881355932	..((.(((((....))))).)).....((((.((((.(((((((..........)))))))..)))).))))((((.(((((((((((....((..(((.((((.((((((.((..((....))..)).))))))...)))).))).............))....))))))))))).)))).(((((((((((((..((...(((((...(((...(((((((..((((......))))...(((((...)))))(((((..(((((.((((.(((((((((.((((...............(((((((.((....)))))))))...((((((((....(((((....)))))..))))))))...........))..)).))))))))))))))))))..(((((..........)))))...(((.....((((((((..........)))))))))))))))).)))))))(((((...)))))...))))))))..((((.(((((((.((((((..((((.((((.(((...))).)))).))))((((((((......))))))))(((((.(((((((.(((............((((((((.(((((..(((.((.....))))).))))).))))...........(((((((.((.......((((.(((...........(((((.........)))))..((((((((((((.......((((........))))...(((((((.....(((...))).......)))))))......(((..........)))..........(((((((((((((.((((((.(((((.((......)).))))).))).))))))..........((((.....(((((((...((((((((((((((..(...)..)))))).))))....(((.((((((.....(((..(.......)..))).....)))))).).)).....)))))))))))...)))).(((((((........)).))))).)))))))))).....(((((((.(((.((((.(((((((......))))....))).)))))))....)))))))..(((((.......)))))(((((.((((((((((.((((..........))))))))....)))))).)))))))))))).))))).))).))))))))))))))))).((((((((..((..(((((((((((.........((...((((.((.((((.((((.(((....((((........))))..))).))))...)))).))...))))...)))))).)))))))..))))))))))))).)))))))))))))))).)).))).)))).))))))..))))))).))))))... (-377.70)
Adalimumab_HC_topk_22	1416	0.4244350282485876	-369.3	-0.2608050847457627	.(((......)))...................(((((((.....((((((.((......)).)))))).......(((((((((...(((((..((((..((((((((...))))...)))).((((((.((((((.(((((((.(((((((((.(((((....((.((..((((((......))))))..))))((((((.(((((..((((.....((((((.((((..((((.....)))))))))))))).(.(((((((....(((((((((.(((...(((((.((((((.((((....))))..)))))).....((((((((((.(((....(((((....)))))..))).))))..........((((((((((.......)))))))))).((((((...(((((((.....(((......((((((.((((.((.((.........((((..((((((..((.......)).)))))).)))))).)).)))).))))))...))).(((..(((((((.(((.(((((((....((((.(((((.(((((.......))))).).)))))))).)))))))...)))..)))))))..)))(((........))))))))))))))))....((((((((.((.......((((((....)).))))..........(((((((((.(...(((.(((((((.(((((.(.........(((((......))))))))))).).))))))..)))...).)))))))))..((((((((((((.((((...............)))))))))..........)))))))....(((.((((.(.((...((((((.......)))))).....)).).))))..)))...((((..(((.(((((.......)))))..)))....))))..)).)))))))).)))))).(((((..((((((((....))))))))..))))).)))))))).)))))))))....(((.....)))...(((.((....)).)))....))))))).)((((...((........))....))))....((....))....((((.....))))....(.((((........)))).)..((((((((...(((((....)))))....))).))))).))))..)))))))))))))))).))))))))).))))))))))......)))...)))))).....))))..)))))......((((((....))))))...........((((....((((((......((.(((((....((((......))))...)))))))))))))....)))))))))))))...................................))))))) (-369.30)
Adalimumab_HC_topk_67	1416	0.4230225988700565	-380.9	-0.26899717514124294	.((((...((((((......)))))).....((((((...((((..(((.....)))..)))))))))).....(((((((((((((((((((((..((((...)))).)))))))(((((...((.((((((((....((((((((......((((((((...))))(((((..((((((..(((.....)))...(((((.(((((....(((((.(((..........)))..)))))))))).)))))(((((((((.((((((((..(((.(((((.............))))((((((....)))))).((((((.....))))))....((((((...))))))).))))))))))).)))))))))((((....(((((.....(((.(((..((((((..((....))))))))))).))).......)))))....))))......)))))).....))))))))).......)))))))))))))))).(((.((((((((.((((......((((((((((((.........)).))..)))))))))))).)))..))))).)))..........))...)))))...))))))((.(((((((((..((((...(((((.((((.(((((......)))))(((...((((((..........((((((((...................))))))))....((((((.(((..(((....))).........(((((..(((((..(((((....((((((((((((.(......(((((....(((((((((........(((......))).((((((((........)))))))).(((.((..((((.(((....)))))))..)).)))..(((.((((...((((((((((.((.........)).))).))))))))))).)))...))).))))))(((((((((((....))))))))))).......))))).....).))))).).)))))).))))))))))..)))))(((((((((......)))))))))...(((.....)))...................))).))))))..(((...))))))))).)))((((((...((((((((((((...((((........))))........)))))))....((((((...))))))(((......)))))))).))))))...))))..)))))))))..))))))))).))))))))))..((((((..((((((..(((((((..((((((((((......)))))..)))))..)))).)))((((((((((....))))))))))......((((........))))..))))))....))))))))))((((((.........)))))) (-380.90)
Adalimumab_HC_topk_65	1416	0.422316384180791	-353.7	-0.24978813559322033	.(((......)))..((((((.................((((((.((((((((.(((.(((.((((((((.(((((......))))).))(((((((((((.....((((((((((((((((.((..((...))..)).))))).))......))))))))).))))).)))))).........(((((..(((((.....(((((((((((.((((.(((..........)))..))))...)))))).......(((((.(((.......((((((....(((((((((....))))))))).(((((((((.......(((((((.((((((....)))).)).((((((((((((.....)))))))))))).((((.....))))((((((.(..((((((((........)))))))).).))))))..((((((..((....))..)))))).....)))))))........(.((((((((.(((.(((.(((((..(((((....)))))...((((.((((.(((...))).)))).)))).((((..((((........)).))...))))..)))))..)))...))))))))))).)..........)))))))))..)))))).......))).))))).((..(.((.(((......)))..)).)..))....((((((..................)))))).........(((((.......)))))......)))))....)))))..))))).))))))))).)))((((((((((................(((((.((((.(((((...((((((........)))))).(((........)))((((.((((....))))))))..)))))..))))..)))))))))))))))((((..(((.......)))..)))).....))))))))))))))((((((((......))))))))..((((....))))...(((....)))..((..(((((((((.((......(((((.(((...((..(((((((((...((...((((((.....((........)).....((((........).)))(((((.....(((.((((((((((..(((.....)))...((((((((....((((((...(((..((((..((((......))))..))))..)))...))))))(((((((((((.(.....(((................))).).))))..)))))))...))))))))..................((((.........)))).))))).....))))).))).....)))))))))))..)).)))))).)))..))...))).))))).....)).)))))))))....)))))))) (-353.70)
Adalimumab_HC_topk_15	1416	0.422316384180791	-372.3	-0.26292372881355935	..(((((.((((.................((((.............)))).......(((((((...(((.....))).....))))))))))))))))..((((((((((((.....((((((..((((.((.((((((((...(((((((.((((.((((((((.(((.......))))))..)))))..)))))))))))((((((((((.((((..(((((..(((.(...........)))))))))))))..))))..)))))).......(((((((...............)))))))..........((((((((((((......)))))......((((.......))))....(((((((((((((.....((.(((.....((((((..(((((.((((....)))))))))..))))))(((.(((((.((((.(......).)))).)))))..)))..((((((((((((((((...))))).)))))))))))((.((((.....))))))((((..(((((((((((((((...(((((((((((........((..((((.(((........)))..))))..))...((((((((((.((((.((((((((((...((......))..)))))..)))))....((((((((((.........(((((((((((((........(((((.(.........).)))))..(((....)))...((((....))))((((((((((((((((((((.((..((((.(((((((..............(.((((.(((((.......(((...((((((((........)))))))).)))..))))).)))).)........)))))))))))))))).........)))..))))..))))))))))........(((.......)))...(((((((((...(((((((((....)))))))))..((......)).))))))).))..)).)))))).)))))..)).))))))))...)))).))))..)))))).(((((((((.(((((.........(((((..((((...)))).....)))))..(((.((.(((.....(((((((((((((.(((((.((((.......))))...)))))..).))))))))...))))...)))))..)))......))))))))))))))......)))).)))))))..))))..(((((((........))))))).....)))))).)))))..))))))).))......).)))))))))))))))))))((((((((((....))))).))))).(((....((.....))....))))))))))))))))))))))).....)))).)).))))))... (-372.30)
Adalimumab_HC_topk_26	1416	0.423728813559322	-354.3	-0.25021186440677967	..(((.......((((((.((((((..(((.((((((..((((........(((((((((((.(((((((..(((.((....)).)))..)))))...)).)).((((((((((...)))).((.(((((.((((((.((((((....((((((..((...))..))))))(((((...((.((((.....)))))))))))(((((((((((.......((((....((.((((.....))))))((((.((..((((((..........((((....))))..(((((....(((.(((......)))))).(((.....))).(((((((((((............((((..((((.....))))(((((...((((....)))).....)))))..((((((((........))))))))..)))).............)))))))))))..)))))))))))..)).))))((((..((((.((....)).)))).))))(((((....)))))....))))......))).)))).))))..)))))).))))))..))))).))(((....)))..((((((((((((.((((((((...((..(((((.((((((..((((....))))........(((((..((((......(((((.........))))).......(((((((..................)))))))..........((((.((((.(((........))).....)))))))))))))))))(((((((((......((.....))....))))))))).)))))).(((((((((...(((((((...((((..(..(((((.....((...(((.((((....)))))))..))...))))).)..))))....))).)))))))))))))..(((((((.((((...((((((((.((((........)))).))).))).)).)))).)))))))..))))).))...))))))))..))))))).)))))(((....)))(((.((((....)))).))).))))))......))))))))).....))))..)))))))))...))))))...))))))........)))((((((((((.(((.(((.((..........)).)))....))).)))))...)))))......((((.((((.((.((......)).)))))).))))...(((.((((.(((..(((((((....(((((.....((((((.(((((((........................)))))))...)))))))))))....(((((.((((...(((.....)))....))))...))))).....................))).))))..)))))))..)))... (-354.30)
Adalimumab_HC_topk_79	1416	0.4194915254237288	-374.9	-0.2647598870056497	...............((((((((((..........(((((((((...((((...((((..((....))..))))...))))...)))))))))(((((((.((((((((((.((((((((((((.......((((((..((((((((..((((((((....))).)))))))))))))......))))))))))))))))))(((((((((.......)))))))))((((((...))))))..........(((((((((((((............(((....(((..................))).(((((((((...((((...((((((((((.((.....)).))).....)))))))....)))))))).)))))(((((((((.(((((.(((.(((((....))).)).))).)))))..))).)))))).)))))).)))))))))))))))))..........((((((.(..(((((((((..((((((((..(((((....))))).....))))))))))))((((((....(((((....((.((((.((....))))))))......)))))))))))......)))))..)..)))))).((((.(((..(((((((..(((.(((......((((........))))......))).)))..))))))).)))))))((((......)))).......))).)))))))......((((.((((((....(((((((((((.((....(....)....)).))))))))....(((((((((((((((...(((((((((((...)))))..((((((.((.....))))))))((((.(..(((((((.((((.(((..((((.(((....)))....))))..))).)))).))))))).).))))......(((((((...((((..(((.(.((.((..((((......))))..)))).).)))..))))....)))))))........))))))...))))))))...)))))))(((((((......)))))))..((((.(((((((........(((((...(((..(((((..........))))).)))....(((((.((((((.((.((((.((...((((........))))..))))))..((..(((((((((((...)))))).)))))..)))).)).)))).))))).((((((((...((..........((((....((((.(((.........))).))))))))...........))....)))))))))))))....))))))).)))))))...)))))).))))(((..(((((((.....)))))))..)))....)))...))))))).((((((.........)))))) (-374.90)
Adalimumab_HC_topk_54	1416	0.4201977401129944	-386.2	-0.27274011299435025	(((((((((((((........)))))))))...(((((.(((..((((((((.(((.((.(((.....((.((((.....))))(((((((((.(((((((((.((((((((((..((((((..(..(((((((((((((((((((((..((((.(........))))))))))))))....(((((((...((.((.(((.....)))))))...)))))))....(((((((..((((((.(((((..((((((((((((((..((((......(((....)))((((((..(((((.........)))))....)))))).((((......))))((((((....))))))..)))).)))))).))))))))..)).)))..)))))).((((((..((((.(((.(....).)))))))..))))))...(((((............))))).(((((((((..((...((((((......))))))..))..)))))).)))..((((((((((..((((.(((((.(....).).)))).))))....))).))))))).....))))))))))).....))))))))..))))))).))))))............))))))))).))))..)))))))))....((((......((.(((((((...))))))).))......((((..........((((((((..((((...)))).(((((((...)))))))...(((((.....)))))(((((((..(....)..)))))))......(((((((.((((......)))).)))))))((((...(((((((.(((...))))))))))...))))..)))))))).........)))).))))..(((((....)))))))..))).)).)))))))))))....)).).))))).........(((((((((.........((((((.....(((..((((((((((............))))))))))..)))......))))))..(((((.(.(((((((.(((((.(((((((((.(((((.(((............((((.((((...((((..(((...))).))))....))))))))...((.(((((((((....((....(((((((((((...)))))))))))...))...)))))))))..))(((((.((.(((((((........(((....)))................))))))))))))))..((((((....)))))).((..((.((...........))))..))....))).))))).))).)))))).).))))..))))))).)..)))))...)))))))))..))))..................(((((......))))).. (-386.20)
Adalimumab_HC_topk_66	1416	0.422316384180791	-352.0	-0.24858757062146894	(((((((((((............))))..................)))))))........(((((((.....((((((((...(((((..(((((((((((..(.((((((...((((((((.(((((((.(((((((((.....)))..((((((((((((((((...(((((.....)))))...)))..((((..(.((((((((....((((((...((((((.((.(((.((((((..........))))))((((.((((((((((.(((((((((..(((....((((((((.........))))))))....))).((((((((.(((...(((((....)))))...))).)))....)))))..((.(.((((...(((.((((((((((..((((.((........))...)))).............)))).)))))).)))..))))).)).............((((((.((((........)))).))))))...((..(((........)))..))........))))).))))))))))))))))))......((((.........))))....)))..)).))))))(((((((..(((((.((((.(..((((...((((((.............)))))).....(((((((...))))))).................))))..).)))))))))...))))))).......)))))))))))))).)..)))).....(.(((.(((.((....)).)))))).)..(((((((.(((..................(((((.(.....).))))))))))).))))......))))))))))))))))))).)))))))..(((((((((((..(((..((((.(.(.(((..((((((...((.......))...)))...))).))).)..).))))..)))..))))).)))))).....(((((..(((..(((..((((((......))).)))..)))..)))..)))))..))))))))..((((((((((((((.(((((.(.((............(((((.(((((......((((((((...)))...((((((.......)).)))).....((((((......(((((.......))))).........((((((((((.(..(((......)))..).))))))))))...))))))...................((((((.....))))))...(((((....)))))...)))))))))).)))))............))).)))))..)).))))))))))))...)))))).)...))))))))))))))))...)))....)).))).....)))))))(((((.....))))) (-352.00)
Adalimumab_HC_topk_57	1416	0.4166666666666667	-366.0	-0.2584745762711864	....((((((...........................((((.(((((.(((((((((.((((((..(((((......(((....((((((((....(((((...)))))(((((...)))))......((((((((..(((((((((((.(((.(((((.(.(((...(((.((((((...((.((......))...)).....)))))).)))...))).).))))).))).((((((((...........((((((.....))))))...((((((((((...((..(((((((...............)))))))(((((((((..((....((((((.....))))))))..))))......)))))....))...))))))))))....((((((((((..(.((((((((((......)))..)).))))).)..)))....)))))))....((((((((((((......)))..))))))...))).......(((((.(((((((((((((....(((((((...((...(((((.((((....)))).))))).)))))))))(((((.((((....(((......)))......)))).)))))........(((((....)))))...........))))))...........((((((.....)))))).))))))).)))))........))))))))..)))))))))))...)))))))).................)))))..)))....))))))))((((((((.((((((..(.(((((.......((....)).....(((((.(((((.....(((.(((((..(......)..))))).)))(((((((..(((...((.((.(((((((((....)))))(((..((((.((((.......)))))))))))........((((.....)).))......((((((....))))))..)))).)).))....)))..)))))))..((((((((.((((((((.(((...((((..((((((......))))))....))))......(((........)))..((((.......))))..(((...))).....))).)))))))).((((....))))..))))))))..))))))))))(((((((.(((..((((((((......))))..))))..)))))))))).))))).)..)))))).))))))))........((((((........)))))).(((((....))))).......(((......)))))).))).)))))))....)).))))).))))....(((.((((.((((((((((((((........))))))).)))))))....)))).)))..))))))............ (-366.00)
Adalimumab_HC_topk_12	1416	0.4201977401129944	-356.8	-0.2519774011299435	...............................(((((((((((((((((..((((((......))))))...((((...)))).)))))))))(((((.(((((((((.(((((.....))))).)))).))(((((((((((((((((((.(((((.(((((.((..(((((((.((.((((((.(((...(((((..(.(((((...((((((((..((((....))))...)))))....(((((((.((((((((((((((((...)))))).(((((((.....................(((....)))...(((((((((((((((((....)))).......((((..((((.....))))..))))((((((..(((((((((...((((.(((((.(((((.(((..(((.......)))..)))..))))))))..))...))))(((((.........)))))))).)))))))))))))).))))))))))).((((((..(((.....)))..)))))).))))))).(((...((((.(((((.((((((.....)))))).).))))))))..)))..)))))))....))))))))))((((((((((..((((((....(((((.............)))))....)).)))).......((((((((...................)))))))))))))).))))....(((((((...))))))).....)))))))))..)))))...)))))))))..((((((((.....))))))))...)))))))))..)).............(((((((..(....)..)))))))..))))).)))))))))))).........))))))))))))........(((((((((((((((.(((.....(((...)))........)))))).................))))))))))))((.(((((.(((((((.(((...)))))))))).))...))).))......(((....))).((((((......))))))...))).)))))))))))))......((..(((((((((...((((((((......((((....))))...)))((((....))))...(((((((....(((((.......))))).))))))).((((((((((....(((......)))....))))))))))..)))))................((((((..........)))))).....(((.((((((((...(...((((((..(((((...))))).))))))...)(((((((((......)))).)))))((((((.((.(((((....)))))...)).))))))..))))))))))))))))))))..)).... (-356.80)
Adalimumab_HC_topk_50	1416	0.4159604519774011	-346.8	-0.24491525423728813	..(((((....(((.((((((........(((((.............)))))......(((((((.(...........((((((((((((.....(((.((((.(((.(.(((((((((.(........).)).)))))....((((...((((...(((((.((((((((.(((..(((((.(((....))))))))...))).)))))))).....((((((((((((((((......((((((...))))))((((((.(((((((((...((((((..............))))))....(((....)))........((((((..((((.(((((......(((.......))))))))...))))..))))))......((((((...((((((((((((.((.....(((.....................)))......)).)))))..)))))))........))))))....)))))))))....))))))(((((((((....)))))..........)))).)))))).......)))))))))))))))...)))).)))).....)).).))).)))).)))....))))))))))))..........).)))))))...(((((((((...(((.(((.(((........((((....))))((((((((...................)))))))).....(((((((((....((((((..........))))))..(((.((((((((((..(((((...(((((((...................))))))).((((.((.(((((.....((((((((((((..((..((.(((((.((......)).))))).))..))..).))))....))))))).....))))).))..))))(((..(((.......)))..)))..........(((((.....((.((((........)))).)).....))))).((((((((...)))))))))))))..))).))).))))..)))..............)))))))))..)))..(((((......)))))))).)))..)))))))))....(((..(((((.(((((.((((((((((.(((....))))))..((((.((((((((((.......)))))...((.((((((.....(((((((.((.(((.((((((...((((((((..((((...))))............))))).)))..)))...)))))))).))))))))))))).))....((((..(((..(((((..........))))).)))..))))..))))).)))))))))))))))).)))))..))).................)))))).)))...))))).......... (-346.80)
Adalimumab_HC_topk_72	1416	0.4173728813559322	-376.4	-0.26581920903954803	..((....((((((......)))))))).........((((...(((((.((((((((.((.((((((((((((((.((...(((((((.((((((....(((((((((((((.(((((.(((((((((((((....((((((((((((((((.(((((.((.(((...((((.......))))...))).))........((((((((((.......))))))))))((.((((.....)))))).))))))))))))))))))))).....(((..(((..(((((((......)))))))..)))..))).....((((((((((......)))).........(((((((...((((((....)))).)))))).))).))))))((((.(((((......))))).)))))))))....)))).))))))))).)))).(((.....((((((((((.((((((..(((....))).))))))...))).((...((((....(((((...)))))..))))...))..((((.(((((((((...))).)))))).))))..((((.(.((....)).)))))...............(((((((((..((((.......(((.(((...(((((.............)))))...)))..)))........))))...)))))))))........)))).)))..)))..((((.((....((.(((((......)))))))..))))))..)))))))))((((......))))))))))...(((.(((((....(((..((((((((...............((((((((((((((..........(((((.(((((((....((((..............))))...))))))).)))))...)))))))....((((...))))..........)))))))...(((((((...((((...(((((......))))).))))..))))))).......)))))))).)))..))))).)))...((...((.....))...)).))))))))))))))))))........((((.((((.........)))).))))(((...)))..........))))))).)))))).)).)))))...)))).(((((.((((....(((.((((((((((((...)))))).......((((((((((((((((.....(((....)))............((((((...((((((((.((......)))))))..........................(((((.(((......))).))))))))...))))))))))))))))).).))))((((....))))))))))..)))....)))).)))))..((((((....)))))) (-376.40)
Adalimumab_HC_topk_45	1416	0.4209039548022599	-358.0	-0.2528248587570621	...(((.(((((((....(((((((.((((((...((((..(((((((((....(((....((((((((((((..(((...((((((((((....)))))..)))))..))).)))))(((........)))))))))).....))))))))))))...))))...)))))).((((......))))((((..((((((((.(((((((((((..(((((....(((((((..............((((((((((.((((((((.(((((((.......(((((((.............(((...((((((((((((((((((((((((.((.((((....((((((.(((...((((........))))...........((((((..((....))..))))))))).)))))))))).)).))))))).....(((((((((.............)))))))))...........((((((((..(((....)))..))))))))...))))))))))...(((((((((((((((....)))))))..))))))))....((((.((((((((....)))).)))).)))).......)))))))....))).)))))))....)))))))..(((..((((.((.(.((((((..(((((......)))))..............(((.((((((......)))....))).)))....)))))).).))))))..)))..............)))))))).)).))))))))...((((((....(((.....)))..))))))..........((((((....)).))))......)))))))..(((((.((((.((.((..((((......(..((((((((.((......(((((.(((.(((((..((((.....(((.....(((.......))).....))).....))))...))))).)))..)))))(((((....))))).....)).))))))))..)..))))..)).)).)))).))))))))))........(((((((..((((....((((((......)))))).)))))))))))(((((..((((..(((((((((.....(((((.(((.....((((.(((..........((((((.....))))))..(((.(((.((......)).))))))...)))))))))).))))).....))))...)))))..............((((((.....))))))..))))..)))))...................((((((.((((.....))))))))))((((((((((....))))))))))......)))).)))))))))).))))).))))..)))))))........)))))))...)))... (-358.00)
Adalimumab_HC_topk_4	1416	0.4166666666666667	-358.84	-0.2534180790960452	..((((((..........................................))))))((((((.(((......)))))))))((((((((((((((((((.((((((((((((((...))))))))).(((..(((((((......))...)))).)..)))........)))))(..(((((.(((....))))))))..)((((((((((.......))))))))))((((((.((((((..(.(((..(.(((((((((.......((.((((....)))).))(((((((.(((((((....))))).)).))))))).(((((..((.(((((..........)))))))..)))))....))))))))).)..))).)((((((((.((((.(((((((...)))))))..((((((..((((((((((((..((((....(((.....((((.((((.......((((((((((.((.(((((((((.....((((((.(((((....)))))....))))))...)))).))))).)).))(((...(((((....((((..(((((..........))))).)))))))))...))))))))))).......)))))))).....)))))))..))........((((((.(((((......)))).).))))))......((..(((.((.(((...))))).)))..))......(((((...((((......)))))))))((((((((((((((((((((((...))))))))....(((((((((..((((.....))))...)))))))))....(.(((((...((((.(((((....))).)).))))...))))).)(((.....)))...(((......)))..)))).))))))).)))))))))))))......................(((((((.........(.(((((...))))).)((((((((((..((.(((((...(((.(((.(((..((((.((((((.....(((......((((....((((.....))))....))))....)))))))))...)))).))).)))))).))))).)).))))..))))))))))))).....))))))......)))).))))))))...........(((((....))))).(((((.(((.((......)).))).))))))))))))))))))))))))((((((((..((((((...((...((((((.((((....(.((((((..(((.........)))..)))))).)...)))).))..))))....))...)))))).)))))))).((((((((........))))))))..........(((........))).)))))))))))... (-358.84)
Adalimumab_HC_topk_76	1416	0.4173728813559322	-385.0	-0.2718926553672316	.(((((...((((((((((.((.(.(((((.......(((((((...............)))).))).........))))).).)).))).)))))))..))))).((((((((...))))))))..((((((..(((((((((.....((((((((((((((.((.(((.((..((((((...((.((((((((..(((..(((..((((.....(((((...((((.((....((((((..(((.....((((((((((............(((.((.......)).)))...((((((....))))))..(((((..((((.(((.........)))))))..)))))((((.(((..((....))...)))..))))))))))))))...((((((((((....(((((.(((((((...((((((((..(...(((.((((.((.(((.(.(((((..((.((..(((((.((((((((((((((((((((.(..(((((.((((((((((.(((((((((.((((((......)).)))).)))..)))))).).)))))))..)).)))....))..).))))))))).((((((.(((((...)))))))))))....(((((((((.(((.((..((..(.((((......)))).)..))..)).)))))).))))))((((((((..(((....)))....))))))))....((((((((((.((((((.......)))).((((((..(((......)))......))))))......(((((((..(((((....)))))..))))))).)).)))))))..)))..)))))))))))))))))).))..))))).).)))..)))))).)))...(((((....)))))(((.((((..((((((((....))))...)))).))))..)))..)..))))))))..))))..((((((((......(((((.((((((((((.(((...))).)).)).)))))))))))...)))))))).......))).))))).....))))))))))((((......))))......)))....))))))..)).))))...))))).....)))))))))).(((.....)))...((((........)))))))))))).)).))))))...((((.....((((.((((.((.((((...)))))))))).))))..))))(((((((.((((.....((((((.....))).)))....)))).)))))))..............(((.....)))..........(((((.(((((((..........))))))))))))..)).))).)).))))))))))))))......)))))))))....))).)))........ (-385.00)
Adalimumab_HC_topk_29	1416	0.4258474576271186	-368.8	-0.26045197740112996	((((.(((((......))))).............(((((((((((.(((((((((((..((.(((((...(((.((((((((((((.((((((.((((.(((((((((((((......))))).)))).))))......(((((.(((((.((.....((((((((..(((((..(((((...(((....)))((((((..((((...((.((.(((.(((((.((((((((.....))))..)))).))))).))).))..))....((.((((....)))).))..((((..(((((((....)).)))))..)))).((((((....(((((.(((((.....)))))...(((.(((...((..(((((((..(((..(((.........))))))..)))))))..)).))).))).((((((..((((...((((...((.(.....).))..)))).........(((((((((.((((((((((.(......).)))))).((((((((......(((((((((((............)))..))))))))))))))))(((((((((...((((....((((((.((.((....((((((((.....((((...............))))......)))))))))).)).)))).)).....(((((((...........(((((((.((.(((...))))).)))))))...........)))))))...(((........)))....))))..)))))))))....((((((((..................))).))))))))).))).))))))..(((((((.((.....))))))))).....))))..)))))))))))((((((....(((...((((....)))))))....))).))).(((..(((.......)))..)))((((((((((.((((((.(....((((((....))))))))))))).)))((((((((((.....))))).)))))......................))))))).......))))))))))..)))))).......((.((((...((((...))))....)))).))...............))))).(((((((((.(((...(((..(((((......))))))))))).)))))...)))).....)))))...).))))))))).))))).)))))...(((....)))..........)))).))))))))).........)))).)))))))))))))...))..)))).)))))))((((((........))))))))))))))))).....((((.(((........))).))))....))))..(((........(((........)))........))).... (-368.80)
Adalimumab_HC_topk_38	1416	0.413135593220339	-353.0	-0.24929378531073446	.(((.((((............................(((((((.....((((....)))).))))))).....((((.(((...((((((((((((((.((((.((.((.(((..(((......))).))).)))).)))).)))...............((((((((((((((.....)))))(((....((((..((((((..(((((((.((((..(((..((.((.((((.....)))))))).)))))))..)))))))....((((......)))).................(((((((((.....((((...)))))))))))))...((..((((....))))..))....((....))((((..((.(((((((((((....((((((((((((((....))).)).......)))))))))......((((.((((.(((((((..(((((((((................))))))......)))..)))..(((((....)))))......(((((.(((............)))...))))).((((..(((((.(((((((.........(((........)))......(((((.((.((((((....)))))).)).))))).....(((......))).....(((((...(((((...(((.((((((.((..((...((((..............))))....))..))..))))))..)))))))).))))).(((((((.(((...))).))...((((((((.................)))))))).....)))))(((((.......)))))))))))).))))).....))))..((((((.......)))))))))).))))))))..(((((((((((.......((((((((((.((...((((.((((((.......((((((...........))).)))......))).))).))))....)).))))))))))..)))))))))))(((((((..((((..(((...((.(((......(((.(((((...((....((((......))))...))...))))).)))....))))).)))..))))..)))))))....))))))))))))).))))..(((......))).((((((.....)))))).((((...)))).((((...((((((((((.......))).)))).))).))))..............)))))).))))..)))....((((.((.(.(((..(((((((...((........))...))))))).))).).)).))))((((((........)))))).))))))))))))))))))))....))).))))................)))).)))...... (-353.00)
Adalimumab_HC_topk_52	1416	0.4180790960451977	-364.6	-0.25748587570621473	..(((((((((......))))))))).................(((((((((((.........(((((((.((.((...(((((((((((((((.(((...))).))))).)))).))))))..)).))((((.(((((....((((((.(((((....((((.(((((((((((((.(((((...(((...(((...(((((.(((........)))((((((((((.(((((................))))).)))))...)))))........((((((..(...........)..))))))(((((((((.((((((((.....((((......))))......))))))))))...))))))).....((((.((((((.........))))))..)))))))))...)))...)))..)))))..))....)))))))))))........))))....)))((((((...(((((((((((.....)))))..(((((((((((((..((........))..))))).....))))))))))).....)))...)))))))).))))))..)))))...)))).))))))).(((....)))........((((((((...(((((((((((((.((((...((((((....(((((......)))))......((((((.......(((((......((((.((((...(((((.......((((.......))))........)))))))))..))))......)))))((((.(((.((((......))))..))).))))........((((((..(.(((((((..........)))))))).))))))))))))...(((((....).))))......(((((.(((((((..(((....))).))))))).)))))..........))))))...))))))))))....(((((.((((........)))))))))....((((((((...)))))))).......((((..(((((((.((....((..(((....((((((((...(((....((((((......)))))).)))....))).)))))..)))..))...)).)))))))))))........))))))).))))))))....((((((.....))))))..))))))))))).((((.(((.(((.....(((((.(((.((((.(((....((((((..((((...((((.........(((..(((.........)))..))).(((.((((........))))..)))...))))...)))))))))).....)))((((((....))))))..((((((((........))))...))))............)))).))))))))))).))))))) (-364.60)
Adalimumab_HC_topk_34	1416	0.4201977401129944	-381.5	-0.2694209039548023	...(((((((.(((((.............)))))..))))..............((.(((((.(((......))))))))))((((((((((.(((((...(((.(((..(((...(((.(((((((((.((((((.((...((((....).)))...)).)).))..)).))))))))).)))(((((..((((((((((.(((((((.(((.(((.(((((......((((((((...)))).)))))))))))).))).))....(((((((((.(((((................(((((((((...(..(((...)))..)))))))))).(((.(((((((((..((((.(((((((.((((((.(((((((.....((((((.....((((((((((.........(((((...(((((...........)))))...))))).....))))).)))))..)))))).........)))))))..)))).)).)))).)))))))..))......((((.((((.(((...))).)))).))))((((((((((..(((...(((((.((...........(((....)))(((((...)))))...........(((((((((((...((((((((.......))))))))...))).))))))))((((.((.(((....(((((........))))).)))...)).))))........((.((((........)))).)))).))))).))).)))))))))).(((((((..((((...((((((.........((((..(((..((.(((((((((..(((((((...((((...))))..(((.(((.((((.(((....))))))).))).)))..))))))))))))..)))).))...)))....))))......(((((((.((((.(((.((..........(((((((((....)))))))))..((((....)))).......))))).))))))...)))))(((((((..(((((...((.....))...)))))...)))))))..(((((......)))))))))))...))))..)))))))....(((((((.......(((((......)))))...(((.(((........))).)))..))))))).))))))).)))...))))).).))))))))..(((..((((........(((....)))........))))..))))))))))))))))).)..)))))..(((......)))....(((((......))))).)))...))).)))....))))).....(((((((..((((......)))).))))))).......))))))).)))(((((..........)))))...)))... (-381.50)
Adalimumab_HC_topk_73	1416	0.4117231638418079	-364.1	-0.25713276836158194	((((((..((((....))))........((((((..((((.....((((.((...(((((((..((((((((....)))))))).)))))))...)).))))..)))))))))).......((.(((((((((((((((((....)))).))))....(((...)))((((((.........)))))).((((((.((((..((((((........((((((....((((((.............(((((((....))))))).(((((((((.((((.....((((..(((((((((((((((....))))))....(((((((.((((((((((((((.......((((((..((((.....))))..)))))).((((.....))))((((((((((...(((.((((....)))).)))...(((((....((((((......))))))...)))))............)))).))))))(((((((.(((((..(((((((((((((...(((......)))...)))))..)).))))))..)....(((((..((........))..))))).......)))).)))))))......)))..))))))))))).)))))))....(((((.(((.((((((.((((((..................(((.(((..(((....((((((((((((...((((((.....((((...)))).......((((......))))(((((.((((........((((((((.....)))))))).(((.((.(((((.(......).))))))).)))((((((...((((((((.(....).)))))))).))))))((...((.(((.....))).))...)).)))).))))))))))).)))).)))))))).....)))..))).))).....))))))...).)))))....(((((......)))))))))))))........))))))))))))).....))))...)))))))))......((((((...((.....))...))))))..((((...(((((........)))))..))))...))))))))))))))))))....)))).))))))..((((((((((((((((..((((....(((((((((.....))))..)))))....)))))))))))).............))))).)))..(((....((((((.((((((.((((((.(((((((((.....))).)))..))).))))))...))))))((.((((((....)))))).))........)))))).....))).......((((((((........))))))))..)))))))))))...........)))))).................... (-364.10)
Adalimumab_HC_topk_2	1416	0.4096045197740113	-367.4	-0.25946327683615816	........(((.(((((((((((((((..............................((((((((.......))))))))))))))))))))))).)))...(((((......((((((((((((..((((.((((((.(((........))).))).)))...))))..))))........((.(((((...(((((....((((((((((.(((((..((((((((((..(((((((((((..((.((.((((....((((((.....))))))...)))).)).))...)))))))))))..)))))((.((((((((.(((((((.......(((((((((....(((((((..((((((.(.(((((....(((((((((.........)))((.((((((((........))))))))..))(((.(((.((((((((((.((..((((...(((((((((................((((((((((.(((...((((...))))(((.(((......))))))((.((((((((......((((.....((((((((.....)))))))).....))))..(((....)))....)))))))).)).................))).))))))))))........(((....)))......((((((..(((............))))))))).))))))(((((...(((.(((..((..((.(((((......))))))).))))).)))))))).)))..))))..))..)))))))))).))).)))..........((((....((.(((((((...(((((((..(....)..)))))))...)))).))).))....))))..))))))....))))).).)))))).))))))))))))))))(((((.(((((....(.(((((((((((((...((.(((.............))).))...)))))).))))))).))))))))))).....))))))).....)))))))).))..................((((...(((..(((.....((((......))))....)))..)))...)))).((((((.(((..(((........((((((.((...(((.............))).....(((((.(((.....)))..)))))......((((..((((....))))..))))..(((((.((((((((.((((.((((......((((........))))..((((((....))))))......)))).))))..)))))))))))))...)).)))))).......))).)))))))))..))))))))))))).)))))))....)))))....))))).))...))))))))......))))).... (-367.40)
Adalimumab_HC_topk_24	1416	0.4286723163841808	-371.5	-0.2623587570621469	..(((((((((((........))))))))........((((.(((((((((((.(((.((((((((((((..((((((((...(((((((.(((((((..(((((((((((.(((...))))))...(((.(((((((..(((.......))).)))).))).)))))))))))..))))))((((.....)))).(((((.((((((..((((((((..(((...((((...((((..(((((((...)))))))..))))......)))).))).))))))..))...)))))).)))))........((((.....((((((((((.((((((...((.((....)).))...))))))...)))..)))).)))..))))(((((...)))))....((..((....))..)).).)))))))..)))))))).)))))).(((((........)))))............((((.....))))..)))))).))).))).(((..((..((((......))))..)).))).((((((.(((((((...(((((((((((.....(((((((((......((((.((.........)).)))).......((((.((((.(((((((..(((.(((((((.(((((((((((.....((...((((.....))))...)).....(((((...(((((..(((((........(((...((.(((((((...))))))).....(((((((((((.....((((.((.((((((((.((..((((((((((((((((((......))))..)))))))))..)))).......)..))))))))))..)).)))))).))))))))).((....))))...))).........))))))))))....))))).(((((((((.(((.((...((((((...((((((((................)))).)))))))))).))))).)))..))))))))))))))))).)))).)))(((((.(((....))).((((((......))))))......(((..(((...(((.....)))....)))..))).......((((((.....))))))...........(((((.(.((((((.....(((((......)))))......)))).)).).)))))....))))))))..))))))).)))).)))).....)))))).))))))))................)))((((((.((......)))))))).......)))...)))))))..)))))).)))))))).))))((.(((((.(((.....)))..)))))))(((((((.....)))))))........((.(((((((....))))))).)).)))........ (-371.50)
Adalimumab_HC_topk_68	1416	0.4293785310734463	-377.4	-0.26652542372881355	.((((.(((((...(((.................(((((((.(((((.((.......((((((((.......))))))))((((((.(.((........)).))))))).........((((((((((((.(((......))))))))..)))))))((.(((.....)))))...((((((.(((....))).))))))..(((..(((((..(((((((((((...((.......((((((.((((.(((((((((((..(((((((......(((((((.((.......)).))))))).(((((.(((...(((((.(((((.((((((..((((((.....((((((((((((((((......(((...)))..((((...........))))....)))))))))))).))))....(((.(((.....))))))...((((((....))))))..(((((................)))))..((((((....)))))).(((((((.(((((((...(((((((.((..((((((....((((.....(((((((.......)))))))......))))))))))....))..))))))).....))))))).))))))).....))))))..))))))..))))).......)))))..))).))))).))))))).....))))))).((((..............))))((((((...(((((.................((((.(((.((...(((....))).)).))).)))).....(((((((................)))))))..(((((..((((((..((((((((((.((((((.((...((((.(((....))))))).....)).))))))..))))...)))..)))..)))))))))))(((.....))).............(((((((((.(((((((((........)))))))..........)).)))))))))))))).))))))(((((...((.........((((.(((........))).))))(((.((((.((((.....((((......((((...))))...........(((((((((.....((.((((.......)))).))...))).....(((((((...........)))))))(((((((....)))))))........)))))).))))...)))).))).)...)))....................))..))))).)))).)))))))))).......))...)))))))).)))..))))).....))))).))))).))))))).....((((((((........)))))))).....................))).))))).))))............... (-377.40)
Adalimumab_HC_topk_14	1416	0.4265536723163842	-375.3	-0.26504237288135596	.(((......)))...........(((((((.......((((.....(((((((((((((((((....((((((..(((((((((((((((.((((((...))))))((((.((((.(((...(((((((((.((((((.((....................)).)))))).))(((((.((((..(((....)))..))))...))))).....)))))))...)))))))...........((....(((.((((((............)))))).)))....)).....((..(((((((((((..(((((..(.......((((((.((((....)))).)).))))(((((((((.....((((.((.((..((..((....))..))..)))).)))))))))))))...)..)))))..)))))))))))..)).))))(((((((....((((((((((......((((.((((.(((((....(((.(((((((((((((((((..(((......)))(((((.(....).)))))...(((((((((.((......))))))))))).............((((((((........(((((((((((...)))))((((((((...((((((((.......))))))))...)))).))))..((..((((((((...(((((..........))))).......(((((((((..((((((((((......)))).))................(((((((((...))))).)))).........))))))).))))))........(((((..((((((((..(((((..(((...)))...)))))..)))))))))))))(((((.(.(((.((((............))))...)))..).)))))..))))))))..)).)))))).........))))))))..((((((((......))))))))((((((.((((((((.(((...))).).))))))))))))).(((((....(.(((((((..........)))))))).))))).((((......))))......)))))))...)))))))))))))....((((....)))).)))))..))))))))........)))).........((((((((.......))))))))(((((((((((((......)))).)).)))))))......))))))...)))))))............)))))))((....((((((....))))))....)).)).)))))))))))))))))))........(((((.(((((((..........))))))))))))..)).))))))))....))))........))))))).........(((((....))))). (-375.30)
Adalimumab_HC_topk_48	1416	0.4258474576271186	-367.2	-0.2593220338983051	......(((((............))))).((((..((((((((((..((((((((((((....)))).)))).....))))..))))))))))..))))..((((((.(((.(((.((((((((...(((.(((...((((....(((...))).....)))).)))..((((((.....))))))......((((((((..((((.(((((.(((((((((((.((((..((((.....))))))))))))..........(((((.(((((((.((((((.(((((....((((((.(((.((((...(((......))).....)))).)))))))))........(((....((........))...)))))))).)))))).)).))))))))))...((.((((..(((((((((((((((((((((.((((((...(((((.(((.(((.(((.(((((.(((((...(((..((((((((((.((((..((((((((..((((((((((((((((......(((.((...(((.(.(((((......(((((((((......((.(((((.((((((...(((((((...........))))))).((.((((((((((((((((...((.(((...........))).))...))).)))))).((.(((.....)))..))........))))))).))....)))))))))))))))))))((((........))))...)))..))))).))))....)).)))....)))))))))))(((((((((..((((.......((((..((((.(.....).))))......((.((((((.....((((((((((((((((((..((((..(((...(((......))).)))..))))....)))))))))...))))))))).........)))))).)).((((((....(((.(((((...))))).)))((((....))))..)))).))....))))......)))))))))))))...)))))))).)))))..)))).))))((((....((((((......)))))).))))....(((..((((((((...((((((....)).)))).))))..)))))))...(((((((.((..(((((.......)))))))))))))).((((...))))))))))..)))...))))))))))...))))))..))))))))..................((..(((.........)))..)).........))))))))).))))))).)).)))).))))).))))))..(((((..........)))))..))))))))).))).)))))))).))))....)))...)))))))).)))..)))..))))))... (-367.20)
Adalimumab_HC_topk_35	1416	0.4244350282485876	-367.6	-0.25960451977401133	..((((((((((((..((....))..)))).))))..((((((.((((..........)))).)))))).))))..(((((((.......)))))))....((((((.(((((.((((.(((((((((((((((((..(((((.....(((((..(((((((((((....((((((...(((..(((((((((((((((((((((.((((((........((((((((.(.((((.....)))))...((((((((.....((((.......)))).....))))))))))))))))........((((((((((((((((.....)))))).......))))))..)))))))..)))..))))))))))).............(((((..(.(((((.(((((((.((((.(((((((.(....(((...(((..(((((...((((.((.(((((((((..........)))))))....)).)).))))..))))).))))))..((((.((((......)))).)))).).))))))).))........))))))))).))))).)..))))).........(((((.............))))).......))))).)))))..)))..))))))...(((((((((((.(((.(..((((((((((....(((((((((........((((((((............((((((.......))))))((((...((((.......((((.((..(..((((......)))))..)).))))((((((((((((.((((......)))).)))))))....)))))....(((((.((((...)))).))))).(((((((((((.((((((((..(.((((((((......))))...)).)).)..))))))))...))))))..)))))....((((((...((.((....((((....)))))).))....)))))))))).))))))))))))........))))).)))).....)))))))..)))..)))).........(((((((((((.(((.(((.....((.....))....))).)))...)))..))))).)))(((((....))))).......))))))))))).((((............)))).(((((.....)))))((((((...)))))).((((.(((((....)))))..))))..(((.....)))...........((((.((((((..(((.........)))..)).))))...))))))))))))...)))..))))).))))).))))))).))))))))))...............(((((((.....)))))))................)))).)).........)))))))))... (-367.60)
Adalimumab_HC_topk_19	1416	0.4244350282485876	-377.3	-0.266454802259887	.......................(((((((((((...((.((......((((((..........((((.((((.((((((((((((((((...(((((...)))))....))))).)))))).))))).)))).))))...........))))))......))))....))))))))..)))((((((.((((((..((..(((((...(((((......((((((((((((((((.....))).))))((..((((((((((((......(((.((.......)).)))......)).))))))))))..))..((((((.((((.(((((...((((((.(((((.((((((..((((.(((....))))))).......(((((.(....).)))))..)))))).)))))))))))))))).).)))...))))))..)).))))))).....)))))..(((.(((((((.(((((((((((((((((.((.....(((((((((((....((((((((((.....(((((((((.((((((...(((((((((..........(((((((((..(......)..))))))))).......(((((((...((....((((((...(((((....(((.....(((((.(.....)))))).....)))...)))))....................(((((((.(((...(((.(((((.(((((((...((.(((((.(((((((..(((((((((..((...(((((((((((((((...................))))))..........(((((((((((((.(((.((((((((.(((........(((.....((((....))))....)))))).)))...))))).))).)).)))))).))))))))))))))....))........(((((((((((((((.((.((((..((((........)))).....)))))).))))))).))....))))))....)))))))))..)))))))...).)))).))..)))))))........((((((........))))))(((((..(((....)))....)))))..)))))..)))))))))))))..(((((((..((...........)).)))))))))))))...))..))))))).............)))))))))...)))))).)))))))))......))))))))))))))))))..)))))))))))))...))))).)))).......((((....)))))))))))...)))...(((..((....))..)))...((((..(((((((......)))))))......)))).........)))))......))..).)))))..))))))... (-377.30)
Adalimumab_HC_topk_16	1416	0.4251412429378531	-386.7	-0.27309322033898303	.(((((.((((......)))).......(((..((((((((((((((((((((....((((((.((......))))))))....(((((((((((.((...)).)))))))))))(((((((.((..(.(((((((((((((((((((.((.(((((.((((........((((((((......((((..(((((..(((((((((((.......((((......))))((((((..((((.((.(((((........((((((.........(((((.((..((((...(((((((((........))).))))))....(((..((((((.(((...(((((....)))))...))).)))).))..)))...))))..)).))))).....((((((((((((((........)))))))((((.((((((((((....))).))))))).)))))))))))))))))..(((((((..(((((..((((((((((((((((((((((((..(((......)))..))).((..((((....((((((((.(.(((((((.......))))).(((((((..(..((((((.((((......))))...))))))..)..))))))))).).)))))))).)))).)).))))))))).............))))))........)))..)))..))))).))))))).....)))))...)).)))).)))))).)))))))).....))))))))..))))........((((((((((....((.(((.(((((..((((...((((((((.(((..(((((((((((((..((....))))))))).((((((((....)))))))).))).)))..))).(((......)))....((((((((((((((.(((.(((.......)))....))).))))..................))))))))))((((((...((((....))))..)))))).....))))))))..))))))))).)))...))....)))))))))).))))))))))))..))))).......)).)))))))))).))))))))))..)).))))))).((((((.((((((......))))))))))))((((((((...((((((.....)))))))))))))).((((....)))).)))))))..)))..))))))))))..))).))))).((((((((.......((((..(((.....)))))))(((((....))))).......(((..((((((..(((((.......)))))..)))).)).)))((((((.............((((((((.....)))..)))))..)))))).....((((....))))...)))).)))).... (-386.70)
Adalimumab_HC_topk_51	1416	0.4251412429378531	-387.5	-0.2736581920903955	.((((((((((...(((((...((((((((.............(((.......((((((.((((((((((....((......))((((((((((((((((((((((((.((((.....)))).))))).))))((((((......))))))((....((((...))))...))..))))))).((((((((..(.((((........)))))..))))))))............(((((((..((((...))))....)))))))..........((((((.(((..((((.....))))........((((...((((((((((((((((((((.(((((.....)))))(((((.((.(((((((((((((.(.(.........).).))))))))).)))).)).)))))....))))))))))))....)))))))).)))).))).)))))).....)))))))).....)))))).)))).))))))........))).((((((((..(.((((....(((.((((((((..((((((...(((((((((((......))))))).))))......................(.((((((((((((.............((((......(((((.............)))))...))))..((((((....................)))))).(((((.(((((((...((.(((.((..(((....))).)).))))).))))))).)))))...((((....))))((((((((((.((..........))..))))))))))......((((((((.((.(((((((((..(((...)))..))))).)))).)).))))))))....))))).))))))).)..........))))))..))))).))).)))....)))).)...))))))))...)))))))).......((((((....))))))((((((.((((((((((.((.........(((((.((....(((...........)))....)).)))))...((((((...(((((..(((...(((.....)))....)))..)))..))...)))))).........(((((((((((.((.((((((((..................(((((((((((((((((((.(((((((.....(((.(((((....((((..(((.(((..(((...........................))).)))))))))).......))))).)))...))))))).))).)))))))))).)).))))..)))))..))).))..)))))))))))......)).)))))).)))))))))).................))))).))))))))))............... (-387.50)
Adalimumab_HC_topk_21	1416	0.422316384180791	-369.2	-0.26073446327683614	.................(((((((.....((.....))(((((.((..............)).))))).....(((((((.((.((((((((..(((..((....((((((......(((((((..(((((..(((((((((((((((..((((..((...))..))))))))))).(((((.((......))))))).(.((((((((((..(((.((((.....)))).......)))..)))))))))).)(((((.(((.....))))))))(((((.............))))).....))))))))((((((.((((.((.(......).)))))).)))))))))))))))))))))))))).))))))))))).)).)))))))..(((((...(((((((..((((((((((.(((((((((.....(((((..........))))).((((((((((.....(((.((((((((((((.((((.(((.(((((......((((...((......))...))))((((..((((((((........))))))))))))((((.......))))((((((((((((((.........(((.(((.((((.(...((..(((((((..(((((((...........)))))))..))).))))...))...).))))...)))))).((..((((..............))))..)).(((((.(((.(......).)))))))).......(((...)))..))))))))))))))..))))).).))..))))..)))))...((((..(((..(((....((((((...((((...((.((.....)).))..))))))))))......)))..)))..))))........))))))).)))))))))).)))........(((((..((((((((((.((..((((((..(((((((........)))))))...)))))).)).((((((...)))))))))))))..((..((((((((((((.(..............((((.((((.(((.......(((((....)))))..)))...)))).)))).(((...))).).))))))))))))..)).((((((((..(((..((((...(((((((((.........)))))))))...)))))))..)))).))))...((((((.((......(((..((.......((((.((((....((((..((.(((((((((...))))).)).))))..))))..)))).)))).......))..))).....)).))))))((((((((((....))))))))))..))).))))))))))))))..........)))).....)))))).))))))))))))))))))) (-369.20)
Adalimumab_HC_topk_78	1416	0.4194915254237288	-383.3	-0.27069209039548026	.......(((((..(((((.........(((.....))).......................((((.(((..((((..((((.((((....)))).))))...))))..))).)))).(((((((..(((.((((...)))).)))....))))))).((((((((.(((.(((.(((.(((...((((((((((((((((((((((((((....((((((((..((..(.((((.....))))).)).)))))(((((..((.((((((.((((....)))).)).))))..))..))))).......(((..(((((((...((((((((...((((((..........(((((((((.(((.(((((((((((.........)))..))))))))...)))))))))))).)))))))))))))).....)))))))..)))..)))....))))))).))))..)))))))..(((((.(((((...((..(((((.((((..((((((.((((......)))).))))))...(((.....))).)))).)))))))...)))))))))).....))))))))))).((((((.(((((((((((.(.((..((.....)).)).).))))......(((((......)))))....(((((((..((((((.((................(((((..((((((......(((((((((....(.((((.((((((.......))))))...)))).)..)))))((.(((.((((((((..................)))))))))))))..(((((.((....))))))).....))))....)))))))))))...((((((..(((((.(((((....(((.((....(((.((((((.((((..((((((((.......)))))))).))))...(((.((((((.((((((.(((((((((........)))).)))))..)))))).)))).)))))...(((((.((.(((((...(((....)))...))))).)).)))))........)))))).)))...))..)))...((((((...((..((((.(((...)))))))..))...)))))).))))).)))))..)))))).....(((((((...........)))))))(((((((....((((((((((..(((((.(((.((((.((((.....(((...................)))))))))))))))))))...))))))))))....)))))))........))))))))...))))))).))))))).)))))).(((((......)))))..))).))).))).))))))))............)))))..))))).((((........)))).. (-383.30)
Adalimumab_HC_topk_28	1416	0.4230225988700565	-368.6	-0.26031073446327685	..(((((..((((.(((((..(((((.(((............((((((((..((((((..((....))..))))))..))))))))((((.(((.(((.......((((.......(((((((.((((((.((((((.(((......))))))).)).))))))...(((((((...((((((.((((.((((((((.(((((((.(((((((...(((.((....((((((.....)))))).....)).)))....))))))).).)))))).(((((.........(((......))).......((((((((((((((((...((((.((.((((((.....)))))).))...))))...)))))).)))).)))))).)))))......(((((((((....((((((..((((.....))))..))))))((......))........)))))))))..........((((....))))(((((((..(((.(((((.(((((....)))))......)))))...)))..))))))).(((((..(((((((((((.....)))))))).)))..)))))..((((((((((....)))))..)))))(((........))).....)))))))))))).))))))..)))))))...((((((((((...((..(((((((((............((((......((((((.......))))))((((......))))((((...((((((.((((..((((((((((.....(((..(((((((((((((((((......))))..))))))))).((((.(((((((.((((.(.............).)))).)))))))))))...))))..)))......)))))))...))).)).))))))))...)))).....................((.((((.(((((((((((((........)))))))..........)))))))))).))..))))))))).))))..))...)))))))))))))))))......))))((((((((((((((((......))))............((.((........)).))..))))))....((((((........)))).)).(((((.....(((((((...........)))))))...(((......))).((((....))))))))).))))))....)))))).))))))))))))..))))).(((((......).))))..))))..)))))...................((((...((((...(((((....((((.........))))..(((((((........)))))))))))))))).........(((((((..........)))))))..))))... (-368.60)
Adalimumab_HC_topk_77	1416	0.4209039548022599	-377.7	-0.2667372881355932	.(((......))).....(((((...............(((.(((((((((..((((.((((....)))).))))..(((((..(((((((((((.((....((((...(((((.((((((((((((.(((.((((((((((((...(((((((..((...))..))))))).....((((.((((.....)))))))).((((((.(((((((((((..((((((..((.((((.....)))))))))))).....((((((...............((((((...((((((.(((((((((..((((.........))))((((((.........))))))......))))))))).)))))).))))))....))))))((((........)))).(((((...)))))..((((((.((((((.((((((....((((..(((((((.((...((((((((((((....((((((((((((..(((.(((((((....(((((((((((..(((......)))..))))))..))))).....((((.....((((((((.....))))))))......))))))))))).)))......))))........(((((.((..(((((((...((.((.............)).))...))).))))..)))))))........................))))))))))))))))..............))))...(((((..........................)))))((((((((((....(((.....)))..))).))))))).....)).))))))).)))).))))))...)))))).)))).)))))))))))))...))).)))))))..)))))............(((((((..((((.........).)))..))))))).(((((((.(((.((((.....................(((((((((((((((((...(((((.......(((((((....(((.((((..(((.(.(........).).)).)..)))).)))..)))))))...)))))......)))))))..))))))))))((((((....((((....))))...))))))...(((((...((((.......))))))))))))).)))))))))).((((((....)))))).......))).)))..)))))))))))))))))..)))).........)).))))..))))))).)))))((((((....))))))..........(((((......)))))))))))))).))).((....((((((((((((.((((.(((.(((...((.....))...))).))).)))).))))).........)))))))...)).))))). (-377.70)
Adalimumab_HC_topk_25	1416	0.422316384180791	-371.3	-0.2622175141242938	..(((.(((((.((......)).)))))..............................(((((.(.(.((((((((.(((.((((.((((.((.....)).))))..)))))))..))))))))).).)))))((((((((.........((((.(((((((((((.((.((((.((((......))))..((((((.(((((((.(((((((....))))))).)))((.((((.....))))))(((.((((((((((((......(((.((((((((((.((((..(((((((.((((....))))..)))))))..((.(((((......))))).))......((((.(((((........))))))))))))).)))..))))))).))).((((((.....)))))).(((((....((((((.......((((..........))))...........((((.....)))).((((((((((..(((((...(((((((((((((((((.((...((((((((((......))))..)))))).....)).))))))))..))))).....)))).....)))))..)))....)))))))...........))))))......))))))))))))..((((.((((((.((((((((..((((((...((((((((((.((((((........)))))).......(((..((((((.......((((((((((.(((.((((.....))))....((((((...(((((.(((((((...(((((((((((..(((....((((((((((...))))).(((((((..........)))))))((((((((.(((((((..(((.((.((......)))).)))....))))))).)))))..)))..(((..(((.......)))..)))(((((.....(((((.....(((((((........))))))).....))))).....))))).........)))))...))))))))))))...))...)))))))))))).(((((....(((..(((((......))))).....)))..))))).......))))))....(((((.((.(((((.((((....)))).)))..)).)))).)))..))).)))))).)))).........))))))...))).))))).)))))..))))))..))))...))))..))))))))))...........(((((.....))))).......))))))))...........)))).))))))(((.((((....)))))))((.((((((((((...)))))).))))))....))).).))))))))))))).))))..)).)))))).....)))(((......))).... (-371.30)
Adalimumab_HC_topk_13	1416	0.4258474576271186	-363.0	-0.2563559322033898	......((((((....)))))).......((((((((.((.(((.....((((..........))))...))).)).))))))))(((((((((((((...)))).(((((.....)))))((((((((((((.....((.((((((((........((((...))))((((((.....))).)))((((((((...((((.(((.(((((....)))))((((.((((...............))))))))..((((((.(((((((((......))))).))))........(((((((....))).))))..(((((((((((((((((.............(((((((...((((((....(((......((((((.(((.......))).))))))))).))))))..))))))))))))))))....)))))))))))))).....))).))))..)))).))))..((((((((.(((((.....(((((((((((.(((((......(((.....)))..(((..((..(((((..(((((((....((((((((.......((((.........)))))).))))))(((......)))...............))))).))..)))))..))..)))......))))))))))...(((((.....))))).......))))))....)))))))))))))...)))))))).)).....)).))).))..))))).....)))))))))(((((.(.............).)))))(.(((((((((((.................)))).))))))).).(((((((.(((..((((((((...(((((((((((((((((((.((((((((.(.(((((.((.((((..((((..((((..((((((((.......)))))))).))))....)))).........((((((((((......))))))))))...(((((((((((......(((((..(((((...((((..................)))).....)))))..)))))(((.....))).......(((((...)))))((((.....(((((((((...))))....)))))..))))((((((((.....((((((.....(((((.......)))))..))))))..(((((((..((((.((......)).))).)..)))))))(((((((...(((((..(((......................)))..)))))...)))))))...)))))))).......))))))))))).....(.(((....))).))))).)).))))).).))).)))))...))))))..)))..)))))))))).......))))).))).)))...))))))). (-363.00)
Adalimumab_HC_topk_20	1416	0.4216101694915254	-350.1	-0.24724576271186444	..((((((((.......(((((((....((((.......((((.(((((((((......((((((((((((((((((..(((.(((((((((((((((((..(((((...........(((((..((((((((((((..((..(.(((...))))..))..)))))....))))))).)))))))))).....(((((((..(((((((((......)).)))))))((....))........(((....(((.((((((((....((((......((((((.............)))))).......((((.......(((((((.((((((((......((((((.((.(((..(((((((.....(((................)))...)))))))..))).)).))))))..))))))))......(((.(((.(((((..((.((...((.((.((((((...((......))..)))))).)).)).))))..))))).))).)))............(((((.((((..........))))...))))).))))))))))).))))....)))))))))))...))))))))))....(((((((...((((((((((((((((((((.((((....(((((...((((((((.(((..(((((((((((.(((.((((..................)))).)))..((((...))))..(((....)))..((((......))))....(((((..(((.......)))..)))))..(((.(((((((((................)))))))))...)))..................))))))))))).)))...)).))))))...)))))...((((......))))...)))))))).))))))..))))...)))))).)))))))............))))....))).)))))).)))).)))....((((....))))((((((((((....))).)))..))))............(((((((((......)))))))....)))))))))))....))).))))))......)))))))))..)))).......(((....((((...(((......)))..))))..)))........((..((((((((.(((..(((((..(((......)))..)))))..)))))))...))))..)).....(((..((((..(((((((.((((((((.(((..(((.....((((..((.(.((((..(((.........)))..))))..).))..)))).....)))..))))))..))))))))))))))))...)))(((((....))))).)))).......))))))).)))))))).............. (-350.10)
Adalimumab_HC_topk_58	1416	0.4216101694915254	-385.0	-0.2718926553672316	..(((((.((((....(((((((((((..............((((((.(((..((((((...((((......)))).((((.(.(((((..((..((((.(((((((((.(.....((((((((((....((((.((((....(((((((((.(....(.((.(((.(((((((.....))).))))))).)).))))))..)))))(((((((((...(((........))))))))....))))((((((.(((((((((((..........(.(((....))))..........)))).))))))).))))))))))....)))).....))).)))))))....).)))).)))))...))))..))..))))).)))))..(((..(((((((((...((((........(((......)))...))))....)))))..))))..))).(((((.((((((((((((..(((((......))))).(((((..(((((.((((((..(((.....)))..)))))).(((((..(((((..((....)))))))..))))).(((.....)))....))))))))))......((((((......))))))..(((((.((((((.((((..(((((.......((((((......((.(((((((...))))))).)).....))))))......))))).........((((((...(((((.(((((......)))))))))))))))).)))))))))).((.((((..((((((((.............))))))))..))))))..))))).))))))))).....)))..))))).(((((((((((.(....).)))))))))))))))))..))))).)))).(((((......)))))((((((((.......))))))))....((((((((.(((((((((..(((((((........)))))))..............)))))).))).))..))))))..)))))))))))...(((.((((((((..............((((((.((((((..((.((((.(((((((..((((((.(((((..(((((((((((((.((.......(((((((((.((.(((........((((((......((((((((.....))))))))))))))............))))).))))..))))).......)).))))))..............(((........)))..))).))))..)))))))))))..)))))))....)))).)).)))))).))))))...(((((..((((((.......))))))..))..)))..))))).))))))................)))).)))))((........)).... (-385.00)
Adalimumab_HC_topk_17	1416	0.4173728813559322	-379.8	-0.26822033898305087	......(((((((........))).))))...............(((((((((((((((.((((.((((.(((((((......(((((((((...(((..(((((((..((((((((.((((((((.((.((((((.((...((((....).)))...))..))))..)).)).))).)))))(((.....)))..(((((.....))))).....(((((.....)))))..(((((((((((((..(((((.....((........)).....)))))....)))).....)))))))))......((((((((........((((......))))))))))))..((((((.((((.....)))).))))))(((((((..........)))))))...((.((((((..((((((.......)).))))..))))))))..(.(((.((((((..(((((((((....(((((......(((((((.(((((((...)))))))(((((..(((......)))..)))))....(((....)))(((((((((((....))))...)))))))((((...(((((.((.........)).)))))..))))....)))))))...(((((..(((((((...((((((((((...(((...((((((...(((((.(((((((.(((((...........((((((((((.((((...))))......((.(......).))..))))))))))..(((((.(((.((....)).)))))))).(((((((((.(((...............))))))))))))........(((.....))))))))..))).)))).)))))))))))....)))...))))...)))))).....)))))))..)))))((((((.......))))))..)))))......)))).))))).((((.(((((......))))).))))((((....))))..(((.((((.((.....))..)))).))).......(.((((((((........)))))))))((((..((((((........)))))).)))))))))).)))))))))))).)))))))...)))...))))).))))...))))))).((((((...(((((((...))))))))))))).....((((...(((((.(((((....))))).)))))....))))((....))....................))))..)))).))))))))..((((.(((((.............)))))..))))))))))).(((((.((((..(((((((.((...(((((((........))))))))).))))...........(((....)))......))))))).))))).... (-379.80)
Adalimumab_HC_topk_40	1416	0.4216101694915254	-363.6	-0.25677966101694916	...((..(((((........((((..((((.(((((((..((((.((.((((((((.....(((..((((...((((((((((((((....))))))))))))))((.(((((.....))))).))(((((((((.((((......((((((((((...((........(((..((((((((((((....)))))).(((((.(((.....((((.(((((.....)))))...)))).....))).)))))((.((((((((((.((.(((((....))))).))......(((((((((....))).))))))((((....))))((((......)).))(((((.(((((....((((((.....(((((.((......)).)))))....))))))...))))).)))))))).))))))).))((((.....))))....))))))..)))...))...)))))))))).......)))).))..)))).)))...(((.((..((.((((((......((((((...(((((..((...((((....)))).))..)))))))))))((((.(((((((....((..(((((.((((((.(((..(((.(((((......))))).)))...)))..............))))))..(((......)))..(((((..(.......)..))))).))))).))....)))))))))))...........((((((.......)))))).)))))).)).)))))((((.((.((((.((...((((..(((((..........)))))....)))).)))))).)).)))).))))..))).((((.(((.(..((((((.(((.(((.((((.(...((((.(..(((........)))..).))))).))))))).))).))))))...).))).)))))))))))))).))))..(((((......)))))..(((((((((..((((..(((....)))..)))).)))))))))(((........(((.(((((((....)))))))...))))))....)))))))........))))..))))(((((.(((((((((.....((...((((((.(..((.((((((..((.....(((........)))...(((((((.....)))))))(((((...((((((((.((....))))).)))))))))).((((((((..((((((.((((((((..(((((((...)))))))..))......)))))).))))))..........))))))))...))..)))))).))..).))))))))..)))))))))..)))))..((.....)).........................)))))..))(((((....))))). (-363.60)
Adalimumab_HC_topk_74	1416	0.4166666666666667	-382.4	-0.27005649717514124	..((((..(((((((((((((((..................(((((..((((((((....(((((.......))))).)))))))).)))))...((((((.....(((.((((((((((.......(((.((((...)))).)))))))))))))..)))..))))))((((((.....))))))))))))))))).....(((((((...........))))))).((((((((.....))).)))))((..(((((((.((((...(((((.((((.................(((((.((((((((.......))))))))..)))))((((((((((((((...(((.(((((((...))))))).)))...(((.((((.((((((((((((((((...((....))..))))))))))))...........((.(((((.(((.((((((((.((.((((((.......))))))..((((((((((((.(((.(((((((((((...(((......)))...))))..))))...))).))).))))))))).)))((((((((.((.(.((((..((..((......)).......(((((((((((..(...(...((((((....((((((((.......))))))))....)).))))...)....)..))).))))))))(((..(((....)))....)))((((((((..........((((.(((((((......(((((((......(((.........))).)))))))...))))))).))))))))))))....(((.(....).)))..))..))))).)).))))))))(((((.((.((((.(..((((...)))).).)))))).)))))...((((((((((((.(((((...))))).)))).(((.(((.((((((..(...(((..(((........)))..)))...)..)))))).))).)))(((((...((..........))...)))))...........(((((((((((......)))))))....)))))))))))).............)).)))))))).))).)))))..))(.(((((....))))).)...)))).)))).)))(((((.((((..((.((.......)).)))))))))))(((((...)))))))))).)))))))))...(((..((...))..))).)))).)))))......)))).)).)))))..))..((((((....)))))).......................))))....))))..(((((...((((((........(((((((........))))))))))))).....))))).....................(((((...))))). (-382.40)
Adalimumab_HC_topk_31	1416	0.422316384180791	-367.0	-0.259180790960452	.((((((((((.......(((((((...((((......((((.....................(((.((((((((..((((((((((((..(((..(((((...)))))))))))))))))))).(((((.((((...)))).)))))(((((((((((((.(((....((((((.....))))))(((..((((.(((((((((((((((..(((..(((...(....)...))).)))..))))))))))...(((((((((((.(((((((..(((((..(((((..(((((((((((((((.....((....))....))).))))).....)))))))......((((((((((.....)))))))))))))))..)).)))........(((((((((((((((((((((..(((..(((((.....(((((((.............))))))).(((((((.((........)).)))))))(((((((....((((.(((((....))))).))))...(((((.(....).))))).(((((.....((((.((.......)).))))......)))))...((((((.......))))))...............)))))))....((((((...........)))))).....(((((..(((......)))..)))))...............)))))..)))..)).).))))))))..(((((......)))))............)))))).))))))))))).)))))).))))).....))))).))))))).........(((((.((....))))))).....(((...)))..)))))))))))))))).....((((((.....((((.............))))..)).)))).)))))))).)))...((((...((((.(((...(((((((((((((((((((........)))))))).))))..((((..(((((((((((.((((((..........((((((....(((((.((.((......(((((((((((((...(((((((((....)))))........((((.......(((((((...))))))).....))))(((....)))......((((.((((..((((((.....))))))))))))))(((((....)))))..))))..))))).))....))))))...(((....)))))..))..)))))....)))))))))))).)).((((.((((.(((..(((............)))..))).))))...))))..))))).))))..))))..)))))))..))).))))..))))))))......)))).....)))...)))))))))))))).((((....)))).. (-367.00)
Adalimumab_HC_topk_60	1416	0.4166666666666667	-365.4	-0.2580508474576271	(((((...((((((..............................))))))...)))))..((((....((((..(((((((.(((((((.(((.((....((((..............))))....)).))).)))))))))))))).)))).......(((..(((..(((((((...(((((((.((((.....(((..((((((((((......)).))))))))..)))......))))((((.(((((((....(((((((((...(((..(((.((((((.........)))))).)))..))))))).)))))...)))))))....)))).(((((....)))))........(((.((((((((((..((((.....))))...((((((..(((((((........)).))))).....))).)))(((((((...............)).))))).((((.((((((.(((((((((.((((((......)))))).)))))..))))))))))..))))...(.((((((((((((((((((((((..((..(((.((((((.........)))))).................)))..)).))))))..))))))))).))))))).)...(((((....))))).(((((......))))).............................)))))))))).)))))))))).......(((((......))))))))))))....)))..)))......((((((.((..((((((...((((((((.............((((......))))...((((((.((...)))))))).((((((.((((((((....(((((..(((.(((((((..(((((.......((((.(((...((((((((.......))))))))..)))..))))...(((..(((((((.((((........)))).))).)))).))).......))))))))))))..)))..))))).....)))))...))).)))))).....(((...))).......((((......))))..)))))))).))))))..))..)))))).(((((((....(((((........)))))..(((..(((..........))).))).)))))))((((.(((((((......(((((.((........(((((((((........(((...........................))))))))))))...)).)))))........)))))))..))))(((((((.(.....).)))))))((..((((((....(((..((.(((.(((((((((..((((....))))....)))))))))))).)).)))...))))))..))))))... (-365.40)
Adalimumab_HC_topk_46	1416	0.4152542372881356	-366.0	-0.2584745762711864	..((((((((........)))))))).(((((((.....(((((((.....((((((((....)))).))))(((((((((.((((((((((((..(((((....((.(((((.....))))).))((((.((((...)))).))))....(((((((.(((.(((((((((((.(...((.(((((((((((((...((((((..(.((((.(((((.(((....((((.(((.(((((..(((((.((((((.(((((((((...(((((((..((........))..))))))))))).))))).((((((.....((.(((((((.((.((((......((((..((((....(((...((.(((((.(((......)))))))).))....)))....))))..))))..)))).)).))))))).)).....((((..((........))...)))).))))))..............)))))))))))..))))).))).))))....(((.(((...((((((.((((((((((....(((((...(((.(....(((.....)))....).))))))))))))))..))))..))))))...))).))).)))))))))))))..))))))...))))))).)))))).))).))))))...))))).))))))))))..(((((((.((.(.......))).)))))))))))).......(((((......)))))....))))))))...)))))))).......(((((((((.................))))))))))))))(((.((((((((...))))).)))..))))))))))..(((((.(((((((((((((((.(((..((..((((((((((((((..((((((((((((.((.(((((((((.......................((((((((..(((((((.(((((...(((((((..((((....)))).))))).))...((((......))))...........))))).)))).))).....))))))))(((((((.((((..........)))).((((.......))))..))))...)))........))))))))))))))(((((((..................))))))).)))))))....))..))))))))))..))))...))..))))))((.(((((((...((..((((((((...................))))))))))))))))).))(((........)))((((((............))))))..)))))))))(((((((..........)))))))..((((((((........)))))))))))...))))).....................))))))) (-366.00)
Adalimumab_HC_topk_61	1416	0.4187853107344633	-362.2	-0.2557909604519774	...........................(((((((....(((((..((((((((((((((((((((..(((.(((((......))))).)))((((((((((((((((((..................(((..(((((.(((......))))))).)..)))..((((((((.(((..((((..(((....)))..))))..))).))))))))..))))))).............))))..))).))))))))))))))))...............)))))))).))))).......((((((((((....((((.......((((((((((.((((((((.....))))).....))).)))).........))))))..(((((...(((((((((........))))))))).))))))))).)))))))..)))((((..((((........(((((.(((((.......((((((...((((((.....(((.((((((((((((....))))).....(((.((((........))))...)))))))))).)))...))))))((((....))))(((.(((((((((((((((((...))))))))........(..((((....))))..).((((((((((((.((((((((..((((((((((((.(.((..((((((((..((((.(......))))).....(((((((..((..(((....))).))..))).))))..((((((((....((((((((.....)))))))).((((((..(((((((....((....)).....((.((.((((((((..(((((((.......)))..))).)..)))))))).)).))..)))))))..))))))..........(((((((.(((((...))))).)))).)))..............)))))).)).........(((.(((.......))).)))(((((((((.(((...)))))))))))))))).))))..)).).)))))))))))).)))))....(((.....)))...(((.(((.....(((...)))....))).)))...))).)))))))....((((....)))).....((((....))))..))))).......((((((.....))))))..........(((((((((...((((.........)))))))))))))....)))))).))).)))....(((((((........((.(((.........))).)).......)))))))............))))))........)))))..)))))((((((((((....(((...((((((((........))))))))....)))....)))).))))))))))..))))))))))) (-362.20)
Adalimumab_HC_topk_37	1416	0.4187853107344633	-346.3	-0.24456214689265537	((((((((((...........(((...........)))..........))))))))))(((((.((.((((((((((((.((((((.(((......)))...))))))...))))..)))))))))).)))))....((((((.(((((((((......((...)).((((((((((...((...((((.((.(((..((((((((((..((((......((((...((((((...))))))(((((...)))))(((((..((((.(((((((...((((....(.(((((.((..........((((((((..((((.(((((((((.(((((......))))).))).)))..((((((....((((((......(((.....))).......))))))))))))))))))).....))))))))..(((((.((((..((((.(......).))))..))))........((((....))))))))).((((((((((((.((((((.((((......))))))))))..)))...((((((........))))))....(((.((((.(..........))))).)))....)))))))))))))))).)....))))..)))))))))))...)))))...))))..))))....)))))..)))))..))).)).))))...))..)))))).)))).))))).....)))).))))))...(((((.((((((.(((((....((((.....(((..(((.......)))..))))))).....(((((((((((((((((((.((((..((((..(((((.(((((.(((.....)))..((((....((((......))))....))))..))))).)))))....))))...)))).)).))).)))......(.(((...))))...........)))))))))))..((((((((((....)))))))))).)))))))))((((.(((.((((....)))))))))))....((((((..(((((((((((......)))))))))(((.(((..((((.....((((((....(((((((((..(((((....(((.((((((....................((((.((((((..........)))))).))))))))))...)))...)))))....))))......)))))...))))))...))))..))))))..........................))..))))))((((((((.((((......((((((.......((((((....).)))))...(((....(((((((...((((.(((((...))).)).))))...)))))))...))).......))))))))))...)))))))))))))))... (-346.30)
Adalimumab_HC_topk_11	1416	0.413135593220339	-371.0	-0.2620056497175141	..((((((......))))))......(((((((((.((((..(((...........((((..(((((.((((....))))((((((((((....((((((.....(((.(.(((((..((((.((((((((((....(((((((((((((....(((.((((......((((.......((((((((((((((((((.((((..(((((.((....(((.((..(((((((((((.....)))).((((...))))..((((.((..((((((....(((((((...............))))))).....).)))))..)).)))).(((((((((((((.....))))).....)))))))).((((.(((.(((((((((((((((((.(((((((.((((......((((.(.(......).)))))..(((((((............)))))))...))))))))))).))....))))))))).............)))))))))..)))).......))))))))))))....)))))))...)))).)).))))))))))..))))))........))))(((....)))...((((((((((((...((((((.......(((....(((((.............)))))....))).......))))))......))))))).)).))).....)))))))..))))))))))))).....))))((((((.......)))))).(((...(((((((.......))))))).))).....((((((((..(((((.....(((((..((((.(.(((.(((((((((((((..((.(((...))).))..)))..))).).)))))).))))))))..))))).........((((((((((((.........)))))).))))))((((((..(...(((.((((........)))).)))...)..))))))(((((((((((....))..))))))))).......))))))))))))).........((((((....((.((.....)).))..))))))..))))))....))))..)))))).)))....))))))....))))).)))))....)))))..)))))))..)))).))))))))).....((((((((..((((((((((((((....((((...((((((((((((....((((.(((.(((.(((((..((((...(((...............)))....))))...)))))...))).)))..))))....))))))).))))).......((((.((((((((((....))))))))))))))))))...))))))))))))))..((((...............)))).......)))))))) (-371.00)
Adalimumab_HC_topk_41	1416	0.4145480225988701	-368.7	-0.2603813559322034	((((((.(((((...((((.(((((.(.................................).))))).))))((.((.(((.(((((.....)))))))).)).)).((((((((...((..((......(((...))).....))..))...)))))))).((((((...))))))((((.((((....)))).))))....))))).)))))).(((((((((((((((((((.....))))))......(((((((((.(((((((...(((((((((..((.(((..((((((((((...(((((((((.......((.(((((......))))).))..))))).))))))))))))))..))).))((((..(((..........((((((((.((((((((........))))))))..)).....((((.(((...........))).))))..)))))).........)))..))))(((((((.((((.((((((.....((....((.(((..(((((((..((..(((((.....((((.....((((((((.....))))))))......)))).)))))....))...)))))))..))).))))...)))))).)))).))))))).......)))).))))).(((((......)))))...)))))))...(((.((((..(((....)))....)))).)))........))))).))))..(((((.((((((...((((((((((((((((.....((((((((((.(((.(((.((((((..............)))))).)))...)))............(((((((((((((.((.((((.(...((((...))))).)))))).))))).........((((.......((((((....((((.(..(((((((((((..((((.........................)))).))))))(((((((((.(((...))))))))))))......)))))..).))))....((((((((........))))))))..)))))).........))))(((((........(((....))))))))))))))))..........)))))))))).((((.((.((((.......)))).)))))).....(((...((((.((((......)))).))))...))).))))))))).(((((.(((.((((.(..((((((........(((((((...)))).)))........((((.....)))).))))))..))))).))))))))..(((.....))).)))))))..........)))))))))))(((((........))))).............(((....)))..)))))).)))))))... (-368.70)
Adalimumab_HC_topk_32	1416	0.4152542372881356	-357.4	-0.25240112994350283	.(((...(((((.....(((((((((..(((...((((.(((.((....((..((((((((((..((((((.(((((((....((.(((((((((...........((((....))))))))))))).)))))))))))))))..)).)))))))).))...((((.((((((((.....((.....))...(((((((...(((((........)))))(((((.(((((((...))))....)))))))).....(((((((....((.....(((((((.((((.....(((((((....(((((((((...(((((..((((((((((((..(((((((((((((((...((((((...))))))...)))).))).......(((.(((((((((((((((((........))))))))..............))))))))))))..((((((.(((......((((((((((.....(.((..((((((......(((.(((((....))))).)))......)))).))..)).)....))).))).))))(((..((((.(((((((....)))...)))).)))).)))..))))))))).)))))))).)))))))((.((..((((....)))).)).))...)))))..)))))..))))))))).....((((.(((((((((....................(((((((((....(((((((((.((((((.((((...(((((((((.(((((....)))))(((((((....(((((.....(((((....(((.......))).......)))))....))))))))))))....))))).)))).)))))).))))...........((((..(.......)..))))...)))).)))))....))))))..........))).........(((..((((.(((((((........)))))))..)))).)))..............))).))))))..)))))))))))....))))...)))))))....)).)))))))...(((.(((.....((.....))....))).))))))))))...))))).)))))))............)).))))))))))...)))))))))((((((((((.(((.((..(((((..((.((((.((((.....)))).)))).))..))))).)).))).))).)))))))..(((((((.((((((..(((((((..((((((((.((((...((((.....(((......)))..))))))))...)))))))))))....))))...)))))))))))))(((((((((.(((........)))...)))))))))....)))))...)))............... (-357.40)
Adalimumab_HC_topk_9	1416	0.413135593220339	-360.7	-0.2547316384180791	.(((......)))................................(((((((((...((((((.....((((..((((....(((((..(((((......)))))...........(((((....(((((..((.....))..)))))..)))))(((((.((((((((((.(((..(.(((.(((.....)))))).)..))).))))))).))).)))))..)))))))))..))))...))))))..)))))))))((((((((.......(((((((((.(((.........(((((.(((((((...((((((.((((((((((((((((((((((.....))))).....))))))........)).))))))..))).)))))).))))))).)))))...((((((.(((((..((((((((.....(((.((((.((((((.........((((((((................)))))...))))))))).)))).)))(((..((((......))))..)))...((((((........))))))))))))))....((((((.........))))))..((((((.....((((((((...))))))))....(((((.(((((.(((((((((((((((((((......(((((((((..((((((((((((...((((........................))))((((....(((..(.((((((.......)))))))..))).....)))).((((.(((((((......))))))).))))..............(((((....)))))......(((........))))))))...))))))).....))))))))).....(((((((((......)))....(((..(((..((((((((....))))...)))).)))...)))(((.(((((((.........(((((((((...((.((((((((.(((...((......))....)))...)))))))).)).......))).))))))........))))))))))..(((...((((......))))..)))...))))))..)))))))))..((((((........((((((((....(((.((((((((((........))))))).))))))...))))...))))........))))))......)).)).)))))).)))))..)))))...))))))........((.(((.......))).))((((.((.((((...........................)))).))))))..))))).))))))))).)))))))))..((...(((((..(((((....))))).)))))...))....))))))))(((((((....))))))). (-360.70)
Adalimumab_HC_topk_43	1416	0.4117231638418079	-356.3	-0.25162429378531076	..((((((((.(((........))).))))..((((.((((..((((...(((((((...((..(((.((((((((.(((.(((.(.((..((.....))..))).)))..)))..)))))))))))..))(((.((.((((((.((((((((.((((((((.(((.(((.......)))))).(((((..((((((((..((((((((((.......)))))...(((((....((((...((((((..((((.(((((((.((...(((((((((((((..((((...........((((...(((((((((((.((((...(((.(((((((......))))).)).))))))).))).)))))))).))))))))..)))))))).))))).(((((..((.((((((.......(((((.(((((((...((((......(((((((.(((.......(((.....)))........))).)))))))...)))).))))))).)).....)))......))))))))..)))))..........(((.((((.........)))).))))).)))))))...)))).))))))....))))...))))).((((..((.(((((((((........))))))).....)).))..))))..(((((...)))))..((((((((.........((..((((((((......)))).))))..)))))))))).............)))))))).)))))..)))))........((((((...((((..........(((..((((....(((......)))....))))..)))...)))).)))))))))))))).)))))........))).)))))).)).)))..(((((((((((.(.(((..((((((..((((...........)))).))))))..((((((((....(((((((((........)))).))))).....)))))))).))).)))))))))))))))))))))))..)))).))))..........))))(((((((.....((((......))))......(((.....((((((((((((((.....(((....)))....))))..)))))(((..................)))(((((((.....)))))))((((((...)))))))))))...)))...((((((((.........((((...((((((((((((.....((((..((........)).))))(((((........)))))...((...(((((.........)))))....))......))))).))))))))))).((((((((.(((........)))...))))))))...........))))))))....))))))). (-356.30)
Adalimumab_HC_topk_42	1416	0.4110169491525424	-363.3	-0.2565677966101695	..((((((.............................((((((((((........((((((((((.......)))))))))).))))))))))))))))...((((((.(((((((((((((((((((((((((((((((..((...(((((.(((((((.....(.(((((((.....((((...(((..((((.((((((((...((((((....((((((((.(((...............))))))))).))..))))))....))))))))(((....)))............(((..((((((((((.........((.(((((((...(((((((...)))))))......................((((.......((((((.((((((((((((((((........))))))))..))))...)))).))))))..............))))....((((((.....(((((.((((((...)))))).)))))))))))(((...))).....(((((((((((..........))))..)))))))((...(((..((((((.........))))))..)))..))..))))))).))...........))))))))))..)))((((.((((((.....(((((........(((..(((((.((....)).)))))..)))..........)))))...)))))).))))...(((((((...))))))).......))))))).))))(((((....)))))(((((((((...............))))).))))))))))).).......))))))))))))))..))))))))....))))).(((.((....(((.((((.(((.((((..(((..(((((...(((((.((((((.........))))))..))))))))))..)))..))))(((((.(((((((((((....)))))))))))..)))))..(((((((.....))))))).))).)))).))))).))).((.(((((((((......)))))))))))............))))))))))))))).....((((((..(((((((......(((.........)))....))))))).((((..((((........))))...))))...(((((....)))))......(((((((((.((((((((((...(((((....(((....)))(((((((...................)))))))(((((....)))))...........)))))...))))))))))....))).))))))....(((((((...)))))))))))))((((((((........))))))))...........((((....))))...))))))))).... (-363.30)
Adalimumab_HC_topk_1	1416	0.4096045197740113	-367.5	-0.2595338983050847	..(((....(((((...((((((.................((((((((((((.((((.(((((((.((..((((((..(..(((.((((..(((((.....(((.(((((((((((((((((((.((.(..((((..(((((((((..((((((((..(((((......(((..((((((((((((((((...(((((((.((((((((...........))))))))..))....))))).))))(((.(((.(((((((((((.....)))))))(((((...((((....)))).(((((((((.((((....))))..((((((..((((..((((((...))))))((....))........))))..))))))...((((((....)))))))))).)))))...)))))...)))).))).))).....)))))))...))))).)))..)))))..))))))))((((...))))(((((........))))).(((((........(((((((..((((((...((.((....(((((((((.((((.((.((((.......)))).)))))).)))))))))...))))....))))))....)))))))((.(((((((((......)))).)).))).))((((........)))).....)))))))))))).))((((((....(((....)))......)))))).(((((..((((((...(((((((.....((((......((((((((((((.......((((((.................)))))).......(((((....))))).....(((((((((...((((.((((((..(((...(((.((....)))))...)))....))))))..))))....))))))))))))))))).))))......))))...((((((..(((....((((((((.............)))))))))))))))))..)))))))...)))))))))))....)))).).)).))))))))))))...........)).)))))))).(((.((((((......)))))))))....)))))..)))).)))..).))))))...)).)))....((((....)))).((.((((((........))))))..))...(((((.((((....)))).))))).......)))).)))).))))))))))))((((((................((((....((.((((((((((...(((.((......)).)))....)))))...))))).)).....))))))))))((((((((((....)))))))))).(((.(((.(((((....)))))...))).)))...))))))...)))))....)))........ (-367.50)
Adalimumab_HC_topk_55	1416	0.4081920903954802	-341.5	-0.2411723163841808	...(((((((((((....(((((((...((((............((((.....))))......(((((((.....(((((((..(((....)))..))))))).((((...)))).((.((((((((((...(((((..(((((.(((((((((.....((((((..(((((...(((((((((.(((((..((((((...))))))..)))))...((.(((...((((((...((((((..........))))))((((((........(((((((.(((...........((((((((....)).))))))........((((((.(((.((....)).).)).))))))..((((..(((.((((((((((..........((((((...((((((((((..(.((((((...((.......))...)))))).)..))))..............)))))).......))))))......((((((((((((...((((((((...(((..(((((((((....((((.((((((.....((((((....((((((....((..((((((((....)).))))))..))))))))...))))))......................))))))))))....)))))))))...))))).))))))...))))..)))..))))).................)))))))))).)))....))))..))).))))))).(((........))))))))))))))).)))))...(((((((((((((...(((((((((((...((((...........((((((...(.(((((.((.....))))))).).))))))..(((.((((.((((....)))))))))))........(((((......))))).)))).)))))(((.....)))......(((((...(..((((((.(....((.(((((...))))).))).))))))..))))))........((((((......(((((((...........................)))))))....))))))((((......)))).))))))..))))).))))))))........(.(((..(((((((........)))).)))..)))).((((......)))).....))).))))))..((((....)))).))))))))))))))))))))(((((((((.(((.((((............((((((..........)))))).........))))...))).)))).)))))..(((.......))))))))..)).))).)))))))))).))..(((.(((........))).))))))))))......))))...)))))))....)))))))......))))... (-341.50)
Adalimumab_HC_topk_30	1416	0.4081920903954802	-357.5	-0.2524717514124294	(((.(((((((..((((((((((............((((((((((...............((((..((((((....)))))).))))(((((...(((..((.((.(.((((((((.((((((((((..((((((..(((..((((....).))).....))))))..(((((.......(((...(((((..((((((..((((((((.((..((..(((((..((((..((((.....))))))))....((.((((((((((((.((((((((((((((...(((...........((((((((((((((((((((................)))))))))))....))))..))))).............)))...))))))))).))))))))))..(((...((((((..(((.......)))..))))))...))).......)))))))..))((((((.((((((((((((......((((.(.(.(((...(((.(.(..(((..(((......)))..)))..).))))...))).).).)))))))))))))))).))))))))))).((((((((..(((((((((((((...))))))..........(((.(((.(((((((.....(((((((....)))))))..(((.(((....)))..)))...........)))))))))).)))(((((......)))))......(((....)))..((((......)))).((.((((...((((((.....((((((((((..(((.(....))))..)))))).)))).....((((((...(((((((((.(((((((((..(((.((((((.(((.....)))...))))))..))).)))..))...)))).)))))).)))....)))))).)))))))))).)).....)))))))..))))))))..(((((((((........)))))))))..((((((....((((..((((....))))..)))).....))))))))..))..)))))))).)))))).)))))))))))))..((((......))))...)))...)))))))))))))).))))).)).))..)))...)))))..))))))).)))......))))).)))))))))))).))).(((.(((((((((...((((.....))))..((((.(((((.(((((.(((.(((.(((((..(((...........((((((.....))))))..)))...))))))))...)))...)))))..)))))(((((((....)))..))))))))(((((...((((...((((((((.(((....))).)))....)))))....)))).......))))).)).))))))).))).... (-357.50)
Adalimumab_HC_topk_62	1416	0.4081920903954802	-360.7	-0.2547316384180791	((((((..((((....))))...............((((((...(((.(((((.((((.(((....))).))))))))))))...))))))))).)))...(((.((((.......((((.(((((.(((..(((((.((((((((..((((((((.((((.(((...(((((..((((((.....(((..((((((....((((((.(((((.(((.((((((((..((.((((.....))))))))))))))))).((((...((((........))))...))))((((((((...............))))))))...((((((...((((....))))....))))))((((........))))....((((((.....(((..((((((((....((((((..........)))))).((((.......(((.(......).)))........))))(((((((...........)))))))(((((((.((...((((........(((((.((...(((.((((.(((.(((((....(((((...((((((....(((...)))..)))).)).))))))))))...)))..)))).)))...)).))))))))))))))))))...((((((((.......)))))))).....((((((((((.....))))).)))))))))))))..))))))))).......)))))))))))))))))((((......)))).....)))..))))))..)).))).....((((((((((.................)))))).))))((((......)))).(((((((..........)))))))))))))).)))))))).)).........)))))).))))).....(((((......)))))((((((((.(((.......)))....(((....)))(..(((((((((.....((((((...))))))))).))))))..)(((((((.....((.((((((....(((..((((....((((((((.((..........((((...(((((((.((((((......))))))......)))))))....))))......)).)))))))))))).)))((((((.((.((.((((.......)))).))))))))))..........((((((....)))))).((((.((.((......)).))))))...)))))).))))))))).........))))))))(((((((((..((..(((..((((......(((......)))........))))..)))))..)))).)))))((((((((...((.(((........))).))))))))))............)))))))))))).........)))).)))... (-360.70)
Adalimumab_HC_topk_75	1416	0.4067796610169492	-370.2	-0.2614406779661017	..((((...(((((((((((((((.......................(.(((...((((((((....))).)))))..))).)))))))))))))))).....(((((.((((.....(((((((((((.(((((.........((((((((((((((.((..(((((((((((.....))).)))).....((((((.((((((((((((........))))..((((......))))......(((.((((((...)))))).))).(((((.((((.((((((.........)))))).)))).))))))))))))).))))))((((..((((....(((((((((.(((((.((((((...........((((.........(((.(((.(((((...(((((..(((((((...)))..)))))))))....))))).))))))........))))((((((((((...((((.....))))...)))))).))))...((((((.((((.....)))).))))))....(((((....((((((.((((((((...........))))...)))).)))))))))))....((((....))))...))))))))))).)))))))))))))..)))).....((.(((((......))))).)).))))..))))))))).............))))))).........))))).))(((.((((((.(((((((.........((((.(((..((((....))))......))).))))....(((((((((((................(((((((((((((((..((.....(((...)))......))..)))))))))))))))..(((.((((....(((((....)))))))).).))).(((((((..(((.......)))..)))...)))))))))))))))(((((((((........)))))))))......(((((((((.(((.......)))..)))))))))........(((((....((((((....((((.....))))....)))))).........(((((.....((.((........)).)).....))))))))))...(((((.((((((((((((.(((........))).))))).....)))))).).))))))))))))))..)))).))).......)))))))))....)))).)))))......................(((...((((((((.((((((......((((........))))....))))))...)))))))).)))((((((((((....)))))))))).(((.(((.(((((....)))))...))).)))......))))....((((.......))))... (-370.20)
Adalimumab_HC_topk_36	1416	0.4011299435028249	-345.6	-0.2440677966101695	..((((.......((((((((..((..((((..((((....((..(((.....)))....))))))..))))..))..))).)))))(((((((((...(((((((((.((((.....)))).))))).)))).....)))))))))..((((((((..(.(((((((((((.((.((((((((.(((((((((((.((...((((...((((.((.(((((((((((((((.((((((..........))))))...))).....)))))))))))).))...))))...((((((((((....))))).)))))(((((((((((((((((((.(((((((((....)))...................))))))..........(((((.((...........)).)))))...))))))))))).)))..)))))))))...)).)))))((((((((((((((...(((....))).)))))))((..((......))..))...))))))).....)))))))))))))))).(((((....((((.((((...........)))).)))))))))..))))).)))))).)))))))))))))......((((((((((((((((...(.(((((.(((((((((..((((((((.........(((((((..........((((((((..(.....)..)))).....))))..........))))))).............))).......)))))(..((((....(((.((((((.((((.((.........(((((((.(((.((((..((((.(((.((((....))..)).))))))).)))).))).)))))))........)))))).)))....))).)))....))))..))).)))))))))))).)..)))))))).))).)))))...((((((......(((((((((....))))))))).((((((((((.(((...))))))))))))).....((((..((.........((((((((........))))))))))..)))).((((((......))))))........((((........).)))..(((((....)))))....))))))((((((((((((..........(((.........((((.......((((((((.......(((.(((.((((....(((((((((....)))...................(((((...((..((((((((((((.((((.(((..(((............)))..))).))))...))))))))..))))...))...)))))))))))...)))).)))))))))))))))))).........)))..........))))))))))))........ (-345.60)
Adalimumab_HC_topk_71	1416	0.4286723163841808	-366.3	-0.2586864406779661	..((((((((((((......)))))))..........((((((.(((............))).))))))....)))))..(((((((((((((.(((((((.(((((((((((((((((((.((((.(((((....(((((((((....))).))))))....)))))))))..((((.....(((....)))))))......((..(((((............((((.((....)).)))).)))))..)))))))))))..))))))...(((((((((((....(((((((((..(((......))).)))))).)))...((((......))))((((.(((((((((.((((........))))..))))).)))).)))).((((....((..(((((((....(((((.....)))))((((..((((.(((...))).))))........))))((((((((((.....(((((((((((.....)))))...)))))))))))))))).....)))))))..))))))..)))).)))))))..)))).(((((.((.(((((((.(((..((.....)).))).)))))))))..)))))............((((...(((((((((((.((.(((((....))))).....))))))...))))))).)))).....((((((((........(((((((....((((..((.(((...))).).)..))))......)))))))(((((((((((.......)))))).((.(((((..(((.((((((..(((...........((((((((((.((((((((.((.........(((((..(((((......)))))..))))).....)).)))))))).......((((((.(((......((((...(((.....((.........)).....)))...)))).......))).))))))..........(((((((.((((...((((....)))).)))).))))))).........)))))))))).....((((.....))))...((((......)))).....)))..)))))).)))..))))).)))))))......((((..........)))).(((((((((..........)))))))))..(((((((((...(((......)))))))))))).....(((((((((((((....((....)).(((((((...................))))))))))))....((((.....)))).))))))))...................)))))))).((((((..........)))))).......))))))).)))))....................(((((.....)))))))))))))... (-366.30)
Adalimumab_HC_topk_33	1416	0.4293785310734463	-389.3	-0.27492937853107347	..........((..(((((((((((..((((.((((((((((((..........))))))).))))).))))..)).)))))).)))..))..........(((((((.((((.((((((......((((..(((...)))..))))..(((((((((((((((((.(((((.....((((((((......)))))))).((((..(((((((((((((((((((..(((((.....((((....((((...)))).((((((((((((((.((((((((..........(((((((((........))).))))))......((((((.(((((((((((.....)))))).((((....))))...(((((..(((...))).)))))....((((((....)))))).......))))).))))))...(((.......)))(((((.((((......((((.................)))))))).)))))))))))))....))))))......))))))))..(((((((.((((...))))))))..))).....(((..((((((.........))))))..)))....))))....)))))..)))))..))))))))..).)))))..)))).....(((((((((........((((((.....))))))......((((((........)))))).......((((...)))).............((((((((((((((....(((.((((.(((((((....)))))))(((.....))).......(((..((((..((((..(((.(......))))..))))..((((((.((((((((.((.(((((.((..((((((((.((.((((((..(.......)..)))).)).)).))...))))))..))))))).............(((((.((.....(((((((((((....))))))))))))).))))))))))))))).))))))))))..))))))).)))...))))))))...))))))......(((((((..((.(.((((((........)))))).))))))))))..)))))))))..))))).....(((((((...(((....((((((((((.((..........)).))).)).......(((...((((((...)))))).)))(((((((((.((((.(((((..(((((((...(((((..(((.(((..((.......))..))).))).)))))...)))))))........)))))..)))))))).))))).)))))..)))...))))))).......((((((((......)))))))))))))))))))))))))............)))))).)))).)))))))... (-389.30)
Adalimumab_HC_topk_18	1416	0.4244350282485876	-363.3	-0.2565677966101695	..(((((.(((......)))....(((((((((......(((((((((..........))))))))).......))))))))).((.(((((((.((...(((.(((((.......((..(((((..(((((((((((((.......)))))))....(((...)))(((((((.....))).)))).........(((((.(((((((((((........(((((((......(((((.............(((((.((((...((((........))))...)))).....)))))))))).......)))))))......))))))......(((((((......((((((....)).))))......))))))).))))))))))((((.(((((......))))).)))))))))).)))))..)).......)))))....)))...))))))))))).....(((((((((...(((......))).)))))))))))))).............((((((((.(((((((.(((....)))))...)))))((((((((.((..((.(((((((....((((.(.((.....)).).))))((((((((........((((.((((..((((...(((((((....)))))))..............((((..........((((............)))).........))))...........((.((((.(((((((((((((((((..(((...)))..((.((..(((((.((((..(((((((((..((((......))))..))))))....))).)))).))))))).)).))))..))))))).)).))))..)))).))))))..)))))))))))))))).......))))))).)).)))))))))).......(((.......)))..(((((((((((.....((((........))))......))))))).((.(((((((((..((((......(((((((.(((((((((.....(((((((......(((((((((.....(((((......)))))....)))..)))))).......))))))).((((.......))))..(((((((.(((................((((((((...((..(((((((((...((((((((((.((.(.(......).).)).))))))))))..(((....)))..........)))))))))...))...))))))))))))))))))........))))))))).....))))))).....))))..))).)))))).))........((((.(((........))).)))))))).............(((((((..........))))))).)))))))) (-363.30)
Adalimumab_HC_topk_3	1416	0.4216101694915254	-353.4	-0.24957627118644066	..((((((((((((............))))..))))))))((((((((((((.....(((((((.((((..(((((.((((((.((.((((((...(.(((((((.(((....))).))))))).)...)))))).)).))))))..(((((.(((.......(((.(((...))))))((((..((((((((...(((((.((((((((((.....(((((((.(((..(((((.....)))))))))))))))..((.........))....))))))))............((((((....((((((.(((..(((((.......)))))...((((((.......(((((...(((((.......((((..(......)..))))......)))))..)))))......))))))))).))))))......)))))))))))))))))))))..))))..))).)))))((((((((((((.((((.((.((((((.(((....((((.....))))...)))(((((((....((((..((((((.......((.(((..(...((((.(((((.(..(((((.(((((.......(((((((............(((((((..((.(((.(((((........((((..........((((.((((((..(((............)))))))))...))))))))........))))).........((.(...((((.((((.(((((((...(((((((..(((((..(((....)))..)))))..........................(((.((....))))).)))))))....))))..))).))))))))..).))))).))..))))))))))))))........)))))...)).)))..).))))).(((...........)))...))))..)..))).))......))))))..))))..)))))))........((((.(((....)))))))..((((((((..((.(((...((((...............)))))))))...))))))))......(((((..........)))))....(((.....))).))))))..)).)))).))......)))))..)))))....(((((((.(..........))))))))...((......)))))))..)))).))))))))))))))).....((((((.(((((..........(((((..(((((.(((....((((((....))))))....................))))))))..)))))....((.(((((((..........)))))))))((((((((........))))))))..................))))).))))))..))))... (-353.40)
Adalimumab_HC_topk_8	1416	0.4216101694915254	-351.8	-0.24844632768361583	.(((...((((((......(((((((((((..((............(((.(((.(((((....(((((((....((((((((((((((.(((..((((.((((((((........))))))))....((((.((((..((((((......)).))))))))...)))).(((((.((((((((((((((((.(((((.(((((((((..(((.........((((((.((((((((.....))).)))))..(((((...))))).....((((....))))........)))))).........)))....))))))))).)))))...(((((((((...........))))...)))))......(((((.(.......).)))))))))))))(.((.(((((....)).))).)).)...............((.((((((((.......(((((..........)))))......)))))))).))(((......)))))))).)))...((.(((...((((((..((.((((((((((..((((((((((......)))...)))))))..))).....)))))))...))...))))))...))).))...........(((((((.((((((...........))))))(((((......)))))..(((((((.....................)))))))....(((...)))........)))))))..........)))))))))...))).)))))).)))))(((((((...................))))))).)))....).)))))))))))..))))))..(((((..((((((.((((((....)))))).))))))........((((......)))).)))))..((((((.........))))))))..)))))))))))...(((((.((((.((((....))))((((...)))).......((((((((.((((....)))).)))))))).(((((.(.(((((..(((..(((.((........((((((((.......((((((......))))))))))))))..........))..))))))..))))).).)))))..((((....)))).)))).........(((((.......))))))))))...(((((((((..((((.((((.((.((......)).)))))).)))).........(((((((((.(((((....((.......(((((.......(((((...))))).....)))))((.(((..((((....)))).))))).....))....)))))))))))))).((...((.....))...))................)))))))))....)))))))))...... (-351.80)
Adalimumab_HC_topk_27	1416	0.4187853107344633	-361.0	-0.2549435028248588	....(((((((............))))))).((((((((......((((((..(((((((((...(((((((..(((.((((((((((.(((((.((..((((((((.......))).))))).)).).))))))))).)))))))).)))).......)))..))))))))).)))))).....))))))))(((((((((((.......))))).(((((((((((.((((((((...)))).))))((((..(((((((..((((.((((((....))).))).))))..))))))....)..)))))))))....)))))).((((((..((((.((......(((((.(((((((((..............(((((((.((((.((((((((((..(((.((((((....)))))))))..))))....(((((((((.(((((..(((((((((((..(((((....((((.(....).))))(((((((((((.(((((((((....)))))..........)))))))).)))).))).(((.((((((((((((((.....((((((((............)))))))).....)))))..................(((((.((.((((...............(((......)))(((....)))............)))).)))))))....(((((((......))).))))......(((((......)))))(((((.....)))))...))))))))).)))((((((((.................))))))))(((((..((((....((((((((((((.(((..(...((....))..)..))).))))))))).))).....))))..)))))......(((((.....(((((((((((((((.((..((((((..(((...(((..............................))).)))))))))......(((((((......((((......))))..))))))).....................)).))).))))))).))))).....)))))..........))))).)))))))))))..))((((((((((..............)).)))))))).....((((((((((((((((..(((.(((..((..(((((...(((((..(((......)))..))))))))))..))..))).)))...........))))))..........))))))))))))).)).)))))))..................)))))).)))).)))))))(((((((((..(((......))).))))))..)))..)))))))))))))).......)))))).........))))))...))))))... (-361.00)
Adalimumab_HC_topk_69	1416	0.4180790960451977	-363.5	-0.2567090395480226	.(((((...((((((..((((((...............(((.(((((((((((((..(((((((((...(((((((((((((((((((.(((((......)))))(((((.(.(((((((((((((.(((.(((.....(((........)))......))).)))))))))))..(((((.((((....)))).))))).)))))...).)))))........))))))))...))))))).)))).))))))))).....((((((((.((((.(((((((((.((..(((((((((........)).)))))))....((((((((((.(((.((((........((((((((((........))))).........((((((((((....(((((((((((....(((..((..(((((.........)))))..))....)))......)))))))))))..))))))).)))..(((((((....((.(((((((((((..((((.((((.....))))))))..((((.((...)).).))).)))))))))))))..))))))).)))))........)))).))))))))))))).)).))))).))))))))((((((..((((..(((....)))..)))).))))))....(((......)))..))))))))....((((((((.......((.(((((...((.((.(((.(((.((((.(((((((................)))))).(.((((((......)))))).)......((((.((((((((....)))...)))))))))............(((.....)))).)))).))).))).)).))..)))))))(((.((.((((...(((((....))))))).)).)).)))...)))))).)).....))))))))))...))).))).(((((((((.((((........)))).))).))))))((((.(.((((....)))).).))))(((((...((.....((((((...............))))))....)).)))))..)))))).))))))..)))))...(((..........)))...((((.((.(.((((.........)))).).)).))))......(((((.......)))))((.(((((((((((......((((((((((((.(((.....((..(((.....)))..))(((((((.(((((((((((........))))))).....)))).)))))))...(((..(((...((((...))))....)))..)))..((((((((((...)))))..))))).((((((.((.....)).)))))).))).))))).))))))).....))).)))))))).)).... (-363.50)
Adalimumab_HC_topk_53	1416	0.4180790960451977	-371.6	-0.26242937853107345	.(((((.........(((((((.((.((((((.........(((((..((........))..)))))........)))))))).)))))))((((((.((((((((((((((((...))))))))))).)))).).))))))........(((((((..((((.(((((((((..(((((.((((((((......((((((((((..((((....(((((((..(((((((...((((((...((((.....(((((.(((((.(((.(.((((....))))...)...))).))))))))))(((((..(((......)))....)))))...)))).))))))(((.((((((((((((((((((..((((....((((.....))))..))))))).)))))))))))).))).))).........))))))).....)))..))))....))))....)))).))))))......))))))))...)))))))))...))))).))))....))))))).....((((((.(((.((((((((((....)))))))....)))))).))))))..(((((((((((((.(((........(((((...(((((..((....(((((((...........((((((((((.(((.....(((((((....)))).))).......((((((........))))))(((......)))..........(((((((...(((((..(((((.((.......(((((.((((((.((....(((((...(((((......((((......))))......)))))))))))).)))).))..))))).........((((((....))))))(((....)))........(((((....)))))))))))).....))))).....)))))))...........))).))))))))))...)))))))....))..)))))..))))).......))))).(((((.(((((...(((((.(((((..........(((((((((......)))))))))......((((((......((((.((((..((((.((((..(.(((.(((.....((((.........))))...))).))).)..))))...((((..((((((.....))))))))))(((.((((.......))))..))).))))..)))))))).....))))))................................((((((.(((....(((....)))...))).))))))....))))).)))))..))))).)))))..)))))).)))))......((((.((((((((.(((((....)))))...)))))))))))).))))).(((((........))))).. (-371.60)
Adalimumab_HC_topk_70	1416	0.4180790960451977	-371.5	-0.2623587570621469	..((.((..((((((((((.((.....((((((.....((((((((((.(..........).))))).))))).))))))....)).)))))).))))......(((((((((((((((.(..(((((((..((((.(((((((((((((.((((((..(((.((((((((((((((.(((((..((((((.(((((((....((((((((.....(((((.....)))))..))))))))...)))))))....((((((.((....)).((((((.......))))))...((.((((((((((((((((....))))...)))((((((...((((((..........((((((((.....)))))))))))))).(((((...((..(((((((((...(((.((.((((((...)))))).))...))).....)))).)))))..))..))))).....))))))..))))))))).))(((((..((((((...(((((.((((.((((.....))))..)))).)))))(((((....(((((.....((((((((.......))))))))....))))))))))..)))))).)))))))))))(((((((....)))).))).....))))))..)).))).)))).)))))).........)))).))).)))))).((((((........)))))).....)))))))))))))...((((((.(...((((.((((.(((..((((((....((..((((.....))))..))...(((((((((..((((......))))..)))))))))((((.....))))......))).))).))).))))))))..).)))))).((((............)))).....((((..(((((.....)))))..))))..(((((((.((((...(((..(((.((((........)))).)))....))).)))).)))))))...))))..)).)))))..).))))))))).(((((.....((((((((((((((.....(((((...(((.......((((......))))....))).))))).....)))))).))......)))))).....))))).((((((.....(((((((((...((((((.....)))))))))))))))....)))))).))))))...((((((((.((.(((((((..(((((.............)))))..)))....(((((((((...))))).).))).....)))).)).))))))))...((((.((((....))))))))(((((.(((((((.......))))))).))..))).((((....))))...................)))).................... (-371.50)
Adalimumab_HC_topk_56	1416	0.4194915254237288	-365.5	-0.2581214689265537	........................(((((........(((.......)))......(((((((((((.(((.((((((((..(((..(((((..(((((.....(((((((((((((((((......)).)))..)).))))))))))..(((((((..((..(((..((((..((....(((((((((...(((..((((((((..(((((.((((.(((..((....))..)))))))...)))))....((((((.(((..(((...(((((....)).)))...)))..))).))))))..((..(((...((((((((((((((((((((((((((.....))))).(((((((((.......((((...)))).......))))).)))).((((((.....))))))..)))))))))))))....)))))))).)))..))...)))))))).)))....((((((....)))..)))..(((((((......)))))))(((((.((((......)))).)))))((((.(((.((..((....)))).))).))))))))))))).....))..)))))))..))...)))))))..((((..((((((.(((((.(((.(((...((((((...........)))))).............((((.(((.((((.(((((((((((((((...(((((((......))).))))...((((((((......)))).))))((((((........))((((((....))))))))))((((((..(((((((...(((......(((.((((.(......))))).)))(((((..(......)..))))).........)))....)))))))..)))))).............)))).)))))))).))).)))).))).)))).......((((((((((((((((((............(((.((......)).)))..)))))))))).))....))))))...((((......(((((((......(((((....((((......((((((.....((((......))))........))))))))))))))).......)))))))((((((((.(((...(((..((((((..........))))))..)))..)))..))))))))((.......)).)))).))).))).))))).)))))).....))))...................)))))..)))))..))))))))).)).)))..))).....................))))))))..........((..(((((((((((.(((((..((....((((((.(.((...)).))))))).....))...))))).))))))).))))..))))))).. (-365.50)
Adalimumab_HC_topk_7	1416	0.4201977401129944	-363.2	-0.25649717514124293	((((((.(((((((......)))))))..........(.(((((.((((((.........(((((...)))))....)))))).))))).)(((((((((..(((.((((.(((.((.(((((....((((...(((((...((((....).)))...))))).)))).))))).)).))))))).))).(((((..(((((((((...(((((((...(((((((((((((.(.(((((............)))))...).).))))))))))))...)))..))))....))))))))))))))......((((.((((((.((((...((((....))))....)))).))))))..))))((((((((((...(((((.((((.(....).)))).)))))...((((((.((....((((((((..((((((((((.((((((......)))))).)))).....(((((.((((((((((((.....))..(((.((((((..(((..((((......))))..))..)..))...)))).)))....(((((((((((((((((((((((...........((((((((((((..(..((((.....((.((((((..((((....))))...............((((((..((((......))))...))))))......(((((........))))).)))))).)).....))))..)..))))))))..((((.............)))).))))...(((..((.((((((..((((..(((((............)))))..))))...)))))).))..))).))))))))))...............)))))))))))))........))))))))))..))))).))))))))))))))(.((((.......)))).)................(((((((((((((((((........)))))))..........))))))))))....((((.((.....(((..(((((((.((((.(.((((((((....(((((..((((((.(...((((..........)))).))))....)))))))))))).)))).).)))).)))))))))))))))).))))))))............((((.(((......))).))))(((((((......)))))))......(((.((((((((((((((..(((((.......................((((.....))))..))).))..))))))).........)))))))))).....))))))))))....((((((.((((((((....))))))))...))))))))))))))).......................)))))).....(((((....))))). (-363.20)
Adalimumab_HC_topk_6	1416	0.4173728813559322	-361.6	-0.25536723163841807	.(((......)))..((((((..........((((((((..(((((((.(((..((((((((((.((((((..(((((..(((((((..(((((..((((..((((((.(((((...))))).))))).)..))))..)))))..).)))))).....)))))))))))(((((.....))))).))))...)))..)))..)))...)))))))....((((((...((((.((((((..........))))))...))))))))))(((((((((((.....((((((.((......)).))))))......((((...))))..(((((((..(((.(((((....)))))..)))....)))).)))(((((((.(((((((((.....((((((..((((((.(((((....(.(((((.((......)).))))).)))))).).)))))...)))))).........((((((((...(.(((((((((((((((((((((((((..(((((((......((((((......))).))).((((.((((((((.(((.....))).)))).)))).)))).(((....)))........((.(((((.((((........)))).))))).)).......)))))))...)).))))))).......((((.((.((((...(((............)))))))...)).))))...)))))))))))((.((((..(((((..(((.((((.(((((....)))....)))))).)))....)))))..)))).))..........((((......)))).(((((((..((.(..((..((..((((............))))..))..))..).))..))))))).........))))).)....)))))))).......................))))))))))))))))....))))))))))).......((((((((((.((.....))))))))))))..........((((((.........(((.((((........)))))))))))))..)))))))).........)))))).(((((...((((((.((.....((((.((((((((......)))))).))..............((((((.....))))))....(((..(((((.....((((.((((.(((((....)))))..)))).))))..)))))...))).....(((((((........)))))))..(((((((.((.....((((.(((((((((..(((((....).))))..)))).(((((((.(((((....))))).)))..))))))))).))))....))...))))))).))))....)).)))))).....)))))...... (-361.60)
Adalimumab_HC_topk_44	1416	0.4145480225988701	-354.0	-0.25	.(((......)))...................(((((((((((((((.......((((.(((....))).))))....)))))))))))))))........(((((((.........(((((((((((.(.(((.....((((...((((((((..(.....)..)))))))).))))..)))))))))...(((((((((((((.((((((((.....)))...((((..((((.....))))))))....(..(((((.((.....))...((((((((....(((((((((.((((((....))))))..))))))....)))..........((.((........))))..((((.((((.......))))))))..)))))))).(((((((.((((...((....))..)))).)))))))......((((((((...........))))))))..)))))..)...(((((((...((((((...))))))(((((((((((...((.(((......)))....(((((((.(((..(((((((((((.(((((((.......)))))))...((((((.(((((((..(((..(((((((.........(((((...(((.(((((.((((((.............))))))..((((.(((((((((((...........((((((((.(((....)))........(((((...........((((......)))).......)))))((((...)))).........)))))))).(((..(((((((((..(((............)))..............)))))))))..))))))))))))))))))..))))).)))....))))).)))))))................))).)))))))..)))))).....(((((.((((((.(((.((..((((((((((....((((((...))))))...)))))......)))))...))))).))))))...))))).)))))..............))))))...))))))))))..((((((.((..(.(.(((((.((((.(((((.((....(((.(((...............))).)))((((....)))).((((..........))))..((((((((.....))))))))))))))).))))..))))).))..)).))))))..))....)))))))))))........................)))))))........)))))))).........))))))))))....((((..((((((..((((((.((((((((....))))))))...)))))).......))))))..))))..............)))))).........)))))))... (-354.00)
Adalimumab_HC_topk_23	1416	0.4145480225988701	-379.6	-0.26807909604519775	.(((.(((((...((((((...(((....(((((((.((((((((((((((((((.(((((((..(((.....((((((((...((((((...(.....(((((((((.((((.....)))).))))).)))).....)..))))))))))))))....))).)))....(((((((.....((((.((((..(((.((((....)))))))..)))).))))..)))))))......)))).)))))))))))....((.((((.....)))).))..)))))))..)))))))....)))...))))))....)))))..((((..(((((((((((((.....))))).....))))))))....)))).(((((...((((((((....((((((.((((...(((((((.(((....))))))))))......(((...)))........))))))))))((((.......)))).((((.(((.((((.((...((((((((((....)))).))))))(((((.(((((((...))).))))...))))).))))))...((((((((.((.((.(((((.(((((((((((......)))....((((((((((((((.((....)))))...(((((.(((((((((................((((.((((((((.(((.((((((((((((..((((((....((((((.......))))))(((......)))......((((((((...(((((....(((((((((((.(((((((((((...((((((..(......)..)))))).)))..)))).......).)))))..))))))))))).)))))))))))..((((((.((...)).)))))).....))))))))))).)))))))..))).)))))))).))))....((((((...((.((..((((((((((.(........).)))))).)))).)).)).))))))..))))))))).))))).))))))))))).....(((((((((......)))))))))..(((......((((......))))...)))...))))))))...(((((((...))))))).((((((...((((....)))).....((((((...((.(((.....))).))))))))))))))....((((.....))))..(((....)))))))).))..)).)).))))))..................))).))))....((((((....))))))............))))))))...))))).........(((((.(((((((((.....))).)))))))))))..((.((((((((((..................))))))))))))......)))...... (-379.60)
Adalimumab_HC_topk_10	1416	0.4286723163841808	-369.1	-0.26066384180790964	....(((((((((........)))))))))...............(((..((.(((((((.((((..((((...))))...)))).).)))))).))..))).(((((((((((((((..(((((((.((((((.....((((..(((((((((.....(((((((((((((.((((......(((((....((..(((((.....)))))))....)))))....((((((.....))))))(((((((.(((((((((((((((...)))))).(((((.............)))))...))))).)))).((((((...(((((.(.((((((.....((((....))))...))))))...(((((((.(((..(((((...)))))..))))))))))((((..........))))((((((((...((....(((.((((((((........)))).)))).)))....))...))))))))....((((((((((((((((((((((...(((.......((.((((.((((((((....((((.....((((((((....)))).))))......))))((((..(((.....((.(((.(((((((((.....(((((..(((..(((((.((((((((..((((((((((((..((..(((((((((.((..((((((((..((((.........((.((((((((((((((......(((....))).............(((((((..((.(((...)))....))..)))))))..))))))))))))))...))..........))))...)))))))).(((.((...)))))....))))))).))))..)).))))).)).))))).....).)))))))...)))))..))).))))))))))))))..))).)).....)))..)))).......(((((((((.((.......)).)))))).)))........((((((((...))))))))....)))))))))).)).)).......)))...)))))))))((((..((...))..)))).(((.....)))..))))))))).)))).....((((.....))))......((((........))))).)))))...))))))..))))))).......(((((.....))))))))).))))))).)))))))))))))))..)))).....).))))...........(((((((.......((((...((....))...)))).......)))))))..((.((((...)))).))......).)))))))..)))))..((((...(((((...((((.((.....)).)))))))))....)))).................)))))))))).... (-369.10)
Adalimumab_HC_topk_5	1416	0.4194915254237288	-354.8	-0.25056497175141246	.(((((...((((((..(((.((((((.(((((...(((.((((......(((((((((((.((((((......((((((....(((((((((...........((((((((...(((((.((((((((..((((.((((.....(((((((.(.((((.(((....))).))))..(((.(.(((....)))).)))((((.(((...(((((((..((((....))))...))))).))..))).)))).((..((((((..((..(..((((....))))..)..))...))))))..))).)))))))........((((....((((((((...(((((....)))))...)))))))).....)))))))).))))((((((....)))))))))))))).)))))..........))))))))...(((((((.............))))))).)))))))))....))))))(((.(((((......))))).)))...(((....))).......((((((((((............)))..))))))))))))).)))((((((..(..............)..))))))......((((.((((((..(((((...((((((...((((((((((.....(((((......((...(((((...)))))...)).....)))))...((((...((((((.....((((((((........((.(((.............(((.((((.....((((....))))..)))).)))......((((((((.((((....))))...))))))))((((((((((((..........)))))((((((((.......)).)))))).))))))))))))........)))))))).....))))))..))))..((((...........))))......))))))))))..))))))...)))))..)))))).))))...))))))))........)))).)))...))))).))))))....(((...((((((........))))))...)))...........))).))))))..))))).(((((((....((((((((((((((.((((((((((((((..(((((((..((((((((((((...(((((((.(((((.....))))).(((((....(((...((((.((.((......)).))))))...))).))))).......(((((..((((.((.....))))))..)))))...))).))))))))))))).))).................)))))))))).....))))))))))).....))).))))).........))))))................(((((....))))))))))))........ (-354.80)
Adalimumab_HC_topk_49	1416	0.4194915254237288	-380.5	-0.2687146892655367	.......(((((((......)))))))........((((((..((((((((.......((((....)))).......))))))))))))))(((((..(((.((((.(((((......(((........)))((((((.(((........))).)))).))))))).)))).)))..)))))(((((((((((((((((((((((((........)))))...)))))))))..........(((((.(((((((..(((.((.((((.....((..(((((.((.......)).)))))...)).....)))))).)))..)).)))))....)))))........(((((((((((((.(((((((....((((.(((.(((((((..((((.(...((((((((((........))))))))))).)))))))))))..)))))))....(((((((..................)))))))))))).)).))))))))((((((.(((((...(((................((((((....(((((((((((((.((((...((.((((((((((((((((((.........((((.(((((((.........(((((((.((((..((((((..((((.((((((...))))))..(((((....((((...((((.............)))))))))))))..........((((.((....((.(((((((.(((..(((((((((.(((.....(((...)))....(((.((((((....(((.....)))..))))))..)))....(((...((((........))))..)))...)))))))))))).))).......))))))).)))).))))..............(((((.((.(..((((((((.......))))))))..).)).)))))..)))).))))))......((((........)))).((((....))))...(((((.(((.....))).))))).(((((((..(((((...............)))))...))))))).((((((......)))))).))))..)))))))....(((...)))(((((....)))))..........(((.....)))..(((((..(((((((...)))))))))))).....((((...)))))))))))))))........))))))))).))))))).)).))...))))..........))))))...((((((...))))))..............))))))).....)))))))))...)))))..))))))..(((.(((...((((((((........)))))))).....))).)))......)))))..........))))...)))))))... (-380.50)
Adalimumab_HC_topk_64	1416	0.4145480225988701	-357.7	-0.2526129943502825	..((((((((((((......)))))........)))))))..............((((((((((.....))))))))))...((((.(((((((...(((((....(((((....((..((((((.((((........((((((((((((((((....(.((.(((.(((((((.....))).))))))).)).)...((((.(((.....((((...((((........)))))))).....))).)))))))))))))))))))).......)))).))))))..)).....)))))....)))))...)).........((((...((((..((((((..(((((((.(((((.((((((.((((.............(((((((....)))))))...(((.(((((((...(((.......)))...))))))).)))...((((..(..(((((......)))))..)..))))....((((((((((........((((.((.((...(((......)))...)).)).))))...(((((.....)))))(((((....)).)))...............))))))))))........))))...))))))))))).))))))).))))))..)))).))))..((((((((.(((((...(((((((.((((.(((((((...(((...((((..............)))).....)))...)))))))....))))))))))).(((((.((.(((...)))....)).))).))......)))))...))))))))(((.......)))......((((((((....((((....((((.(((...((((((((((((...(((....)))((((((..((((((((.((..((((..((..(((....(((((.....(((.((...(((((((((.(((((................))))).))))((((((((..((((((...((((......(((((((((((.(....(((((....(((...............))).....)))))).)))))).......)))))...))))..))))))..))))).)))..((((((((.(((((........))))))))))))).........((((((.....)))))).)))))..)).))).....)))))...))).))((((....((..(((.....)))..))....)))).............))))..)).))))))))....))))))........(.((((((......)))))).)......)))))))))))).......))).))))..)))).(((((((.....)))))))..))))))))...(((((....)))))..))))).))))..... (-357.70)
Adalimumab_HC_topk_63	1416	0.413135593220339	-366.7	-0.2589689265536723	((((((............((((..((((((((((...(((((((((((..........)))))))))))...((((((((((((((((((.....(((((((((((.(..(....)..).))).))))))))))))))))))))..((((((((..((...))..))))))))..))))))....))))))))))..))))((((((((((......)).))))))))))))))........((((.........(((((((((.......((((((.((.(((((((((............)))))....(((..(((((.(.((((.((.((((....)))))).)))).)))))).)))...(((((((((..(((((((....))..)))))((((...(((.((((((.........))))))...))).....)))).....................((((((..((((.....(.((((((..((.(((((((((((((((((..(((.....)))..))))))....((((((....(((((..((((((((((.......))))))).)))..)))))))))))............((((((..((.((((((..((((....)))).....(((((((....)))))))..(((((((....)))).))).......((((............)))))))))).))..))))))...((((((((......)))).))))...............(((((((....))))))))))))))))))......................(((.....))).(((((((.(((...))))))))))((((((((((((((.((.(((....))).((((((........(((((((((..((((((((((.(((((((((((..(((...................(((((((((((((((........)))))))).)))))))...)))..))))))....(((((((..((((((((........(((.......)))......))))))))......(((((........))))).))))))).((....))(((((((((...((((((....(((.(((......)))..)))..))).....))).)).)))))))....((((......)))).))))))))).))))))..)))))))))))).)))..)).)))))))).........)))))).))..)))))).).....))))..))))))...........))))))))))))).)).))))))....((((((.(.....).))))))..(((((.((.((((((((...(((....))).....)))))))))))))))...)))))))))......)))).. (-366.70)
Adalimumab_HC_greedy	1416	0.3340395480225989	-264.0	-0.1864406779661017	........................................(((..(.........((((....))))........)..)))((((((((((((........((..(((((.(((...))))))))..))..((((((((((((((.(((((((((..((((...))))((((((...((((.((((.....))))))))....(((((..(((((.((((.((.((((.(((((((((((((....(((((..(((((((...............((((((.(((.......))).)))))))))))))..)))))....(((((...((((.(((...((.((....)).))...))).))))....)))))........(((((........))))).(((((((..........)))))))..(((((......((((.((((.((..(((((((.........................)))))))..)).(((((.(((((((((....))))).....(((.(((.(.......).)))..))))))).)))))....(((((.(((((((..............((((...........))))..........................(((((.............)))))...(((((((....)))).)))((((((((....(((........((..((..((((((..((((........(((((......)))))...(((((((..(.....(....).....)..))))))).....))))..))))))..))))........))).....))))))))....))))))).))))).................(((.....))))))).)))))))))......))))))))))))).).))).)).))))..)))..))..))))).)))))).(((((((((..(((((((((....)))))))))...))))))).)).....)))))))))(((((((..((((((...............(((((.(((((.(((.......)))..)))))...))))).))))))))))))).((((((...((((((.((.((((((((.((((..........))))))))))))...........)).))))))...))))))(((((((((((...)))))).)))))........((((((((.......(((..........................)))))))))))..(((((....))))).................(((.....)))..)))))))))).))))(((((((((....)))))))))..(((.(((.(((((....)))))...))).)))................))))))))).)))... (-264.00)
Adalimumab_HC_topk_59	1416	0.4216101694915254	-352.3	-0.24879943502824858	..((((((.(((((....................)))))(((((((.((........)).))))))).....))))))((((.(((((((((((((((..((((((((((((((...))))))))((((...))))))))))..(((((.((((((((((((..((.(((((..(((..((.((.((((...((((..(.((((((((((((((((..(((..((....))..))).))))..)))))((((((....(((......)))......((((....))))......((..((((((....))))))..))......))))))((((((.....((((....))))...))))))....(((((.(((((....((((((.......((((((..(((.....(((((((((((((.((((....(((..((((....(((((..((((((((......((((........((((...(((((..((((((((.(((....((......)).....))).)))).)))))))))...))))........)))).....))))))).)..)))))...))))..)))...))))(((((((((.((.((((((...(....)....))))))..)).....))))))))).....))))).....))))))))...)))....))))))........))).))).....((((...))))....))))))))))))))))).)..))))......)))))).))((((.((((.((((...)))))))).))))....))))))))))(((((....))))).(((((((..........)))))))..))))))))))))))))).....)))).)))))((((((...((((.(((((((.((....(((((((..((((.....(((.......)))........))))....))))))))).)))).))).((((...((((((((((((...((((....)))).)))))))))))))))).....................(((((((..(((.(((((.....(((..(((((((((.((((((((.....((((((((...))))....))))..(((......))).((((((((((........)))))).)))).((((...(((((((((....)))))..))))...))))....((.((((((((..(((((..............................))))))))))))).)).)))))))).)))..................)))))).)))..))))).))).(((((((.......))))))).)))))))...))))))))))...)))))).)))).(((((.....)))))............. (-352.30)
Adalimumab_LC_topk_68	705	0.425531914893617	-194.5	-0.27588652482269505	.......((((((.(((((.......((((....(((((.(((((......((((((.(..((((...)))).((((((.(((((((.....((((.......))))))))))).))))))((.(((((.(((..(((((((.(((...((((((((.........((((.(((((((((((((((..(((((((.(((((((((......((((((......((((((((((........)))))))...(((((...(((((((........))))))))))))..((((((........))))))...((((.....(((((((.......)))))))))))(((........)))....)))....))))))....))))).)))).))).))))..)))))..................((((((((...)))..))).))....))))))))))..))))........)))))))).))).))))))).....)))))))).))).)))))).......))))).))))).....))))(((((((((((((.......(((((..(((.((.((.....)).)).)))..))))).)))))))..)))))).........((((((.......))))))............)))))))))))(((((((((((...))))).......)))))).... (-194.50)
Adalimumab_LC_topk_33	705	0.4226950354609929	-166.1	-0.23560283687943262	..((((((((((....)))))))))).........(((.(((((.(((...((((....((((((((......((((.(.(((((((....................))))))).).))))........)))).))))..((((.......((..(((((((((((.((....))..)))))))))))..))......))))((((((.((((((((..(((((..(((((((.(....).)))))))(((((((.((((((((((((...................((((.((.....)).))))...(((((....(((((((.....(((...(((((((.............((((..((((((((..((.............))..))).)))))..)))).)))))))...)))...))))))).))))).....((((((........(((((((.((((((.(((....))).)).(((..(((.......)))..))).)))).)))))))........))))))...)))).)))))))))).)))))..(((.((....)).)))......((((.(((.........................))).)))).........)))))))))).))))))))).......((((........)))).......))))...))).))))).)))... (-166.10)
Adalimumab_LC_topk_2	705	0.4226950354609929	-170.7	-0.24212765957446808	.(((((((((...........((((..............(((((((((.((((((((((.((.((((((.((.(((..............))).))))))..)).)).)))))))))).)).......))).))))..((((..((((.(((.......(((((((((..((((.......))))....(((..(((((.....))))))))((((((.............)))))))))))))))..((((......))))((((........)))).(((.(((((((.((..........)).))))))))))....))).)))).))))......))))..........)))))))))..........(((((....(((((((..(((((((.......((((.(((..(((((...(((((.(((((((.(((...((((.......))))))).)))))))))))).(((((((.(((...)))...)))))))....)))))..))).))))..........))))))).....(((((((((......))).)))))).(((......))).)))))))...)))))....(((((((((.((.....)).))))........)))))((.((.(((((....))))).)).))(((((((((..((((((...))))))....)))))))))... (-170.70)
Adalimumab_LC_topk_24	705	0.4198581560283688	-166.0	-0.23546099290780143	.(((((((((.(((....))).))))........((((((((..(((..(((.((((((((((((((((.((((.....((....))....)))).))))..)))))))))))).)))..(((((.....)))))((.((((.((((...(((((((((.((((((((.(((((.........((((....))))......)))))))))))))..........((((..((((((((((((.((((((...)))))).))..))))))...(((((.(((((...((..(((((((..(((((((..((..(((...(((..((.....))..)))....)))....))..)))).))))))))))..))...))))))))))...((((..((((((......(((((((((............)))))).)))........))))..))..)))).....)))).))))))))))))).)))).)))).))..)))..))))))))((((.......))))..)))))....((((((..(((((((((....))).)))))).(((((((...(((((((((((((((((.(.((((((...))))))).)))...))).......))))).......))))))(((((......((((........)))))))))..)))))))........)))))).. (-166.00)
Adalimumab_LC_topk_1	705	0.41843971631205673	-176.9	-0.2509219858156028	..((((((((((((......)))))))...............))))).(((((((((((....)).))))).)))).(((.(((((((((((.....))))))((...(((((((((....(((((.(((.(.((((.....((((..((((((.((.....((..(((..........)))..))..)).))))))...)))).(((..((((((...((((...(((((((((...)))).)))))....))))..)))))))))..(((((.................)))))...)))))))).)))))...))))))...)))...))(((((((.(((..........(((((((((((..(((((.((((((......(((.(((..((((((((.((((((((..(((((((..(((.(((((((((((((((.(((...)))))))))))))))))).)))................)))))))..)))).))))))))..))))..........))).)))......))))))((((((((......)).)))))).(((((..........)))))........))))).)))))))))))))))))))))....(((((.....)))))(((.(((((..(((....)))))))))))..(((((..............)))))))))).))) (-176.90)
Adalimumab_LC_topk_39	705	0.4156028368794326	-164.6	-0.23347517730496453	.((((((((........((((.((((((((......(((((.....(((((((......)).)))))....)))))......((((((...((......))....))))))(((.(.(((.((((.....)))))))).))))))))))).))))....((((((.(((..(....)..))).))))))((((....(((((........))))).....((((((.....)))))).((((..((((.((((((....(((.(((............))).))).....))))))..)))).))))(((.(((((((......))).)))).)))....))))..........))))))))(((((((.(((((..(((...(((((((.(((((((.....((((((((..((((((((((.((((((.....(((.....))).....))))))))))....((((((.....((((......))))...))))))......))))))(((((...((...)).)))))...........(((((((((....))).)))))).))))))))(((((...((.((((......(((..((((....)))).)))....)))).))...)))))...)).))))))))).))))))..))))).)))..)))).........((((((.....)))))).... (-164.60)
Adalimumab_LC_topk_69	705	0.4085106382978723	-184.3	-0.26141843971631207	..((((.(((((.........(((((((((((((((.((((..(((((((..(((((.....)))))..).....((((((............))))))(((((((..((((((...))))))..))))))).(((...))).((((((((((((((((.((((((((.((((((((..((((....)))).......))))))))))))))))...))).)))))......))))))))))))))...))))))...)))))))))))))............((((.(((((..........))))).))))........(((((((((.((.((((((..((((((((.((.((((.........)))).))........(((.(((....((((..((((((.((((((((............))))))))))))......))..))))....))).)))((((((((.((((...))))...))))))))))))))))..))(((((((.....)))).)))((((((((....))).((((((.(((....)))..))))))..)))))....)))))).))).)))))).........(((((.((.....)).))))).......))))).))))((.(((((.((((....)))).....)))))))........((((((....))))))...... (-184.30)
Adalimumab_LC_topk_30	705	0.4056737588652482	-170.1	-0.24127659574468086	..((((((((((((............))))..))))))))......((.((((((((((((((((.......(((((.........)))))...........)))))))))))))))).))(((.(((.((.(((...)))))..))).)))......((((.((((((..........((((....))))......((...(((.(((.((((((((.((((.(((......((((((..(((((((((.(((((((...((.(..((.(((((..............((((.((((....))))))))((((((.......))))))((((((((((....(((.((..(((((((.((.(((...((((((((((..(((((.(((((((((((((.(((.(((..(((((............)))))))).))).)).)))...)))).))))..)))))....))))))..))))...)))...).).))))))))).)))....)))).))))))........(((........)))))))).))..).))...))))))).)))).))))).(((((....((((.....))))....)))))......................))))))))))))))))))...........))).))).)))...))..............)))))))))).... (-170.10)
Adalimumab_LC_topk_67	705	0.4056737588652482	-149.4	-0.2119148936170213	.........................................(((((((((......(((....)))........)))).))))).........((((((((.(((((((((((.((((.(((((....)))))......(((((((((((((......((((.(.((((..........))))).))))........((((((.(((...(.((......)))...))).))))))((((...((((((...)))))).....)))).))))...)))))))))...)))))))).)))..))))..(((((((...............)))))))......((((((((....(((((((((((((...(((.((.(((((((.((..((((((((......)))................(((((.(((((((.(((....(((((....)))))))).))))))))))))..(((.(((((...((...((((.((((...((.........)).))))))))..)).))))).)))..((((((.(((....)))..)))))).......)))))...)).)))).))))).))))))))))))))))(((..........))).))))))....))(((((......)))))...(((((....)))))....................))))))))... (-149.40)
Adalimumab_LC_topk_65	705	0.40425531914893614	-172.7	-0.24496453900709217	.(((......)))......................(((((((((((((..((((..((((((((....((((((.((((.......)))).)))))).......(((((((((..((((((............((((((.(((.((..........((((......))))..........)))))..))))))...(((.(((.((...(((((........))))))).))).)))...((((((.((..(((((((.((((.(..((.(((((.((..((((....((((.((((((...)))))).))))((((((....(((((.(((((((....)))))..........)).))))).......))))))((((....((((.(((((.((.((.(((((((((((.((((((((.....((((((.......(((...(((((((....)))))))....)))........)))))).)))))))).)))))....)))))).)))).))))).))))..)))).))))..))...))))).))..).)))).))).))))..)).))))))...)))))))))))))))........................((((.((....(((((.((..((((......)))).)).)))))..))))))))).))))).))))..)))))))))))))... (-172.70)
Adalimumab_LC_topk_72	705	0.40425531914893614	-173.5	-0.24609929078014184	.........((..((((((.................(((((((((((((((.(((((((((((((((.....((((.((((....)).)))))))))))))...)).)))))).)))..(((........))))))))))..)))))((((((..........))))))((((((((......(((.....)))....))))))))...(((((((((((((((((...((((....(((...........))).))))))))).)))).((((((((((((.((((((((((..........))))))))))...((((((..((((...)))).))))))((.(((........))))))))))........)))))))..........))))))))..(((((..................)))))((((((.((((..(((((.....)))))...)))).))))))........(((((...((((((....(((((..((((..((.......))..))))..((((.(((((....((((((((......)).))))))...))))))))).(((((..(((...........)))..)))))(((((..(((((.....)))))))))).....((((......))))....)))))..)))))).)))))..............))))))..)).. (-173.50)
Adalimumab_LC_topk_56	705	0.40283687943262414	-173.6	-0.24624113475177303	..(((((.((((((........((.....)).......)))))).)))))..(((((((.(((((((((.(((((((((.(((((((.(((((......)))))...))))))).))))))(((((...))))).......(((((((........)))))))...(((.((....)).)))(((.......))).....)))..))))).))))...(((((((((.....(((.((((.((.(.(((((((((((((((((.((((.......)))).)))))))))))(((((((....((((((.((((((.....((((((((....).))))))))))......((((((((.(((.(((..(((((((((((((((....((((..((.(..(((...((((......(((.((.....)).)))......)))).)))..).))..))))..)))))))......))))))))..)).).)))..))))))))...((.((((((.....)))))).))........((((....))))((((......))))((((...((((..........)))))))).........)))))))))....))))))).)))))).))).)))).)))...))))))))).......((((((((.((.........)).)))))))).....))))))).... (-173.60)
Adalimumab_LC_topk_32	705	0.4014184397163121	-169.5	-0.2404255319148936	......................((((((((((...............(((((..(((((((.((((((((((((((...(((((.((.((((....(((((.((((..((((((...))))))..)))).)))))((((.....(((...((((....(((((.((..((((((.......))))))..)).)))))..))))..)))))))..((.(((((....(((((((........)))))))....))))))))))).))...)))))))).)))))..))))))..........))))))).)))))...........))))))))))....(((.((((((........((((....))))..(((((((((....(((((((..(((((((..((((..................)))).))))))).....((((..((.((.(((.((((..((((.((......(((((....))))).((((.((((((.................)))))).)))))).))))..)))).)))))))..))))....(((.(((((...........(((((.(((...(((((.......))))).))).))))).............(((((.((.......))))))).......))))).)))..))))).))....))))))))))))))).))). (-169.50)
Adalimumab_LC_topk_58	705	0.4014184397163121	-153.8	-0.21815602836879433	..((((((((........)))))))).......................(.(((((((((((.((((....(((((...........)))))..)))).))....((.(((..((((...........(((.((((((.....(((.((((...((((((((((.((((..........)))).((((((.....(((((............)))))....(((......)))(((((((((((((((....))).))))))..))))))........))))))....(((((((((((((((((((((((.((...((((((.((((...)))))))))).))...)))).).))))).............))))).....))))))))(((((((.((((.((((((((((..............))))))...(((((((..(((((((....)))))))..)))))))..((((((..((.......))..))))))(((((((.(((.......))).))))..)))...))))..))))..)))))))...)))))))))).....)))).)))......)))))))))...........))))..))).))......((((.....))))....((((..(((((((....((((....))))....)))))))..).))).....))))))))).). (-153.80)
Adalimumab_LC_topk_35	705	0.4014184397163121	-150.0	-0.2127659574468085	........................................(((((((((..........(((.((((...(((((..........)))))....)))).))).......(((((((..(((..(((((((.((((..(((((((((...((((.....))))(((((..............((((......))))............)))))(((((((((.((((.....((((.(((.....))).))))(((((((...)))).))).......((((((((......((((((.....)))))).(((.(((((((((((.(((...)))))))).((((..((((.....(((((..(((.....(((..(((((..(((((.((.(((......))).)))))))))))).)))))))))))))))..))))..)))))))))(((((((.(((........................))).)))))))..))).))))))))))))))...)))).(((((((((...((((....)))))))..)))))).((((.....(((((.......)))))...))))...)))))))))..))))))).))))..)))....((((((.......))))))(((((.........)))))........))))))).............)))))))))... (-150.00)
Adalimumab_LC_topk_42	705	0.4014184397163121	-160.04	-0.22700709219858156	...............(((((((.............((((.......))))(((((((((((((((((......((((...))))..........))))......)))))))))))))....((((((.(((.(.....((((((((.....((((...(((((..((..((.(((.((((.((((((.(((((((...................................)))))))..))))))..))))..)))..(((((((...(((((((((((......(((((((((........))))))))).(((.....(((.(((.......))).))))))...........(((((...((((...(((((.(((.....((........))......))).)))))...)))).....))))).....)).)))))))))...))).))))((((((.((((...(((....)))....((.((((((((((((((((...............))))))).....))))..))))).))((((((.((.((((.....))))....((((((........)))))).....)).)))))).....)))).))))))......((((..((....)).))))..))..))..)))))...))))...))))))))....).))).)))))))))))))... (-160.04)
Adalimumab_LC_topk_37	705	0.4	-184.6	-0.26184397163120565	....((((((..((......))..)))))).....(.(((((((((((((((((((((..(.(((.....(((((((((....(((((...((((((((.......((((((((.((....))))))))))...((((((((.(((...((((((((((((((((.(((.((....)).))).)))))).......((.((((((.....((((((.((......((((((.(((..((.....))..).)).))))))(((((.((.(((((((((((((.(((...((((((........))))))...((((.((.((((...(....)...))))))))))............))).))))))...))))).)).))...))))))).))))))....)))))).))............(((((((.((((.((.......)).))))...))))).)).........)))))))))).))).))))))))..(((((((((..............))))).))))..((((((.((....)).))))))))))..))))...)))))..............(((((...((.((((((...(((((((((..(((((.....)))))))))).)))))))))))).)))))...))).))))))))))..))))))))))....)))..)))))))).). (-184.60)
Adalimumab_LC_topk_20	705	0.39858156028368796	-180.8	-0.25645390070921986	..((((.(((((((......)))))))...((((((.((((((..((((((((((.((((.(..(((((....(((...((..........))...)))...))))).).))))))))))))))..((((((...))))))..((((.(((((...((((......))))...)).)))))))(((((((....((((((..((.....((((((.....(((((((((((...((((((.(((((.(((((((((....))))))...))).))))).....(((((..((((((...((...((.((((....)))).))...)).))))))..)))))....(((........)))...))))))..))))))).....))))....))))))....))..))))))..)))))))..((.(((((((((.(((((.....(((...)))))))).))))))))).)).....(((((.....))))).........))))))))))))(((...(((((....))))).....)))..(((((((...((((.......))))..))))))).((((((((((.....(((........)))....))))))..))))..((((((((...))))))))..(((....))).....)))).((((((((.((..(((...)))..))...))))))))... (-180.80)
Adalimumab_LC_topk_6	705	0.39858156028368796	-159.6	-0.22638297872340424	.......((((((((((.....(((((((.((((...((.(((.(((.......(((((((........)))))))...((((........))))..(((((((.....((((.((..((((((....))))))..)))))).....((((((.......(((((((((..........)))))))))((((.......))))(((((.((((((........(((.((((((((.............))))))))...))))))))).)))))...............(((((((......)).)))))..(((.((.(((((..........))))))))))..........(((((.(((((.......((((((.(((((..((((..(((((.((.............................)).)))))..))))(((((((((....)))))..))))....(((((...((((((...(((.((.((((((((((.....)))))....)))))))..)))............(((((.((......))..)))))...))))))...)))))..))))))))))).....))))).))))))))))).....))))))))))))).))..)))).))).)))).....))))))))))((((((.(...(((....)))...).)))))).... (-159.60)
Adalimumab_LC_topk_34	705	0.39574468085106385	-166.0	-0.23546099290780143	.........(((.((((((..(((...(((...(((((((.((((...((......(((((((............((((..((((((.((..............)).))))))..))))..........)))))))...)).)))))))))))..(((((((((..(((((..((.....(((((....((((....(((((.......((((..(((.(((((.((..(((.(.((.((((((.....((((.(((((....)))))))))..........................(((((.......)))))..(((((((.(((...))))))))))..............((((((....))))))(((((((((((.(((......((((.(.(((.(((.........((((((.((..((........))..))))))))......)))))).)))))..)))..)))))))))))...)))))).)).).)))..)).))))).)))..))))((((...(((....)))...))))...))))).))))......)).)))........(((((((((((((....((((....)))).)))))))))))))...........))..))))).))))))))).....((((((......)).)))).......)))...))).)))))).))).. (-166.00)
Adalimumab_LC_topk_60	705	0.38865248226950355	-172.8	-0.24510638297872342	.(((((((((((((....................)))))))((((((((((((.(((((((((((((.....((((...........))))...))))))).....)))).)).))))..))))))))((((((((.(((((..(((((((...(......)...)))))))......(((((....)))))(((..((((((.....(((..((((((((........)))).)))).....)))......)))))).....)))))))).))))))))........((((((........))))))..)))))).......((((((((((((....(((...)))..))))))).))))).....(((((((((((((...(((((((...))).))))..))))))))))))).(((((.(((..(((.((....(((((((.(.(((....((((....((((((((((..(((((.......))))).....))))))))))....))))...))).))))(((((.........(((....(((...((((.(((((.(((((.......))))).)))))..))))))).....)))........))))).............((((....))))(((((....)))))(((((.((....))))))).))))....)))))..))))))))..... (-172.80)
Adalimumab_LC_topk_48	705	0.3872340425531915	-162.2	-0.23007092198581558	..((((.(((.((((..((((((((((..(((.(((.....((((((.(.((((((.(((((((((.....(.((((..((..........))..)))).)))))))))).)))))).)...)))))).....))).)))..))))....))))))..(((((.((..((((((.......))))))..)).)))))...)))).))).))))((((...((((((...((((....))))........((((((((((.........)))).)))))).....((((((((.(((....(((..(((((((........(((((((.......))))))).........))))))).....)))....))).)))))))).((((((((((((((......((((((((...((((((((((.((((.(.....((((....))))....).)))))))).(((((((((..(..(((......)))..)..)))))).)))..)))))).....)))))))).......))))))(((((..((((((((...((.((((..(((((((((...((.....))..))))).....)))).))))))...))))))))........(((((...)))))..))))).((((((......(((((....)))))))))))..))))))))....)))))).)))) (-162.20)
Adalimumab_LC_topk_16	705	0.38581560283687943	-178.1	-0.25262411347517727	.........((((.(((((((((((((.((((...(((.((((.((((((((((((((((.(((((((((((((((((.......)))))))).(((((((....)))))))((((.((((...)))))))).(((...))).)))))))))..)))))))......((((((((...(((((....)))))......((((((((((..(((((.........)))))(((((.......(.(((..((...(((((((.((((...))))..)))))))...))..))).)......)))))...(((.((((..(((((((.(((...)))))))))))))).))).((((((.....))))))..(((((.((((....((((((.((((.....))))..))))))...)))).))))).)))))))))).....)).)))))).((((((((((.(((((.....)))))...)))).....))))))..........((.((((((.....)))))).))))).))))))..)))))))...))))..))))))))...))))).)))).......((((.(((((........(((.((((.....)))).)))....((((...)))).((.(((((......)))))))((((........))))(((((...)))))......))))).)))). (-178.10)
Adalimumab_LC_topk_14	705	0.42411347517730497	-172.2	-0.24425531914893617	..(((...((((....((((((((((((....((((.......(((..(((((((.....(((((((...(((.(((.........))).))).))))))).....)))))))..))).(((((....)))))(((((((((..(((((((....)))))))....(((.((....)).))).))))).))))....(((((........)))))(((.(((....)))..)))((((((....(((..((((((....)).)))).)))..........((((.(.((((....((.(((((....(((((...(((......)))....)))))....))))).))...)))).).)))))))))).))))..))))))))))))..)))))))((((.........((((((((.....((((((......(((((.(((.((((((((....))..))))))))))))))........(((((.((((.(...).)))))))))(((((.......)))))...)))))).((((....)))).(((((.(((((..(((...((((((........((((.(((...(((........)))...)))))))........((((.....))))...((((.(.(......).)))))))))))...)))..))).))...)))))....)))))))))))) (-172.20)
Adalimumab_LC_topk_25	705	0.4226950354609929	-164.7	-0.23361702127659573	.(((......)))(((((.((((((((((((((((((((..((((........))))...)))))......(((((...........))))).((((.(((((....)))))..)))).........((((..........))))))))))))))...((((((.((((..........)))).)))))).........(((........)))(((.......)))(((((((........))))))).(((......))).(((...)))(((((((((......((((......((.(((((((((((..(((......(((((((...(((........)))..........((((((....))))))(((.((((((..(((((((.(((......))).))))))).)))))).)))(((.((((((.............(((((((((...))).))))))...........)))))).)))....((......))...(((((.(((((...........))))).)..))))..((((((.((......))..))))))...))))))).....))).)))))))).................))).))....)))).(((((.....))))))))))))))........))))).)))))((.(((.((..(((....)))..)).))).)).... (-164.70)
Adalimumab_LC_topk_40	705	0.4226950354609929	-177.2	-0.25134751773049646	...((.((((((..........((((((.((((((....(((((((((.(((.(((((..(((((.....((((((...........))))))...)))))....))))).))).)))))))))..(((((..((((.((((((((((........))))))).(((((((((((....).)))((.((((((((..(((..........((.((......)).)))))..)).)))))).))..(((((((((((..((..((((....................))))..))....))))))))))).((((((.......))))))(((((..........))))).((((((.((((....))))))))))..........))))))).)))))))))))).(((((((.....(((...))))))))))...)))))).))))))((((((.(((.(((................))).))).))))))............(((((((.....))).))))..((((((....))).)))..((((((((..(((.((.((....)).))...(((((((((((..(((........((((....))))........)))...)))))..)))))).)))..)))))))).....)))))).))((((((.(................).)))))).... (-177.20)
Adalimumab_LC_topk_18	705	0.4198581560283688	-184.2	-0.2612765957446808	.....(((((.......)))))........................((((((((.(((...(((((.......((((((...........(((((((.((...)).)))))))..)))))).(((..((((.(((...)))))))..)))....(((((.....))))).((((..((((((((((...((((..((((.((........)).))))....((........)).))))..))))))))))))))))))).))).)))))))).((((((((((...........((((.....))))((((....))))............(((((....)))))......((.....((((((((((....)))(((..((((...((((.(((...)))))))...))))..)))........(((((((((((((((((........))))))))))))))))).................(((((((((((.(((((((((((((((((((.....(((((.(((((....((((......))))...........))))).)))))..))))))).))))))).)))))...(((((.....)))))(((((((.((.......)).))))..)))....(((....))).....)))))))))))))))))).....)).......))))))))))... (-184.20)
Adalimumab_LC_topk_54	705	0.41843971631205673	-171.4	-0.24312056737588653	..((((((......)))))).(((((........((((((.........((((((((((............((((((.(.(((.((((..((((....))))....)))).))).).))...)))).((((...(((...(((((((....(((...(((((((((((((.((......((((....))))....(((((((........)))))))..((((..((((..(((((...((((((((((....((((..((((((...))))))(((((....((((((((((..........))))))))))...........((((..(((......(((..........)))))))))).(((...((((.((((..((...((.(((...))).))....))..)))).))))..))).))))).)))).....))))))))))..))))).)))).))))(((((....(((((((.(((...)))...)))))))....)))))((((.(((....)))))))(((((....))))).....)).)))))))))))))...(((((((........)))))))..)))......))))))).....)))...)))).)))).)))))).........)))))).........)))))...(((((.(((((..............)))))))))).... (-171.40)
Adalimumab_LC_topk_43	705	0.4368794326241135	-159.9	-0.22680851063829788	.(.((.(((..((((((.......((((..........................((((((((.((((((((((.(((...........))).)))))))..))).))))))))...(((((..((((((.....((((((.(.(((.((.(((((((.(((((((((((.((....)).))))))).(((((....))))).............((((....(((((((.((((((...))))))....((((.(((((...))))).))))....((((.......))))..)))))))...))))..(((.((..(((..((.......))..)))..)).)))(((.(((..((((....((....(((((.(((((...((((((((...))).)))))..))))).)))))))..))))))))))(((((((((...(((...)))..))))))))).......)))).)))))))))))).).))))))..((.....((.((((((.....)))))).))..)))))))))))))((((((......................))))))............................(((((...)))))....))))......)))).))..))))).)...((((((((..((((....(((..............)))..))))..)))))))). (-159.90)
Adalimumab_LC_topk_4	705	0.4156028368794326	-180.5	-0.2560283687943262	.....(((((......))))).(((((((..(((.((.(((((((((((((((((((.((((((((.(((...(.((((.((((((..(((............)))..)))))).)))).)........(((((.((((.(((((.((............)).)))))(((((((...(((((....)))))........((((..(((((((((.........))...(((((((....((((((...))))))....)))))))......(((.(((.((...((((((((....((((........)))))))))))))).))).))))))))))..))))((((......((((((...((((..(((((((.....(((((((((...(((((.(...((((((...............(((((...........)))))))))))...).))))).)))))))))..)))))))..))).).....))))))......))))..))))))))))).)))))...(((......))))))))))).))))).)).))))))))((((((..(((...(.((((.(((((((((((..((((.((((......))))))))....))))))....))))))))).)((((......)))))))..)))))).....)))))))...)).))).))))))). (-180.50)
Adalimumab_LC_topk_9	705	0.425531914893617	-184.3	-0.26141843971631207	...((((.((.(((((((.((........)).................((((.((.....(((((((.....((((...........))))...)))))))...)).))))(((.(((((((..((.((((....(((((((.(((...((((((((((.(((((.(((.((....)).))).((((((.(((..((((((((.(((..((((((((((....(((((((.((((........)))).)))))))...))))))))))..)))................((((...(((..(((((((.(((.((((.......((((...))))...((((((((((.........))...))))))))..)))).)))...((((((((.(((...)))..)))))))).....)))))))..))).))))...........)))..)))))..))).)))))))).))))))))))))).))).)))))))..........(((((..((((....(((((........((((((..(....)..))))))))))).....))))....)))))(((((.(((((.(((((.(((...(.(((....))).)....))))).))).))))).))))))))).)).))))))))))))))))).))))))((((((((.....)))...)))))......... (-184.30)
Adalimumab_LC_topk_64	705	0.41418439716312055	-169.1	-0.2398581560283688	..(((((((((((........)))))))(((.....))).(((((((.((((((.(((..((((((...(((((((.((............))))))))).....))))))))).))))))...(((((((((.(((.((((((((...((((((((...((((.((((.((....)).)))).))))...((((....((((((((((((.(((.((.......(((((((((((...............((((.((......)).))))))))))))))).......((((.(((......)))))))((((...........))))...........))))).))))))....)))))))))).....((((...........))))...((((((.......((((((((............)))))))).......))))))((((...)))).(((((.....))))))))))))))))).)))).))).......((((((((((....((((...((.((((((((....))).(((((((((......))).))))))..))))).))..))))....))))))))))....(((.((((.....)))).)))..((((.....)))).)))))))))))))))).....(((((.....)))))........))))................... (-169.10)
Adalimumab_LC_topk_49	705	0.4127659574468085	-168.6	-0.23914893617021277	.........(((..((((((...............(((((((((..(((((((((((((....)).))))))).))))..(((((..((((((...(((((....)))))))).))))))))............(((.((((((((((..((.......((..((((((.((....)).))))))..))((((..((((.....))))..)).)).(((((((((.((.((((.....((...)).....)))))).)))).)))))((((.......((.(((((....))))).))(((((.......)))))........(((((.((((((((..(((...))))))).)))).)))))(((..(((((((((((((..(((((..((....))))).)))))))))))))))..)))))))(((((((.((..((((........))))..)).)))))))..........))..)))))).)))).)))...........)))))))))....((((((....((((((((((((..((..((((((((..(((((.....(((((............))))).......(((((...((.........))...)))))..(((((...))))))))))..)))))))).))....).))))))).)))).....))))))......)))))).))).. (-168.60)
Adalimumab_LC_topk_36	705	0.41134751773049644	-187.4	-0.26581560283687944	....(((((((............)))))))..............(((((((.........((((((((((...(((....((((((((..(((......)))....)))))))).((((((((.((.(((((.((((((((((((.....((......(((((((((((.((....)).)))))))))))............(((((..((((((((((....((((((((((((..((.....))..))))))).)))))(((((....((((.................)))).....)))))))))))))))...)))))....(((((((((((.........)))))))))))((((.((..((....((....))...))..)).).)))((((.(((((..................)))))))))..))....)))))))).))))......(((((((.....((((((.....(((..(((((.((((((....(((((((((((.....(((((...(((((((((.((......)).)))))).....)))...)))))..))))).......))))))...))))))...)))))..)))..))))))...)))))))........))))).)))))))))).))).))).)))).))).((((((..........)))))).))))))).. (-187.40)
Adalimumab_LC_topk_13	705	0.41418439716312055	-162.9	-0.23106382978723405	....................(((((((((.(((....((((((((((((....(((((((((.((((.....((((...........))))...)))).))......)))))))))))))))..(((((((((..((((((((.((((((..........(((.......)))((....))(((((...(((((((.......(((((..((((.(((........((((((((((....(((.((...)).)))....)))).....)))))).......(((........)))......((((((((((....))))....((((((((((((...............))))))))).)))((((.(((((.((.((...((((.........))))...)))).)))))...))))..))))))..)))))))..)))))))))(((.((....)).)))(((((((((.............)))))))))....(((((.(....).))))).......)))..))))).))))))..((((..(((((.((.((((((((.((.(.......).)).))))))....)).)).)))))..))))...........))))))))..........)))))))))(((((((......((..........))))))))).))))....))))))))))))... (-162.90)
Adalimumab_LC_topk_74	705	0.4099290780141844	-177.0	-0.251063829787234	...................................(((((((((..........(((((((........)))))))....((((((((..................))))))))((((((.......((((..(.(((((((..(((...........(((((((.(((..........))).)))))))........((((........)))).............))).))))))))..)))).......))))))((((((((((....)))))))))).((((.(((((..........))))).)))).(((........)))(((((.(((((((((((......(((((((((....)).))))))).((((...(((((.(((.((......)).))))))))...)))).((((.((..(((....)))..)).))))..)))).))))))))))))((((((((..(((((.......))))).....))))))))((((((.(((((.((((((.........((((((..(((((((((......)).))))))).))))))..........((((...((..(((((........)))))..))...))))..((((((...))))))..((((......)))))))))))))))...)))).))...............)))))))))... (-177.00)
Adalimumab_LC_topk_50	705	0.4099290780141844	-172.9	-0.24524822695035461	.....(((((....)))))...((((((((........(((((((((((((((((((..(((.((((.((...(((...........))).)).)))).)))..))..))))))..(((..(((((...))))).)))((((((((((((.(((..........((((.(((......(((((((.((((((....(((((((.......(((((.........))))).)))))))......)))))))))))))...)))))))))).))))...))))))))((((((((.(..((.((...)).))..)))))))))....((((((((((((..(((...)))))))))))))))...(((......)))(((((...((((((((............))))))))..)))))...((.((((((((...(((....)))...)).)))))).))(((((((.((.................)).)))))))...))))).))))))((((((((..((((......))))......(((((((.....((((.....))))..))))))).......))))))))....(((((........))))).((((((...((((.((...((...((((.(.(((.((((((.....))).))).))).).))))))...)))))))))))).)))))))). (-172.90)
Adalimumab_LC_topk_44	705	0.4099290780141844	-160.5	-0.2276595744680851	..(((((((.((((............))))...)))))))....................(((((((..(...(((..((((..((((.........((.((((((..(((((....((((.....(((((.((((.....((((.............))))((((((....(((((..(((......))).......)))))...)))))).((..(((((.....((((....((((((((.((.((((.((.((((..(((((((.......)))).)))...........((((.....))))((((....))))..)))).)).)))).))..((..(.((((........)))))..)).....)))))))).......)))))))))..))))))..)))))))))...))).))..)))))).)).........)))).))))..)))...)..)))))))..........((.(((((.(((((((.((((((((((..............))))).)))))((((((((((..((..((((((((..(((((((((((((((..........))))))).(((((........)))))........(((.((.......)).))).))).)))))..)))))))).))....).)))))))))...........))))))...).)))))))... (-160.50)
Adalimumab_LC_topk_79	705	0.4085106382978723	-164.6	-0.23347517730496453	..((((((......))))))........(((..((((((((..((((((((((.((.........((((((((.((((((..((.(((...(((((((((((((((.(((((...(((.((..(..(((....((((.(((((..(..(((..((((.((.(.(.((((.((..(((....))).......(((((((.(((......(((.(((((((((........))))((..((((...((((((.......))))))))))..))(((..(((((((((((..((((.(........).)))).............)))))).)))))..))).))))).)))))).)))))))...)).)))).).))).))))..)))..)..)))))))))....)))..)..)).)))))))).))))..))).)))))))).))).))...........)))))).)))))))).........))))))).....))))).))))))))..)))....(((((((....((((((..(((......)))))))))((..(((.((((((.......)))))).)))..))(((.(((((.((...))))))).)))..((((.((((....(((....((((...)))).....)))...)))).))))..(((((((..........)))))))..))))))) (-164.60)
Adalimumab_LC_topk_23	705	0.40709219858156026	-177.9	-0.2523404255319149	...((((....((((((..(.((((((.(((((....................((((((((........))))))))...((((((....((...((((((((......(((((((.....)))))))))))))))...))(((((((........)))))))((((((..(....)..))))))((((((......)))))).......(((((((((.((((........(((.((((...)))).)))))))(((((.((((...))))..)))))..........................))))))))).........(((((((((.(((((.........))))).)))).)))))(((..((((((((...((((.(((((((..((((.((((((..((((((((............))))))))...)))....))).)))).....))))...))).)))).)))))))).)))...)))))).....(((((((.((((((((..(((....((.((.(((((..((((..(((((.(((....)))..)))))....)))).))))))).)).)))..))))))))..))))))).......))))).)))))).)..))))))....))))((((((..........))))))..(((((..........(((......)))))))).... (-177.90)
Adalimumab_LC_topk_28	705	0.4056737588652482	-161.3	-0.22879432624113477	.....((((((......))))))....................(((((........)))))...((((((..(((......(((((((.(((((((.(.......).))))))))))))))......))).((((....(((((((((((((((.((.((((((((.((....))..))).)))))..)).))))))................((((((((......)).)))))).(((...))))))))))))))))((((((..(((((((((.......((((.((((((........)))))).))))(((((..(((.((((...(((.(((.((...........)).))))))..)))).))))))))............(((((.(((...((((.((((((((((..........))))))).))).)))).))).)))))....(((((..(((((..((((.....)))).....(((.((((.....(((((.....)))))...)))).)))....)))))..))))))))))))))..)))))).(((.((....)).))).......(((((.(((((.(((((..........))).)))))))...(((((((.....)))))))(((......)))..(((((((....))).))))..................))))))))))) (-161.30)
Adalimumab_LC_topk_31	705	0.4056737588652482	-173.0	-0.2453900709219858	.(((......))).................(((((((((...........(((.(((((((((((..((..(((((...........))))).((((((((....)))))))).....((((((....))))))(((.((((.((((........((((.((((..(((((...........((((...(((....)))))))..............)))))..)))).)))).((((((.(((((...((((...(((....)))..)))).))))).(((.((((.((..((((......)))))).)))))))........((((((((((((((.........)))))))))).))))))))))....(.((((((..(((.(((((..((((.((((((((....)))))......((((((........))))))...))).))))..))))).))))))))).)...........)))).)))).))).))..))))))))))).))).............((((((....))))))....(((((((..(((((((.(((((.......))))).)))).(((.......)))...(((.((((.(...(((((.....)))))).)))).))))))..))))))).......(.((.((((((...)))))).)).)..........))))))))) (-173.00)
Adalimumab_LC_topk_75	705	0.40425531914893614	-187.4	-0.26581560283687944	..((((((......))))))..................(((((((((((.....(((((((((((((....(((((...........)))))..)))))))).((....)).(((((((.(((((((((((...((((((((.((((..((((((.((((......))))..............((((((((((....((((........))))..................))).))))))).(((((((((((((((((((((...))))..........))))))))..(((((((...)))))))...(((.((...((((......))))....)))))((((........)))))))))))))......((((((((.(..((((..((((..(((((((((((((((............))))))).)))))....)))..))))..))))).))))))))........)))))))))).)))))))).........((((.((((.....)))).))))..))))))))......(((((((((....)))..((..(((((((..........)))))))..)).....(((((((((...((((((((((((.....)))))...))).)))))))))))))........))))))))).)))))))...)))))......)))))))))))... (-187.40)
Adalimumab_LC_topk_10	705	0.40425531914893614	-164.2	-0.2329078014184397	..(((..(((((((((((.....(((((.........((((((...((((((.....((((((.......((((((.((.(((((((...(((((..(((...)))..)))))..(((((.((((.....)))))))))...)))))))..))..))))))(((..(((..(....)..)))..)))((((..((((((.....))))).)..))))..((((((.....))))))....((((((...))))))(((((((..((.(((((((..........)))))))...))..)))))))((((((((((........((((((........(((....(((....(((((((..((.((((..(((((.....(((((((((((...((.((((.((((.........((((.....((((........)))).....))))..)))))))).)).)))))))))))..)))))..))))..))...))))))).....))).))))))))))))..))).))))((.((.(((((((.....((...((((.((((.....(((......)))....))))..))))))))))))).)).))..))))))..))))))...)))))).........).)))).........))))))))))).)))((.(((((...............))))).)). (-164.20)
Adalimumab_LC_topk_57	705	0.40425531914893614	-168.3	-0.23872340425531915	................................(((((...(((((..(((.((((.....(((((((.....((((...........))))...)))))))....(((((((((...)))))..))))....)))))))...)))))...))))).((((((.((((((...(((...((.(((((((((((..((.(((((((.........(((.((((((........(.(((((..(((((((((((((((......)))))...(((((..(((((((((((..((((((((((...))))))).))).........)))))).)))))..)))))...(((((((.(....))).)))))...))))))))))....((((((((.((......)).))))))))..................))))).).......)))))))))(((((((.((((..................(((((((...((.((((((((((.....)))))....)))))))..)))))))..(((((......))))).......(((.((....)).)))...........(((.........))).....))))))))))).........((((((.......)))))))))))))...))..)))))).....)))))...))....)))...)))))).)))))). (-168.30)
Adalimumab_LC_topk_55	705	0.40425531914893614	-169.7	-0.24070921985815602	..((((((((((....))))))......(((.....)))........((((((((....((((((((.(((...(((.....))).....((....(((((.......((((((...)))))).......)))))....))((((((((.....))).)))))..))))))))))).....(((((........((..((((........))))..))(((((((.....)))))))............)))))....(((((((...........((.(((((((((...((((.((.((........)).))))))...))))))))).)).....)))))))......(((((((.((....)))))))))......))))))))....))))(((((((...(((((((((..(....)..)))))))))((.....(((((((.((((((((((((((.(((((((................))))))...).))))))))))...((((........))))....)))).))).)))).....))(((((.......)))))(((.(((.(((((.....))))).)))))).(((((((((((.(((((((((((.....))))......((.((((((........)).))))))..))).)))).)))).)))))))......)))))))...... (-169.70)
Adalimumab_LC_topk_38	705	0.4014184397163121	-165.8	-0.23517730496453904	((((.(((((((..((((................((((((..((((..((((((..(((((..(((.......((((((.((((((((((.(.....).)))).....)))))).)))))).((((((.((((...........))))...)))))).....(((((((..........))))))).(((((....))))).........((((((((.(((((.......))))).....((((.....))))((((((((..(((...(((.((........)).)))...)))..))))))))))))))))..((((((((..........))))))))...............(((((((.((((((((((.......)))...(((((.((.....(((.((((((((((..........))))))).))).)))....)))))))))).)))).)))))))...............(((((((((((.......(((((.....))))).......))))..)))))))((((....))))..))).))))).))))))..))))..(((.((((((((.((((.......))))...))))))))..)))....))))))......(((..((.(((((((.((........)).)))).)))...))..)))))))))))))).))))......... (-165.80)
Adalimumab_LC_topk_26	705	0.4014184397163121	-172.3	-0.2443971631205674	.(((((.....(((....)))..((((((((((((...((((((...(((((((.....((((.((((.....((((((.(((((((.(((............))).))))))).)))))).......))))..))))...)))))))............(((..((((..(((..((((((((((.......((..((((((.((......((((.......)))))).))))))..)))))))))))))))((((.(((((((((..............((((......))))....))))))....((((((((........((((((.(((((..(((...)))))))).)))))).....(((....)))...............)))))))))))))))..............))))..)))..)))))).)))))))))))))))))..((((((((.((((.................(((((((..((((((((((((((((((((........(((......)))...(((.((((((.(((....)))..))))))...)))))))))).)))))))).....)))))..)))).)))))))))))))))((.((((....(((((.((.((....)).)).)))))...)))).))...((((((((..........))))))))........ (-172.30)
Adalimumab_LC_topk_5	705	0.39858156028368796	-179.4	-0.25446808510638297	.(((..(((((..........((((.(((((...(((((...((((((.....)))))).)))))...)))))......))))(((((..((((((..(((((..((.((((((((.....)))))))).)).)))))....)))))).))))).((((((.((.....(((((((((.(((((((((.(((....(((((((.(((((((((.....((((((..(.(((((((....((((((((((((.((((..((...(((((.(((................)))))))))))))).)))))).))))))..))))))).)..))))))......)))(((((.((((((((((....)).))))))))........)))))..(.(((((.(((((((((((((.(((..........))).)))).)))))....)))).))))).)..((((((.(((..((((.....))))....))).))))))..))).))).))))))).....))).))))...)))))...)))...((((((.....((((.....))))..)))))).(((((.((((.............)))).)))))...))))))......(((((((.....))))))))).))))))(((....)))...)))))..)))...(((...((((((...))))))...))) (-179.40)
Adalimumab_LC_topk_63	705	0.39858156028368796	-172.2	-0.24425531914893617	.......(((..((((.............)))).)))..(((.....)))......(((.(((...(((.(((((((............(((((..(((((((...((((((.(((((((...(((((((((.((((((....)))))).(((.....)))((((((((..........))))))))((((.........))))......(((((.........)))))((((((..((.....))..))))))(((((...)))))..(((((.(((.(((............(((((((........))))))).............)))))).)))))((.((((........)))))).((((((....((((((......((((((((((..(((((((....................(((((...........)))))(((((((((((.(((.......((.(((....))).)).))).))))))...)))))....)))))).).....)))..)))))))......)))))).....))).)))..))))).))))...))))))).(((((.....)))))..........)))))).)))))))....)))))............(((..((((((.(((........)))...))))))..))).....))))))))))...))))))... (-172.20)
Adalimumab_LC_topk_27	705	0.39574468085106385	-165.3	-0.234468085106383	..((....((((((......))))))))..................................((((.(..((....))..).))))(((((((((.(((((((..(((((((((...)))))..)))))))))))((((((((((.((((((...(((((((.((((((.............((((..((((....)))))))).......((((((((((((.(.(((((((...(((.((........))))))))))))))))))))).(((((((((..........(((((((...(((((..(((.........(((((((.......)))))))........)))..))))))))))))...))))))))).((((((((.....(((((((....((((((((((((..........))))))))..............))))....)))))))..))))))))...............(((((((.....(((...)))(((((((...(.((((....)))).)...(((..(((((((((......))).))))))..))).)))))))...)))))))......((((((...)))))).))))))))))..))).))))..))))))))))))))))........(((.((((((((.....))))..)))).)))....)))))))))... (-165.30)
Adalimumab_LC_topk_29	705	0.39574468085106385	-160.55	-0.22773049645390073	..((((((((......................................))))))))......((((................))))((((((((.....(((((.(((((((.((((((((.......(((.((..(((....)))..))))).......))))))))))))))).))))).((((...((((((..(((((.....(((.......)))....))))).))))))))))....((....))..((((((((.(((((((((((..........))))))))..))).))))))))(((((((.((........)).)))))))(((((((((((((.....((.(((.(((...(((((.(((.((((((((((((..(((....)))...)).))))...)))))).)))))))).))).))).))......)))...).))))))))).....(((((((..((((...((...((((((((...((((((((((.((((((....((((((.((((..((....(((......))).......))..))))...))))...........))......)))))).)).)))))))).((((.(((..(((...((((...........))))....)))...)))...)))).)))).))))..))..))))..)))))))))))))))... (-160.55)
Adalimumab_LC_topk_61	705	0.39148936170212767	-161.5	-0.22907801418439716	.(((......))).(((((((((((((((.((((..........................(((((.........((((...))))...........)))))(((((((...)))))))........(((((.((((((.......(((((((.((((..((((((((((.((....)).)))))).......)))))))).))))))).((((....(.(((((.......))))))...)))))))))))))))...)))).)))))))((((((....(((((.....(((((.((((..((...((((....)))).)).)))).)).)))........(((...((((((((((((((((((..((((((((((.....(((((((((....(((((((((((............(((((((.............)))).))).((((.(((((...(((..((((((.....((((......(((((((....(((((........)))))...)))))))......))))...))))))..)))..))))))))).)))).)))))..))....))))))))).))))))))))..)))))....))))))..............)))))))....)))((((.(((((....)))..)).))))...)))))...)))))).....)))))))).... (-161.50)
Adalimumab_LC_topk_51	705	0.3900709219858156	-172.3	-0.2443971631205674	..((..((((((((............)))).))))..))............((((((((.(((..(((((((.((.....((((((((.....((((..((.((((..((((((...))))))..)))).))))))........((.((.((((.((((((((...(((((((((...((((((((((((((.(((((((...))))).)).)))..((((((((.....)))))))).......)))))))))))..((((..(((.((((......)))))))))))......(((.((((((((.((((((((.......)))))(((.(((...))).)))....)))))))))))...))).....((((((((....((((((.(.((.....))..).))))))...))))))))....((((.....((((....))))....)))).)))).)))))..)))))))).)))))))).))))))))((((((..((.(((((((.((((...........(((((((..((....(((((((((....)))).)))))....))))))))))))).))))))).)))))))).))))))))).))).)))......(((((((.....))))))).........(((...((((((((.(((((...))))).)))))))).....))))))))... (-172.30)
Adalimumab_LC_topk_71	705	0.4297872340425532	-179.1	-0.25404255319148933	..((((((((.(((....)))...)))))).))...(((((.(((.(((((..((((.(((((...(((((((((((((.((((((..((..............))..)))))).)))))).....(((((.((((....(((((((....(((.(((((.(((((.((....))..))))).)))))...)))....)))))))........(((((.((......))..))))).)))).)))))..)))))))..(((((((((.(((........))))))))))))...((((..(((((((.(((((((..((((..((.....))..))))...))))....)))))))))))))))))))..))))))))).))))))))(..((((((((......(((..........))).....((((((..((((..((..((((..(((((...((((((((((............(((((((......(((........)))...)))))))((((.(((.((((((..........(((((((.....((((.....))))..)))))))...((((........))))..(((((.....))))).))))))..)))..)))))))))..)))))...))))))))).))..))))..))))))...((((((...))))))....))))))))..). (-179.10)
Adalimumab_LC_topk_77	705	0.42836879432624114	-168.8	-0.23943262411347518	..............((((((((.(((......((((....(((((((((((((.((((.((............((((.(.((((((..((.(((.....).)).))..)))))).).)))).......(((((((((((((..((((....((((((..((((...............(((((....))))))))))))))).(((((((..((((....((.........))..))))..)))))))...((((.(((((..(......)..))))))))).................))))..))))))).))))))......(((.............)))(((((..(((...))).))))).)))))).))))).))))))))..(((((((.((....(((((((((((..........)))))))).)))....(((.(..((((...(((((((((.....)))))))))..........(((((((((((((..(((((((((((....((((((.....((((...((....))..))))....))))))((((((...))))))......))))))))))).))).)))).))))))....))))....).))).......((......((((((........)).))))......)).)).)))))))))))......))))))))))).... (-168.80)
Adalimumab_LC_topk_76	705	0.4297872340425532	-186.1	-0.26397163120567374	..((((.(((((......(((((((..(((.......(((((..(((((...(((((((((........))))))))).......((((((((((..((((((..((((((((..(.....)..)))))))).)))).))..))))....(((((((((.......((((((((((..((((.(....((......(((((((((((...(((((((....((((..((((((((..(((...)))..))))))))(((.........)))(((((.(((((.(((((..(((..........)))..)))))............((((((((((...((((....)))))))))))))).)))))...))))).........))))....))))))).....(((.(........).))).....))))))))))).....))....)))))..))))).)))))......)))))))))......)))))).)))))..)))))(((((((.....))).)))).....((((.((((...(((((((((....)))).)))))..))))))))...(((((.....)).))).(((.((.....)).))).)))..)))))))......))))).))))......(((((.(.....).)))))..(((((......................))))).... (-186.10)
Adalimumab_LC_topk_78	705	0.425531914893617	-181.9	-0.2580141843971631	..((((((((........))))))))..........(((((.(((((((((..(((....((((((.((((((((..(.(((((........))))))..)))))).........(((((((....(((.(((((((...(((((.((............)).)))))...........((((....))))........................((((((..((((((.((((.((.((((.....(((..(((.(((.(((.(((((((((............))))))))))))))))))..)))(((.(((........(((((..((((....((((....))))...)))).)))))))))))..(((((((((...((((((((.(((((...((((((((.............)).))))))(((((.............))))).))).)).))))..))))....))))))))))))).)).))))..))....))))..))))))...))))))))))...)))))))....))))))))....)))..)))))))))))))).........(.(((((.((((....(((((((.....(((((.....((((..(.....(((((.((.......)))))))......)..)))).....)))))...)))))))....)))).))))).). (-181.90)
Adalimumab_LC_topk_21	705	0.42127659574468085	-156.9	-0.2225531914893617	..((((((((...............)))))..............((((.....))))...)))................................(((.(((((((((((.(((.(((((((.....(((((((.((((..(((((((........)))))))...((((((.(....(((((((......((((......(((((......((((.......))))))))))))).(((((........))))))))))))).)))))).......((((((((((.....((((...(((.((((.(((((((......((((......))))......))))....))))))).))).)))).......))))....))))))((((((((((((((..((((.........(((((((((.((..(((((..........((.(((((....)))))))..........((((((...((((..((((.(...).)))).))))))))))....)))))..)).).))))........)))).....))))))))))((.((....)).))...)))))))).............((((((((......((.......))....)))))))).)))))))))))))))))).....(((........))).........)))..))))))))))))))... (-156.90)
Adalimumab_LC_topk_12	705	0.4156028368794326	-182.5	-0.25886524822695034	...(((...(((.........(((((..(((((.........((((((.(.(((((.((((((((.....(((.((((.(((.....)))))))))).....)))))))).))))).)))))))(((((((((((((((....((((((((.....(((((((..((.......))....))))))).(((((.................((((........))))(((((((........))))))).((((...(((....)))..))))....((((((((..........(((((((........))))))).........)))))))).......)))))......(((((((.........)))))))((((((....(((((((............)))))))...))))))......(((((.(((((((((((........))))))))))).)))))......)))))))).......(((((((((((((.(((((((((((.......)))))....(((((....)))))(((((.(((....)))..))))).......))))))))).))))).))))).......(((.((((.....)))).))).........)))))).))))))))).............(((((....))))))))))..)))))..........)))...))) (-182.50)
Adalimumab_LC_topk_11	705	0.4099290780141844	-171.8	-0.24368794326241136	...............................................(((((.(((..(((((((.........(((..............)))..)))))))(..((((((((((((((..((..((((.(((((((.(((.((((.........((((......)))).........((((((((......(((.((.((........)).)))))....(((((...)))))....))))))))))))..)))..)))))))....(((((((.(((((((((((...((((((((.(.....).)))))..)))...)))))))))))..........((((((((((((((..(....((....((((((((((((.((.((.(((...))).)).)).))))))))))))....)).........((..((((((((((((((((((.....((((((((((((((((.(((....((...(((((((((.(((....((..((((.......))))..)))))))))..))))).))....)))..((.....)))))))))))))...))))).....)))..))))).))))...))))))..)).............)..)))))))))).))))))))))).......))))..))..))))))))))))))..)........))))))))... (-171.80)
Adalimumab_LC_topk_52	705	0.4099290780141844	-163.3	-0.2316312056737589	.........................((((((...(((...............(((((.....)))))......((.(((((((((((((((.....((((((.((((((((((.(((...))).))))((((((((.((..((.(((...((..(((.....((((....(((((....).))))..)))).....)))..))..))).))..))))))))))....((((((........))))))((((.((((.(((((.((((((((((..........(((((...(((((((((..(((..((((....)))).)))))).))))))...)))))..........(((((((.........)))))))............(((((..(((((((((((....((((((............)))))).....)))).)))...))))..))))))))))).)))).....))))).))))..))))(((......(((((.....)))))....))))))))))))))).......))).))).))))))))))))))...))))))...........((((((((((....((((.....))))(.(((((((.((.......)).))))..))).)((((......))))...((((.............)))).............)))))))))). (-163.30)
Adalimumab_LC_topk_19	705	0.40709219858156026	-162.7	-0.2307801418439716	.....................................((.(((((((((((.((((.......)))).))..........((((((((.(((((..............))))).))))))))......(.((((((((..(((((..................)))))......(((((((..((........))..)))))))........))).))))).).((((..(((((((....(((((...(((((((((.((((((.........((((((((..............(((((........))))).....((((((....(((((((((((((((((((....(((((((((....(((....)))..)))))))))..((((((......((((((..................))))))..)))))).....)))...))).)))))))))).)))....))))))......((..(((((((..(((((((.((.........)).)))))))..)).......))))).)).)))))))))))))).))))))...)))....))).))))))......)))..)))).((((((((..((((..........(((((.....)))))..(((((....)))))...(((......))).)))))))))))).......))))))))).)). (-162.70)
Adalimumab_LC_topk_3	705	0.40425531914893614	-169.2	-0.24	.(.(((.(((((((....................)))))))..((((((.(((((((((((((((((...(((((((.....)).)))))....)))))))(((.((((((((..((((((((.....(((........))).(((((........)))))(((((..((((((.......)))))))))))....))))))))......(((((.........)))))(((((..((((....(((((...))))))))))))))..((((......))))...........)))))))))))..(((((((.......))).))))..((((...))))....(((.........)))..))).)))))))))))))((((((....((((((((.((((((((((((((.(((((((.((((((........))))))....(((((((.(((((((((((.....)))))))))...........)).)))...))))..))))))).)))..)))))))......))))..((((((........))))))....((((...(((((((((.(((.((((((.....((.((((((.....)))))))))))))).)))..((((...))))....(((((....)))))...))))))))).)))).))))))))....)))))).....))).).... (-169.20)
Adalimumab_LC_topk_70	705	0.40283687943262414	-162.0	-0.2297872340425532	..((..((((..........))))..))..(((((((((((((((.((((.(((((((.((((...........(((..................)))((((((...(((.((((((((.......(((((.(((.((((..(((((.......((((..((((((((...((((((......(((...)))......))))))..)))))))).)))))))))..((((...(((((((....(((((.((...)).)))))))))))))))).......)))).)))))))).....((..((((.((((((((((...((((((.......))))))....(((((....((((.(((...........))).))))...))))).))))))))))))))..)).................(((((...........)))))(((((..(......)..)))))........)).)))))).))).))))))...).))).)))))))..))))((((((((.....((((....)))).))))))))....)))))))...))))))))....................................((((((....(((((((.((((((.......))))))...)).)))))....))))))..((((((.(................).)))))).... (-162.00)
Adalimumab_LC_topk_46	705	0.4014184397163121	-162.9	-0.23106382978723405	..((((.....((((((((((((((((((((((.(((((...(((....(((((((...((.((((..............)))).))....(((((((.((..((((..((((((((...))))))))..))))((((((((.(((((.((((((.....((((.(((.((((((((.....(((.......)))...))))))))))).)))).....(((((.......))))).....(((((...)))))((((((.((((...))))..)))))))))))).))))).........(((((((((.((((((.(((.(((((.......))))).)))..(((........)))....((((...((((.((((....(((((.(......).)))))....))))))))))))((.(((((((...........)))))))...))....)))))))))))))))................))))))))........)).)))))))))))))).....)))...))))).))))))))).....)).)))).))))))).((((...(((((((......)))..))))))))...........))))...........(((((.....))))).........(((((.(((((((.(((((.........)))))))))).......))..))))). (-162.90)
Adalimumab_LC_topk_41	705	0.4	-173.2	-0.2456737588652482	......(((((......)))))..((((((((.....(((...................(((((((((((((((((...........))))))......((.((((((((((((((.....))))))))))))))))..((((((((...((((((.........((((..........))))(((((((......(((((((...........................))))))))))))))))))))...))))))))...(((((((((((..((((((((((.......(((((((........)))))))......))))))))))..........((((............((((((((..((((((((((((..(((....(((....)))...)))))))))))))))..)))))..))))))).....))))).))))))((.((((((((((((.((((((((......((((..(..((((.....(((((........)))))......))))..)..))))((((....))))((((......))))(((.((((((((.......))))))))..))).........)))))).)).)))))))))).)).)).....)))))).)).))))))......)))))))).((((..(.((((((..(((....)))))))))))))).... (-173.20)
Adalimumab_LC_topk_47	705	0.39858156028368796	-166.4	-0.23602836879432626	..((((((((((....))))))))))................((((((.(((...(((.((.((((....((((......)))).(((..((((((.((((.((.(((((.(((((.....))))).))))).)))).)).))))).)..)))....((((((.((((..((((..........(((((.(.(.((((.......)))).).).)))))..........))))....))))))))))(((((.((((.((((.((((.................((((((..((((...((((..(((((((.....((.(((((((.......))))))))).......))))))).....))))...))))..))))))..((((....(((((..(((((..........((((((..((((...(((.....)))...))))(((((...)))))............................))))))..........))))).)))))...))))(((((......))))).....((((.((((((..(((..(((.((....)).))).)))..))))))..))))............)))).)))))))).))))).(((((.....)))))(((.(((((...........))))).))).....))))))..)))....))).))))))..... (-166.40)
Adalimumab_LC_topk_45	705	0.3971631205673759	-156.5	-0.22198581560283687	..(((...((((((((....................)))))))))))..(.((((((((((........)))).((((...)))).....((...((((((((((..(((((.((((..(........)..)))).)))))..))((((((((((.......(((((((.....((......))(((((((......(((((...((((.((.((((..(((..(((((.(((.((((..((((((...(((......)))))))))..)))).))).))))).....)))...)))).)).))))...)))))......(((((((...((((.((((..((.(((((..(((...))).))))).)).........)))))))).)))))))....((.((((((...((((((.((((((((((((...........)))))))...(((.(((....)))..)))...................)))))..))))))..)))))).)).......))))))).)))))))........(((((((.....(((.......)))..)))))))..........)))))))))).((((.....))))))))))))...)).((((((((...))))))))((..((((((......................))))))..))...........)))))).). (-156.50)
Adalimumab_LC_topk_66	705	0.3971631205673759	-173.4	-0.24595744680851064	((((((........(((((....((((((((((..((((((((((((..(((((.(((((..((((((((((..((....((((..((((((((((.((((((...((((((((((.....))))))))))..))))).)..)))))..)))))...))))((((..(((((......(((((....)))))........((((((....(((((..((..((((((((((...(((((((.(((((((...))))))).)..))))))))))).................(((((.((((((..((.((((((((((......)))).)))..))).....((.(((.((.(....))).))))).)).)))))))))))..))))).))..)))))...))))))((((((((..........))))))))...........)))))))))))..)))))))))).....................))))).)))))...))))))))).)))...........))))))))))...)))))....((((((((....(((.((....)).)))......((((.(((..((.((((((.....)))))))).))).)))).(((((((.....)))))))..(((.(((..(......)..))).)))..)))))))).))))))................. (-173.40)
Adalimumab_LC_topk_22	705	0.3971631205673759	-168.7	-0.23929078014184396	.(((((..((((.....((((((..(((((((.(((.((..((.((((((((((((.((((((((((((...((((...........)))).....))))..)))))))).)))))))..))))).))..)).))).))))..)))....)))))).((((((((((.(((..((........(((.....))).....(((((.....((((((((((.(((((((((((((((((..(((.(((...))).)))..)))))))))...........................))))))..)).))))))))))..........(((((((((.(((.........))).))))))))).))))).........((((((..(((((((.(((......))).))))))).))))))(((.((((((((.((.((((((((.((((((((...((((.....(((((((....(((((...(((((.((((.(...).))))))))))))))))))).))...))))..))))...(((...(((((.(((....)))..)))))...))).))))......)))))))).)).)).)))))).))).........(((((.....))))).))..)))))))))))))(((((....))))).....)))).)))))......(((((.........))))). (-168.70)
Adalimumab_LC_topk_15	705	0.39574468085106385	-169.1	-0.2398581560283688	..(((((((((......))))).....((((..(..((.(((((.((.(((((..((.(((((((((.....(((..........)))......))))))))).))..))))).))))))).))..)..)).))(((((((((((.(((((((.(((((.....))))).))..(((((((..((.......))...))))))).......((((((.((((((((((((((((((((..(((..((((((((...)))))))))))..)))))))))..........((((((........)))))).(((((.((........))..)))))....................)))))..))))))....(((.(.((......((((((.((......)).))))))......))).)))....((((.((((((.(((((......))))).)))))).))))...................((((.(((...(((((.(.(((((((..(((((((.((((.((((((((((((.((....)).))))))).....)))))...))))...)).)))))..))))))).).)))))..))).)))))))))).(((((.....)))))...)))))))))))))))).........)))).........((.((((((..........))))))))..... (-169.10)
Adalimumab_LC_topk_53	705	0.39574468085106385	-156.6	-0.2221276595744681	..(((......(((((((........((((((........((((((.((((((.((((..((((((((((((((((....(((((((....((.........))...))))))).(((((.((.....((((...)))).....)))))))....)))))))).)))(((.((((((......(((.....)))....))))))...)))((((........)))).((..((((((((.....)))((((((((((((((((((...)))))).....((((.....))))((((((.....))))))............)))))))))))).........)))))..)).......(((((((((....(((.((((....(((((((.(((......))).)))))))...)))).))).((....))..........(((((....((((((((((((.((((...............(((((.((..((....)).))))))))))).)))))))).))))..)))))....(((..((((((.((......))..))))))..)))....(((((.....)))))..)))))))))..))))))))).)))))).))..))))..((((....)))))))))).........))))))).....)))............(((((.......)))))... (-156.60)
Adalimumab_LC_topk_59	705	0.3943262411347518	-164.5	-0.23333333333333334	.............((((((((((....((((((((.((((((((...((((.((((((((((...(((((((..((((((.......((((((((((((.(.......).)))))))).)))).(((((..((((((((.((.((((.........((((......)))).........)))).)).))))).)))...))))).....(((((.(((((((..((..(((((((......(((((.((.((((((....))))))....)).)))))((.(((((....))))).))....((((((((..(.........((((((............((.((.....((((((.....))))))...)).))...........)))))).........)..)))))))).........)))))))...)))))))))...)))))((((....))))))))))..))))))).........((.((((..((..(((((((((..............))))).)))).))....)))).))...))))))))))...)))))))))))).))))(((((((((((((.....................)))))))))))))..((((..(.....)..))))..(((((((....((((....))))....))))))).......)))).)))))))))).. (-164.50)
Adalimumab_LC_topk_7	705	0.3943262411347518	-176.2	-0.24992907801418437	.....(((((....)))))..................(((((((.....((((..............((((((((((..(((((....(((((((.((.((((....)))))).)))).))).......(((((((..((((((((((........))))))((((((....(((((......(((.....)))....)))))...))))))))))....))))))).....(((((.((((.........(((.((((((.((...((((................(((((((((......((((((..((((((.......))))))..((((((((((..(((....((((((((.........))))))))........)))..)))))).))))..............))))))....)))))))))))))...)))))))).)))..((((((((((((((((((...............))))))))....))))))))))....(((.....((((....)))).....)))..(((((((.....((((.....))))..)))))))...((((((((..(((....(((((...))))).))).))))))))..(((((((.....)))))))..)))).)))))....))))).))))))...))))...............))))))))))). (-176.20)
Adalimumab_LC_topk_73	705	0.38865248226950355	-154.7	-0.21943262411347517	......................((((((((.............................(((.((((.((....(((.....)))......)).)))).)))((.(((((((((..((((((......((((...))))....((((.((((......))))))))(((..........)))(((((.((((((........((((((.((((((..((((..(((..((((((((((.((((((.....(((((...((........))...)))))..))))))..((((((........)))))).((((((...............))))))....)))))))((.((((((.(((......))))))))).))........((((.((((((((((((..((((((.......(((........)))........(((((((((.(((.....))))))).))))).................)))))).))))))))))))..))))(((.((..(((......)))..)).)))...(((((((...(((((..(((((((((.......)))))).)))..)))))...((((((...))))))))))))).)))...)))....))))..)).))))))))))........))..)))).)).)))))))))..))).)))))).)))))))))). (-154.70)
Adalimumab_LC_topk_17	705	0.38865248226950355	-152.4	-0.21617021276595746	..(((...(((((((......................))))))))))..((.(((((((.((((..............)))).(((...(((((((...........)))))))..)))((((((..(((((........)))))..))).)))((((..((((((((((...........(((((.(((.......(((.(........).))).........((((((..(((((.((((((((.(((..((((((.((((((..((.((((((..........................(((((((((((((((...(((((((.......)))))))...((((........)))).(((((.....(((.((((((..((((((((.((.....))..)))))))).)))))).)))....((((((((((....((((......))))..)))))))))))))))............(((..(((........)))..)))...)))).))))).))))))...((....))....)))))).))..)))))).))).)))..))).)).......((((..((((....((((((.....))))))..)))))))).((((...........)))))))))).)))))......))))))))).))))).))))))))))..)))).))))))).)). (-152.40)
Adalimumab_LC_greedy	705	0.3219858156028369	-133.9	-0.1899290780141844	...................................(((((((((..............((((...........((((((.((((((..(................)..)))))).)))))).........))))((((((((.((((..((((((((((...((((((((.(((((......(((((.(((...................)))..)))))......((((...((((((.(((((((((...)))))))))...))))))))))...................((((((...))))))))))).))))((((((.(((...)))))))))))))(((..........))).(((((...(((((.(((((....((((..((....))...))))))))).)))))...)))))..((((((((((....................))))))))))......)))))))))))))).)))))))).(((......((((((..(((((.(..........(((((..(((..((((((((((....))).)))))))..))))))))))))))..))))))......)))....((((..((((((((((((.....)))))...))).))))..))))..........((((........))))..................)))))))))... (-133.90)
Adalimumab_LC_topk_62	705	0.42127659574468085	-192.8	-0.27347517730496457	..((((((((........))))))))...........(((((..........(((((((((((((.....((((((((.......)))))))).........)))))))))))))(((((.((...((((((...))))))...))))))).......(((((((((((.((....)).)))))))))))((((((.......((((((.((((((........(((.(((((.((((...(((.(((((((((..(((.....((...((((............))))...))...)))))))))))).)))........((((((.......)))))))))).))....(((((((.........)))))))...........))).))))))))).((((((((...((((((((.(((((..(((.((.(((((......(((((.(((.....)))))))).......))))).))))).)))))..).)))))))..)))))))).((((((.((((((.(((((...........((((((.((......))..))))))..)))))))).....))))))))).......(((((.((((((((.(((((..(((....((((((.......))))))...)))...)))))..)))).))))...))))).))))))......)))))).))))). (-192.80)
Adalimumab_LC_topk_8	705	0.40283687943262414	-164.3	-0.23304964539007095	((((((((((.(((.(((..........))).))).))))))))))(((((((((..((.((((((((((.((((((((..(((((..((..............))..)))))..))))........((((.(((...))))))).)))).)))....(((((((((((..........))))))))))).........)))))....((((((...((((((((((((..((((...(((((......((.((((.(((((.(((......................))).))))).)))).)))))))....))))....)))))..........((((((...........))))))..((.((((.(.(((.......))).)..)))).))....((((((..................)))))).........)))))))..))))))..((((((.((((((((....((((((.(((...)))))...))))....)))))))).)))))))).))..)))))))))((((((..(((((..(((....((.(((((...((((((((.........................(((.((((.....)))).)))..((((((((...))))))))(((((....))))).))))))))...))))).))...)))..))))).......)))))).. (-164.30)
