Sequence		tRNA     	Bounds   	tRNA	Anti	Intron Bounds	Inf	      
Name    	tRNA #	Begin    	End      	Type	Codon	Begin	End	Score	Note
--------	------	-----    	------   	----	-----	-----	----	------	------
Chr01   	1	4663904  	4663976  	Pro	AGG	0	0	53.8	
Chr01   	2	8462745  	8462817  	Val	TAC	0	0	64.6	
Chr01   	3	18007651 	18007737 	Ser	GGA	0	0	35.8	
Chr01   	4	20963410 	20963482 	Phe	GAA	0	0	66.1	
Chr01   	5	21610126 	21610197 	Asn	GTT	0	0	83.4	
Chr01   	6	28426553 	28426623 	Gly	TCC	0	0	21.7	pseudo
Chr01   	7	29115689 	29115759 	Arg	CCT	0	0	38.0	pseudo
Chr01   	8	30878105 	30878172 	Undet	NNN	0	0	20.9	pseudo
Chr01   	9	35086909 	35086981 	Phe	GAA	0	0	73.3	
Chr01   	10	41103055 	41103125 	Gly	CCC	0	0	66.3	
Chr01   	11	42496627 	42496698 	iMet	CAT	0	0	58.3	
Chr01   	12	44385285 	44385356 	Ile	GAT	0	0	38.8	
Chr01   	13	44390981 	44391053 	Lys	TTT	0	0	74.4	
Chr01   	14	49156774 	49156846 	Phe	GAA	0	0	76.1	
Chr01   	15	49466403 	49466475 	Thr	GGT	0	0	28.4	
Chr01   	16	52503123 	52503195 	Lys	CTT	0	0	32.8	pseudo
Chr01   	17	52806470 	52806552 	Tyr	GTA	0	0	63.5	
Chr01   	18	53025434 	53025507 	Lys	TTT	0	0	59.8	
Chr01   	19	55757948 	55758019 	Glu	TTC	0	0	61.0	
Chr01   	20	55801724 	55801794 	Lys	TTT	0	0	88.8	
Chr01   	21	65101751 	65101823 	Asp	GTC	0	0	54.1	
Chr01   	22	68392746 	68392827 	Ser	TGA	0	0	80.7	
Chr01   	23	69014799 	69014870 	Thr	GGT	0	0	22.1	pseudo
Chr01   	24	70157955 	70158027 	Arg	CCT	0	0	29.5	pseudo
Chr01   	25	71031129 	71031200 	Gln	TTG	0	0	43.9	pseudo
Chr01   	26	74732773 	74732842 	Trp	CCA	0	0	44.0	
Chr01   	27	76425377 	76425449 	Val	CAC	0	0	31.4	
Chr01   	28	77155635 	77155713 	Undet	NNN	0	0	21.2	pseudo
Chr01   	29	78847044 	78847115 	Asp	GTC	0	0	69.8	
Chr01   	30	90124496 	90124568 	Lys	CTT	0	0	74.5	
Chr01   	31	94241105 	94241177 	Lys	CTT	0	0	87.7	
Chr01   	32	94312992 	94313075 	Leu	CAA	0	0	76.7	
Chr01   	33	94459889 	94459969 	Arg	CCT	0	0	22.7	pseudo
Chr01   	34	95945535 	95945606 	Asp	GTC	0	0	69.8	
Chr01   	35	101828297	101828382	Ser	TGA	0	0	49.2	
Chr01   	36	104219499	104219583	Ser	TGA	0	0	25.3	pseudo
Chr01   	37	105018816	105018889	Val	AAC	0	0	72.2	
Chr01   	38	105519541	105519614	Arg	TCG	0	0	82.3	
Chr01   	39	106937714	106937785	Asp	GTC	0	0	36.2	pseudo
Chr01   	40	107358690	107358777	Ser	GCT	0	0	64.6	
Chr01   	41	107984450	107984523	Asn	GTT	0	0	20.2	pseudo
Chr01   	42	110400630	110400705	Lys	TTT	0	0	34.4	
Chr01   	43	113015848	113015920	Glu	CTC	0	0	59.4	
Chr01   	44	117956597	117956669	Ala	CGC	0	0	36.6	pseudo
Chr01   	45	118026739	118026809	Gly	TCC	0	0	22.3	
Chr01   	46	118762501	118762569	Lys	TTT	0	0	32.0	
Chr01   	47	118821266	118821337	Glu	TTC	0	0	55.2	
Chr01   	48	121790248	121790322	Gly	GCC	0	0	25.2	
Chr01   	49	121793496	121793571	Gln	TTG	0	0	32.9	
Chr01   	50	127350564	127350635	Asn	GTT	0	0	58.6	
Chr01   	51	128512394	128512465	Pro	TGG	0	0	36.8	
Chr01   	52	129261741	129261814	Val	CAC	0	0	77.8	
Chr01   	53	129415310	129415381	Arg	CCT	0	0	22.3	pseudo
Chr01   	54	130175261	130175354	Tyr	GTA	130175298	130175318	73.9	
Chr01   	55	131385303	131385374	Asn	GTT	0	0	58.1	
Chr01   	56	131406934	131407014	Leu	CAA	0	0	45.3	
Chr01   	57	133918127	133918197	Ala	AGC	0	0	45.5	
Chr01   	58	134591521	134591601	Leu	AAG	0	0	35.9	
Chr01   	59	140579305	140579378	Pro	TGG	0	0	63.6	
Chr01   	60	140989624	140989695	Met	CAT	0	0	46.2	
Chr01   	61	144508469	144508541	Met	CAT	0	0	53.6	
Chr01   	62	144681040	144681100	Undet	NNN	0	0	21.4	pseudo
Chr01   	63	145964030	145964103	Met	CAT	0	0	61.9	
Chr01   	64	148662774	148662845	Val	GAC	0	0	37.4	pseudo
Chr01   	65	154289863	154289941	His	GTG	0	0	35.2	
Chr01   	66	158747385	158747461	Ile	AAT	158747423	158747433	20.4	pseudo
Chr01   	67	162539872	162539942	Asp	GTC	0	0	44.2	
Chr01   	68	162722434	162722507	Val	CAC	0	0	77.0	
Chr01   	69	162739276	162739349	Ile	AAT	0	0	84.9	
Chr01   	70	164378443	164378516	Val	AAC	0	0	64.8	
Chr01   	71	166592976	166593049	Arg	TCG	0	0	81.9	
Chr01   	72	168657246	168657324	Leu	AAG	0	0	41.7	pseudo
Chr01   	73	176622549	176622621	Thr	AGT	0	0	25.1	pseudo
Chr01   	74	177958443	177958370	Ile	AAT	0	0	38.3	
Chr01   	75	175102347	175102274	Asn	GTT	0	0	85.5	
Chr01   	76	174912636	174912565	Gln	CTG	0	0	75.3	
Chr01   	77	169386736	169386665	Thr	AGT	0	0	34.5	
Chr01   	78	169165107	169165037	Gly	GCC	0	0	58.9	
Chr01   	79	167951047	167950966	Leu	TAA	0	0	27.1	
Chr01   	80	164105142	164105071	Val	GAC	0	0	45.0	
Chr01   	81	163405597	163405526	Undet	NNN	0	0	48.8	pseudo
Chr01   	82	162535819	162535748	Pro	AGG	0	0	67.4	
Chr01   	83	159875632	159875557	Thr	AGT	159875594	159875592	32.6	
Chr01   	84	154678452	154678379	Met	CAT	0	0	45.4	
Chr01   	85	145526237	145526166	Asn	GTT	0	0	74.5	
Chr01   	86	144438630	144438549	Ser	TGA	0	0	80.7	
Chr01   	87	135840742	135840670	Arg	CCT	0	0	23.9	pseudo
Chr01   	88	134082060	134081978	Leu	TAA	0	0	68.4	
Chr01   	89	133263238	133263166	Arg	TCT	0	0	70.4	
Chr01   	90	133020523	133020454	Lys	TTT	0	0	42.2	pseudo
Chr01   	91	132275338	132275255	Leu	TAA	0	0	60.4	
Chr01   	92	131393535	131393454	Val	GAC	0	0	27.0	pseudo
Chr01   	93	131386040	131385963	His	ATG	0	0	59.1	
Chr01   	94	130408284	130408212	Lys	CTT	0	0	82.1	
Chr01   	95	129293200	129293127	Met	CAT	0	0	35.7	
Chr01   	96	125952035	125951963	Arg	CCT	0	0	28.2	pseudo
Chr01   	97	123143586	123143515	Tyr	GTA	0	0	41.5	
Chr01   	98	122661472	122661399	Met	CAT	0	0	49.8	
Chr01   	99	121714872	121714799	Met	CAT	0	0	55.7	
Chr01   	100	120875720	120875647	Lys	CTT	0	0	36.7	
Chr01   	101	120859071	120858998	Met	CAT	0	0	45.8	
Chr01   	102	120089208	120089139	Asp	GTC	0	0	34.8	
Chr01   	103	118644688	118644608	Arg	CCG	118644647	118644644	23.0	
Chr01   	104	118622794	118622714	Trp	CCA	118622753	118622750	26.9	
Chr01   	105	118027108	118027036	Undet	NNN	0	0	25.4	pseudo
Chr01   	106	118025916	118025826	Ser	TGA	0	0	35.8	
Chr01   	107	117515174	117515102	Ala	AGC	0	0	63.4	
Chr01   	108	112427742	112427670	Glu	CTC	0	0	69.9	
Chr01   	109	112427664	112427582	Met	CAT	112427632	112427622	22.7	
Chr01   	110	112301734	112301661	Met	CAT	0	0	41.4	
Chr01   	111	112034258	112034188	Ser	GCT	0	0	63.2	
Chr01   	112	110400746	110400668	Lys	TTT	0	0	36.8	pseudo
Chr01   	113	107068080	107068009	Asp	GTC	0	0	43.4	pseudo
Chr01   	114	106879605	106879532	Gly	GCC	0	0	33.6	pseudo
Chr01   	115	106189094	106189023	Gly	GCC	0	0	62.1	
Chr01   	116	105344845	105344774	Arg	TCT	0	0	34.1	
Chr01   	117	101848194	101848122	Arg	TCT	0	0	80.3	
Chr01   	118	101194356	101194285	Thr	GGT	0	0	57.8	
Chr01   	119	95340783 	95340710 	Val	AAC	0	0	72.5	
Chr01   	120	94750649 	94750569 	Arg	CCT	0	0	22.7	pseudo
Chr01   	121	90521576 	90521503 	Val	CAC	0	0	74.2	
Chr01   	122	90484823 	90484751 	Phe	GAA	0	0	73.3	
Chr01   	123	86055124 	86055052 	Tyr	GTA	0	0	59.2	
Chr01   	124	84249836 	84249753 	Lys	TTT	0	0	24.5	pseudo
Chr01   	125	80467889 	80467817 	Arg	ACG	0	0	71.3	
Chr01   	126	79013561 	79013490 	Trp	CCA	0	0	75.8	
Chr01   	127	74620601 	74620530 	iMet	CAT	0	0	46.8	
Chr01   	128	73087700 	73087619 	Leu	CAG	0	0	26.4	pseudo
Chr01   	129	72483426 	72483349 	Ile	AAT	0	0	36.2	
Chr01   	130	72303082 	72303010 	Arg	CCT	0	0	29.6	pseudo
Chr01   	131	58259751 	58259673 	Gly	TCC	0	0	21.6	pseudo
Chr01   	132	55739172 	55739098 	Lys	CTT	0	0	42.3	
Chr01   	133	53624469 	53624400 	Val	TAC	0	0	44.5	
Chr01   	134	49960349 	49960265 	Met	CAT	49960311	49960301	64.3	
Chr01   	135	45076182 	45076112 	Gly	GCC	0	0	66.5	
Chr01   	136	43600626 	43600554 	Phe	GAA	0	0	76.1	
Chr01   	137	43598409 	43598338 	Phe	GAA	0	0	33.5	
Chr01   	138	42925237 	42925165 	Phe	GAA	0	0	53.7	
Chr01   	139	42767115 	42767044 	iMet	CAT	0	0	51.3	
Chr01   	140	42615010 	42614939 	iMet	CAT	0	0	57.5	
Chr01   	141	39092091 	39092019 	Lys	CTT	0	0	36.9	pseudo
Chr01   	142	38483131 	38483072 	Ser	CGA	0	0	25.2	
Chr01   	143	37041697 	37041616 	Ser	AGA	0	0	78.7	
Chr01   	144	35725788 	35725717 	Gln	CTG	0	0	75.3	
Chr01   	145	34492354 	34492283 	His	GTG	0	0	63.0	
Chr01   	146	30837270 	30837200 	Cys	GCA	0	0	48.5	
Chr01   	147	30226834 	30226761 	Ile	TAT	0	0	85.9	
Chr01   	148	29015938 	29015867 	Glu	TTC	0	0	71.7	
Chr01   	149	29005794 	29005723 	Glu	TTC	0	0	71.7	
Chr01   	150	19968833 	19968762 	Arg	ACG	0	0	39.8	
Chr01   	151	17676646 	17676576 	Arg	CCT	0	0	37.8	pseudo
Chr01   	152	16465107 	16465027 	Leu	CAA	0	0	52.9	
Chr01   	153	10405865 	10405794 	Ser	CGA	0	0	21.1	pseudo
Chr01   	154	8619407  	8619335  	Met	CAT	0	0	50.7	
Chr01   	155	4405940  	4405867  	Met	CAT	0	0	56.2	
Chr02   	1	628918   	628990   	Val	CAC	0	0	56.5	
Chr02   	2	1604804  	1604876  	Arg	CCT	0	0	30.9	pseudo
Chr02   	3	2672241  	2672313  	Arg	ACG	0	0	65.9	
Chr02   	4	3141475  	3141562  	Ser	GCT	0	0	52.4	
Chr02   	5	4711878  	4711960  	Leu	TAA	0	0	74.3	
Chr02   	6	10855139 	10855210 	Gly	TCC	0	0	71.0	
Chr02   	7	10878181 	10878252 	Gly	TCC	0	0	69.1	
Chr02   	8	13143739 	13143819 	Ser	GCT	0	0	23.2	pseudo
Chr02   	9	15777300 	15777380 	Ile	AAT	0	0	24.2	pseudo
Chr02   	10	15902236 	15902307 	Asn	GTT	0	0	65.8	
Chr02   	11	15903272 	15903354 	Tyr	GTA	0	0	44.6	
Chr02   	12	16380433 	16380512 	Asp	GTC	0	0	35.7	pseudo
Chr02   	13	16414489 	16414554 	Gly	GCC	0	0	24.8	
Chr02   	14	17369968 	17370038 	His	GTG	0	0	34.2	
Chr02   	15	21856612 	21856682 	Met	CAT	0	0	33.9	
Chr02   	16	33422475 	33422556 	Thr	AGT	0	0	28.3	pseudo
Chr02   	17	44137093 	44137166 	Trp	CCA	0	0	30.5	
Chr02   	18	46442906 	46442978 	Arg	ACG	0	0	71.3	
Chr02   	19	48037090 	48037161 	Arg	CCT	0	0	31.3	pseudo
Chr02   	20	52799751 	52799822 	iMet	CAT	0	0	58.3	
Chr02   	21	58005514 	58005586 	Thr	TGT	0	0	69.1	
Chr02   	22	58285177 	58285258 	Ser	AGA	0	0	69.0	
Chr02   	23	59982478 	59982549 	Gln	CTG	0	0	63.8	
Chr02   	24	60692896 	60692968 	Val	TAC	0	0	69.0	
Chr02   	25	76062539 	76062623 	Val	AAC	0	0	28.8	
Chr02   	26	76216614 	76216687 	Asn	GTT	0	0	80.7	
Chr02   	27	79246835 	79246907 	Ala	AGC	0	0	61.0	
Chr02   	28	79560012 	79560092 	Arg	CCT	0	0	21.6	pseudo
Chr02   	29	84553301 	84553371 	Asn	GTT	0	0	21.5	pseudo
Chr02   	30	87002902 	87002973 	Pro	AGG	0	0	48.2	
Chr02   	31	87050928 	87051001 	His	GTG	0	0	49.4	
Chr02   	32	87056524 	87056597 	Pro	TGG	0	0	46.6	
Chr02   	33	87056755 	87056828 	Trp	CCA	0	0	70.1	
Chr02   	34	87674294 	87674367 	Asn	GTT	0	0	86.2	
Chr02   	35	89458671 	89458743 	Val	TAC	0	0	77.8	
Chr02   	36	89545026 	89545098 	Val	TAC	0	0	77.8	
Chr02   	37	99077932 	99078013 	Tyr	GTA	99077969	99077977	29.3	
Chr02   	38	101243475	101243549	Met	CAT	0	0	37.1	
Chr02   	39	103988870	103988942	Arg	TCT	0	0	70.4	
Chr02   	40	108374030	108374113	Leu	CAA	0	0	68.4	
Chr02   	41	110014668	110014741	Asp	GTC	0	0	25.9	pseudo
Chr02   	42	111762391	111762458	Arg	TCT	0	0	31.7	
Chr02   	43	112009176	112009263	Met	CAT	112009214	112009224	55.9	
Chr02   	44	120967699	120967771	Ala	AGC	0	0	63.4	
Chr02   	45	122159400	122159474	Asn	ATT	0	0	45.5	pseudo
Chr02   	46	130498744	130498815	Lys	TTT	0	0	82.9	
Chr02   	47	131793771	131793843	Thr	AGT	0	0	38.7	
Chr02   	48	136989752	136989825	Sup	TCA	0	0	38.7	
Chr02   	49	136990220	136990286	Asn	GTT	0	0	47.3	
Chr02   	50	136999515	136999587	Lys	TTT	0	0	65.3	
Chr02   	51	137000343	137000415	Thr	CGT	0	0	24.4	
Chr02   	52	137198890	137198948	Undet	NNN	0	0	21.7	pseudo
Chr02   	53	140738717	140738803	Tyr	GTA	0	0	22.9	
Chr02   	54	140899531	140899450	Ser	AGA	0	0	78.3	
Chr02   	55	139833190	139833118	Leu	TAA	0	0	22.9	pseudo
Chr02   	56	133672082	133672010	Glu	CTC	0	0	54.8	
Chr02   	57	131271087	131271014	Met	CAT	0	0	34.9	
Chr02   	58	130703742	130703670	Ala	TGC	0	0	27.8	
Chr02   	59	130482836	130482757	Asp	GTC	130482795	130482793	20.8	pseudo
Chr02   	60	130365965	130365893	Ala	TGC	0	0	70.0	
Chr02   	61	129611620	129611542	Arg	ACG	0	0	54.0	
Chr02   	62	129139713	129139645	Ser	TGA	0	0	21.0	pseudo
Chr02   	63	127073279	127073208	Ile	TAT	0	0	33.1	
Chr02   	64	123365156	123365086	Undet	NNN	0	0	32.7	
Chr02   	65	121328400	121328330	Gly	ACC	0	0	24.3	pseudo
Chr02   	66	118488913	118488842	Ser	TGA	0	0	49.0	
Chr02   	67	118227735	118227654	Ser	TGA	0	0	52.7	
Chr02   	68	112542567	112542494	Thr	AGT	0	0	74.7	
Chr02   	69	110013351	110013279	Asn	GTT	0	0	42.0	
Chr02   	70	104924125	104924043	Leu	AAG	0	0	45.1	
Chr02   	71	104878833	104878762	Asn	GTT	0	0	70.9	
Chr02   	72	102841466	102841395	Pro	TGG	0	0	34.6	pseudo
Chr02   	73	93703033 	93702960 	Ile	AAT	0	0	84.9	
Chr02   	74	91443419 	91443347 	Arg	CCT	0	0	23.5	
Chr02   	75	88531584 	88531514 	Asn	ATT	0	0	23.4	pseudo
Chr02   	76	87048426 	87048355 	Glu	TTC	0	0	60.2	
Chr02   	77	87045213 	87045126 	Ser	GCT	0	0	43.5	
Chr02   	78	87044752 	87044679 	Phe	GAA	0	0	62.7	
Chr02   	79	87044419 	87044345 	Pro	TGG	0	0	62.8	
Chr02   	80	85623381 	85623309 	Arg	CCT	0	0	20.9	pseudo
Chr02   	81	80333112 	80333039 	Thr	AGT	0	0	42.0	
Chr02   	82	78880077 	78880005 	Ala	TGC	0	0	70.0	
Chr02   	83	75116759 	75116682 	Asp	GTC	0	0	35.2	pseudo
Chr02   	84	72719235 	72719164 	Gly	TCC	0	0	71.0	
Chr02   	85	64340141 	64340069 	Ile	AAT	0	0	22.7	
Chr02   	86	61443442 	61443355 	Ser	GGA	0	0	47.4	
Chr02   	87	58463791 	58463711 	Leu	AAG	0	0	75.7	
Chr02   	88	54448642 	54448570 	Phe	GAA	0	0	76.1	
Chr02   	89	51209928 	51209856 	Phe	GAA	0	0	73.9	
Chr02   	90	41459024 	41458950 	Gly	TCC	0	0	25.2	
Chr02   	91	41270292 	41270220 	Arg	TCT	0	0	22.0	pseudo
Chr02   	92	39240089 	39240016 	Arg	CCT	0	0	48.6	
Chr02   	93	38113258 	38113171 	Asp	GTC	0	0	34.5	
Chr02   	94	37495082 	37495012 	Met	CAT	0	0	22.2	
Chr02   	95	37494932 	37494853 	Arg	TCG	0	0	43.2	
Chr02   	96	36518903 	36518831 	Arg	CCT	0	0	31.7	pseudo
Chr02   	97	36031553 	36031468 	Leu	TAA	0	0	38.9	
Chr02   	98	35303996 	35303919 	His	GTG	0	0	22.1	
Chr02   	99	29130998 	29130927 	Gln	CTG	0	0	44.9	
Chr02   	100	19865053 	19864984 	Gly	ACC	0	0	20.8	pseudo
Chr02   	101	16429881 	16429808 	Met	CAT	0	0	49.2	
Chr02   	102	16404005 	16403932 	Met	CAT	0	0	54.6	
Chr02   	103	16368929 	16368856 	Met	CAT	0	0	62.4	
Chr02   	104	16209483 	16209410 	Met	CAT	0	0	62.4	
Chr02   	105	16079972 	16079899 	Met	CAT	0	0	45.5	
Chr02   	106	16054449 	16054375 	Met	CAT	0	0	35.7	
Chr02   	107	15926491 	15926418 	Met	CAT	0	0	53.7	
Chr02   	108	15883057 	15882984 	Asp	GTC	0	0	37.4	
Chr02   	109	15882301 	15882216 	Tyr	GTA	0	0	56.9	
Chr02   	110	15874214 	15874143 	Thr	GGT	0	0	49.9	
Chr02   	111	15869082 	15869009 	Met	CAT	0	0	63.6	
Chr02   	112	15868234 	15868163 	Val	GAC	0	0	52.2	
Chr02   	113	9657156  	9657084  	Ala	AGC	0	0	63.4	
Chr02   	114	3139757  	3139686  	Arg	TCT	0	0	58.3	
Chr02   	115	3137822  	3137735  	Ser	GCT	0	0	39.7	
Chr03   	1	215741   	215810   	Sup	TTA	0	0	32.1	
Chr03   	2	223474   	223545   	Undet	NNN	0	0	23.4	pseudo
Chr03   	3	259344   	259417   	Met	CAT	0	0	62.0	
Chr03   	4	1106673  	1106753  	Leu	CAA	0	0	35.5	
Chr03   	5	6643450  	6643522  	Val	CAC	0	0	38.9	pseudo
Chr03   	6	6669525  	6669598  	Val	CAC	0	0	82.4	
Chr03   	7	6688273  	6688344  	Asp	GTC	0	0	69.8	
Chr03   	8	6886964  	6887036  	Val	CAC	0	0	34.6	pseudo
Chr03   	9	7011808  	7011877  	Gly	GCC	0	0	46.5	
Chr03   	10	7015882  	7015952  	Gly	GCC	0	0	66.5	
Chr03   	11	7016982  	7017052  	Gly	GCC	0	0	56.6	
Chr03   	12	8753028  	8753108  	Leu	AAG	0	0	74.0	
Chr03   	13	9017302  	9017375  	Phe	GAA	0	0	65.2	
Chr03   	14	9287766  	9287839  	Arg	ACG	0	0	61.0	
Chr03   	15	9291245  	9291316  	Asn	GTT	0	0	76.5	
Chr03   	16	10563681 	10563748 	Gln	CTG	0	0	20.1	pseudo
Chr03   	17	10563847 	10563919 	Lys	CTT	0	0	77.1	
Chr03   	18	10987018 	10987088 	Gly	GCC	0	0	48.2	
Chr03   	19	11518014 	11518086 	Lys	CTT	0	0	83.3	
Chr03   	20	16009648 	16009719 	Undet	NNN	0	0	37.5	
Chr03   	21	16638999 	16639072 	Phe	GAA	0	0	33.4	
Chr03   	22	17826606 	17826678 	Glu	CTC	0	0	74.8	
Chr03   	23	17960231 	17960314 	Asn	ATT	0	0	28.1	pseudo
Chr03   	24	20641881 	20641953 	Arg	TCT	0	0	68.5	
Chr03   	25	22226816 	22226900 	Met	CAT	22226854	22226864	64.3	
Chr03   	26	23006693 	23006764 	Glu	TTC	0	0	61.4	
Chr03   	27	25121380 	25121453 	Val	AAC	0	0	54.5	
Chr03   	28	25136819 	25136894 	Pro	TGG	0	0	33.9	pseudo
Chr03   	29	25144114 	25144185 	Pro	TGG	0	0	68.5	
Chr03   	30	25146081 	25146152 	Pro	TGG	0	0	60.1	
Chr03   	31	25146436 	25146506 	Ser	TGA	0	0	38.7	
Chr03   	32	31406746 	31406826 	Leu	CAA	0	0	31.7	
Chr03   	33	32386671 	32386742 	Ser	GCT	0	0	56.2	
Chr03   	34	32581171 	32581244 	Met	CAT	0	0	62.0	
Chr03   	35	34257449 	34257523 	Val	AAC	0	0	47.2	
Chr03   	36	34629562 	34629635 	Glu	TTC	0	0	22.5	
Chr03   	37	34629695 	34629778 	Tyr	GTA	0	0	52.5	
Chr03   	38	34629887 	34629960 	Asp	GTC	0	0	53.6	
Chr03   	39	34944502 	34944573 	Gly	GCC	0	0	57.3	
Chr03   	40	34947822 	34947893 	Gln	TTG	0	0	42.5	
Chr03   	41	35888027 	35888107 	Leu	AAG	0	0	64.8	
Chr03   	42	36544450 	36544530 	Asn	GTT	0	0	30.1	pseudo
Chr03   	43	36712537 	36712608 	Cys	GCA	0	0	56.8	
Chr03   	44	36716990 	36717061 	Thr	GGT	0	0	53.8	
Chr03   	45	36721825 	36721895 	Gly	GCC	0	0	42.6	
Chr03   	46	36730852 	36730938 	Ser	GGA	0	0	64.5	
Chr03   	47	36733886 	36733958 	Phe	GAA	0	0	73.3	
Chr03   	48	36774075 	36774146 	Val	GAC	0	0	50.8	
Chr03   	49	36782880 	36782958 	Arg	ACG	0	0	37.7	
Chr03   	50	39809164 	39809236 	Phe	GAA	0	0	41.4	pseudo
Chr03   	51	40025603 	40025682 	Leu	CAA	0	0	21.1	pseudo
Chr03   	52	40604171 	40604243 	Glu	TTC	0	0	31.3	pseudo
Chr03   	53	40604303 	40604386 	Tyr	GTA	0	0	29.3	
Chr03   	54	42712040 	42712111 	Thr	GGT	0	0	47.8	
Chr03   	55	44049511 	44049584 	Phe	GAA	0	0	54.0	
Chr03   	56	57543400 	57543472 	Thr	TGT	0	0	47.4	
Chr03   	57	66669691 	66669763 	Gly	CCC	0	0	35.1	pseudo
Chr03   	58	67099647 	67099719 	Leu	TAA	0	0	29.9	pseudo
Chr03   	59	67925366 	67925437 	Asn	GTT	0	0	62.5	
Chr03   	60	86101518 	86101589 	Glu	CTC	0	0	39.7	pseudo
Chr03   	61	88754865 	88754935 	Thr	TGT	0	0	37.5	
Chr03   	62	88755626 	88755712 	Ser	GGA	0	0	54.8	
Chr03   	63	88762984 	88763054 	Val	GAC	0	0	25.2	pseudo
Chr03   	64	92690491 	92690562 	iMet	CAT	0	0	60.9	
Chr03   	65	95871284 	95871355 	Gln	TTG	0	0	73.5	
Chr03   	66	96115399 	96115472 	Val	AAC	0	0	72.9	
Chr03   	67	98741777 	98741863 	Met	CAT	98741815	98741827	60.1	
Chr03   	68	102501076	102501148	Lys	TTT	0	0	28.7	pseudo
Chr03   	69	104472384	104472455	Thr	AGT	0	0	21.8	
Chr03   	70	104693197	104693278	Ser	GCT	0	0	84.0	
Chr03   	71	106891831	106891902	His	GTG	0	0	63.0	
Chr03   	72	107083713	107083784	Cys	GCA	0	0	82.1	
Chr03   	73	111258921	111258990	Arg	CCT	0	0	24.4	pseudo
Chr03   	74	113597536	113597622	Ser	GGA	0	0	34.1	
Chr03   	75	115063822	115063893	Asn	GTT	0	0	66.4	
Chr03   	76	115078352	115078424	Lys	TTT	0	0	78.3	
Chr03   	77	117916487	117916574	Ile	GAT	117916525	117916541	38.5	
Chr03   	78	117917706	117917777	Gln	TTG	0	0	29.7	
Chr03   	79	117923030	117923101	Asn	GTT	0	0	68.9	
Chr03   	80	117935460	117935540	Leu	CAA	0	0	59.4	
Chr03   	81	117943113	117943186	Met	CAT	0	0	58.7	
Chr03   	82	118599887	118599958	Trp	CCA	0	0	75.8	
Chr03   	83	120338074	120338153	Leu	TAG	0	0	51.1	
Chr03   	84	124940023	124940100	Thr	TGT	0	0	42.0	
Chr03   	85	127985412	127985483	Arg	TCG	0	0	30.6	
Chr03   	86	128653415	128653495	Leu	AAG	0	0	60.6	
Chr03   	87	139634981	139635053	Thr	AGT	0	0	31.4	
Chr03   	88	139690828	139690899	Gly	TCC	0	0	42.1	
Chr03   	89	139724775	139724847	Arg	CCT	0	0	60.5	
Chr03   	90	139817877	139817948	Gly	TCC	0	0	71.0	
Chr03   	91	139820649	139820724	Gly	TCC	0	0	65.6	
Chr03   	92	141065900	141065981	Ser	GCT	0	0	80.5	
Chr03   	93	141139533	141139609	Ser	GGA	0	0	23.6	pseudo
Chr03   	94	141445064	141445136	Thr	AGT	0	0	23.7	pseudo
Chr03   	95	141963931	141964011	Leu	CAA	0	0	34.3	
Chr03   	96	142005651	142005724	Met	CAT	0	0	25.8	
Chr03   	97	143080687	143080759	Glu	TTC	0	0	47.3	
Chr03   	98	143080819	143080902	Tyr	GTA	0	0	55.6	
Chr03   	99	148238668	148238741	Asp	GTC	0	0	62.4	
Chr03   	100	149897925	149897996	Asp	GTC	0	0	49.3	
Chr03   	101	153129853	153129927	Ile	AAT	0	0	25.5	
Chr03   	102	155047254	155047321	Ser	TGA	0	0	21.6	
Chr03   	103	155785247	155785320	Met	CAT	0	0	61.9	
Chr03   	104	156113174	156113246	Asn	GTT	0	0	22.4	pseudo
Chr03   	105	159569288	159569360	Lys	CTT	0	0	66.6	
Chr03   	106	160022066	160022139	Ile	AAT	0	0	59.7	
Chr03   	107	166921243	166921313	Gly	GCC	0	0	56.3	
Chr03   	108	177521600	177521673	Met	CAT	0	0	46.6	
Chr03   	109	177536715	177536787	Met	CAT	0	0	50.7	
Chr03   	110	181308858	181308931	Ile	AAT	0	0	56.8	
Chr03   	111	183125012	183125085	Trp	CCA	0	0	70.1	
Chr03   	112	185236321	185236237	Met	CAT	185236283	185236273	48.1	
Chr03   	113	177494603	177494532	Gly	GCC	0	0	42.6	
Chr03   	114	176382316	176382230	Ser	TGA	0	0	45.3	
Chr03   	115	158945003	158944919	Leu	CAA	0	0	47.3	
Chr03   	116	155787486	155787413	His	GTG	0	0	50.5	
Chr03   	117	154307320	154307249	Asp	GTC	0	0	24.6	pseudo
Chr03   	118	153316107	153316027	Met	CAT	0	0	39.4	pseudo
Chr03   	119	152097091	152097018	Glu	CTC	0	0	57.3	
Chr03   	120	148323338	148323267	His	GTG	0	0	63.0	
Chr03   	121	143527079	143527007	Thr	TGT	0	0	24.3	pseudo
Chr03   	122	143507542	143507471	Gly	TCC	0	0	38.0	
Chr03   	123	140490224	140490152	Arg	CCT	0	0	66.0	
Chr03   	124	139033267	139033194	Arg	CCG	0	0	54.1	
Chr03   	125	137020562	137020480	Leu	TAA	0	0	73.8	
Chr03   	126	127987488	127987406	Leu	TAA	0	0	67.1	
Chr03   	127	125747310	125747239	Thr	TGT	0	0	32.4	pseudo
Chr03   	128	123429771	123429677	Tyr	GTA	123429734	123429713	65.8	
Chr03   	129	117945409	117945332	His	GTG	0	0	42.4	
Chr03   	130	117923761	117923683	Arg	ACG	0	0	38.7	
Chr03   	131	117153403	117153330	His	GTG	0	0	50.5	
Chr03   	132	112487052	112486981	Glu	TTC	0	0	60.2	
Chr03   	133	108949177	108949106	His	GTG	0	0	63.0	
Chr03   	134	108667726	108667645	Ser	GCT	0	0	84.0	
Chr03   	135	107064309	107064237	Lys	TTT	0	0	80.3	
Chr03   	136	102543442	102543370	Arg	ACG	0	0	71.3	
Chr03   	137	101700460	101700387	Pro	TGG	0	0	52.2	
Chr03   	138	101132388	101132296	Ser	GGA	0	0	25.0	pseudo
Chr03   	139	100525759	100525680	Leu	TAG	0	0	70.9	
Chr03   	140	99132640 	99132569 	Thr	TGT	0	0	48.3	
Chr03   	141	96991041 	96990972 	Asn	GTT	0	0	30.2	
Chr03   	142	95903371 	95903299 	Thr	AGT	0	0	41.2	pseudo
Chr03   	143	93614598 	93614526 	Arg	CCT	0	0	21.4	pseudo
Chr03   	144	90096054 	90095983 	iMet	CAT	0	0	38.2	
Chr03   	145	89928210 	89928138 	Lys	CTT	0	0	79.2	
Chr03   	146	88639905 	88639832 	Pro	TGG	0	0	63.9	
Chr03   	147	88639667 	88639594 	Trp	CCA	0	0	70.1	
Chr03   	148	88636403 	88636332 	Cys	GCA	0	0	66.4	
Chr03   	149	87570376 	87570303 	Met	CAT	0	0	61.9	
Chr03   	150	83040164 	83040093 	Pro	TGG	0	0	68.5	
Chr03   	151	83038318 	83038247 	Pro	TGG	0	0	34.4	
Chr03   	152	83036865 	83036794 	Pro	TGG	0	0	68.5	
Chr03   	153	83035412 	83035341 	Pro	TGG	0	0	48.3	
Chr03   	154	83033855 	83033784 	Pro	CGG	0	0	68.4	
Chr03   	155	83032836 	83032765 	Pro	AGG	0	0	67.4	
Chr03   	156	83031658 	83031587 	Pro	TGG	0	0	68.5	
Chr03   	157	83030119 	83030048 	Thr	TGT	0	0	46.5	
Chr03   	158	82707982 	82707909 	Pro	TGG	0	0	58.8	
Chr03   	159	82337252 	82337179 	Met	CAT	0	0	38.9	
Chr03   	160	79963283 	79963211 	Arg	CCG	0	0	65.5	
Chr03   	161	79399629 	79399557 	Glu	CTC	0	0	74.4	
Chr03   	162	79299152 	79299080 	Glu	CTC	0	0	74.4	
Chr03   	163	73371247 	73371175 	Arg	TCT	0	0	23.4	
Chr03   	164	70266058 	70265987 	Asn	GTT	0	0	83.4	
Chr03   	165	69796048 	69795958 	Undet	NNN	0	0	39.3	
Chr03   	166	69793615 	69793532 	Leu	CAA	0	0	77.7	
Chr03   	167	69101620 	69101548 	Phe	GAA	0	0	26.2	pseudo
Chr03   	168	67114246 	67114165 	Ser	CGA	0	0	78.9	
Chr03   	169	66174584 	66174514 	Phe	GAA	0	0	49.2	
Chr03   	170	63878360 	63878287 	Cys	GCA	0	0	35.1	
Chr03   	171	57544774 	57544688 	Ser	GGA	0	0	64.5	
Chr03   	172	57541775 	57541703 	Phe	GAA	0	0	68.0	
Chr03   	173	54658682 	54658608 	Thr	AGT	0	0	23.7	pseudo
Chr03   	174	54283795 	54283724 	Trp	CCA	0	0	75.8	
Chr03   	175	54229197 	54229124 	Asn	GTT	0	0	84.5	
Chr03   	176	38540760 	38540687 	Val	CAC	0	0	82.4	
Chr03   	177	38157015 	38156943 	Thr	TGT	0	0	61.9	
Chr03   	178	36783617 	36783546 	Asn	GTT	0	0	80.9	
Chr03   	179	36768133 	36768053 	Leu	CAA	0	0	51.0	
Chr03   	180	36760475 	36760402 	Met	CAT	0	0	55.3	
Chr03   	181	36740895 	36740822 	Pro	TGG	0	0	48.1	
Chr03   	182	36740658 	36740585 	Trp	CCA	0	0	70.1	
Chr03   	183	36732232 	36732160 	Thr	TGT	0	0	61.3	
Chr03   	184	36722197 	36722124 	Met	CAT	0	0	46.8	
Chr03   	185	36721002 	36720912 	Ser	TGA	0	0	54.1	
Chr03   	186	36716133 	36716057 	Glu	TTC	0	0	24.7	pseudo
Chr03   	187	36715962 	36715879 	Tyr	GTA	0	0	41.5	
Chr03   	188	36715773 	36715700 	Asp	GTC	0	0	54.0	
Chr03   	189	36448706 	36448634 	Thr	TGT	0	0	26.1	
Chr03   	190	34628704 	34628633 	Thr	GGT	0	0	55.3	
Chr03   	191	33217726 	33217654 	Lys	CTT	0	0	87.7	
Chr03   	192	29735224 	29735152 	Arg	CCT	0	0	37.7	pseudo
Chr03   	193	26605100 	26605027 	Val	AAC	0	0	72.2	
Chr03   	194	25409258 	25409188 	Thr	AGT	0	0	21.4	pseudo
Chr03   	195	25370807 	25370716 	Met	CAT	25370768	25370752	47.8	
Chr03   	196	25180982 	25180911 	Gly	TCC	0	0	63.8	
Chr03   	197	24833171 	24833098 	Asn	GTT	0	0	84.5	
Chr03   	198	22509488 	22509416 	Arg	CCT	0	0	44.7	pseudo
Chr03   	199	21037549 	21037478 	Gly	TCC	0	0	66.1	
Chr03   	200	18901267 	18901192 	Val	AAC	0	0	34.7	pseudo
Chr03   	201	18835245 	18835170 	Val	AAC	0	0	34.7	pseudo
Chr03   	202	15560011 	15559940 	Glu	TTC	0	0	71.7	
Chr03   	203	13113658 	13113577 	Ser	TGA	0	0	80.7	
Chr03   	204	12509943 	12509872 	Thr	GGT	0	0	39.2	
Chr03   	205	12508148 	12508076 	Glu	TTC	0	0	37.6	
Chr03   	206	12130660 	12130587 	Ile	GAT	0	0	26.3	pseudo
Chr03   	207	11450618 	11450546 	Glu	CTC	0	0	74.4	
Chr03   	208	9288499  	9288428  	Asn	GTT	0	0	76.5	
Chr03   	209	9256692  	9256620  	Lys	TTT	0	0	80.3	
Chr03   	210	9068073  	9067994  	Ser	TGA	0	0	39.1	
Chr03   	211	7623418  	7623347  	Cys	GCA	0	0	73.6	
Chr03   	212	7367284  	7367211  	Met	CAT	0	0	33.3	
Chr03   	213	3732181  	3732099  	Leu	TAA	0	0	65.5	
Chr03   	214	3731592  	3731520  	Ala	AGC	0	0	48.4	
Chr03   	215	3055338  	3055265  	Val	AAC	0	0	72.9	
Chr03   	216	2834504  	2834417  	Ser	TGA	0	0	24.7	pseudo
Chr03   	217	1955238  	1955167  	Ser	GCT	0	0	72.8	
Chr03   	218	1453266  	1453194  	Arg	CCT	0	0	64.6	
Chr03   	219	589400   	589329   	iMet	CAT	0	0	58.3	
Chr04   	1	1215168  	1215239  	His	GTG	0	0	47.3	
Chr04   	2	3038120  	3038192  	Phe	GAA	0	0	78.3	
Chr04   	3	3502088  	3502169  	Ser	CGA	0	0	78.9	
Chr04   	4	8638814  	8638887  	Lys	TTT	0	0	52.1	pseudo
Chr04   	5	10445527 	10445600 	Gly	TCC	0	0	21.0	pseudo
Chr04   	6	11978823 	11978894 	Undet	NNN	0	0	37.0	
Chr04   	7	16440138 	16440210 	Glu	CTC	0	0	64.8	
Chr04   	8	23035459 	23035530 	Val	GAC	0	0	46.1	pseudo
Chr04   	9	25459987 	25460059 	Gly	ACC	0	0	42.7	pseudo
Chr04   	10	26597757 	26597828 	Ala	TGC	0	0	32.2	pseudo
Chr04   	11	27408616 	27408687 	Lys	TTT	0	0	92.3	
Chr04   	12	28174297 	28174377 	Leu	AAG	0	0	74.0	
Chr04   	13	28174620 	28174700 	Leu	AAG	0	0	44.3	
Chr04   	14	28263067 	28263138 	Thr	GGT	0	0	49.4	
Chr04   	15	33890773 	33890868 	Tyr	GTA	33890810	33890832	67.7	
Chr04   	16	34569279 	34569351 	Arg	TCT	0	0	29.6	pseudo
Chr04   	17	34711478 	34711548 	Pro	AGG	0	0	22.8	pseudo
Chr04   	18	35448824 	35448904 	Arg	TCT	0	0	34.3	
Chr04   	19	35448946 	35449027 	Ser	GCT	0	0	40.3	
Chr04   	20	47002993 	47003064 	Asp	GTC	0	0	41.5	
Chr04   	21	51879916 	51879988 	Thr	TGT	0	0	69.1	
Chr04   	22	52539486 	52539557 	Glu	TTC	0	0	35.8	
Chr04   	23	54469472 	54469546 	Gly	GCC	0	0	24.7	pseudo
Chr04   	24	72417866 	72417937 	Asp	GTC	0	0	56.8	
Chr04   	25	76568161 	76568233 	Asp	GTC	0	0	48.3	pseudo
Chr04   	26	79814935 	79815005 	Gly	GCC	0	0	56.6	
Chr04   	27	88081077 	88081149 	Met	CAT	0	0	55.8	
Chr04   	28	89086520 	89086588 	Phe	AAA	0	0	21.0	pseudo
Chr04   	29	89087017 	89087088 	Thr	TGT	0	0	79.1	
Chr04   	30	91676495 	91676567 	Ala	TGC	0	0	69.1	
Chr04   	31	93507326 	93507398 	Ala	TGC	0	0	69.1	
Chr04   	32	93509586 	93509657 	Pro	AGG	0	0	67.4	
Chr04   	33	95715059 	95715130 	Glu	TTC	0	0	35.7	pseudo
Chr04   	34	98376072 	98376151 	Leu	TAA	0	0	35.2	
Chr04   	35	101531102	101531174	Arg	CCT	0	0	23.2	pseudo
Chr04   	36	101808304	101808377	Ile	AAT	0	0	79.2	
Chr04   	37	102280103	102280185	Glu	TTC	0	0	35.2	pseudo
Chr04   	38	108372979	108373051	Ala	GGC	0	0	25.7	pseudo
Chr04   	39	110575702	110575774	Phe	GAA	0	0	56.0	
Chr04   	40	112859226	112859299	Met	CAT	0	0	42.9	
Chr04   	41	115502198	115502266	Lys	CTT	0	0	47.7	pseudo
Chr04   	42	117412920	117412993	Met	CAT	0	0	56.1	
Chr04   	43	118432017	118432090	Met	CAT	0	0	61.3	
Chr04   	44	123955531	123955602	Gly	GCC	0	0	55.7	
Chr04   	45	123958849	123958920	Gln	TTG	0	0	41.1	pseudo
Chr04   	46	124883779	124883851	Phe	GAA	0	0	31.3	pseudo
Chr04   	47	128488494	128488567	Ile	AAT	0	0	55.4	
Chr04   	48	128571490	128571570	Leu	AAG	0	0	74.0	
Chr04   	49	136664909	136664983	Phe	GAA	0	0	52.1	
Chr04   	50	137834814	137834885	His	ATG	0	0	56.6	
Chr04   	51	141423968	141424041	Asn	GTT	0	0	62.6	
Chr04   	52	141428889	141428962	Asn	GTT	0	0	70.2	
Chr04   	53	142946047	142946117	Glu	TTC	0	0	37.5	
Chr04   	54	143282279	143282346	Undet	NNN	0	0	22.0	pseudo
Chr04   	55	143757097	143757169	Val	TAC	0	0	76.2	
Chr04   	56	148600277	148600345	Asn	GTT	0	0	42.0	pseudo
Chr04   	57	153815029	153815100	Glu	TTC	0	0	71.7	
Chr04   	58	155630093	155630163	Asn	GTT	0	0	59.1	
Chr04   	59	156179359	156179445	Ser	GGA	0	0	64.5	
Chr04   	60	156657172	156657244	Ser	ACT	0	0	34.6	pseudo
Chr04   	61	160819571	160819643	Lys	TTT	0	0	88.7	
Chr04   	62	161455461	161455534	Trp	CCA	0	0	38.5	
Chr04   	63	163395247	163395328	Ser	CGA	0	0	78.9	
Chr04   	64	163972518	163972591	Ile	AAT	0	0	85.5	
Chr04   	65	165250580	165250651	Lys	TTT	0	0	82.9	
Chr04   	66	165990281	165990352	Asn	GTT	0	0	83.4	
Chr04   	67	167368550	167368630	Leu	CAG	0	0	47.2	
Chr04   	68	169736304	169736375	Thr	TGT	0	0	30.5	pseudo
Chr04   	69	171896550	171896621	Gly	TCC	0	0	35.8	
Chr04   	70	172212343	172212415	Arg	CCT	0	0	21.5	pseudo
Chr04   	71	172295543	172295614	Thr	TGT	0	0	65.2	
Chr04   	72	173302816	173302887	Glu	TTC	0	0	72.0	
Chr04   	73	173666734	173666814	Leu	CAG	0	0	69.5	
Chr04   	74	174778239	174778311	Ala	TGC	0	0	70.0	
Chr04   	75	178952619	178952703	Met	CAT	178952657	178952667	64.3	
Chr04   	76	179416610	179416690	Leu	AAG	0	0	74.0	
Chr04   	77	179444130	179444211	Ser	GCT	0	0	80.5	
Chr04   	78	179598504	179598584	Leu	AAG	0	0	74.0	
Chr04   	79	179678330	179678401	Lys	TTT	0	0	40.2	pseudo
Chr04   	80	183181319	183181389	Glu	CTC	0	0	61.0	
Chr04   	81	183861419	183861345	Asn	ATT	0	0	31.1	pseudo
Chr04   	82	183860678	183860605	Trp	CCA	0	0	28.4	
Chr04   	83	183305616	183305544	Glu	CTC	0	0	78.9	
Chr04   	84	179948928	179948861	Lys	TTT	0	0	56.2	
Chr04   	85	179861379	179861307	Phe	GAA	0	0	76.1	
Chr04   	86	179857080	179857008	Phe	GAA	0	0	68.7	
Chr04   	87	177155531	177155460	Pro	TGG	0	0	59.7	
Chr04   	88	176954011	176953939	Thr	AGT	0	0	25.9	
Chr04   	89	175490798	175490725	Arg	ACG	0	0	28.0	pseudo
Chr04   	90	174689113	174689040	Ile	TAT	0	0	85.2	
Chr04   	91	174650978	174650907	Glu	TTC	0	0	71.7	
Chr04   	92	168170755	168170684	Phe	GAA	0	0	40.6	pseudo
Chr04   	93	166005119	166005047	Met	CAT	0	0	53.6	
Chr04   	94	165997929	165997858	Val	GAC	0	0	52.1	
Chr04   	95	164862400	164862333	Thr	CGT	0	0	62.7	
Chr04   	96	164620451	164620379	Arg	CCT	0	0	30.6	pseudo
Chr04   	97	162386759	162386689	Gly	GCC	0	0	66.5	
Chr04   	98	162107037	162106965	Arg	CCT	0	0	70.4	
Chr04   	99	160629918	160629854	Gly	GCC	0	0	21.0	pseudo
Chr04   	100	159819006	159818926	Leu	CAA	0	0	57.9	
Chr04   	101	159139703	159139618	Met	CAT	159139665	159139654	64.2	
Chr04   	102	158491018	158490945	Gly	ACC	0	0	30.1	
Chr04   	103	158280116	158280043	Met	CAT	0	0	61.9	
Chr04   	104	155840992	155840923	Pro	TGG	0	0	45.4	
Chr04   	105	155630829	155630751	His	ATG	0	0	47.7	
Chr04   	106	154238884	154238812	Arg	CCT	0	0	29.5	pseudo
Chr04   	107	154177406	154177333	Ile	TAT	0	0	34.4	
Chr04   	108	151897742	151897672	Gly	GCC	0	0	66.5	
Chr04   	109	151040204	151040133	Pro	TGG	0	0	68.5	
Chr04   	110	150817490	150817419	Gln	TTG	0	0	42.0	pseudo
Chr04   	111	150816370	150816297	Phe	GAA	0	0	68.3	
Chr04   	112	149830332	149830259	Phe	GAA	0	0	31.8	
Chr04   	113	149830002	149829928	Pro	TGG	0	0	35.1	
Chr04   	114	149822176	149822105	Asn	ATT	0	0	63.8	
Chr04   	115	145932650	145932577	Met	CAT	0	0	58.2	
Chr04   	116	143622126	143622062	Undet	NNN	0	0	29.9	pseudo
Chr04   	117	143016595	143016524	Arg	TCT	0	0	29.0	
Chr04   	118	141633372	141633300	Met	CAT	0	0	27.5	
Chr04   	119	129795680	129795607	Val	CAC	0	0	81.5	
Chr04   	120	125949801	125949719	Tyr	GTA	0	0	57.7	
Chr04   	121	123940631	123940558	Met	CAT	0	0	62.5	
Chr04   	122	123924022	123923953	Met	CAT	0	0	29.9	
Chr04   	123	118417313	118417241	Gly	GCC	0	0	40.2	
Chr04   	124	114614810	114614738	Arg	ACG	0	0	67.0	
Chr04   	125	108080325	108080254	Gln	TTG	0	0	73.5	
Chr04   	126	105610549	105610468	Ser	AGA	0	0	80.3	
Chr04   	127	102783713	102783641	Thr	AGT	0	0	40.8	
Chr04   	128	102410010	102409938	Lys	CTT	0	0	87.7	
Chr04   	129	101401083	101401013	Glu	TTC	0	0	39.5	
Chr04   	130	98293626 	98293555 	Thr	GGT	0	0	52.1	
Chr04   	131	98179846 	98179772 	Thr	AGT	0	0	27.4	pseudo
Chr04   	132	96650814 	96650702 	Undet	NNN	0	0	34.6	pseudo
Chr04   	133	95516034 	95515961 	Ile	AAT	0	0	76.5	
Chr04   	134	93516526 	93516453 	Asn	GTT	0	0	84.5	
Chr04   	135	93343449 	93343378 	Gln	TTG	0	0	73.5	
Chr04   	136	86904869 	86904798 	Glu	TTC	0	0	20.2	pseudo
Chr04   	137	68054896 	68054824 	Ala	AGC	0	0	63.4	
Chr04   	138	64822059 	64821988 	Trp	CCA	0	0	59.5	
Chr04   	139	58515022 	58514941 	Ser	TGA	0	0	80.7	
Chr04   	140	52832263 	52832192 	Thr	GGT	0	0	44.2	
Chr04   	141	52699825 	52699747 	Arg	ACG	0	0	47.4	
Chr04   	142	49630012 	49629932 	Ser	GCT	0	0	63.1	
Chr04   	143	45119353 	45119281 	Leu	TAG	0	0	24.8	pseudo
Chr04   	144	44058124 	44058050 	Thr	AGT	0	0	33.0	
Chr04   	145	42185462 	42185375 	Ser	GCT	0	0	20.0	
Chr04   	146	36380076 	36379995 	Ser	TGA	0	0	74.5	
Chr04   	147	32826230 	32826159 	His	GTG	0	0	63.0	
Chr04   	148	29430559 	29430472 	Asn	GTT	0	0	25.9	pseudo
Chr04   	149	29396041 	29395970 	Arg	TCT	0	0	58.8	
Chr04   	150	28027119 	28027034 	Leu	TAA	0	0	27.0	
Chr04   	151	27422204 	27422125 	Gln	TTG	0	0	43.9	
Chr04   	152	23617548 	23617477 	Gly	TCC	0	0	71.0	
Chr04   	153	17750708 	17750637 	Cys	GCA	0	0	82.1	
Chr04   	154	17412668 	17412598 	Gly	GCC	0	0	56.6	
Chr04   	155	16263418 	16263346 	Lys	TTT	0	0	89.7	
Chr04   	156	15798009 	15797936 	Met	CAT	0	0	26.8	
Chr04   	157	6061723  	6061653  	Val	CAC	0	0	44.6	
Chr05   	1	906632   	906704   	Val	AAC	0	0	32.1	
Chr05   	2	1826684  	1826756  	Arg	CCT	0	0	32.1	pseudo
Chr05   	3	1829059  	1829131  	Arg	CCT	0	0	41.7	pseudo
Chr05   	4	7354179  	7354252  	Val	CAC	0	0	78.2	
Chr05   	5	7968018  	7968102  	Met	CAT	7968056	7968066	64.3	
Chr05   	6	8124026  	8124113  	Tyr	GTA	8124063	8124077	74.4	
Chr05   	7	8214683  	8214770  	Tyr	GTA	8214720	8214734	74.4	
Chr05   	8	15899637 	15899718 	Ile	GAT	0	0	29.8	
Chr05   	9	17916995 	17917065 	Gly	GCC	0	0	66.5	
Chr05   	10	19489577 	19489650 	Asn	GTT	0	0	65.4	
Chr05   	11	22763248 	22763328 	Leu	CAA	0	0	45.5	
Chr05   	12	25766453 	25766539 	Ser	GGA	0	0	27.0	pseudo
Chr05   	13	27838087 	27838160 	Thr	AGT	0	0	65.0	
Chr05   	14	28362493 	28362564 	Asn	GTT	0	0	40.3	pseudo
Chr05   	15	30233865 	30233944 	Leu	TAG	0	0	70.9	
Chr05   	16	31229117 	31229191 	Arg	CCT	0	0	37.0	pseudo
Chr05   	17	32576042 	32576114 	Leu	TAA	0	0	23.5	pseudo
Chr05   	18	38408898 	38408970 	Lys	TTT	0	0	21.8	pseudo
Chr05   	19	38493081 	38493153 	Lys	TTT	0	0	21.8	pseudo
Chr05   	20	38558880 	38558952 	Lys	TTT	0	0	21.8	pseudo
Chr05   	21	43383935 	43384006 	Asp	GTC	0	0	50.4	
Chr05   	22	46858945 	46859017 	Arg	TCT	0	0	43.6	pseudo
Chr05   	23	54709702 	54709772 	Asp	GTC	0	0	22.4	
Chr05   	24	54725421 	54725491 	Gly	GCC	0	0	66.5	
Chr05   	25	54746261 	54746331 	Gly	GCC	0	0	66.5	
Chr05   	26	54767086 	54767156 	Gly	GCC	0	0	66.5	
Chr05   	27	59390013 	59390094 	Ser	GCT	0	0	80.5	
Chr05   	28	60567790 	60567861 	Val	GAC	0	0	53.3	
Chr05   	29	62832754 	62832825 	Val	GAC	0	0	53.3	
Chr05   	30	63907672 	63907744 	Arg	CCG	0	0	69.2	
Chr05   	31	64964262 	64964333 	Arg	TCT	0	0	51.6	
Chr05   	32	65048525 	65048611 	Ser	GGA	0	0	64.5	
Chr05   	33	66326352 	66326424 	Met	CAT	0	0	40.9	pseudo
Chr05   	34	67942912 	67942983 	Cys	GCA	0	0	73.9	
Chr05   	35	71745110 	71745182 	Arg	CCT	0	0	49.6	pseudo
Chr05   	36	74348883 	74348955 	Ala	AGC	0	0	29.8	pseudo
Chr05   	37	76612133 	76612206 	Met	CAT	0	0	53.1	
Chr05   	38	79316034 	79316106 	Lys	TTT	0	0	90.5	
Chr05   	39	81004393 	81004465 	Arg	CCT	0	0	42.0	pseudo
Chr05   	40	85136749 	85136823 	Undet	NNN	0	0	33.4	pseudo
Chr05   	41	86271049 	86271121 	Thr	AGT	0	0	35.1	
Chr05   	42	87575671 	87575748 	Gly	TCC	0	0	35.9	pseudo
Chr05   	43	87595814 	87595885 	Gly	TCC	0	0	71.0	
Chr05   	44	92110807 	92110880 	Ser	TGA	0	0	40.2	
Chr05   	45	93413772 	93413843 	Thr	GGT	0	0	44.8	
Chr05   	46	94346463 	94346536 	Met	CAT	0	0	55.2	
Chr05   	47	98443159 	98443230 	His	GTG	0	0	57.4	
Chr05   	48	99939336 	99939407 	Pro	AGG	0	0	67.4	
Chr05   	49	101042270	101042342	Arg	CCT	0	0	33.4	pseudo
Chr05   	50	108131007	108131078	Undet	NNN	0	0	20.5	pseudo
Chr05   	51	109788883	109788957	Asn	GTT	0	0	49.6	
Chr05   	52	112060264	112060335	Trp	CCA	0	0	75.8	
Chr05   	53	115293694	115293765	Thr	GGT	0	0	58.2	
Chr05   	54	115298540	115298610	Gly	GCC	0	0	39.5	
Chr05   	55	115306927	115306998	Cys	GCA	0	0	58.4	
Chr05   	56	115315433	115315513	Leu	CAA	0	0	48.6	
Chr05   	57	115319530	115319601	Thr	GGT	0	0	58.2	
Chr05   	58	115324350	115324420	Gly	GCC	0	0	48.7	
Chr05   	59	117378539	117378619	Leu	AAG	0	0	73.9	
Chr05   	60	122596733	122596814	Tyr	GTA	122596770	122596778	32.7	
Chr05   	61	122698139	122698204	Asp	GTC	0	0	23.5	pseudo
Chr05   	62	124724314	124724386	Asn	ATT	0	0	29.0	pseudo
Chr05   	63	125521774	125521845	Gln	TTG	0	0	22.3	pseudo
Chr05   	64	127407520	127407593	Thr	AGT	0	0	74.7	
Chr05   	65	128148784	128148868	Met	CAT	128148822	128148832	64.3	
Chr05   	66	129231111	129231182	iMet	CAT	0	0	62.1	
Chr05   	67	129883090	129883161	Trp	CCA	0	0	75.8	
Chr05   	68	131086568	131086638	Gly	GCC	0	0	66.5	
Chr05   	69	131939459	131939539	Leu	AAG	0	0	63.6	
Chr05   	70	132265315	132265388	Val	CAC	0	0	82.4	
Chr05   	71	132357703	132357773	Gly	GCC	0	0	40.3	
Chr05   	72	132655893	132655963	iMet	CAT	0	0	24.3	
Chr05   	73	132912441	132912513	Ala	CGC	0	0	68.3	
Chr05   	74	133745623	133745551	Ala	AGC	0	0	63.4	
Chr05   	75	133386154	133386085	Gly	TCC	0	0	23.4	pseudo
Chr05   	76	133208009	133207939	Gly	CCC	0	0	66.3	
Chr05   	77	132962736	132962665	Cys	GCA	0	0	82.1	
Chr05   	78	131546495	131546422	Val	AAC	0	0	62.2	
Chr05   	79	131541932	131541859	Val	AAC	0	0	61.8	
Chr05   	80	130876803	130876731	Lys	CTT	0	0	87.7	
Chr05   	81	128465715	128465644	Cys	GCA	0	0	71.8	
Chr05   	82	128325788	128325717	Lys	CTT	0	0	42.2	
Chr05   	83	127316845	127316774	Trp	CCA	0	0	75.8	
Chr05   	84	125542054	125541981	Asp	GTC	0	0	62.4	
Chr05   	85	123884790	123884713	Val	CAC	0	0	41.5	pseudo
Chr05   	86	119986471	119986391	Ser	TGA	0	0	34.4	pseudo
Chr05   	87	116516702	116516631	Pro	AGG	0	0	67.4	
Chr05   	88	115324720	115324647	Met	CAT	0	0	52.4	
Chr05   	89	115298911	115298838	Met	CAT	0	0	53.1	
Chr05   	90	115297718	115297627	Ser	TGA	0	0	32.4	
Chr05   	91	113246560	113246479	Ser	GCT	0	0	80.5	
Chr05   	92	112052663	112052590	Thr	AGT	0	0	74.7	
Chr05   	93	106893041	106892963	Ser	ACT	0	0	36.8	
Chr05   	94	105915475	105915403	Phe	GAA	0	0	68.7	
Chr05   	95	104486966	104486880	Ser	GCT	0	0	42.1	
Chr05   	96	95277619 	95277548 	Cys	GCA	0	0	81.5	
Chr05   	97	95180857 	95180786 	Cys	GCA	0	0	74.2	
Chr05   	98	88671837 	88671765 	Glu	CTC	0	0	59.1	
Chr05   	99	86030849 	86030778 	Val	GAC	0	0	53.3	
Chr05   	100	84987274 	84987200 	Undet	NNN	0	0	32.5	pseudo
Chr05   	101	84982268 	84982195 	Ile	AAT	0	0	84.9	
Chr05   	102	84135269 	84135192 	Gln	CTG	0	0	60.4	
Chr05   	103	80058891 	80058819 	Phe	GAA	0	0	44.4	
Chr05   	104	78559754 	78559681 	Val	AAC	0	0	72.9	
Chr05   	105	74857328 	74857255 	Arg	TCG	0	0	81.9	
Chr05   	106	69035993 	69035920 	Arg	CCT	0	0	33.6	pseudo
Chr05   	107	69033692 	69033619 	Trp	CCA	0	0	42.1	pseudo
Chr05   	108	67538235 	67538164 	Ser	AGA	0	0	23.7	pseudo
Chr05   	109	66326085 	66326015 	Ser	ACT	0	0	21.3	pseudo
Chr05   	110	62790419 	62790348 	Cys	GCA	0	0	82.1	
Chr05   	111	62711675 	62711604 	His	GTG	0	0	63.0	
Chr05   	112	62711129 	62711057 	Arg	CCG	0	0	82.0	
Chr05   	113	62652171 	62652100 	Pro	AGG	0	0	50.2	
Chr05   	114	62165620 	62165548 	Lys	CTT	0	0	82.9	
Chr05   	115	62086079 	62086007 	Leu	TAA	0	0	24.9	
Chr05   	116	58985815 	58985745 	Arg	TCG	0	0	24.1	pseudo
Chr05   	117	56973623 	56973553 	Ile	GAT	0	0	39.8	pseudo
Chr05   	118	46947724 	46947654 	Cys	GCA	0	0	46.3	
Chr05   	119	46892214 	46892142 	Ser	ACT	0	0	25.0	
Chr05   	120	36042986 	36042907 	Glu	TTC	0	0	51.6	
Chr05   	121	28478778 	28478700 	Arg	ACG	0	0	39.6	
Chr05   	122	24153641 	24153569 	Arg	CCT	0	0	26.1	pseudo
Chr05   	123	20257541 	20257471 	Lys	TTT	0	0	46.1	
Chr05   	124	19849336 	19849245 	Tyr	GTA	19849299	19849281	72.0	
Chr05   	125	17803267 	17803197 	Gly	GCC	0	0	66.5	
Chr05   	126	16712131 	16712058 	Met	CAT	0	0	44.1	
Chr05   	127	15219417 	15219346 	Trp	CCA	0	0	67.1	
Chr05   	128	12012510 	12012434 	Undet	NNN	0	0	22.6	pseudo
Chr05   	129	11388052 	11387980 	Thr	CGT	0	0	31.6	pseudo
Chr05   	130	10516552 	10516478 	Pro	TGG	0	0	32.5	pseudo
Chr05   	131	10516320 	10516247 	Trp	CCA	0	0	36.2	
Chr05   	132	10349722 	10349651 	Val	GAC	0	0	41.7	pseudo
Chr05   	133	8396018  	8395948  	Cys	GCA	0	0	38.1	
Chr05   	134	3411768  	3411696  	Ile	AAT	0	0	68.7	
Chr06   	1	9268236  	9268307  	Thr	AGT	0	0	29.7	
Chr06   	2	12331133 	12331206 	Met	CAT	0	0	55.3	
Chr06   	3	14149140 	14149211 	Glu	TTC	0	0	60.2	
Chr06   	4	14152353 	14152440 	Ser	GCT	0	0	43.5	
Chr06   	5	14152814 	14152887 	Phe	GAA	0	0	58.4	
Chr06   	6	14153147 	14153221 	Pro	TGG	0	0	62.8	
Chr06   	7	14159505 	14159576 	Val	GAC	0	0	53.3	
Chr06   	8	14169553 	14169631 	Arg	ACG	0	0	56.5	
Chr06   	9	14170492 	14170574 	Tyr	GTA	0	0	63.5	
Chr06   	10	14552654 	14552740 	Ser	GGA	0	0	53.3	
Chr06   	11	15912892 	15912965 	Arg	CCT	0	0	34.9	pseudo
Chr06   	12	18897385 	18897465 	Leu	CAA	0	0	52.4	
Chr06   	13	18905069 	18905142 	Met	CAT	0	0	61.9	
Chr06   	14	20804459 	20804531 	Lys	TTT	0	0	61.8	
Chr06   	15	22800292 	22800370 	Arg	ACG	0	0	55.5	
Chr06   	16	24327126 	24327198 	Ala	CGC	0	0	68.3	
Chr06   	17	25480808 	25480882 	Lys	CTT	0	0	80.9	
Chr06   	18	38108956 	38109028 	Arg	CCT	0	0	22.9	pseudo
Chr06   	19	38938401 	38938485 	Met	CAT	38938439	38938449	56.0	
Chr06   	20	41933035 	41933108 	Val	AAC	0	0	72.2	
Chr06   	21	44335750 	44335824 	Asn	GTT	0	0	71.0	
Chr06   	22	44443912 	44443982 	Leu	CAA	0	0	25.8	pseudo
Chr06   	23	45393657 	45393748 	Ser	TGA	0	0	52.5	
Chr06   	24	46560578 	46560649 	Gln	TTG	0	0	33.1	pseudo
Chr06   	25	49117348 	49117555 	Ser	CGA	49117383	49117520	23.7	
Chr06   	26	49850436 	49850507 	Ala	TGC	0	0	48.9	
Chr06   	27	51559343 	51559417 	Val	GAC	0	0	29.2	pseudo
Chr06   	28	51564395 	51564467 	Ala	TGC	0	0	70.0	
Chr06   	29	52360518 	52360578 	Phe	GAA	0	0	21.7	pseudo
Chr06   	30	56334616 	56334688 	Ala	AGC	0	0	57.6	
Chr06   	31	60033154 	60033227 	Asp	GTC	0	0	36.1	pseudo
Chr06   	32	61072564 	61072635 	Thr	TGT	0	0	84.5	
Chr06   	33	69976062 	69976152 	Tyr	GTA	69976099	69976116	74.3	
Chr06   	34	73309221 	73309300 	Leu	TAG	0	0	70.9	
Chr06   	35	76450902 	76450974 	Lys	TTT	0	0	72.5	
Chr06   	36	77944240 	77944313 	iMet	CAT	0	0	23.7	pseudo
Chr06   	37	81489807 	81489877 	Arg	CCT	0	0	21.4	pseudo
Chr06   	38	81788791 	81788862 	Cys	GCA	0	0	42.9	pseudo
Chr06   	39	92572440 	92572512 	Arg	TCT	0	0	64.8	
Chr06   	40	97760883 	97760955 	Arg	CCT	0	0	22.3	pseudo
Chr06   	41	104229806	104229890	Met	CAT	104229844	104229854	64.3	
Chr06   	42	105135334	105135405	Asn	GTT	0	0	50.8	
Chr06   	43	107844244	107844313	Arg	CCT	0	0	21.1	pseudo
Chr06   	44	108639961	108640032	Thr	CGT	0	0	82.2	
Chr06   	45	110189018	110189088	Gly	GCC	0	0	22.2	pseudo
Chr06   	46	114406468	114406530	Met	CAT	0	0	20.1	pseudo
Chr06   	47	114653072	114653145	Thr	AGT	0	0	61.7	
Chr06   	48	114971734	114971805	Trp	CCA	0	0	75.8	
Chr06   	49	119482163	119482233	Undet	NNN	0	0	29.5	
Chr06   	50	121028954	121029031	Sup	CTA	0	0	54.3	pseudo
Chr06   	51	121324221	121324292	Ala	AGC	0	0	20.2	pseudo
Chr06   	52	126840024	126840097	His	GTG	0	0	51.8	
Chr06   	53	128152022	128152093	Gly	TCC	0	0	59.4	
Chr06   	54	130062548	130062618	Gly	GCC	0	0	55.5	
Chr06   	55	132742732	132742815	Leu	CAA	0	0	68.2	
Chr06   	56	134639473	134639546	Asn	GTT	0	0	67.8	
Chr06   	57	138090123	138090193	Cys	GCA	0	0	20.5	pseudo
Chr06   	58	138504692	138504766	Pro	TGG	0	0	57.0	
Chr06   	59	138554451	138554521	Gly	TCC	0	0	56.0	
Chr06   	60	139310379	139310451	Lys	TTT	0	0	74.6	
Chr06   	61	139537889	139537961	Glu	CTC	0	0	65.9	
Chr06   	62	140930180	140930107	Met	CAT	0	0	41.0	
Chr06   	63	139595359	139595289	Gly	GCC	0	0	55.6	
Chr06   	64	138801675	138801602	Asn	GTT	0	0	46.6	
Chr06   	65	136575606	136575534	Leu	TAA	0	0	27.8	pseudo
Chr06   	66	126842253	126842180	Met	CAT	0	0	62.4	
Chr06   	67	121002053	121001972	Tyr	GTA	121002016	121002008	32.5	
Chr06   	68	120710281	120710202	Asn	GTT	0	0	40.3	pseudo
Chr06   	69	120200981	120200911	Met	CAT	0	0	22.6	pseudo
Chr06   	70	117516680	117516608	Undet	NNN	0	0	23.2	pseudo
Chr06   	71	117462760	117462689	Pro	TGG	0	0	69.2	
Chr06   	72	117251149	117251076	Trp	CCA	0	0	63.0	
Chr06   	73	116647320	116647249	iMet	CAT	0	0	58.3	
Chr06   	74	114221463	114221393	Trp	CCA	0	0	27.2	pseudo
Chr06   	75	111086708	111086629	Leu	TAG	0	0	69.5	
Chr06   	76	109421428	109421357	Asp	GTC	0	0	65.9	
Chr06   	77	106818541	106818457	Thr	TGT	0	0	48.6	
Chr06   	78	105996981	105996908	Met	CAT	0	0	23.9	
Chr06   	79	105209399	105209330	Undet	NNN	0	0	29.5	
Chr06   	80	104931597	104931526	Thr	AGT	0	0	21.9	pseudo
Chr06   	81	100407863	100407783	Arg	CCT	0	0	25.5	pseudo
Chr06   	82	98334342 	98334269 	Met	CAT	0	0	63.1	
Chr06   	83	83834006 	83833934 	Arg	CCT	0	0	21.8	pseudo
Chr06   	84	82371880 	82371810 	Gly	GCC	0	0	42.3	
Chr06   	85	81418534 	81418460 	Val	CAC	0	0	37.3	pseudo
Chr06   	86	75388853 	75388783 	Gly	GCC	0	0	61.0	
Chr06   	87	75129665 	75129593 	Gln	CTG	0	0	67.6	
Chr06   	88	74810039 	74809954 	Met	CAT	0	0	43.0	
Chr06   	89	72841704 	72841624 	His	ATG	0	0	48.3	
Chr06   	90	72549082 	72549001 	Ser	AGA	0	0	62.0	
Chr06   	91	71654963 	71654880 	Val	CAC	71654925	71654916	38.9	pseudo
Chr06   	92	69357931 	69357851 	Leu	CAA	0	0	54.1	
Chr06   	93	63530509 	63530422 	Val	TAC	0	0	27.9	pseudo
Chr06   	94	58594893 	58594822 	Pro	TGG	0	0	68.5	
Chr06   	95	58543486 	58543414 	Arg	CCT	0	0	32.8	pseudo
Chr06   	96	55904236 	55904163 	Lys	CTT	0	0	24.0	pseudo
Chr06   	97	55609388 	55609307 	Ser	GCT	0	0	80.5	
Chr06   	98	53176650 	53176579 	Asp	GTC	0	0	56.7	
Chr06   	99	47222373 	47222300 	Pro	TGG	0	0	41.0	
Chr06   	100	47222135 	47222062 	Arg	CCT	0	0	37.6	pseudo
Chr06   	101	46028301 	46028240 	Leu	CAA	0	0	22.2	
Chr06   	102	43453033 	43452946 	Ser	GCT	0	0	37.6	
Chr06   	103	43452567 	43452499 	Phe	GAA	0	0	44.5	
Chr06   	104	41546315 	41546235 	Leu	AAG	0	0	72.6	
Chr06   	105	41196900 	41196828 	Lys	CTT	0	0	54.6	
Chr06   	106	39987854 	39987782 	Trp	CCA	0	0	69.3	
Chr06   	107	39223117 	39223046 	Cys	GCA	0	0	80.9	
Chr06   	108	39141905 	39141834 	Asn	ATT	0	0	28.4	
Chr06   	109	24389465 	24389393 	Met	CAT	0	0	46.0	
Chr06   	110	23595513 	23595432 	Ser	GCT	0	0	78.3	
Chr06   	111	23399232 	23399159 	Pro	TGG	0	0	63.9	
Chr06   	112	23398994 	23398921 	Trp	CCA	0	0	70.1	
Chr06   	113	20242606 	20242512 	Tyr	GTA	20242569	20242548	71.9	
Chr06   	114	20239025 	20238931 	Tyr	GTA	20238988	20238967	62.2	
Chr06   	115	20237547 	20237453 	Tyr	GTA	20237510	20237489	59.9	
Chr06   	116	20236397 	20236305 	Tyr	GTA	20236360	20236341	74.2	
Chr06   	117	20235076 	20234981 	Tyr	GTA	20235039	20235017	74.1	
Chr06   	118	20234151 	20234058 	Tyr	GTA	20234114	20234094	70.6	
Chr06   	119	20232725 	20232630 	Tyr	GTA	20232688	20232666	71.8	
Chr06   	120	19620353 	19620285 	Undet	NNN	0	0	22.8	pseudo
Chr06   	121	19132617 	19132530 	Ser	GCT	0	0	59.0	
Chr06   	122	14166510 	14166439 	Gly	GCC	0	0	62.2	
Chr06   	123	14146638 	14146565 	His	GTG	0	0	49.4	
Chr06   	124	14141042 	14140969 	Pro	TGG	0	0	46.6	
Chr06   	125	14140811 	14140738 	Trp	CCA	0	0	70.1	
Chr06   	126	5036912  	5036830  	Tyr	ATA	0	0	53.7	
Chr06   	127	4698778  	4698706  	Arg	TCT	0	0	30.1	pseudo
Chr07   	1	6410729  	6410802  	Ile	TAT	0	0	85.9	
Chr07   	2	7718254  	7718327  	Gly	GCC	0	0	62.7	
Chr07   	3	7719007  	7719093  	Ser	GGA	0	0	47.2	
Chr07   	4	8232114  	8232187  	Asp	GTC	0	0	46.8	pseudo
Chr07   	5	8232871  	8232957  	Pro	GGG	0	0	60.1	
Chr07   	6	8288483  	8288570  	Ser	GGA	0	0	21.9	pseudo
Chr07   	7	8299337  	8299408  	Thr	GGT	0	0	51.2	
Chr07   	8	8576141  	8576214  	His	ATG	0	0	53.6	
Chr07   	9	8585586  	8585665  	Leu	TAG	0	0	35.7	
Chr07   	10	8598325  	8598396  	Asn	GTT	0	0	37.9	pseudo
Chr07   	11	17902581 	17902655 	Pro	TGG	0	0	42.0	
Chr07   	12	19950290 	19950372 	Pro	AGG	0	0	26.4	
Chr07   	13	26330927 	26331000 	His	ATG	0	0	21.2	
Chr07   	14	26331833 	26331906 	Trp	CCA	0	0	63.8	
Chr07   	15	27282463 	27282549 	Ser	TGA	0	0	33.8	
Chr07   	16	32404083 	32404157 	Asp	ATC	0	0	38.4	
Chr07   	17	36895507 	36895571 	Val	TAC	0	0	45.0	
Chr07   	18	43012230 	43012298 	Asn	ATT	0	0	43.3	
Chr07   	19	46402689 	46402762 	Val	AAC	0	0	72.9	
Chr07   	20	46485927 	46485998 	Lys	TTT	0	0	66.6	
Chr07   	21	46500880 	46500951 	Lys	TTT	0	0	78.9	
Chr07   	22	46516579 	46516649 	Lys	TTT	0	0	66.3	
Chr07   	23	46941038 	46941109 	Lys	TTT	0	0	83.2	
Chr07   	24	54144144 	54144216 	Arg	TCT	0	0	59.8	
Chr07   	25	55476222 	55476294 	Phe	GAA	0	0	63.8	
Chr07   	26	58010482 	58010555 	Pro	TGG	0	0	63.9	
Chr07   	27	58010720 	58010793 	Trp	CCA	0	0	70.1	
Chr07   	28	59097909 	59097986 	His	ATG	0	0	50.1	
Chr07   	29	60982922 	60982995 	His	GTG	0	0	39.6	
Chr07   	30	62647650 	62647722 	Met	CAT	0	0	37.1	
Chr07   	31	65534126 	65534207 	Ser	TGA	0	0	73.5	
Chr07   	32	65562830 	65562911 	Ser	TGA	0	0	80.7	
Chr07   	33	71042861 	71042933 	Undet	NNN	0	0	37.8	
Chr07   	34	71466577 	71466663 	Ser	AGA	0	0	41.2	
Chr07   	35	71473372 	71473444 	Glu	CTC	0	0	79.2	
Chr07   	36	71519389 	71519460 	Glu	CTC	0	0	22.2	pseudo
Chr07   	37	71567229 	71567301 	Arg	CCT	0	0	65.6	
Chr07   	38	72100120 	72100191 	Asn	GTT	0	0	82.3	
Chr07   	39	75601887 	75601958 	Asp	GTC	0	0	69.8	
Chr07   	40	76178999 	76179071 	Ile	AAT	0	0	40.6	pseudo
Chr07   	41	76236696 	76236768 	Arg	ACG	0	0	71.3	
Chr07   	42	76926396 	76926469 	Glu	CTC	0	0	32.9	pseudo
Chr07   	43	76980255 	76980327 	Lys	CTT	0	0	83.3	
Chr07   	44	77714516 	77714587 	Glu	TTC	0	0	35.5	
Chr07   	45	78289940 	78290023 	Leu	CAA	0	0	77.7	
Chr07   	46	79651162 	79651234 	Met	CAT	0	0	53.6	
Chr07   	47	87009462 	87009535 	Asp	GTC	0	0	62.4	
Chr07   	48	91298329 	91298402 	Asn	GTT	0	0	84.5	
Chr07   	49	91803855 	91803927 	Ala	TGC	0	0	54.4	
Chr07   	50	95149190 	95149271 	Ser	TGA	0	0	73.8	
Chr07   	51	97209478 	97209551 	Val	AAC	0	0	72.9	
Chr07   	52	98099550 	98099620 	Gly	CCC	0	0	66.3	
Chr07   	53	99388141 	99388221 	Undet	NNN	0	0	59.2	
Chr07   	54	99820329 	99820399 	Glu	TTC	0	0	25.4	
Chr07   	55	100261433	100261506	Ile	AAT	0	0	84.9	
Chr07   	56	100453442	100453521	Leu	TAG	0	0	22.5	pseudo
Chr07   	57	100454279	100454350	Lys	TTT	0	0	45.7	
Chr07   	58	100549407	100549488	Ser	AGA	0	0	80.3	
Chr07   	59	102070876	102070946	Glu	CTC	0	0	46.6	
Chr07   	60	102540435	102540506	Pro	CGG	0	0	65.2	
Chr07   	61	103263463	103263534	His	GTG	0	0	63.0	
Chr07   	62	103685306	103685378	Arg	CCT	0	0	22.0	pseudo
Chr07   	63	110077795	110077878	Leu	CAA	0	0	37.0	pseudo
Chr07   	64	112644569	112644639	Glu	TTC	0	0	24.5	pseudo
Chr07   	65	112964437	112964509	Thr	AGT	0	0	24.9	
Chr07   	66	114153338	114153409	Lys	TTT	0	0	89.8	
Chr07   	67	120033654	120033725	Trp	CCA	0	0	53.5	
Chr07   	68	130248194	130248265	Arg	CCT	0	0	38.2	pseudo
Chr07   	69	130909361	130909432	Gly	TCC	0	0	40.2	
Chr07   	70	131890306	131890378	Arg	CCT	0	0	24.1	pseudo
Chr07   	71	132694601	132694682	Ser	AGA	0	0	79.4	
Chr07   	72	133327635	133327706	Asp	GTC	0	0	66.2	
Chr07   	73	136006363	136006436	Asn	GTT	0	0	84.5	
Chr07   	74	136544892	136544963	Gln	TTG	0	0	73.5	
Chr07   	75	137771940	137772024	Leu	CAG	0	0	54.0	pseudo
Chr07   	76	140241505	140241577	Gly	TCC	0	0	25.1	
Chr07   	77	141435404	141435476	Asn	GTT	0	0	60.7	
Chr07   	78	143830352	143830425	Lys	TTT	0	0	55.0	
Chr07   	79	142487407	142487330	Lys	CTT	0	0	41.2	pseudo
Chr07   	80	141565702	141565631	Thr	TGT	0	0	40.7	
Chr07   	81	141295650	141295579	Asn	GTT	0	0	28.9	pseudo
Chr07   	82	140880519	140880454	Asp	GTC	0	0	23.5	pseudo
Chr07   	83	140308089	140308018	Pro	TGG	0	0	41.2	
Chr07   	84	140202995	140202924	Asp	GTC	0	0	69.8	
Chr07   	85	138322962	138322890	Ala	AGC	0	0	63.4	
Chr07   	86	137325016	137324945	Arg	TCT	0	0	31.1	
Chr07   	87	137171551	137171479	Arg	CCT	0	0	26.4	pseudo
Chr07   	88	136665539	136665466	Phe	GAA	0	0	51.6	
Chr07   	89	136055768	136055696	Ala	TGC	0	0	47.0	
Chr07   	90	135528863	135528792	Thr	CGT	0	0	80.5	
Chr07   	91	135493056	135492985	Glu	TTC	0	0	60.2	
Chr07   	92	133670032	133669965	His	GTG	0	0	27.1	
Chr07   	93	130541016	130540942	Lys	CTT	0	0	82.5	
Chr07   	94	127839809	127839738	Asp	GTC	0	0	69.8	
Chr07   	95	126985281	126985210	Thr	GGT	0	0	58.2	
Chr07   	96	126980427	126980356	Arg	CCT	0	0	45.0	pseudo
Chr07   	97	126869524	126869453	Gln	CTG	0	0	75.3	
Chr07   	98	125587366	125587293	Trp	CCA	0	0	58.9	
Chr07   	99	125127613	125127542	Thr	GGT	0	0	38.6	
Chr07   	100	125113314	125113244	Gly	GCC	0	0	61.0	
Chr07   	101	125091183	125091113	Gly	GCC	0	0	53.9	
Chr07   	102	125089925	125089853	Phe	GAA	0	0	76.1	
Chr07   	103	124303411	124303345	Arg	CCT	0	0	27.4	pseudo
Chr07   	104	123722499	123722427	Arg	CCT	0	0	62.8	
Chr07   	105	123644330	123644258	Arg	CCT	0	0	56.7	
Chr07   	106	122722372	122722300	Glu	CTC	0	0	78.9	
Chr07   	107	122632309	122632236	Ile	TAT	0	0	85.9	
Chr07   	108	120785215	120785143	Glu	CTC	0	0	59.3	
Chr07   	109	120018132	120018067	Thr	AGT	0	0	34.0	
Chr07   	110	119763292	119763217	Gln	TTG	0	0	32.0	pseudo
Chr07   	111	118645891	118645820	Glu	TTC	0	0	35.0	
Chr07   	112	117491336	117491262	Thr	AGT	0	0	38.0	
Chr07   	113	114896754	114896682	Ala	AGC	0	0	63.4	
Chr07   	114	114146004	114145931	Undet	NNN	0	0	58.7	
Chr07   	115	104548811	104548739	Glu	CTC	0	0	54.8	
Chr07   	116	102540638	102540568	Gly	GCC	0	0	66.5	
Chr07   	117	100120516	100120452	Gln	CTG	0	0	24.7	pseudo
Chr07   	118	99388345 	99388272 	Asn	GTT	0	0	84.5	
Chr07   	119	97445361 	97445288 	Ile	AAT	0	0	78.4	
Chr07   	120	97140518 	97140447 	His	GTG	0	0	43.0	
Chr07   	121	95341902 	95341831 	Gln	TTG	0	0	76.8	
Chr07   	122	92692260 	92692180 	Leu	CAG	0	0	69.5	
Chr07   	123	92586995 	92586922 	Pro	TGG	0	0	63.9	
Chr07   	124	92586788 	92586715 	Trp	CCA	0	0	60.8	
Chr07   	125	88444363 	88444291 	Arg	TCT	0	0	70.4	
Chr07   	126	86417672 	86417600 	Ala	AGC	0	0	31.8	
Chr07   	127	82660527 	82660455 	Thr	AGT	0	0	26.2	
Chr07   	128	81663719 	81663646 	Met	CAT	0	0	39.8	
Chr07   	129	79474292 	79474221 	Lys	TTT	0	0	65.2	
Chr07   	130	77355866 	77355794 	Glu	CTC	0	0	72.8	
Chr07   	131	77074129 	77074057 	Arg	CCT	0	0	46.2	
Chr07   	132	76980448 	76980378 	Gly	GCC	0	0	58.2	
Chr07   	133	74570700 	74570628 	Thr	AGT	0	0	27.9	
Chr07   	134	71462654 	71462581 	Met	CAT	0	0	34.5	
Chr07   	135	71005977 	71005891 	Phe	GAA	71005938	71005927	27.9	
Chr07   	136	67759069 	67758997 	Ala	AGC	0	0	29.2	pseudo
Chr07   	137	65785996 	65785925 	Pro	TGG	0	0	21.3	
Chr07   	138	62660118 	62660045 	Trp	CCA	0	0	48.6	
Chr07   	139	61531067 	61530994 	Thr	AGT	0	0	76.0	
Chr07   	140	60974417 	60974346 	Thr	GGT	0	0	58.2	
Chr07   	141	58413547 	58413466 	Thr	TGT	0	0	24.0	
Chr07   	142	57917083 	57917011 	Lys	TTT	0	0	72.3	
Chr07   	143	49847390 	49847320 	Lys	TTT	0	0	63.4	
Chr07   	144	48929807 	48929724 	Leu	CAA	0	0	69.9	
Chr07   	145	46403391 	46403318 	Cys	GCA	0	0	44.7	pseudo
Chr07   	146	46177122 	46177050 	His	GTG	0	0	47.7	
Chr07   	147	38055738 	38055670 	Met	CAT	0	0	32.1	
Chr07   	148	35099974 	35099905 	Val	AAC	0	0	60.2	
Chr07   	149	19696263 	19696186 	Thr	AGT	0	0	59.9	
Chr07   	150	14818115 	14818042 	Val	CAC	0	0	81.5	
Chr07   	151	11189992 	11189905 	Ser	GCT	0	0	64.6	
Chr07   	152	8606070  	8605999  	Val	GAC	0	0	53.3	
Chr07   	153	8598810  	8598732  	Arg	ACG	0	0	25.0	pseudo
Chr07   	154	8576868  	8576797  	Asn	GTT	0	0	50.8	pseudo
Chr07   	155	7678586  	7678513  	Asp	GTC	0	0	55.4	
Chr07   	156	7677866  	7677780  	Ser	GGA	0	0	40.2	
Chr07   	157	7659601  	7659530  	Thr	GGT	0	0	43.5	
Chr07   	158	7635772  	7635701  	Thr	GGT	0	0	36.8	
Chr07   	159	5504912  	5504841  	Trp	CCA	0	0	75.8	
Chr07   	160	5073530  	5073458  	Lys	TTT	0	0	49.5	
Chr07   	161	3509786  	3509713  	Met	CAT	0	0	48.8	
Chr07   	162	3039660  	3039583  	His	ATG	0	0	28.5	pseudo
Chr07   	163	2761518  	2761446  	Phe	GAA	0	0	67.7	
Chr08   	1	2030943  	2031015  	Lys	CTT	0	0	23.9	pseudo
Chr08   	2	2226306  	2226400  	Gly	GCC	0	0	26.5	
Chr08   	3	6211513  	6211585  	Lys	CTT	0	0	34.9	pseudo
Chr08   	4	7803729  	7803802  	Arg	TCG	0	0	82.3	
Chr08   	5	9790705  	9790775  	Asn	GTT	0	0	22.9	
Chr08   	6	10174692 	10174772 	Leu	TAG	0	0	30.9	pseudo
Chr08   	7	11000493 	11000566 	Thr	AGT	0	0	76.0	
Chr08   	8	12587176 	12587257 	Ser	AGA	0	0	68.7	
Chr08   	9	16131247 	16131318 	Pro	AGG	0	0	67.4	
Chr08   	10	16550746 	16550826 	Leu	CAG	0	0	38.8	
Chr08   	11	16894418 	16894502 	Met	CAT	16894456	16894466	60.7	
Chr08   	12	17335549 	17335622 	Ile	AAT	0	0	65.2	
Chr08   	13	20591323 	20591395 	Arg	CCT	0	0	42.7	pseudo
Chr08   	14	24270482 	24270554 	Ala	AGC	0	0	63.4	
Chr08   	15	27244677 	27244748 	Thr	TGT	0	0	84.5	
Chr08   	16	28513543 	28513615 	Arg	CCT	0	0	50.3	
Chr08   	17	28942384 	28942456 	Thr	TGT	0	0	34.0	
Chr08   	18	28952477 	28952550 	Met	CAT	0	0	60.3	
Chr08   	19	28953673 	28953764 	Ser	TGA	0	0	27.2	
Chr08   	20	28959280 	28959351 	Ile	GAT	0	0	38.9	pseudo
Chr08   	21	29121787 	29121860 	Met	CAT	0	0	61.9	
Chr08   	22	35348240 	35348311 	Pro	TGG	0	0	54.3	
Chr08   	23	35719224 	35719314 	Tyr	GTA	35719261	35719278	74.3	
Chr08   	24	38381726 	38381806 	Leu	AAG	0	0	66.0	
Chr08   	25	41379299 	41379371 	Lys	TTT	0	0	27.9	pseudo
Chr08   	26	46126092 	46126183 	Asn	GTT	0	0	24.0	
Chr08   	27	46820434 	46820509 	Ser	CGA	0	0	25.0	
Chr08   	28	47231095 	47231165 	Gly	GCC	0	0	56.6	
Chr08   	29	52675041 	52675113 	Arg	TCT	0	0	70.4	
Chr08   	30	52720108 	52720191 	Leu	CAA	0	0	75.4	
Chr08   	31	58028817 	58028891 	Phe	GAA	0	0	62.6	
Chr08   	32	59542443 	59542514 	Pro	CGG	0	0	68.4	
Chr08   	33	63829524 	63829597 	Met	CAT	0	0	60.7	
Chr08   	34	67727094 	67727167 	His	GTG	0	0	50.5	
Chr08   	35	74228674 	74228746 	Arg	CCT	0	0	74.8	
Chr08   	36	75575421 	75575508 	Ser	GCT	0	0	47.0	
Chr08   	37	76159690 	76159761 	Asp	GTC	0	0	69.8	
Chr08   	38	79171989 	79172061 	Lys	CTT	0	0	88.3	
Chr08   	39	79731651 	79731724 	Ile	AAT	0	0	85.5	
Chr08   	40	82964279 	82964359 	Ser	AGA	0	0	39.8	
Chr08   	41	87086987 	87087060 	Met	CAT	0	0	61.9	
Chr08   	42	95241742 	95241818 	Ala	TGC	0	0	48.6	
Chr08   	43	95342654 	95342723 	Met	CAT	0	0	23.1	pseudo
Chr08   	44	101115782	101115853	His	GTG	0	0	55.4	
Chr08   	45	105200427	105200508	Tyr	GTA	105200464	105200472	32.7	
Chr08   	46	105663389	105663459	Undet	NNN	0	0	21.4	pseudo
Chr08   	47	108353920	108354004	Gly	TCC	0	0	21.7	pseudo
Chr08   	48	108431714	108431786	Ala	AGC	0	0	63.4	
Chr08   	49	109147572	109147643	Thr	TGT	0	0	70.3	
Chr08   	50	122306198	122306270	Met	CAT	0	0	52.3	
Chr08   	51	128441762	128441835	His	GTG	0	0	35.3	pseudo
Chr08   	52	131623550	131623623	Asn	ATT	0	0	79.2	
Chr08   	53	130646874	130646802	Ala	TGC	0	0	70.0	
Chr08   	54	129811050	129810978	Lys	CTT	0	0	29.9	pseudo
Chr08   	55	126815325	126815253	Lys	CTT	0	0	61.4	
Chr08   	56	126428244	126428163	Ser	CGA	0	0	78.9	
Chr08   	57	124741275	124741203	Gln	TTG	0	0	38.1	pseudo
Chr08   	58	124340664	124340593	Asp	GTC	0	0	69.8	
Chr08   	59	122074214	122074141	Met	CAT	0	0	29.4	
Chr08   	60	121615149	121615076	Met	CAT	0	0	55.7	
Chr08   	61	121598858	121598785	Ile	TAT	0	0	43.9	
Chr08   	62	121584616	121584543	Met	CAT	0	0	53.2	
Chr08   	63	120891030	120890957	Met	CAT	0	0	55.7	
Chr08   	64	120874357	120874284	Met	CAT	0	0	52.3	
Chr08   	65	120859475	120859402	Met	CAT	0	0	62.5	
Chr08   	66	120296673	120296600	Met	CAT	0	0	55.7	
Chr08   	67	120281324	120281251	Met	CAT	0	0	62.5	
Chr08   	68	119846711	119846638	Met	CAT	0	0	49.9	
Chr08   	69	119821529	119821456	Met	CAT	0	0	54.4	
Chr08   	70	119125050	119124970	Leu	CAA	0	0	57.0	
Chr08   	71	116410699	116410630	Lys	TTT	0	0	29.9	
Chr08   	72	111689303	111689230	Met	CAT	0	0	61.5	
Chr08   	73	107399905	107399831	Val	TAC	0	0	44.9	
Chr08   	74	107082000	107081928	Phe	GAA	0	0	42.4	
Chr08   	75	105370961	105370888	Thr	AGT	0	0	76.0	
Chr08   	76	100241536	100241464	Ala	TGC	0	0	57.8	
Chr08   	77	99838853 	99838782 	Glu	TTC	0	0	54.3	
Chr08   	78	98928666 	98928602 	Trp	CCA	0	0	24.1	pseudo
Chr08   	79	97650673 	97650601 	Arg	CCT	0	0	36.9	
Chr08   	80	97100223 	97100150 	Pro	TGG	0	0	49.7	
Chr08   	81	94874562 	94874479 	Ile	AAT	0	0	28.6	
Chr08   	82	91175008 	91174938 	Glu	TTC	0	0	28.1	
Chr08   	83	78814238 	78814155 	Leu	CAA	0	0	81.0	
Chr08   	84	76113175 	76113104 	Pro	AGG	0	0	67.4	
Chr08   	85	74615694 	74615629 	Asp	GTC	0	0	23.5	pseudo
Chr08   	86	63828304 	63828232 	Pro	CGG	0	0	55.5	
Chr08   	87	54832440 	54832368 	Ile	AAT	0	0	45.8	
Chr08   	88	47231466 	47231393 	Met	CAT	0	0	54.1	
Chr08   	89	47230272 	47230181 	Ser	TGA	0	0	52.5	
Chr08   	90	44216537 	44216457 	Leu	TAA	0	0	58.2	
Chr08   	91	44187127 	44187057 	Cys	GCA	0	0	38.0	
Chr08   	92	41377692 	41377619 	Phe	GAA	0	0	47.3	
Chr08   	93	39970391 	39970319 	Gln	CTG	0	0	67.8	
Chr08   	94	39653370 	39653287 	Thr	CGT	39653334	39653323	22.4	pseudo
Chr08   	95	37749484 	37749404 	Ser	AGA	0	0	49.7	
Chr08   	96	37508445 	37508372 	Asp	GTC	0	0	59.3	
Chr08   	97	37088192 	37088108 	Met	CAT	37088154	37088144	64.3	
Chr08   	98	33897915 	33897844 	Sup	TCA	0	0	23.1	pseudo
Chr08   	99	33773955 	33773884 	Gln	TTG	0	0	73.5	
Chr08   	100	28952848 	28952778 	Gly	GCC	0	0	45.4	
Chr08   	101	28943897 	28943811 	Ser	GGA	0	0	54.8	
Chr08   	102	28940750 	28940682 	Phe	GAA	0	0	35.1	
Chr08   	103	28931242 	28931170 	Met	CAT	0	0	44.3	
Chr08   	104	25007651 	25007580 	Pro	TGG	0	0	68.5	
Chr08   	105	24450439 	24450357 	Tyr	GTA	0	0	63.5	
Chr08   	106	23786372 	23786299 	Phe	GAA	0	0	46.2	
Chr08   	107	23786043 	23785969 	Pro	TGG	0	0	20.6	pseudo
Chr08   	108	23159508 	23159435 	Thr	AGT	0	0	76.0	
Chr08   	109	22855451 	22855380 	Asn	GTT	0	0	83.4	
Chr08   	110	22331796 	22331727 	Thr	TGT	0	0	20.5	
Chr08   	111	21883073 	21883002 	Tyr	GTA	0	0	20.8	pseudo
Chr08   	112	21364832 	21364753 	Leu	TAG	0	0	69.5	
Chr08   	113	19766226 	19766155 	Asp	GTC	0	0	69.8	
Chr08   	114	19447605 	19447536 	Thr	TGT	0	0	46.7	
Chr08   	115	19095523 	19095450 	Asp	GTC	0	0	61.5	
Chr08   	116	16126861 	16126788 	Val	CAC	0	0	33.3	pseudo
Chr08   	117	11892344 	11892271 	His	GTG	0	0	38.1	
Chr08   	118	11216305 	11216206 	Leu	CAA	0	0	24.9	
Chr08   	119	9830131  	9830060  	Glu	TTC	0	0	53.3	
Chr08   	120	8665384  	8665311  	Asp	GTC	0	0	44.8	pseudo
Chr08   	121	7111007  	7110926  	Ser	CGA	0	0	50.3	
Chr08   	122	7049561  	7049489  	Arg	CCT	0	0	31.5	pseudo
Chr08   	123	5482308  	5482235  	Phe	GAA	0	0	48.7	
Chr08   	124	4242676  	4242605  	Asn	GTT	0	0	59.1	
Chr08   	125	4215114  	4215043  	Asn	GTT	0	0	40.8	
Chr08   	126	3307932  	3307860  	Ala	TGC	0	0	70.0	
Chr08   	127	2010191  	2010119  	Ala	TGC	0	0	62.3	
Chr08   	128	1511095  	1511032  	Phe	GAA	0	0	31.0	
Chr09   	1	2236895  	2236967  	Glu	CTC	0	0	64.7	
Chr09   	2	6695492  	6695570  	Arg	ACG	0	0	38.4	pseudo
Chr09   	3	6696309  	6696389  	Leu	CAA	0	0	26.2	
Chr09   	4	6697731  	6697804  	Met	CAT	0	0	55.6	
Chr09   	5	10450735 	10450806 	Lys	TTT	0	0	92.3	
Chr09   	6	10704182 	10704253 	Cys	GCA	0	0	54.0	
Chr09   	7	12176760 	12176831 	Val	GAC	0	0	50.8	
Chr09   	8	23110176 	23110248 	Thr	TGT	0	0	64.0	
Chr09   	9	31929821 	31929893 	Arg	CCT	0	0	28.0	pseudo
Chr09   	10	32795118 	32795190 	Arg	CCT	0	0	21.0	
Chr09   	11	32799922 	32799991 	Ala	TGC	0	0	33.2	pseudo
Chr09   	12	35259249 	35259321 	Ile	AAT	0	0	32.4	
Chr09   	13	36170338 	36170408 	Glu	TTC	0	0	55.9	
Chr09   	14	38041999 	38042071 	Arg	CCT	0	0	45.6	pseudo
Chr09   	15	38197111 	38197186 	Pro	TGG	0	0	45.3	
Chr09   	16	52597899 	52597971 	Ile	AAT	0	0	36.6	pseudo
Chr09   	17	52682210 	52682282 	Leu	TAA	0	0	44.1	pseudo
Chr09   	18	55596871 	55596944 	Met	CAT	0	0	45.3	
Chr09   	19	57669522 	57669593 	Gly	TCC	0	0	74.1	
Chr09   	20	57679868 	57679939 	Gly	TCC	0	0	71.0	
Chr09   	21	61663451 	61663520 	Gly	GCC	0	0	22.1	
Chr09   	22	64469089 	64469161 	Ser	GCT	0	0	31.5	pseudo
Chr09   	23	65920023 	65920095 	Trp	CCA	0	0	37.5	pseudo
Chr09   	24	65921145 	65921217 	Trp	CCA	0	0	37.5	pseudo
Chr09   	25	77731192 	77731263 	Gln	TTG	0	0	50.0	
Chr09   	26	77742838 	77742911 	Pro	TGG	0	0	63.9	
Chr09   	27	77743076 	77743149 	Trp	CCA	0	0	70.1	
Chr09   	28	79776670 	79776741 	Glu	TTC	0	0	59.7	
Chr09   	29	79825240 	79825311 	Glu	TTC	0	0	71.7	
Chr09   	30	79873343 	79873414 	Glu	TTC	0	0	60.4	
Chr09   	31	86682025 	86682109 	Met	CAT	86682063	86682073	63.2	
Chr09   	32	91384947 	91385019 	Ala	GGC	0	0	43.5	
Chr09   	33	94000742 	94000813 	Glu	TTC	0	0	71.7	
Chr09   	34	100715367	100715439	Thr	AGT	0	0	24.6	
Chr09   	35	102778587	102778666	Leu	TAG	0	0	69.5	
Chr09   	36	103193910	103193999	Asp	GTC	0	0	22.1	pseudo
Chr09   	37	103332471	103332544	Val	AAC	0	0	72.9	
Chr09   	38	103636255	103636326	Gln	CTG	0	0	74.3	
Chr09   	39	106597600	106597671	Gly	TCC	0	0	52.3	
Chr09   	40	108338482	108338557	Val	AAC	0	0	45.1	
Chr09   	41	109368008	109368081	Val	CAC	0	0	81.5	
Chr09   	42	111243302	111243374	Arg	CCT	0	0	52.3	pseudo
Chr09   	43	111340897	111340970	Trp	CCA	0	0	32.7	pseudo
Chr09   	44	111341192	111341263	Arg	TCT	0	0	47.9	
Chr09   	45	114280077	114280149	Lys	CTT	0	0	88.3	
Chr09   	46	119819781	119819856	Arg	TCT	0	0	20.5	pseudo
Chr09   	47	120360817	120360888	Pro	CGG	0	0	68.4	
Chr09   	48	120366261	120366332	Pro	TGG	0	0	68.5	
Chr09   	49	120366679	120366750	Pro	TGG	0	0	68.5	
Chr09   	50	120368605	120368676	Pro	TGG	0	0	68.5	
Chr09   	51	120368963	120369034	Pro	TGG	0	0	68.5	
Chr09   	52	120372430	120372501	Pro	TGG	0	0	48.1	
Chr09   	53	120372761	120372832	Pro	TGG	0	0	57.1	
Chr09   	54	120375981	120376051	Pro	TGG	0	0	53.7	
Chr09   	55	120621475	120621548	Val	AAC	0	0	72.2	
Chr09   	56	120982412	120982492	Leu	CAA	0	0	50.6	
Chr09   	57	125888777	125888849	Met	CAT	0	0	39.1	
Chr09   	58	128607465	128607547	Tyr	GTA	0	0	67.7	
Chr09   	59	128953893	128953965	Glu	CTC	0	0	74.4	
Chr09   	60	129297177	129297260	Leu	CAA	0	0	67.9	
Chr09   	61	131119108	131119194	Ser	GGA	0	0	58.0	
Chr09   	62	131416848	131416775	Val	AAC	0	0	66.5	
Chr09   	63	129648959	129648888	Asp	GTC	0	0	48.6	
Chr09   	64	128803591	128803519	Pro	CGG	0	0	27.1	
Chr09   	65	128516668	128516596	Glu	CTC	0	0	74.4	
Chr09   	66	127210352	127210281	Sup	CTA	0	0	50.2	
Chr09   	67	125426350	125426279	Ala	CGC	0	0	46.5	
Chr09   	68	124839222	124839149	Ile	AAT	0	0	84.9	
Chr09   	69	122415060	122414973	Met	CAT	122415022	122415011	28.6	pseudo
Chr09   	70	120487424	120487352	Arg	CCT	0	0	36.2	pseudo
Chr09   	71	120487275	120487203	Trp	CCA	0	0	21.5	pseudo
Chr09   	72	120436312	120436241	Gly	TCC	0	0	74.1	
Chr09   	73	119998125	119998040	Met	CAT	119998086	119998076	46.5	
Chr09   	74	118972523	118972452	Arg	TCT	0	0	57.1	
Chr09   	75	116744112	116744041	Cys	GCA	0	0	66.4	
Chr09   	76	113481454	113481384	Val	AAC	0	0	30.7	pseudo
Chr09   	77	113451750	113451677	Val	AAC	0	0	72.2	
Chr09   	78	111916481	111916401	Leu	AAG	0	0	67.1	
Chr09   	79	111340788	111340715	Sup	TCA	0	0	45.6	
Chr09   	80	108541680	108541595	Tyr	GTA	108541643	108541631	72.2	
Chr09   	81	106703562	106703479	Leu	CAA	0	0	76.7	
Chr09   	82	104092798	104092726	Thr	TGT	0	0	37.2	
Chr09   	83	104016547	104016476	Gln	CTG	0	0	74.3	
Chr09   	84	97354613 	97354542 	Undet	NNN	0	0	53.5	
Chr09   	85	94519970 	94519900 	Gly	CCC	0	0	66.3	
Chr09   	86	93787744 	93787674 	Cys	GCA	0	0	40.8	
Chr09   	87	92070757 	92070684 	Thr	AGT	0	0	76.0	
Chr09   	88	90640736 	90640664 	Phe	GAA	0	0	76.1	
Chr09   	89	88735148 	88735081 	Phe	GAA	0	0	37.6	
Chr09   	90	80745750 	80745666 	Met	CAT	80745712	80745702	64.3	
Chr09   	91	78801147 	78801074 	Met	CAT	0	0	61.9	
Chr09   	92	77743715 	77743643 	Glu	TTC	0	0	47.3	
Chr09   	93	77743583 	77743500 	Tyr	GTA	0	0	55.6	
Chr09   	94	77741620 	77741549 	Thr	GGT	0	0	58.2	
Chr09   	95	76962597 	76962525 	Val	TAC	0	0	77.8	
Chr09   	96	75948014 	75947941 	His	GTG	0	0	53.4	
Chr09   	97	75010113 	75010030 	Leu	CAA	0	0	77.7	
Chr09   	98	71527521 	71527449 	Arg	CCT	0	0	31.4	pseudo
Chr09   	99	70756613 	70756542 	Pro	AGG	0	0	67.4	
Chr09   	100	59311921 	59311849 	Glu	CTC	0	0	75.2	
Chr09   	101	57409993 	57409922 	Gly	TCC	0	0	52.6	
Chr09   	102	57401143 	57401072 	Gly	TCC	0	0	71.0	
Chr09   	103	57355224 	57355151 	Trp	CCA	0	0	66.3	
Chr09   	104	54130081 	54130011 	Met	CAT	0	0	49.0	
Chr09   	105	53155772 	53155700 	Thr	AGT	0	0	22.1	
Chr09   	106	52000811 	52000735 	Val	AAC	0	0	23.8	pseudo
Chr09   	107	30736765 	30736687 	Arg	ACG	0	0	56.5	
Chr09   	108	30180348 	30180277 	Met	CAT	0	0	46.9	
Chr09   	109	24195989 	24195908 	Ser	AGA	0	0	73.6	
Chr09   	110	23183643 	23183571 	Lys	CTT	0	0	32.1	pseudo
Chr09   	111	13297151 	13297067 	Met	CAT	13297113	13297103	29.6	
Chr09   	112	10709418 	10709345 	Pro	TGG	0	0	47.4	
Chr09   	113	10709180 	10709106 	Trp	CCA	0	0	59.2	
Chr09   	114	6701909  	6701829  	Leu	CAA	0	0	36.1	
Chr09   	115	6683179  	6683092  	Ser	GGA	0	0	43.4	
Chr09   	116	6673632  	6673559  	Met	CAT	0	0	49.3	
Chr09   	117	6659683  	6659610  	Ile	AAT	0	0	46.1	
Chr09   	118	6644654  	6644581  	Ile	AAT	0	0	46.1	
Chr09   	119	2799584  	2799503  	Tyr	GTA	0	0	41.8	
Chr10   	1	7065253  	7065324  	Pro	TGG	0	0	69.2	
Chr10   	2	7319147  	7319223  	Ala	TGC	0	0	53.2	
Chr10   	3	8905377  	8905449  	Ala	AGC	0	0	63.4	
Chr10   	4	16075488 	16075560 	Arg	CCT	0	0	31.5	pseudo
Chr10   	5	17173076 	17173148 	Phe	GAA	0	0	73.6	
Chr10   	6	17982935 	17983015 	Leu	AAG	0	0	75.7	
Chr10   	7	18186742 	18186814 	Phe	GAA	0	0	78.3	
Chr10   	8	20559754 	20559825 	His	GTG	0	0	63.0	
Chr10   	9	21390997 	21391070 	Phe	GAA	0	0	47.4	
Chr10   	10	22609424 	22609496 	Arg	CCT	0	0	39.4	pseudo
Chr10   	11	22790678 	22790748 	Gly	GCC	0	0	57.9	
Chr10   	12	22827648 	22827717 	Asp	ATC	0	0	43.0	
Chr10   	13	22856765 	22856834 	Gly	GCC	0	0	45.0	
Chr10   	14	22916562 	22916632 	Gly	GCC	0	0	48.2	
Chr10   	15	23274405 	23274477 	Phe	GAA	0	0	76.1	
Chr10   	16	26294729 	26294812 	Leu	CAA	0	0	76.7	
Chr10   	17	29304880 	29304950 	Gln	CTG	0	0	38.5	
Chr10   	18	30925775 	30925847 	Met	CAT	0	0	50.5	
Chr10   	19	31000141 	31000212 	Gly	GCC	0	0	43.9	
Chr10   	20	31003400 	31003471 	Gln	TTG	0	0	45.0	
Chr10   	21	31050416 	31050489 	Met	CAT	0	0	62.5	
Chr10   	22	43162086 	43162166 	Leu	CAA	0	0	57.9	
Chr10   	23	44574478 	44574550 	Glu	CTC	0	0	71.6	
Chr10   	24	44721884 	44721956 	Arg	CCT	0	0	41.5	pseudo
Chr10   	25	45106545 	45106617 	Ser	ACT	0	0	33.9	pseudo
Chr10   	26	47138421 	47138493 	Phe	GAA	0	0	67.7	
Chr10   	27	49234382 	49234466 	Met	CAT	49234420	49234430	64.3	
Chr10   	28	54147760 	54147844 	Met	CAT	54147798	54147808	64.3	
Chr10   	29	54876847 	54876919 	Lys	CTT	0	0	84.5	
Chr10   	30	56183609 	56183678 	Asn	GTT	0	0	48.2	
Chr10   	31	58429871 	58429954 	Leu	TAA	0	0	73.8	
Chr10   	32	60352241 	60352312 	Glu	TTC	0	0	20.0	pseudo
Chr10   	33	60355909 	60355982 	Phe	GAA	0	0	56.2	
Chr10   	34	61192328 	61192400 	Ala	CGC	0	0	68.3	
Chr10   	35	63531956 	63532028 	Met	CAT	0	0	25.7	
Chr10   	36	73827627 	73827699 	Arg	CCT	0	0	29.2	pseudo
Chr10   	37	75237743 	75237813 	Gly	GCC	0	0	37.9	
Chr10   	38	76792895 	76792966 	iMet	CAT	0	0	58.3	
Chr10   	39	91152082 	91152153 	Arg	CCT	0	0	25.5	pseudo
Chr10   	40	91601222 	91601293 	Asn	GTT	0	0	48.7	
Chr10   	41	92802169 	92802240 	Asp	GTC	0	0	69.8	
Chr10   	42	95990801 	95990873 	Arg	CCT	0	0	22.0	pseudo
Chr10   	43	96515186 	96515254 	Thr	TGT	0	0	57.5	
Chr10   	44	101285337	101285407	Pro	AGG	0	0	35.0	pseudo
Chr10   	45	101565030	101565102	Arg	CCT	0	0	28.7	pseudo
Chr10   	46	103419335	103419407	Trp	CCA	0	0	41.9	
Chr10   	47	103699908	103700136	Cys	GCA	103699955	103700100	20.2	pseudo
Chr10   	48	107088355	107088435	His	GTG	0	0	26.4	
Chr10   	49	113519170	113519242	Arg	TCT	0	0	68.8	
Chr10   	50	117878923	117878994	Asp	GTC	0	0	69.8	
Chr10   	51	120082617	120082690	Met	CAT	0	0	46.5	
Chr10   	52	121231520	121231593	Met	CAT	0	0	53.4	
Chr10   	53	126841489	126841562	Met	CAT	0	0	45.4	
Chr10   	54	126847008	126847079	Asp	GTC	0	0	35.4	pseudo
Chr10   	55	126850228	126850300	Undet	NNN	0	0	35.5	
Chr10   	56	126880949	126881021	Asn	GTT	0	0	60.5	
Chr10   	57	130526858	130526788	Cys	ACA	0	0	26.0	pseudo
Chr10   	58	122416242	122416169	Met	CAT	0	0	58.7	
Chr10   	59	121348365	121348294	Gln	TTG	0	0	22.8	
Chr10   	60	121274373	121274302	Gln	TTG	0	0	27.3	
Chr10   	61	121201155	121201084	Gln	TTG	0	0	41.1	pseudo
Chr10   	62	120650485	120650407	Phe	GAA	0	0	29.6	pseudo
Chr10   	63	120045012	120044939	Met	CAT	0	0	46.5	
Chr10   	64	119841771	119841698	Thr	AGT	0	0	25.0	pseudo
Chr10   	65	117918264	117918193	Asp	GTC	0	0	69.8	
Chr10   	66	117799285	117799214	Asp	GTC	0	0	69.8	
Chr10   	67	117776999	117776928	Asp	GTC	0	0	61.3	
Chr10   	68	114162326	114162253	Leu	TAA	0	0	58.2	
Chr10   	69	109727879	109727807	Arg	CCT	0	0	34.2	pseudo
Chr10   	70	107078011	107077938	Val	AAC	0	0	71.9	
Chr10   	71	105016216	105016143	Asn	GTT	0	0	75.7	
Chr10   	72	104228646	104228565	Ser	AGA	0	0	79.4	
Chr10   	73	98495208 	98495129 	Leu	TAG	0	0	60.3	
Chr10   	74	97975605 	97975534 	Pro	TGG	0	0	68.5	
Chr10   	75	97917734 	97917663 	Gln	CTG	0	0	59.4	
Chr10   	76	97210485 	97210407 	Lys	TTT	0	0	21.7	pseudo
Chr10   	77	95786599 	95786518 	Ser	TGA	0	0	80.7	
Chr10   	78	95307788 	95307716 	Thr	AGT	0	0	24.6	
Chr10   	79	91085768 	91085690 	Gln	CTG	0	0	21.3	pseudo
Chr10   	80	86575680 	86575609 	Val	GAC	0	0	53.3	
Chr10   	81	85080871 	85080792 	Val	AAC	0	0	47.7	pseudo
Chr10   	82	75563731 	75563660 	Arg	TCT	0	0	27.1	
Chr10   	83	61871157 	61871084 	Ile	AAT	0	0	38.0	
Chr10   	84	59480850 	59480777 	Phe	GAA	0	0	24.4	pseudo
Chr10   	85	57368707 	57368623 	Met	CAT	57368669	57368659	64.3	
Chr10   	86	56077395 	56077326 	Gly	GCC	0	0	44.8	
Chr10   	87	54788440 	54788369 	Glu	TTC	0	0	71.7	
Chr10   	88	54755439 	54755368 	Glu	TTC	0	0	71.7	
Chr10   	89	51224136 	51224045 	Ser	TGA	0	0	52.5	
Chr10   	90	49244721 	49244648 	Met	CAT	0	0	47.1	
Chr10   	91	48103734 	48103663 	Arg	TCT	0	0	40.9	
Chr10   	92	46397017 	46396945 	Phe	GAA	0	0	76.1	
Chr10   	93	45559072 	45558986 	Leu	AAG	0	0	22.9	
Chr10   	94	44992191 	44992119 	Ala	AGC	0	0	63.4	
Chr10   	95	43168305 	43168219 	Ser	TGA	0	0	61.2	
Chr10   	96	43161417 	43161348 	Pro	TGG	0	0	25.8	
Chr10   	97	41356319 	41356248 	Undet	NNN	0	0	55.2	
Chr10   	98	32023201 	32023129 	Ala	TGC	0	0	26.2	pseudo
Chr10   	99	31034739 	31034678 	Asp	ATC	0	0	20.9	
Chr10   	100	31016612 	31016541 	Asn	GTT	0	0	58.2	
Chr10   	101	30963143 	30963070 	Met	CAT	0	0	44.4	
Chr10   	102	30892966 	30892893 	Lys	CTT	0	0	47.9	
Chr10   	103	29864685 	29864612 	Val	AAC	0	0	72.9	
Chr10   	104	25043517 	25043444 	Val	AAC	0	0	28.6	pseudo
Chr10   	105	24221307 	24221235 	Phe	GAA	0	0	76.1	
Chr10   	106	24211111 	24211039 	Ala	AGC	0	0	63.4	
Chr10   	107	23718229 	23718158 	iMet	CAT	0	0	48.3	
Chr10   	108	23119724 	23119654 	Gly	GCC	0	0	55.2	
Chr10   	109	23107777 	23107707 	Gly	GCC	0	0	42.2	pseudo
Chr10   	110	23098147 	23098077 	Asp	GTC	0	0	57.4	
Chr10   	111	21739687 	21739615 	Phe	GAA	0	0	76.1	
Chr10   	112	20554742 	20554670 	Undet	NNN	0	0	27.0	pseudo
Chr10   	113	18490385 	18490315 	Gly	GCC	0	0	53.7	
Chr10   	114	14369075 	14369003 	Thr	AGT	0	0	25.8	pseudo
Chr10   	115	13205763 	13205679 	Met	CAT	13205725	13205715	28.4	
Chr10   	116	11589285 	11589213 	Lys	CTT	0	0	27.2	pseudo
Chr10   	117	11445768 	11445696 	Ala	AGC	0	0	22.7	pseudo
Chr10   	118	8798148  	8798077  	Glu	TTC	0	0	71.7	
Chr10   	119	6504196  	6504124  	Glu	TTC	0	0	22.3	
Chr10   	120	239738   	239665   	Met	CAT	0	0	45.7	
Chr11   	1	7875717  	7875797  	Leu	CAA	0	0	45.0	
Chr11   	2	15786881 	15786952 	Glu	TTC	0	0	42.8	
Chr11   	3	15790312 	15790383 	Asn	GTT	0	0	80.9	
Chr11   	4	17791276 	17791336 	Pro	TGG	0	0	40.4	
Chr11   	5	18294181 	18294253 	Arg	CCT	0	0	24.0	pseudo
Chr11   	6	23288103 	23288176 	Pro	TGG	0	0	63.9	
Chr11   	7	23288341 	23288414 	Trp	CCA	0	0	70.1	
Chr11   	8	23306464 	23306537 	Pro	TGG	0	0	63.9	
Chr11   	9	23306702 	23306775 	Trp	CCA	0	0	70.1	
Chr11   	10	26738973 	26739054 	Ser	TGA	0	0	39.8	
Chr11   	11	32242007 	32242079 	Asp	GTC	0	0	34.0	
Chr11   	12	44563152 	44563225 	Leu	CAA	0	0	59.5	
Chr11   	13	50374908 	50374980 	Met	CAT	0	0	35.5	pseudo
Chr11   	14	50742145 	50742229 	Met	CAT	50742183	50742193	51.8	
Chr11   	15	51569588 	51569662 	Asn	GTT	0	0	24.7	pseudo
Chr11   	16	52781007 	52781078 	Met	CAT	0	0	30.5	
Chr11   	17	52979811 	52979883 	Undet	NNN	0	0	52.1	
Chr11   	18	52996562 	52996633 	Arg	TCT	0	0	58.3	
Chr11   	19	53015362 	53015433 	Cys	GCA	0	0	64.0	
Chr11   	20	53506418 	53506499 	Leu	CAA	0	0	46.3	
Chr11   	21	53610553 	53610634 	Trp	CCA	53610595	53610598	25.3	pseudo
Chr11   	22	55064771 	55064843 	Ala	TGC	0	0	70.0	
Chr11   	23	61589823 	61589904 	Ser	TGA	0	0	80.7	
Chr11   	24	63317375 	63317447 	Undet	NNN	0	0	42.6	pseudo
Chr11   	25	74583089 	74583161 	Arg	CCT	0	0	22.5	pseudo
Chr11   	26	76289686 	76289758 	Ala	AGC	0	0	63.4	
Chr11   	27	78044870 	78044942 	Arg	CCT	0	0	29.8	pseudo
Chr11   	28	78596687 	78596756 	Undet	NNN	0	0	21.4	
Chr11   	29	80049748 	80049818 	Undet	NNN	0	0	25.5	pseudo
Chr11   	30	81379174 	81379249 	Lys	TTT	0	0	36.8	
Chr11   	31	84261172 	84261256 	Met	CAT	84261210	84261220	64.2	
Chr11   	32	88717796 	88717868 	Glu	CTC	0	0	78.9	
Chr11   	33	89583320 	89583401 	Ser	GCT	0	0	50.9	
Chr11   	34	90178594 	90178680 	Ser	GGA	0	0	59.0	
Chr11   	35	90763071 	90763141 	Gly	GCC	0	0	66.5	
Chr11   	36	90770220 	90770290 	Gly	GCC	0	0	66.5	
Chr11   	37	93515814 	93515885 	Asn	GTT	0	0	79.2	
Chr11   	38	98720780 	98720859 	Gln	CTG	0	0	62.3	
Chr11   	39	109931975	109932046	Gln	TTG	0	0	47.0	
Chr11   	40	112036034	112036106	Lys	TTT	0	0	65.0	
Chr11   	41	115319239	115319307	Val	TAC	0	0	34.3	
Chr11   	42	115851830	115851902	Arg	CCT	0	0	20.0	pseudo
Chr11   	43	115866275	115866346	Arg	CCT	0	0	37.1	pseudo
Chr11   	44	120822930	120823002	Arg	CCT	0	0	55.8	
Chr11   	45	122882083	122882154	Asn	ATT	0	0	49.0	
Chr11   	46	127821814	127821885	His	GTG	0	0	63.0	
Chr11   	47	128113249	128113320	Cys	GCA	0	0	82.1	
Chr11   	48	128162795	128162864	His	GTG	0	0	23.2	pseudo
Chr11   	49	128163354	128163426	Arg	CCG	0	0	82.0	
Chr11   	50	128272235	128272306	Pro	AGG	0	0	67.4	
Chr11   	51	128372574	128372642	Lys	CTT	0	0	32.0	pseudo
Chr11   	52	128963896	128963968	Arg	CCT	0	0	23.1	pseudo
Chr11   	53	130661600	130661671	Ala	CGC	0	0	44.7	
Chr11   	54	131328175	131328245	Gly	GCC	0	0	35.3	
Chr11   	55	132039635	132039705	Gly	GCC	0	0	66.5	
Chr11   	56	132451066	132451136	Gly	GCC	0	0	66.5	
Chr11   	57	134399405	134399333	Thr	TGT	0	0	55.9	
Chr11   	58	133557460	133557390	Gly	GCC	0	0	66.5	
Chr11   	59	133177983	133177916	Val	GAC	0	0	25.7	pseudo
Chr11   	60	130368937	130368856	Ser	GCT	0	0	80.5	
Chr11   	61	130321072	130320991	Ser	GCT	0	0	80.5	
Chr11   	62	130270962	130270890	Arg	CCT	0	0	25.3	pseudo
Chr11   	63	129192133	129192062	Sup	TCA	0	0	34.0	pseudo
Chr11   	64	128076616	128076547	Pro	TGG	0	0	23.4	pseudo
Chr11   	65	127007350	127007278	Arg	CCG	0	0	69.2	
Chr11   	66	126797586	126797515	Asn	GTT	0	0	69.4	
Chr11   	67	121597195	121597134	Phe	GAA	0	0	27.6	pseudo
Chr11   	68	116158724	116158647	His	GTG	0	0	25.3	pseudo
Chr11   	69	115103190	115103117	Ile	AAT	0	0	84.9	
Chr11   	70	114966191	114966122	Thr	CGT	0	0	37.5	pseudo
Chr11   	71	113704020	113703947	Ile	AAT	0	0	76.6	
Chr11   	72	112951946	112951873	Trp	CCA	0	0	32.9	
Chr11   	73	110712640	110712569	Thr	TGT	0	0	79.4	
Chr11   	74	97374318 	97374237 	Tyr	GTA	97374281	97374273	32.7	
Chr11   	75	92790718 	92790647 	Lys	TTT	0	0	46.0	pseudo
Chr11   	76	92624481 	92624390 	Tyr	GTA	92624444	92624426	72.0	
Chr11   	77	90769487 	90769416 	Arg	CCT	0	0	28.5	
Chr11   	78	90733292 	90733222 	Gly	GCC	0	0	56.0	
Chr11   	79	89137482 	89137411 	Trp	CCA	0	0	69.6	
Chr11   	80	88894539 	88894467 	Phe	GAA	0	0	67.7	
Chr11   	81	86956131 	86956013 	Thr	AGT	86956093	86956048	22.0	pseudo
Chr11   	82	84714978 	84714905 	Val	CAC	0	0	40.8	
Chr11   	83	84153947 	84153863 	Met	CAT	84153909	84153899	55.1	
Chr11   	84	84007778 	84007691 	Tyr	GTA	84007741	84007727	74.4	
Chr11   	85	82113297 	82113226 	Asn	GTT	0	0	83.4	
Chr11   	86	81190111 	81190039 	Arg	CCT	0	0	37.2	pseudo
Chr11   	87	76031449 	76031374 	Ile	TAT	0	0	26.9	pseudo
Chr11   	88	70863839 	70863766 	Arg	CCT	0	0	23.5	pseudo
Chr11   	89	70863689 	70863616 	Arg	CCT	0	0	31.9	pseudo
Chr11   	90	68774910 	68774828 	Tyr	GTA	0	0	49.1	
Chr11   	91	68197725 	68197652 	Val	AAC	0	0	42.7	pseudo
Chr11   	92	63848200 	63848130 	Undet	NNN	0	0	41.2	
Chr11   	93	55584287 	55584215 	Ala	AGC	0	0	29.7	pseudo
Chr11   	94	54516424 	54516352 	Ala	AGC	0	0	37.3	
Chr11   	95	53560396 	53560325 	Lys	TTT	0	0	92.3	
Chr11   	96	53515887 	53515816 	Glu	TTC	0	0	71.7	
Chr11   	97	53019518 	53019445 	Met	CAT	0	0	44.9	
Chr11   	98	53018563 	53018490 	Asp	GTC	0	0	58.0	
Chr11   	99	52994839 	52994752 	Ser	GCT	0	0	56.7	
Chr11   	100	52993615 	52993544 	Gln	TTG	0	0	41.9	
Chr11   	101	40368763 	40368690 	Trp	CCA	0	0	70.1	
Chr11   	102	36553965 	36553895 	Gly	TCC	0	0	27.1	pseudo
Chr11   	103	32897405 	32897325 	Leu	CAG	0	0	69.5	
Chr11   	104	30340909 	30340829 	Leu	CAA	0	0	57.9	
Chr11   	105	30271069 	30270998 	Thr	TGT	0	0	60.0	
Chr11   	106	25988932 	25988861 	Asn	ATT	0	0	37.0	pseudo
Chr11   	107	23204834 	23204763 	Thr	TGT	0	0	79.4	
Chr11   	108	15807733 	15807660 	Met	CAT	0	0	45.7	
Chr11   	109	9024908  	9024836  	Arg	CCT	0	0	20.3	pseudo
Chr11   	110	2545576  	2545475  	Ser	TGA	0	0	28.1	
Chr11   	111	2526712  	2526641  	Arg	TCT	0	0	48.3	
Chr12   	1	1519837  	1519908  	Asp	GTC	0	0	69.8	
Chr12   	2	3124045  	3124116  	Arg	TCT	0	0	49.2	
Chr12   	3	5010984  	5011056  	Arg	CCT	5011021	5011023	23.2	pseudo
Chr12   	4	5094020  	5094091  	Pro	AGG	0	0	67.4	
Chr12   	5	6047211  	6047284  	His	GTG	0	0	49.4	
Chr12   	6	6052809  	6052882  	Pro	TGG	0	0	46.6	
Chr12   	7	6053040  	6053113  	Trp	CCA	0	0	70.1	
Chr12   	8	6171747  	6171817  	Gly	GCC	0	0	62.7	
Chr12   	9	13565660 	13565731 	Gln	TTG	0	0	42.6	
Chr12   	10	17266827 	17266898 	Asn	GTT	0	0	71.6	
Chr12   	11	17267764 	17267836 	Thr	TGT	0	0	69.1	
Chr12   	12	17286064 	17286142 	Trp	CCA	0	0	20.0	pseudo
Chr12   	13	17307269 	17307340 	Cys	GCA	0	0	66.4	
Chr12   	14	17320241 	17320314 	Met	CAT	0	0	61.9	
Chr12   	15	17335668 	17335740 	Thr	TGT	0	0	69.1	
Chr12   	16	17353745 	17353818 	Met	CAT	0	0	61.9	
Chr12   	17	17355970 	17356041 	Asn	GTT	0	0	83.4	
Chr12   	18	17364401 	17364492 	Ser	TGA	0	0	52.5	
Chr12   	19	17376286 	17376358 	Met	CAT	0	0	53.6	
Chr12   	20	17402324 	17402403 	Leu	TAG	0	0	41.2	
Chr12   	21	17503934 	17504016 	Leu	TAA	0	0	68.4	
Chr12   	22	17979699 	17979771 	Arg	TCT	0	0	70.4	
Chr12   	23	18404190 	18404262 	Arg	CCT	0	0	24.6	pseudo
Chr12   	24	18405069 	18405141 	Arg	CCT	0	0	24.6	pseudo
Chr12   	25	20083175 	20083248 	Lys	CTT	0	0	64.3	
Chr12   	26	26408623 	26408696 	Met	CAT	0	0	54.8	
Chr12   	27	27280655 	27280726 	His	GTG	0	0	63.0	
Chr12   	28	28375334 	28375405 	Thr	GGT	0	0	48.9	
Chr12   	29	28386537 	28386610 	Pro	TGG	0	0	46.6	
Chr12   	30	28389305 	28389385 	Leu	CAA	0	0	57.9	
Chr12   	31	31214195 	31214265 	Gly	GCC	0	0	21.6	pseudo
Chr12   	32	31622431 	31622504 	Asn	GTT	0	0	84.5	
Chr12   	33	35675020 	35675092 	Arg	TCT	0	0	27.5	pseudo
Chr12   	34	40511129 	40511202 	Ile	AAT	0	0	84.9	
Chr12   	35	41247948 	41248028 	Leu	CAG	0	0	66.9	
Chr12   	36	42574270 	42574343 	Asp	GTC	0	0	34.9	pseudo
Chr12   	37	49767811 	49767881 	Gly	GCC	0	0	41.1	
Chr12   	38	49769087 	49769157 	Gly	GCC	0	0	50.3	
Chr12   	39	60114189 	60114260 	iMet	CAT	0	0	58.3	
Chr12   	40	60528164 	60528236 	Ala	AGC	0	0	59.0	
Chr12   	41	64545586 	64545658 	Phe	GAA	0	0	73.3	
Chr12   	42	64549941 	64550013 	Met	CAT	0	0	53.6	
Chr12   	43	64595293 	64595364 	Val	GAC	0	0	53.3	
Chr12   	44	64602812 	64602890 	Arg	ACG	0	0	56.5	
Chr12   	45	64624763 	64624834 	Asn	GTT	0	0	83.4	
Chr12   	46	64638969 	64639049 	Leu	CAA	0	0	57.9	
Chr12   	47	64646683 	64646756 	Met	CAT	0	0	61.9	
Chr12   	48	64659198 	64659269 	Arg	TCT	0	0	58.3	
Chr12   	49	64677611 	64677682 	Cys	GCA	0	0	66.4	
Chr12   	50	64682023 	64682094 	Thr	GGT	0	0	58.2	
Chr12   	51	64686886 	64686956 	Gly	GCC	0	0	56.6	
Chr12   	52	64695927 	64696013 	Ser	GGA	0	0	64.5	
Chr12   	53	64698970 	64699042 	Phe	GAA	0	0	73.3	
Chr12   	54	64703325 	64703397 	Met	CAT	0	0	53.6	
Chr12   	55	64751026 	64751097 	Val	GAC	0	0	53.3	
Chr12   	56	64758546 	64758624 	Arg	ACG	0	0	56.5	
Chr12   	57	64780474 	64780545 	Asn	GTT	0	0	83.4	
Chr12   	58	64794691 	64794771 	Leu	CAA	0	0	57.9	
Chr12   	59	64802405 	64802478 	Met	CAT	0	0	61.9	
Chr12   	60	64814933 	64815004 	Arg	TCT	0	0	58.3	
Chr12   	61	64833348 	64833419 	Cys	GCA	0	0	66.4	
Chr12   	62	64837762 	64837833 	Thr	GGT	0	0	58.2	
Chr12   	63	64842627 	64842697 	Gly	GCC	0	0	56.6	
Chr12   	64	69761773 	69761844 	Gln	CTG	0	0	75.3	
Chr12   	65	70291406 	70291478 	Arg	ACG	0	0	65.7	
Chr12   	66	73672559 	73672630 	Asp	GTC	0	0	69.8	
Chr12   	67	77982116 	77982189 	Arg	ACG	0	0	42.5	
Chr12   	68	79793468 	79793540 	Thr	TGT	0	0	28.9	pseudo
Chr12   	69	81054241 	81054312 	Lys	TTT	0	0	25.1	pseudo
Chr12   	70	84530827 	84530899 	Arg	CCT	0	0	21.4	pseudo
Chr12   	71	86189633 	86189706 	Pro	TGG	0	0	32.1	
Chr12   	72	89469000 	89469070 	Tyr	GTA	0	0	23.9	pseudo
Chr12   	73	94474111 	94474197 	Ser	GGA	0	0	52.5	
Chr12   	74	101482614	101482687	Thr	AGT	0	0	65.8	
Chr12   	75	102320631	102320704	Arg	TCG	0	0	62.0	
Chr12   	76	106473795	106473883	Tyr	GTA	106473832	106473847	72.1	
Chr12   	77	107876620	107876702	Leu	TAA	0	0	68.4	
Chr12   	78	108401602	108401673	Asn	GTT	0	0	76.3	
Chr12   	79	109551791	109551863	Ser	ACT	0	0	36.1	
Chr12   	80	110093846	110093918	Phe	GAA	0	0	50.9	
Chr12   	81	117890438	117890507	His	GTG	0	0	39.3	
Chr12   	82	117991045	117991106	Asn	GTT	0	0	51.4	
Chr12   	83	118417381	118417453	Lys	TTT	0	0	30.8	pseudo
Chr12   	84	121790896	121790975	Leu	TAG	0	0	49.6	
Chr12   	85	124525623	124525694	Thr	AGT	0	0	20.2	pseudo
Chr12   	86	124571146	124571227	Leu	CAA	0	0	28.8	
Chr12   	87	136036876	136036948	Ala	CGC	0	0	34.2	pseudo
Chr12   	88	137856861	137856956	Tyr	GTA	137856898	137856920	40.6	
Chr12   	89	137859798	137859893	Tyr	GTA	137859835	137859857	68.2	
Chr12   	90	137860839	137860933	Tyr	GTA	137860876	137860897	55.8	
Chr12   	91	137861752	137861847	Tyr	GTA	137861789	137861810	46.8	
Chr12   	92	137862967	137863061	Tyr	GTA	137863004	137863025	74.1	
Chr12   	93	138102661	138102733	Glu	CTC	0	0	62.2	
Chr12   	94	138330864	138330935	Lys	TTT	0	0	53.8	
Chr12   	95	138345968	138346039	Asn	ATT	0	0	67.0	
Chr12   	96	138346999	138347081	Tyr	GTA	0	0	52.4	
Chr12   	97	138353482	138353561	Asn	GTT	0	0	56.8	
Chr12   	98	138354502	138354583	Tyr	GTA	138354540	138354549	35.2	pseudo
Chr12   	99	138395200	138395272	Lys	TTT	0	0	71.7	
Chr12   	100	138416991	138417073	Tyr	GTA	0	0	63.5	
Chr12   	101	138755434	138755506	Lys	TTT	0	0	71.7	
Chr12   	102	138913803	138913875	Lys	TTT	0	0	71.7	
Chr12   	103	138936003	138936074	Asn	GTT	0	0	70.4	
Chr12   	104	138937031	138937113	Tyr	GTA	0	0	63.5	
Chr12   	105	139132197	139132269	Lys	TTT	0	0	69.8	
Chr12   	106	139158486	139158557	Asn	ATT	0	0	76.7	
Chr12   	107	139159514	139159596	Tyr	GTA	0	0	63.5	
Chr12   	108	139479491	139479562	Asn	GTT	0	0	78.7	
Chr12   	109	139480528	139480610	Tyr	GTA	0	0	63.5	
Chr12   	110	141363321	141363407	Ser	TGA	0	0	51.0	
Chr12   	111	141457868	141457954	Ser	TGA	0	0	41.9	
Chr12   	112	141544069	141544155	Ser	TGA	0	0	56.5	
Chr12   	113	141606954	141607040	Ser	CGA	0	0	49.3	
Chr12   	114	149283310	149283392	Tyr	GTA	0	0	55.0	
Chr12   	115	149289259	149289339	Tyr	GTA	0	0	43.9	
Chr12   	116	149198028	149197946	Tyr	GTA	0	0	55.0	
Chr12   	117	141760825	141760754	Asn	ATT	0	0	77.8	
Chr12   	118	141759779	141759697	Tyr	GTA	0	0	51.0	
Chr12   	119	141690884	141690812	Lys	TTT	0	0	68.0	
Chr12   	120	141679074	141679003	Asn	GTT	0	0	70.6	
Chr12   	121	141678034	141677952	Tyr	GTA	0	0	39.9	
Chr12   	122	141561460	141561388	Lys	TTT	0	0	78.1	
Chr12   	123	141537133	141537062	Asn	GTT	0	0	59.6	
Chr12   	124	141536105	141536023	Sup	TTA	0	0	49.1	pseudo
Chr12   	125	141486917	141486845	Lys	TTT	0	0	63.9	
Chr12   	126	141449987	141449905	Tyr	ATA	0	0	48.2	
Chr12   	127	141415957	141415886	Asn	GTT	0	0	76.7	
Chr12   	128	141414930	141414848	Sup	CTA	0	0	70.4	
Chr12   	129	141355280	141355198	Tyr	GTA	0	0	58.1	
Chr12   	130	141307712	141307639	Lys	TTT	0	0	50.0	pseudo
Chr12   	131	139152986	139152900	Ser	TGA	0	0	45.9	
Chr12   	132	138929170	138929084	Ser	TGA	0	0	57.5	
Chr12   	133	138410646	138410560	Ser	TGA	0	0	53.6	
Chr12   	134	138181056	138180984	Glu	CTC	0	0	23.5	pseudo
Chr12   	135	137701843	137701771	Glu	TTC	0	0	44.8	
Chr12   	136	134428045	134427964	Ser	GCT	0	0	80.5	
Chr12   	137	124140270	124140186	Met	CAT	124140232	124140222	57.6	
Chr12   	138	121689768	121689697	Arg	TCT	0	0	43.0	pseudo
Chr12   	139	118258286	118258215	Val	AAC	0	0	52.4	
Chr12   	140	115045528	115045448	Leu	CAA	0	0	57.9	
Chr12   	141	112419979	112419900	Leu	TAG	0	0	69.5	
Chr12   	142	111078843	111078774	Gln	CTG	0	0	46.6	
Chr12   	143	108768262	108768188	Pro	TGG	0	0	31.6	
Chr12   	144	108402334	108402261	Arg	ACG	0	0	51.4	
Chr12   	145	108397604	108397533	Gln	TTG	0	0	40.5	
Chr12   	146	108155560	108155486	Ile	TAT	0	0	69.5	
Chr12   	147	105962397	105962326	Gln	CTG	0	0	71.1	
Chr12   	148	105286168	105286096	Val	TAC	0	0	78.2	
Chr12   	149	102092883	102092811	Lys	CTT	0	0	75.0	
Chr12   	150	100496757	100496686	Gln	TTG	0	0	48.6	
Chr12   	151	84835640 	84835561 	Leu	TAG	0	0	69.5	
Chr12   	152	83928400 	83928327 	Trp	CCA	0	0	25.6	
Chr12   	153	83025964 	83025878 	Ser	GGA	0	0	64.5	
Chr12   	154	74871090 	74871018 	Ala	TGC	0	0	64.4	
Chr12   	155	73062508 	73062427 	Ser	GCT	0	0	80.5	
Chr12   	156	68952683 	68952612 	Tyr	GTA	0	0	73.5	
Chr12   	157	64842998 	64842925 	Met	CAT	0	0	62.0	
Chr12   	158	64841803 	64841712 	Ser	TGA	0	0	55.0	
Chr12   	159	64836901 	64836829 	Glu	TTC	0	0	47.3	
Chr12   	160	64836769 	64836686 	Tyr	GTA	0	0	55.6	
Chr12   	161	64836577 	64836504 	Asp	GTC	0	0	62.4	
Chr12   	162	64813215 	64813128 	Ser	GCT	0	0	64.6	
Chr12   	163	64811987 	64811916 	Gln	TTG	0	0	50.0	
Chr12   	164	64804643 	64804570 	His	GTG	0	0	50.5	
Chr12   	165	64788732 	64788661 	Val	GAC	0	0	53.3	
Chr12   	166	64781212 	64781134 	Arg	ACG	0	0	56.5	
Chr12   	167	64775022 	64774943 	Leu	TAG	0	0	42.9	
Chr12   	168	64759284 	64759213 	Asn	GTT	0	0	83.4	
Chr12   	169	64745068 	64744988 	Leu	CAA	0	0	57.9	
Chr12   	170	64737355 	64737282 	Met	CAT	0	0	61.9	
Chr12   	171	64717726 	64717653 	Pro	TGG	0	0	63.9	
Chr12   	172	64717488 	64717415 	Trp	CCA	0	0	70.1	
Chr12   	173	64697329 	64697257 	Thr	TGT	0	0	69.1	
Chr12   	174	64687257 	64687184 	Met	CAT	0	0	62.0	
Chr12   	175	64686063 	64685972 	Ser	TGA	0	0	52.5	
Chr12   	176	64681162 	64681090 	Glu	TTC	0	0	47.3	
Chr12   	177	64681030 	64680947 	Tyr	GTA	0	0	55.6	
Chr12   	178	64680838 	64680765 	Asp	GTC	0	0	62.4	
Chr12   	179	64657480 	64657393 	Ser	GCT	0	0	64.6	
Chr12   	180	64656252 	64656181 	Gln	TTG	0	0	50.0	
Chr12   	181	64648920 	64648847 	His	GTG	0	0	50.5	
Chr12   	182	64633010 	64632939 	Val	GAC	0	0	53.3	
Chr12   	183	64625501 	64625423 	His	ATG	0	0	56.5	
Chr12   	184	64619296 	64619217 	Leu	TAG	0	0	44.8	
Chr12   	185	64603549 	64603478 	Asn	GTT	0	0	83.4	
Chr12   	186	64589334 	64589254 	Leu	CAA	0	0	57.9	
Chr12   	187	64564339 	64564266 	Pro	TGG	0	0	61.4	
Chr12   	188	64564101 	64564028 	Trp	CCA	0	0	70.1	
Chr12   	189	61611082 	61611010 	Arg	TCT	0	0	23.8	pseudo
Chr12   	190	58751286 	58751204 	Ser	TGA	0	0	46.6	
Chr12   	191	58327274 	58327203 	Gly	TCC	0	0	38.0	
Chr12   	192	57443311 	57443240 	Gln	CTG	0	0	75.0	
Chr12   	193	53292485 	53292412 	Ile	TAT	0	0	85.9	
Chr12   	194	50051993 	50051908 	Tyr	GTA	50051956	50051944	71.6	
Chr12   	195	48362463 	48362243 	Met	CAT	48362426	48362282	33.8	
Chr12   	196	47606193 	47606122 	Thr	GGT	0	0	51.6	
Chr12   	197	47446756 	47446686 	Gly	CCC	0	0	30.8	
Chr12   	198	47337102 	47337031 	Asn	GTT	0	0	73.0	
Chr12   	199	47134966 	47134897 	iMet	CAT	0	0	29.5	
Chr12   	200	47045157 	47045086 	iMet	CAT	0	0	58.3	
Chr12   	201	46936487 	46936415 	Arg	TCT	0	0	40.8	
Chr12   	202	46935723 	46935650 	Asp	GTC	0	0	62.4	
Chr12   	203	45989486 	45989413 	His	GTG	0	0	26.3	
Chr12   	204	45983984 	45983911 	Pro	TGG	0	0	30.5	
Chr12   	205	45983753 	45983680 	Sup	CTA	0	0	59.4	
Chr12   	206	43738987 	43738916 	Asn	GTT	0	0	73.8	
Chr12   	207	42797003 	42796924 	Leu	TAG	0	0	41.2	
Chr12   	208	37449341 	37449271 	Lys	TTT	0	0	66.0	
Chr12   	209	36553972 	36553899 	Asp	GTC	0	0	62.4	
Chr12   	210	33103912 	33103839 	Phe	AAA	0	0	34.2	pseudo
Chr12   	211	31554251 	31554179 	Lys	CTT	0	0	87.7	
Chr12   	212	28375156 	28375070 	Asn	GTT	0	0	40.5	pseudo
Chr12   	213	27212809 	27212736 	Ile	AAT	0	0	44.8	
Chr12   	214	25881572 	25881500 	Ile	AAT	0	0	42.9	
Chr12   	215	25782398 	25782330 	Leu	CAA	0	0	20.2	pseudo
Chr12   	216	25483364 	25483280 	Lys	TTT	0	0	22.0	pseudo
Chr12   	217	23440163 	23440092 	Pro	AGG	0	0	64.1	
Chr12   	218	20253169 	20253078 	Tyr	GTA	20253132	20253114	74.0	
Chr12   	219	17641605 	17641533 	Ala	AGC	0	0	63.4	
Chr12   	220	17378101 	17378028 	His	GTG	0	0	50.5	
Chr12   	221	17348062 	17347984 	Arg	ACG	0	0	59.0	
Chr12   	222	17326470 	17326397 	His	GTG	0	0	50.5	
Chr12   	223	17318595 	17318523 	Glu	TTC	0	0	47.3	
Chr12   	224	17318463 	17318380 	Tyr	GTA	0	0	54.3	
Chr12   	225	17312421 	17312328 	Ser	GGA	0	0	37.4	
Chr12   	226	17287207 	17287137 	Gly	GCC	0	0	56.6	
Chr12   	227	17256367 	17256295 	Met	CAT	0	0	50.7	
Chr12   	228	17253498 	17253427 	Glu	TTC	0	0	60.2	
Chr12   	229	16952428 	16952348 	Leu	AAG	0	0	74.0	
Chr12   	230	16925159 	16925079 	Leu	AAG	0	0	59.2	
Chr12   	231	15961418 	15961346 	Asn	GTT	0	0	43.0	pseudo
Chr12   	232	14949443 	14949360 	Leu	CAA	0	0	81.0	
Chr12   	233	14920780 	14920698 	Leu	CAA	0	0	49.4	
Chr12   	234	13543949 	13543877 	Met	CAT	0	0	39.9	
Chr12   	235	11768979 	11768907 	Phe	GAA	0	0	76.1	
Chr12   	236	11038819 	11038747 	Arg	CCT	0	0	43.7	pseudo
Chr12   	237	8905925  	8905838  	Ser	GGA	0	0	52.0	
Chr12   	238	6114138  	6114065  	Arg	TCG	0	0	75.1	
Chr12   	239	6085581  	6085508  	Asp	GTC	0	0	61.5	
Chr12   	240	6084819  	6084733  	Ser	GGA	0	0	64.4	
Chr12   	241	5637083  	5637011  	Lys	CTT	0	0	79.2	
Chr12   	242	5083926  	5083856  	Val	CAC	0	0	28.3	pseudo
Chr13   	1	1113166  	1113239  	Asp	GTC	0	0	34.8	pseudo
Chr13   	2	1626194  	1626264  	Arg	CCT	0	0	21.5	pseudo
Chr13   	3	2336342  	2336401  	Undet	NNN	0	0	49.0	
Chr13   	4	2775138  	2775221  	Leu	CAA	0	0	81.0	
Chr13   	5	4846974  	4847046  	Arg	TCT	0	0	52.5	
Chr13   	6	5177134  	5177218  	Met	CAT	5177172	5177182	64.3	
Chr13   	7	5599964  	5600036  	Arg	CCT	0	0	49.4	pseudo
Chr13   	8	5661872  	5661943  	Asp	GTC	0	0	22.1	pseudo
Chr13   	9	7364482  	7364553  	Arg	TCT	0	0	50.6	
Chr13   	10	12930880 	12930961 	Ser	GCT	0	0	80.5	
Chr13   	11	23394638 	23394717 	Arg	CCT	0	0	20.3	pseudo
Chr13   	12	24692700 	24692772 	Arg	TCT	0	0	70.4	
Chr13   	13	27373838 	27373910 	Thr	TGT	0	0	66.6	
Chr13   	14	30216796 	30216868 	Arg	CCT	0	0	20.4	pseudo
Chr13   	15	33864210 	33864281 	Cys	GCA	0	0	58.8	
Chr13   	16	42310839 	42310910 	His	GTG	0	0	23.0	
Chr13   	17	43753876 	43753958 	Leu	CAA	0	0	52.0	
Chr13   	18	46637597 	46637670 	Val	AAC	0	0	72.9	
Chr13   	19	46709171 	46709257 	Ser	TGA	0	0	61.2	
Chr13   	20	46736613 	46736686 	Met	CAT	0	0	52.3	
Chr13   	21	46785334 	46785405 	Glu	TTC	0	0	61.4	
Chr13   	22	46789985 	46790056 	Asn	GTT	0	0	83.4	
Chr13   	23	51938178 	51938249 	Gly	TCC	0	0	59.7	
Chr13   	24	51955557 	51955628 	Gly	TCC	0	0	71.0	
Chr13   	25	61429740 	61429807 	Leu	GAG	0	0	22.0	pseudo
Chr13   	26	62518140 	62518212 	Lys	TTT	0	0	88.7	
Chr13   	27	64591765 	64591838 	Ile	AAT	0	0	78.3	
Chr13   	28	66210921 	66210992 	Lys	TTT	0	0	82.9	
Chr13   	29	68144998 	68145071 	Asn	GTT	0	0	79.7	
Chr13   	30	68527401 	68527481 	Leu	CAG	0	0	35.3	
Chr13   	31	69250513 	69250586 	Asp	GTC	0	0	53.0	
Chr13   	32	69254351 	69254424 	Cys	ACA	0	0	57.0	
Chr13   	33	74404664 	74404735 	Lys	TTT	0	0	80.1	
Chr13   	34	75973599 	75973672 	Arg	TCG	0	0	83.5	
Chr13   	35	79866700 	79866773 	Asn	GTT	0	0	68.9	
Chr13   	36	82888727 	82888798 	Pro	TGG	0	0	68.5	
Chr13   	37	86068347 	86068428 	Ser	GCT	0	0	80.5	
Chr13   	38	87267852 	87267924 	Thr	AGT	0	0	23.9	pseudo
Chr13   	39	88296202 	88296273 	Cys	GCA	0	0	63.5	
Chr13   	40	92261002 	92261073 	Asp	GTC	0	0	69.2	
Chr13   	41	96340160 	96340240 	Leu	CAA	0	0	56.9	
Chr13   	42	97761802 	97761883 	Ser	AGA	0	0	78.7	
Chr13   	43	98525242 	98525328 	Ser	TGA	0	0	58.9	
Chr13   	44	109040017	109040097	Leu	AAG	0	0	74.0	
Chr13   	45	109891086	109891156	Gly	CCC	0	0	66.3	
Chr13   	46	115120809	115120889	Leu	CAA	0	0	43.5	
Chr13   	47	116980997	116981069	Phe	GAA	0	0	73.3	
Chr13   	48	119893095	119893167	Undet	NNN	0	0	26.0	pseudo
Chr13   	49	120084746	120084818	Phe	GAA	0	0	59.1	
Chr13   	50	122620092	122620162	His	GTG	0	0	30.4	
Chr13   	51	126939312	126939383	iMet	CAT	0	0	52.5	
Chr13   	52	132760748	132760821	Met	CAT	0	0	62.5	
Chr13   	53	134312765	134312836	Arg	TCT	0	0	29.7	pseudo
Chr13   	54	135733222	135733293	Trp	CCA	0	0	52.8	
Chr13   	55	136471275	136471347	Met	CAT	0	0	24.1	
Chr13   	56	140328590	140328663	Asp	GTC	0	0	54.5	
Chr13   	57	140521078	140521149	Val	GAC	0	0	34.3	
Chr13   	58	140566558	140566623	Asp	GTC	0	0	24.8	
Chr13   	59	140665524	140665597	Undet	NNN	0	0	23.1	pseudo
Chr13   	60	140689529	140689600	Asn	GTT	0	0	49.3	
Chr13   	61	140717855	140717928	Met	CAT	0	0	40.3	
Chr13   	62	140752660	140752727	Undet	NNN	0	0	32.4	
Chr13   	63	140773131	140773205	Met	CAT	0	0	22.2	
Chr13   	64	140787444	140787517	Met	CAT	0	0	51.8	
Chr13   	65	140800838	140800911	Met	CAT	0	0	45.3	
Chr13   	66	140901330	140901403	Leu	TAA	0	0	37.1	pseudo
Chr13   	67	140901662	140901736	Pro	TGG	0	0	57.6	
Chr13   	68	141017096	141017169	His	GTG	0	0	43.8	
Chr13   	69	141022664	141022737	Pro	TGG	0	0	37.3	
Chr13   	70	141022894	141022967	Trp	CCA	0	0	54.1	
Chr13   	71	141056179	141056252	Met	CAT	0	0	55.7	
Chr13   	72	141136632	141136705	Met	CAT	0	0	44.9	
Chr13   	73	141228812	141228893	Asp	GTC	0	0	22.3	pseudo
Chr13   	74	141271826	141271899	Phe	GAA	0	0	43.7	
Chr13   	75	141272158	141272232	Pro	TGG	0	0	52.0	
Chr13   	76	141301855	141301932	Cys	GCA	0	0	24.5	pseudo
Chr13   	77	141309082	141309155	Met	CAT	0	0	35.5	
Chr13   	78	141379932	141380003	Val	GAC	0	0	28.3	pseudo
Chr13   	79	141600166	141600237	Gly	GCC	0	0	34.1	
Chr13   	80	141697272	141697345	Phe	GAA	0	0	65.4	
Chr13   	81	141697604	141697678	Gln	TTG	0	0	46.7	
Chr13   	82	141746026	141746099	Pro	TGG	0	0	41.6	
Chr13   	83	141746257	141746330	Trp	CCA	0	0	42.5	pseudo
Chr13   	84	141815193	141815264	Gln	TTG	0	0	34.7	pseudo
Chr13   	85	141834011	141834082	Glu	TTC	0	0	56.9	
Chr13   	86	141837559	141837630	Asn	GTT	0	0	76.6	
Chr13   	87	141851240	141851311	Val	GAC	0	0	34.1	pseudo
Chr13   	88	141976093	141976166	Met	CAT	0	0	29.1	
Chr13   	89	141995879	141995949	Asn	GTT	0	0	48.2	
Chr13   	90	142088051	142088123	Lys	TTT	0	0	54.4	
Chr13   	91	142114720	142114807	Ser	GCT	0	0	29.0	pseudo
Chr13   	92	142115166	142115240	Leu	TAA	0	0	48.0	
Chr13   	93	142115503	142115577	Pro	TGG	0	0	40.7	
Chr13   	94	142192405	142192475	Gly	GCC	0	0	30.1	
Chr13   	95	142267867	142267941	Asp	GTC	0	0	27.2	pseudo
Chr13   	96	142300465	142300539	Phe	GAA	0	0	56.2	
Chr13   	97	142300798	142300872	Pro	TGG	0	0	59.4	
Chr13   	98	142330691	142330764	His	GTG	0	0	25.5	
Chr13   	99	142335681	142335755	Met	CAT	0	0	41.9	
Chr13   	100	142404342	142404413	Glu	TTC	0	0	22.2	pseudo
Chr13   	101	142408990	142409061	Asn	GTT	0	0	76.0	
Chr13   	102	142439562	142439630	Glu	TTC	0	0	28.5	pseudo
Chr13   	103	142444144	142444215	Asn	GTT	0	0	60.3	
Chr13   	104	142542985	142543056	Asp	ATC	0	0	44.2	
Chr13   	105	142597394	142597467	Met	CAT	0	0	43.2	
Chr13   	106	142612182	142612253	Thr	GGT	0	0	34.0	pseudo
Chr13   	107	142674583	142674656	Met	CAT	0	0	49.4	
Chr13   	108	142784553	142784624	Asn	ATT	0	0	22.3	pseudo
Chr13   	109	142787949	142788036	Ser	GCT	0	0	37.2	
Chr13   	110	142788410	142788483	Phe	GAA	0	0	54.9	
Chr13   	111	142788743	142788816	Pro	TGG	0	0	36.5	
Chr13   	112	142802136	142802209	Met	CAT	0	0	27.2	
Chr13   	113	142813897	142813969	Thr	TGT	0	0	50.7	
Chr13   	114	142835840	142835913	Met	CAT	0	0	54.4	
Chr13   	115	143002385	143002457	Met	CAT	0	0	44.6	
Chr13   	116	143045021	143045094	Gly	TCC	0	0	39.8	pseudo
Chr13   	117	143047787	143047858	Gln	TTG	0	0	36.5	
Chr13   	118	143052369	143052440	Gln	TTG	0	0	34.8	
Chr13   	119	143069304	143069375	Ile	GAT	0	0	42.7	
Chr13   	120	143182027	143182099	Asn	GTT	0	0	50.1	
Chr13   	121	143199481	143199552	Gln	TTG	0	0	24.4	pseudo
Chr13   	122	143228131	143228217	Ser	GCT	0	0	36.4	
Chr13   	123	143228874	143228948	Pro	TGG	0	0	38.0	
Chr13   	124	143290389	143290460	Gly	GCC	0	0	52.5	
Chr13   	125	143367514	143367587	Phe	GAA	0	0	49.4	
Chr13   	126	143367847	143367921	Pro	TGG	0	0	52.1	
Chr13   	127	143396554	143396631	Gln	CTG	0	0	35.9	pseudo
Chr13   	128	143402155	143402228	Pro	TGG	0	0	32.9	
Chr13   	129	143402386	143402459	Trp	CCA	0	0	43.7	pseudo
Chr13   	130	143462574	143462645	Gly	GCC	0	0	33.9	pseudo
Chr13   	131	143471166	143471237	Gln	TTG	0	0	31.0	pseudo
Chr13   	132	143487862	143487933	Glu	TTC	0	0	48.0	
Chr13   	133	143498585	143498657	Val	GAC	0	0	28.3	
Chr13   	134	143577248	143577321	Met	CAT	0	0	37.3	
Chr13   	135	143597621	143597691	Glu	TTC	0	0	39.4	
Chr13   	136	143603137	143603207	Asn	GTT	0	0	57.6	
Chr13   	137	143665711	143665783	Lys	TTT	0	0	59.1	
Chr13   	138	143682525	143682598	Leu	TAA	0	0	42.5	
Chr13   	139	143682856	143682930	Pro	TGG	0	0	48.4	
Chr13   	140	143760142	143760212	Gly	GCC	0	0	23.2	
Chr13   	141	144954595	144954668	Arg	ACG	0	0	55.4	
Chr13   	142	143649124	143649052	Glu	TTC	0	0	46.2	
Chr13   	143	143636998	143636925	Met	CAT	0	0	57.0	
Chr13   	144	143630241	143630168	Met	CAT	0	0	43.7	
Chr13   	145	143543197	143543124	Met	CAT	0	0	37.5	
Chr13   	146	143495833	143495766	Undet	NNN	0	0	24.6	pseudo
Chr13   	147	143441649	143441576	Met	CAT	0	0	50.3	
Chr13   	148	143346141	143346068	Met	CAT	0	0	38.2	
Chr13   	149	143328833	143328761	Met	CAT	0	0	40.7	
Chr13   	150	143317730	143317658	Met	CAT	0	0	35.0	
Chr13   	151	143175948	143175877	Val	GAC	0	0	40.1	
Chr13   	152	143119563	143119498	Undet	NNN	0	0	47.3	
Chr13   	153	143065858	143065787	Asn	GTT	0	0	59.4	
Chr13   	154	142729416	142729343	Ile	TAT	0	0	57.0	
Chr13   	155	142530920	142530833	Ser	GCT	0	0	40.9	
Chr13   	156	142530473	142530400	Leu	TAA	0	0	48.3	
Chr13   	157	142530138	142530064	Pro	TGG	0	0	48.5	
Chr13   	158	142485333	142485262	Gly	GCC	0	0	42.4	pseudo
Chr13   	159	142458299	142458228	Lys	TTT	0	0	35.1	
Chr13   	160	142386309	142386236	Met	CAT	0	0	39.5	
Chr13   	161	142280113	142280042	Glu	TTC	0	0	50.9	
Chr13   	162	142276755	142276668	Cys	GCA	0	0	28.9	
Chr13   	163	142276294	142276221	Leu	TAA	0	0	54.9	
Chr13   	164	142256472	142256400	Ile	TAT	0	0	30.1	
Chr13   	165	142239559	142239486	Met	CAT	0	0	54.4	
Chr13   	166	142169020	142168948	Met	CAT	0	0	35.6	
Chr13   	167	142073757	142073682	Glu	TTC	0	0	43.9	
Chr13   	168	142035841	142035768	Met	CAT	0	0	32.5	
Chr13   	169	142022864	142022791	Met	CAT	0	0	46.8	
Chr13   	170	141792250	141792177	Met	CAT	0	0	47.4	
Chr13   	171	141681775	141681688	Ser	GCT	0	0	37.5	
Chr13   	172	141681315	141681242	Phe	GAA	0	0	46.3	
Chr13   	173	141680983	141680909	Pro	TGG	0	0	46.2	
Chr13   	174	141658147	141658074	Met	CAT	0	0	24.6	
Chr13   	175	141642498	141642426	Met	CAT	0	0	42.0	
Chr13   	176	141478074	141478001	Met	CAT	0	0	46.1	
Chr13   	177	141433720	141433649	Asn	GTT	0	0	57.5	
Chr13   	178	141406608	141406535	Met	CAT	0	0	30.4	pseudo
Chr13   	179	141353449	141353377	Met	CAT	0	0	34.9	
Chr13   	180	141240943	141240872	Glu	TTC	0	0	34.7	
Chr13   	181	141237145	141237070	Phe	GAA	0	0	46.2	
Chr13   	182	141236811	141236737	Pro	TGG	0	0	30.0	
Chr13   	183	141182292	141182220	Lys	TTT	0	0	69.4	
Chr13   	184	141113808	141113737	Arg	GCG	0	0	48.3	
Chr13   	185	140984839	140984766	Met	CAT	0	0	33.5	
Chr13   	186	140969976	140969904	Met	CAT	0	0	39.8	
Chr13   	187	140876392	140876321	Glu	TTC	0	0	34.2	
Chr13   	188	140872597	140872521	Phe	GAA	0	0	42.7	
Chr13   	189	140872262	140872188	Leu	AAG	0	0	46.6	
Chr13   	190	140746374	140746298	Ile	GAT	0	0	33.2	pseudo
Chr13   	191	140638130	140638045	Ser	TGA	0	0	24.3	pseudo
Chr13   	192	140518111	140518034	Asn	GTT	0	0	49.9	
Chr13   	193	140387614	140387528	Ser	TGA	140387576	140387557	30.3	
Chr13   	194	140347067	140346985	Asp	GTC	0	0	23.0	pseudo
Chr13   	195	136143867	136143795	Arg	CCT	0	0	35.3	pseudo
Chr13   	196	134984065	134983993	Met	CAT	0	0	50.7	
Chr13   	197	134135669	134135596	Trp	CCA	0	0	56.6	
Chr13   	198	133337089	133337018	Trp	CCA	0	0	61.9	
Chr13   	199	132338606	132338535	Thr	TGT	0	0	84.5	
Chr13   	200	132290943	132290874	Thr	TGT	0	0	41.7	
Chr13   	201	131419605	131419533	Glu	TTC	0	0	30.8	
Chr13   	202	131419473	131419390	Tyr	GTA	0	0	30.5	
Chr13   	203	131419281	131419207	Asp	GTC	0	0	43.3	pseudo
Chr13   	204	124359685	124359612	Ile	TAT	0	0	85.9	
Chr13   	205	120475733	120475663	Arg	CCT	0	0	23.5	pseudo
Chr13   	206	120475084	120475014	Arg	CCT	0	0	23.5	pseudo
Chr13   	207	117087726	117087641	Ser	TGA	0	0	36.5	pseudo
Chr13   	208	107041849	107041776	Thr	TGT	0	0	37.8	
Chr13   	209	106469141	106469060	Ser	TGA	0	0	80.7	
Chr13   	210	105878667	105878595	Ala	AGC	0	0	24.4	
Chr13   	211	104007986	104007896	Tyr	GTA	104007949	104007932	72.0	
Chr13   	212	89779519 	89779446 	Asn	GTT	0	0	84.5	
Chr13   	213	89636049 	89635978 	Trp	CCA	0	0	75.8	
Chr13   	214	88545952 	88545879 	Met	CAT	0	0	35.8	
Chr13   	215	87258144 	87258073 	Trp	CCA	0	0	75.8	
Chr13   	216	85791432 	85791360 	Arg	CCT	0	0	74.8	
Chr13   	217	83064561 	83064474 	Tyr	GTA	0	0	26.5	pseudo
Chr13   	218	76826505 	76826433 	Lys	CTT	0	0	87.7	
Chr13   	219	76695302 	76695229 	Asn	GTT	0	0	78.8	
Chr13   	220	76576922 	76576841 	Ser	CGA	0	0	76.5	
Chr13   	221	74923780 	74923709 	Cys	GCA	0	0	26.1	pseudo
Chr13   	222	74852879 	74852808 	Cys	GCA	0	0	65.5	
Chr13   	223	70021448 	70021377 	Pro	CGG	0	0	66.5	
Chr13   	224	69261375 	69261303 	Met	CAT	0	0	49.6	
Chr13   	225	69257704 	69257617 	Ser	GCT	0	0	59.0	
Chr13   	226	69256461 	69256390 	Gln	TTG	0	0	41.2	
Chr13   	227	67388974 	67388903 	Asp	GTC	0	0	69.8	
Chr13   	228	65834712 	65834641 	Thr	CGT	0	0	82.2	
Chr13   	229	63545211 	63545141 	Gly	GCC	0	0	66.5	
Chr13   	230	63365209 	63365137 	Arg	CCT	0	0	38.1	
Chr13   	231	60963672 	60963587 	Met	CAT	60963634	60963623	64.2	
Chr13   	232	60292979 	60292906 	Val	AAC	0	0	62.9	
Chr13   	233	58153468 	58153399 	Lys	TTT	0	0	53.5	
Chr13   	234	58145808 	58145737 	Val	TAC	0	0	28.2	pseudo
Chr13   	235	56430088 	56430017 	Pro	TGG	0	0	69.2	
Chr13   	236	51938533 	51938451 	Leu	TAA	0	0	70.7	
Chr13   	237	50672898 	50672801 	Tyr	GTA	50672861	50672837	74.0	
Chr13   	238	46676327 	46676254 	Met	CAT	0	0	62.5	
Chr13   	239	44542882 	44542811 	Gln	TTG	0	0	28.6	
Chr13   	240	44541991 	44541920 	Gln	TTG	0	0	37.6	pseudo
Chr13   	241	42794248 	42794177 	Gly	TCC	0	0	71.0	
Chr13   	242	41880609 	41880538 	Asp	GTC	0	0	56.3	
Chr13   	243	41222596 	41222523 	Pro	TGG	0	0	36.9	
Chr13   	244	41222365 	41222292 	Trp	CCA	0	0	58.5	
Chr13   	245	41108791 	41108720 	Gln	CTG	0	0	75.0	
Chr13   	246	40714926 	40714855 	Gln	TTG	0	0	38.7	
Chr13   	247	37990139 	37990067 	Lys	CTT	0	0	40.2	pseudo
Chr13   	248	35609165 	35609095 	Sup	TCA	0	0	20.8	pseudo
Chr13   	249	24130867 	24130787 	Leu	AAG	0	0	74.0	
Chr13   	250	20513293 	20513221 	Ser	AGA	0	0	45.1	
Chr13   	251	14306654 	14306583 	Glu	TTC	0	0	53.6	
Chr13   	252	3990429  	3990356  	Asn	GTT	0	0	84.5	
Chr13   	253	2262732  	2262658  	Pro	CGG	0	0	24.8	pseudo
Chr14   	1	2522298  	2522378  	Arg	CCT	0	0	47.5	pseudo
Chr14   	2	3490381  	3490453  	Glu	CTC	0	0	69.8	
Chr14   	3	7232942  	7233014  	Phe	GAA	0	0	72.6	
Chr14   	4	8060965  	8061049  	Met	CAT	8061003	8061013	64.3	
Chr14   	5	11817885 	11817957 	Thr	AGT	0	0	24.2	pseudo
Chr14   	6	15230572 	15230645 	Asp	ATC	0	0	43.8	
Chr14   	7	18100432 	18100520 	Tyr	GTA	18100469	18100484	72.1	
Chr14   	8	18506474 	18506546 	Ala	AGC	0	0	63.4	
Chr14   	9	19000318 	19000390 	Thr	AGT	0	0	35.7	
Chr14   	10	19047921 	19047993 	Thr	AGT	0	0	30.1	
Chr14   	11	19049997 	19050069 	Thr	AGT	0	0	26.0	
Chr14   	12	19099145 	19099225 	Leu	CAA	0	0	48.0	
Chr14   	13	19130353 	19130424 	Thr	TGT	0	0	79.3	
Chr14   	14	20317156 	20317227 	Glu	TTC	0	0	72.0	
Chr14   	15	20707766 	20707846 	Leu	CAG	0	0	71.0	
Chr14   	16	22540207 	22540279 	Ala	TGC	0	0	70.0	
Chr14   	17	23545896 	23545967 	Asp	GTC	0	0	33.9	pseudo
Chr14   	18	23633558 	23633631 	Ile	AAT	0	0	84.9	
Chr14   	19	31550026 	31550097 	Cys	GCA	0	0	82.1	
Chr14   	20	36690823 	36690906 	Leu	CAA	0	0	79.0	
Chr14   	21	38622532 	38622603 	Glu	TTC	0	0	59.8	
Chr14   	22	52770949 	52771029 	Leu	CAG	0	0	69.5	
Chr14   	23	56213928 	56214001 	His	GTG	0	0	50.5	
Chr14   	24	56237292 	56237370 	Arg	ACG	0	0	56.5	
Chr14   	25	56259235 	56259306 	Asn	GTT	0	0	83.4	
Chr14   	26	59878089 	59878168 	Lys	TTT	0	0	49.2	
Chr14   	27	59920330 	59920404 	Glu	TTC	0	0	29.7	pseudo
Chr14   	28	61598616 	61598690 	Leu	TAG	0	0	60.2	
Chr14   	29	61773825 	61773926 	Asp	ATC	0	0	27.8	pseudo
Chr14   	30	63064168 	63064242 	Arg	GCG	0	0	48.2	
Chr14   	31	65215514 	65215585 	His	GTG	0	0	63.0	
Chr14   	32	65704605 	65704677 	Lys	CTT	0	0	87.7	
Chr14   	33	66754428 	66754505 	Ile	TAT	0	0	54.1	
Chr14   	34	67818461 	67818530 	Ile	TAT	0	0	21.8	pseudo
Chr14   	35	69450421 	69450502 	Ser	GCT	0	0	80.5	
Chr14   	36	70790474 	70790557 	Tyr	GTA	70790509	70790521	27.6	
Chr14   	37	71153930 	71154002 	Arg	ACG	0	0	68.8	
Chr14   	38	71198849 	71198922 	Trp	CCA	0	0	38.2	pseudo
Chr14   	39	74414581 	74414664 	Leu	CAA	0	0	20.2	pseudo
Chr14   	40	75786484 	75786554 	Asp	GTC	0	0	41.0	
Chr14   	41	80355486 	80355558 	Met	CAT	0	0	53.6	
Chr14   	42	81071069 	81071136 	Leu	CAA	0	0	20.3	pseudo
Chr14   	43	82015941 	82016013 	Arg	CCT	0	0	21.7	pseudo
Chr14   	44	82450966 	82451039 	Val	CAC	0	0	82.4	
Chr14   	45	83600411 	83600482 	Pro	AGG	0	0	67.4	
Chr14   	46	87375397 	87375468 	Trp	CCA	0	0	59.7	
Chr14   	47	98421752 	98421822 	Cys	GCA	0	0	46.3	
Chr14   	48	98423743 	98423814 	Asn	GTT	0	0	83.4	
Chr14   	49	98424783 	98424865 	Tyr	GTA	0	0	63.5	
Chr14   	50	105168237	105168309	Arg	CCT	0	0	33.4	pseudo
Chr14   	51	105574956	105575029	Pro	TGG	0	0	51.0	
Chr14   	52	106417570	106417653	Leu	CAA	0	0	87.7	
Chr14   	53	106660792	106660863	iMet	CAT	0	0	58.3	
Chr14   	54	106981309	106981381	Phe	GAA	0	0	63.5	
Chr14   	55	112683625	112683696	Gly	GCC	0	0	62.2	
Chr14   	56	113533827	113533899	Arg	CCT	0	0	38.0	pseudo
Chr14   	57	118828070	118828149	Leu	TAG	0	0	69.5	
Chr14   	58	119573231	119573304	Met	CAT	0	0	46.2	
Chr14   	59	125116379	125116451	Ala	AGC	0	0	48.0	
Chr14   	60	126289590	126289663	Val	CAC	0	0	31.1	pseudo
Chr14   	61	126797956	126798027	Asp	GTC	0	0	69.8	
Chr14   	62	127708140	127708210	Gly	GCC	0	0	66.5	
Chr14   	63	128182799	128182872	Val	CAC	0	0	81.4	
Chr14   	64	128207591	128207662	Asp	GTC	0	0	64.1	
Chr14   	65	128214642	128214713	Asp	GTC	0	0	69.8	
Chr14   	66	128647553	128647622	Gly	GCC	0	0	24.3	pseudo
Chr14   	67	128648838	128648908	Gly	GCC	0	0	32.9	pseudo
Chr14   	68	131197074	131197154	Leu	AAG	0	0	64.2	
Chr14   	69	132897431	132897503	Lys	CTT	0	0	78.2	
Chr14   	70	133129499	133129570	Asn	GTT	0	0	67.5	
Chr14   	71	134208985	134209067	Leu	TAA	0	0	57.1	
Chr14   	72	135224140	135224211	Thr	GGT	0	0	46.7	
Chr14   	73	139853867	139853937	Asp	GTC	0	0	21.9	
Chr14   	74	141334168	141334251	Leu	CAA	0	0	76.7	
Chr14   	75	141562026	141562098	Thr	AGT	0	0	40.9	
Chr14   	76	141735529	141735600	Pro	TGG	0	0	68.5	
Chr14   	77	143876118	143876187	Cys	GCA	0	0	31.1	pseudo
Chr14   	78	146294723	146294795	Val	AAC	0	0	49.4	
Chr14   	79	144475834	144475764	Gly	CCC	0	0	26.0	pseudo
Chr14   	80	143455056	143454983	Asn	GTT	0	0	52.4	
Chr14   	81	142590635	142590552	Arg	CCT	0	0	23.6	pseudo
Chr14   	82	142040667	142040580	Ser	GCT	0	0	64.6	
Chr14   	83	141895669	141895598	iMet	CAT	0	0	58.3	
Chr14   	84	141178701	141178627	Ala	AGC	0	0	20.2	pseudo
Chr14   	85	137950366	137950294	Phe	GAA	0	0	76.1	
Chr14   	86	134510251	134510179	Glu	CTC	0	0	68.6	
Chr14   	87	133152837	133152766	Val	GAC	0	0	53.3	
Chr14   	88	129517413	129517342	Cys	GCA	0	0	82.1	
Chr14   	89	127206900	127206820	Leu	AAG	0	0	74.0	
Chr14   	90	126962475	126962403	Leu	TAA	0	0	37.9	pseudo
Chr14   	91	125998532	125998458	Pro	TGG	0	0	54.3	
Chr14   	92	125978465	125978380	Tyr	GTA	125978428	125978416	72.2	
Chr14   	93	124174741	124174669	Arg	CCT	0	0	23.3	pseudo
Chr14   	94	119965008	119964935	Pro	TGG	0	0	51.7	
Chr14   	95	119068097	119068024	Thr	AGT	0	0	67.5	
Chr14   	96	117878116	117878044	Glu	CTC	0	0	23.9	
Chr14   	97	117391890	117391819	Gln	CTG	0	0	71.3	
Chr14   	98	110152073	110152000	Arg	ACG	0	0	56.2	
Chr14   	99	99990056 	99989990 	Undet	NNN	0	0	36.3	
Chr14   	100	99392105 	99392034 	Met	CAT	0	0	24.2	pseudo
Chr14   	101	92519964 	92519899 	Gly	GCC	0	0	36.9	
Chr14   	102	91136793 	91136722 	Lys	TTT	0	0	81.6	
Chr14   	103	89587256 	89587182 	Ile	AAT	0	0	35.4	pseudo
Chr14   	104	88500457 	88500386 	Arg	CCT	0	0	22.5	pseudo
Chr14   	105	87372220 	87372149 	Trp	CCA	0	0	75.8	
Chr14   	106	83430555 	83430476 	Leu	TAG	0	0	69.5	
Chr14   	107	83363169 	83363096 	Thr	AGT	0	0	76.0	
Chr14   	108	82456937 	82456865 	Arg	CCT	0	0	37.0	pseudo
Chr14   	109	82429406 	82429321 	Tyr	GTA	82429369	82429357	59.1	
Chr14   	110	82205011 	82204927 	Leu	CAA	0	0	51.5	
Chr14   	111	81153422 	81153349 	Thr	AGT	0	0	30.7	
Chr14   	112	78217902 	78217820 	Tyr	GTA	0	0	21.8	pseudo
Chr14   	113	76108902 	76108830 	Thr	AGT	0	0	20.8	
Chr14   	114	75328096 	75328023 	Val	AAC	0	0	62.5	
Chr14   	115	74875131 	74875059 	Arg	CCT	0	0	69.1	
Chr14   	116	72417667 	72417595 	Lys	CTT	0	0	62.7	
Chr14   	117	72221787 	72221707 	Leu	AAG	0	0	74.0	
Chr14   	118	72087632 	72087561 	Trp	CCA	0	0	72.9	
Chr14   	119	65084942 	65084871 	Cys	GCA	0	0	82.1	
Chr14   	120	59096770 	59096698 	Arg	CCT	0	0	22.7	pseudo
Chr14   	121	56364128 	56364055 	Thr	TGT	0	0	22.5	pseudo
Chr14   	122	56259973 	56259895 	Arg	ACG	0	0	56.5	
Chr14   	123	56253773 	56253694 	Leu	TAG	0	0	50.6	
Chr14   	124	56238030 	56237959 	Asn	GTT	0	0	75.7	
Chr14   	125	56223887 	56223807 	Leu	CAA	0	0	57.9	
Chr14   	126	56216163 	56216090 	Met	CAT	0	0	61.9	
Chr14   	127	54697774 	54697702 	Ala	AGC	0	0	63.4	
Chr14   	128	51246916 	51246836 	Leu	CAA	0	0	38.5	
Chr14   	129	48081294 	48081222 	Ala	TGC	0	0	49.6	
Chr14   	130	47414741 	47414669 	Met	CAT	0	0	48.0	
Chr14   	131	47138285 	47138204 	Ser	GCT	0	0	80.5	
Chr14   	132	42719589 	42719517 	Tyr	GTA	0	0	48.0	
Chr14   	133	40997986 	40997917 	Leu	GAG	0	0	23.3	pseudo
Chr14   	134	36364061 	36363988 	Ile	AAT	0	0	78.3	
Chr14   	135	29828428 	29828356 	Arg	CCT	0	0	25.0	pseudo
Chr14   	136	27770842 	27770771 	Pro	AGG	0	0	50.9	
Chr14   	137	22387544 	22387471 	Ile	TAT	0	0	85.9	
Chr14   	138	22317489 	22317421 	Asp	ATC	0	0	22.0	
Chr14   	139	20322401 	20322320 	Tyr	GTA	20322364	20322356	38.3	
Chr14   	140	17645154 	17645082 	Val	TAC	0	0	78.2	
Chr14   	141	12927142 	12927060 	Ser	GCT	0	0	80.0	
Chr14   	142	12094160 	12094079 	Ser	AGA	0	0	70.3	
Chr14   	143	11191059 	11190988 	Pro	TGG	0	0	69.2	
Chr14   	144	5438143  	5438070  	Phe	GAA	0	0	55.9	
Chr14   	145	3552415  	3552343  	Glu	CTC	0	0	78.9	
Chr15   	1	1051629  	1051714  	Tyr	GTA	1051666	1051678	74.5	
Chr15   	2	1238934  	1239006  	Arg	ACG	0	0	72.5	
Chr15   	3	1321982  	1322053  	Trp	CCA	0	0	76.2	
Chr15   	4	2359111  	2359183  	Phe	GAA	0	0	46.7	
Chr15   	5	3638619  	3638690  	Thr	TGT	0	0	71.0	
Chr15   	6	4076025  	4076096  	Trp	CCA	0	0	75.8	
Chr15   	7	25105378 	25105449 	Val	GAC	0	0	53.3	
Chr15   	8	25827642 	25827716 	Met	CAT	0	0	29.2	pseudo
Chr15   	9	28433890 	28433961 	Gly	GCC	0	0	21.4	pseudo
Chr15   	10	32605203 	32605274 	Pro	AGG	0	0	67.4	
Chr15   	11	38568588 	38568659 	Cys	GCA	0	0	45.1	
Chr15   	12	40838245 	40838316 	Met	CAT	0	0	33.3	
Chr15   	13	43999911 	43999992 	Trp	CCA	0	0	42.2	pseudo
Chr15   	14	44182451 	44182524 	Val	CAC	0	0	54.5	
Chr15   	15	49167569 	49167638 	Thr	GGT	0	0	39.3	
Chr15   	16	49167912 	49167985 	Pro	TGG	0	0	51.8	
Chr15   	17	49168150 	49168223 	Trp	CCA	0	0	60.4	
Chr15   	18	51053398 	51053470 	Met	CAT	0	0	28.0	
Chr15   	19	61432194 	61432265 	Pro	AGG	0	0	67.4	
Chr15   	20	65974159 	65974220 	Undet	NNN	0	0	23.3	pseudo
Chr15   	21	66577770 	66577838 	Arg	CCG	0	0	43.1	
Chr15   	22	68585340 	68585411 	His	GTG	0	0	63.0	
Chr15   	23	69410995 	69411073 	Arg	ACG	0	0	56.5	
Chr15   	24	69418877 	69418950 	Met	CAT	0	0	61.9	
Chr15   	25	71014251 	71014331 	Leu	CAG	0	0	68.4	
Chr15   	26	72423869 	72423941 	Glu	CTC	0	0	58.2	
Chr15   	27	72987561 	72987642 	Ile	TAT	0	0	48.0	
Chr15   	28	73051721 	73051792 	Cys	GCA	0	0	66.4	
Chr15   	29	73639545 	73639618 	His	ATG	0	0	28.2	pseudo
Chr15   	30	73993170 	73993242 	Val	CAC	0	0	30.0	
Chr15   	31	74274865 	74274948 	Leu	CAA	0	0	59.7	
Chr15   	32	75055845 	75055916 	Gln	CTG	0	0	38.5	
Chr15   	33	75305878 	75305950 	Phe	GAA	0	0	76.1	
Chr15   	34	77290700 	77290773 	Met	CAT	0	0	56.0	
Chr15   	35	78112170 	78112241 	Glu	TTC	0	0	71.7	
Chr15   	36	78567432 	78567512 	Leu	CAG	0	0	69.5	
Chr15   	37	81178876 	81178949 	Ile	AAT	0	0	84.9	
Chr15   	38	86026697 	86026768 	Glu	TTC	0	0	61.8	
Chr15   	39	86407921 	86407993 	Arg	CCT	0	0	24.3	pseudo
Chr15   	40	92703147 	92703218 	Arg	TCT	0	0	51.5	
Chr15   	41	94720966 	94721039 	Pro	TGG	0	0	51.3	
Chr15   	42	94721204 	94721278 	Trp	CCA	0	0	63.9	
Chr15   	43	94894969 	94895042 	Asn	GTT	0	0	84.5	
Chr15   	44	95613961 	95614033 	Met	CAT	0	0	52.4	
Chr15   	45	99190382 	99190469 	Ser	GCT	0	0	43.5	
Chr15   	46	99190843 	99190916 	Phe	GAA	0	0	62.7	
Chr15   	47	99191176 	99191250 	Pro	TGG	0	0	62.8	
Chr15   	48	99222497 	99222568 	Glu	TTC	0	0	61.4	
Chr15   	49	99227148 	99227219 	Asn	GTT	0	0	83.4	
Chr15   	50	99917478 	99917561 	Leu	CAA	0	0	26.9	pseudo
Chr15   	51	103373728	103373809	Ser	AGA	0	0	75.9	
Chr15   	52	103766433	103766506	Ile	AAT	0	0	77.8	
Chr15   	53	104915488	104915560	Arg	CCT	0	0	21.4	pseudo
Chr15   	54	106068360	106068440	Leu	CAG	0	0	69.5	
Chr15   	55	107726484	107726557	Asn	GTT	0	0	84.5	
Chr15   	56	107787101	107787179	Asn	GTT	0	0	42.9	pseudo
Chr15   	57	111237167	111237237	Asp	GTC	0	0	25.3	pseudo
Chr15   	58	111834578	111834650	Arg	TCT	0	0	70.4	
Chr15   	59	115596698	115596769	Asp	GTC	0	0	59.6	
Chr15   	60	116741073	116741147	Undet	NNN	0	0	26.9	pseudo
Chr15   	61	116982713	116982783	Sup	TCA	0	0	39.8	
Chr15   	62	117502535	117502605	Gly	GCC	0	0	66.0	
Chr15   	63	118237434	118237507	Ile	AAT	0	0	84.9	
Chr15   	64	126040757	126040830	Met	CAT	0	0	62.0	
Chr15   	65	126041951	126042042	Ser	TGA	0	0	52.5	
Chr15   	66	126046853	126046925	Glu	TTC	0	0	47.3	
Chr15   	67	126046985	126047068	Tyr	GTA	0	0	55.6	
Chr15   	68	126047177	126047250	Asp	GTC	0	0	62.4	
Chr15   	69	126568584	126568663	Leu	TAG	0	0	69.5	
Chr15   	70	129222835	129222907	Thr	AGT	0	0	22.0	pseudo
Chr15   	71	135417770	135417841	Cys	GCA	0	0	80.9	
Chr15   	72	135452249	135452320	His	GTG	0	0	63.0	
Chr15   	73	136613743	136613812	Gly	GCC	0	0	51.1	
Chr15   	74	138083971	138084052	Ser	AGA	0	0	80.3	
Chr15   	75	138125462	138125534	Glu	CTC	0	0	79.2	
Chr15   	76	138149259	138149330	Glu	TTC	0	0	49.9	
Chr15   	77	138202649	138202730	Ser	AGA	0	0	80.3	
Chr15   	78	138412505	138412575	Gly	GCC	0	0	62.1	
Chr15   	79	138658052	138658123	Glu	TTC	0	0	41.3	pseudo
Chr15   	80	140693189	140693262	Ala	AGC	0	0	28.2	pseudo
Chr15   	81	143591021	143591093	Arg	TCT	0	0	23.7	pseudo
Chr15   	82	144702601	144702530	Glu	TTC	0	0	60.2	
Chr15   	83	143738055	143737983	Phe	GAA	0	0	78.3	
Chr15   	84	142681614	142681543	Phe	GAA	0	0	54.0	
Chr15   	85	142234937	142234856	Ser	TGA	0	0	80.7	
Chr15   	86	142115306	142115235	Pro	TGG	0	0	62.7	
Chr15   	87	139564872	139564799	Thr	AGT	0	0	23.8	
Chr15   	88	136430155	136430062	Glu	TTC	0	0	21.2	
Chr15   	89	135418433	135418360	Val	AAC	0	0	72.9	
Chr15   	90	135383323	135383252	Lys	TTT	0	0	65.2	
Chr15   	91	135362021	135361950	Lys	TTT	0	0	82.9	
Chr15   	92	134937686	134937615	His	GTG	0	0	63.0	
Chr15   	93	132822820	132822733	Ser	TGA	0	0	38.2	
Chr15   	94	126048555	126048475	Leu	CAA	0	0	57.9	
Chr15   	95	126045992	126045921	Thr	GGT	0	0	58.2	
Chr15   	96	126041128	126041058	Gly	GCC	0	0	56.6	
Chr15   	97	125204389	125204316	His	GTG	0	0	40.7	
Chr15   	98	122871468	122871397	Gly	CCC	0	0	71.0	
Chr15   	99	118259797	118259724	Ile	AAT	0	0	84.9	
Chr15   	100	118187874	118187802	Arg	ACG	0	0	71.3	
Chr15   	101	117527243	117527171	Glu	CTC	0	0	74.4	
Chr15   	102	117511869	117511797	Glu	CTC	0	0	74.4	
Chr15   	103	117502730	117502658	Lys	CTT	0	0	85.5	
Chr15   	104	116366308	116366237	Glu	TTC	0	0	54.0	
Chr15   	105	111237531	111237457	Met	CAT	0	0	25.9	
Chr15   	106	109288875	109288805	Asp	GTC	0	0	43.5	
Chr15   	107	107798508	107798437	Pro	AGG	0	0	67.4	
Chr15   	108	107518907	107518836	Arg	CCT	0	0	29.0	pseudo
Chr15   	109	102913285	102913214	Glu	TTC	0	0	71.7	
Chr15   	110	102416043	102415970	Ile	AAT	0	0	84.9	
Chr15   	111	99212486 	99212415 	Val	GAC	0	0	53.3	
Chr15   	112	99176411 	99176340 	Asn	GTT	0	0	83.4	
Chr15   	113	96449156 	96449083 	Thr	AGT	0	0	25.4	
Chr15   	114	92701420 	92701333 	Ser	GCT	0	0	59.6	
Chr15   	115	85650072 	85649989 	Cys	GCA	0	0	51.5	
Chr15   	116	80976087 	80976004 	Leu	CAA	0	0	79.0	
Chr15   	117	79794147 	79794075 	Ile	TAT	0	0	55.3	
Chr15   	118	79215324 	79215254 	Gly	GCC	0	0	38.2	pseudo
Chr15   	119	73954674 	73954583 	Tyr	GTA	73954637	73954617	51.4	
Chr15   	120	73569425 	73569334 	Ser	TGA	0	0	43.2	
Chr15   	121	73568481 	73568408 	His	GTG	0	0	31.1	pseudo
Chr15   	122	72716051 	72715965 	Arg	TCT	72716013	72716007	34.8	
Chr15   	123	72715591 	72715518 	Phe	GAA	0	0	43.8	
Chr15   	124	72715260 	72715186 	Pro	TGG	0	0	28.5	
Chr15   	125	70666543 	70666470 	Ile	TAT	0	0	58.8	
Chr15   	126	68431928 	68431857 	Cys	GCA	0	0	73.5	
Chr15   	127	66555039 	66554967 	Arg	CCT	0	0	53.0	pseudo
Chr15   	128	65075343 	65075270 	Arg	TCG	0	0	82.6	
Chr15   	129	62263771 	62263699 	Met	CAT	0	0	42.2	
Chr15   	130	59995840 	59995767 	His	GTG	0	0	25.9	pseudo
Chr15   	131	59938162 	59938082 	Leu	CAA	0	0	49.2	
Chr15   	132	57843151 	57843079 	Glu	CTC	0	0	60.3	
Chr15   	133	55295553 	55295481 	Ala	TGC	0	0	70.0	
Chr15   	134	52975014 	52974942 	Thr	TGT	0	0	69.1	
Chr15   	135	50129880 	50129815 	His	ATG	0	0	25.8	pseudo
Chr15   	136	49809302 	49809231 	Trp	CCA	0	0	75.8	
Chr15   	137	49166886 	49166815 	Asn	ATT	0	0	55.6	
Chr15   	138	46255198 	46255126 	Arg	CCT	0	0	43.3	pseudo
Chr15   	139	42933959 	42933883 	Sup	TTA	0	0	21.8	pseudo
Chr15   	140	32812423 	32812353 	Lys	CTT	0	0	45.7	
Chr15   	141	32117177 	32117103 	Met	CAT	0	0	35.9	
Chr15   	142	23489404 	23489333 	Gln	TTG	0	0	40.3	
Chr15   	143	16589010 	16588938 	Thr	TGT	0	0	48.5	
Chr15   	144	5720222  	5720158  	Thr	AGT	0	0	25.8	pseudo
Chr15   	145	4438376  	4438305  	His	GTG	0	0	55.5	
Chr15   	146	2290783  	2290710  	Ile	TAT	0	0	79.1	
Chr16   	1	6571406  	6571477  	Glu	TTC	0	0	71.7	
Chr16   	2	10043864 	10043945 	Tyr	GTA	10043901	10043909	32.7	
Chr16   	3	12001068 	12001141 	Asn	GTT	0	0	64.5	
Chr16   	4	21486435 	21486507 	Arg	ACG	0	0	59.1	
Chr16   	5	22168719 	22168792 	His	GTG	0	0	50.5	
Chr16   	6	24135447 	24135518 	Leu	TAG	0	0	34.3	pseudo
Chr16   	7	25584404 	25584475 	Gln	TTG	0	0	73.5	
Chr16   	8	26358374 	26358444 	Gly	GCC	0	0	66.5	
Chr16   	9	26359624 	26359696 	Phe	GAA	0	0	76.1	
Chr16   	10	38006978 	38007049 	Asp	GTC	0	0	69.8	
Chr16   	11	39692998 	39693070 	Ile	TAT	0	0	21.8	pseudo
Chr16   	12	39717842 	39717913 	Asp	GTC	0	0	69.8	
Chr16   	13	40675834 	40675905 	Arg	ACG	0	0	26.5	
Chr16   	14	40692669 	40692748 	Leu	AAG	0	0	64.4	
Chr16   	15	41350344 	41350415 	Pro	CGG	0	0	68.4	
Chr16   	16	42217247 	42217319 	Ala	AGC	0	0	63.4	
Chr16   	17	45213222 	45213301 	Ala	TGC	0	0	31.0	
Chr16   	18	45710154 	45710225 	Thr	GGT	0	0	58.2	
Chr16   	19	46234324 	46234396 	Sup	TTA	0	0	21.0	pseudo
Chr16   	20	46555582 	46555653 	Val	GAC	0	0	44.5	
Chr16   	21	52024220 	52024292 	Ala	CGC	0	0	67.2	
Chr16   	22	54493686 	54493759 	Asn	GTT	0	0	83.3	
Chr16   	23	58238087 	58238159 	Gln	TTG	0	0	38.7	
Chr16   	24	58464794 	58464866 	Lys	TTT	0	0	73.6	
Chr16   	25	60186757 	60186828 	His	GTG	0	0	21.9	
Chr16   	26	64973541 	64973612 	Asn	GTT	0	0	83.4	
Chr16   	27	68144500 	68144571 	Gln	TTG	0	0	50.5	
Chr16   	28	70401362 	70401433 	Asn	GTT	0	0	62.4	
Chr16   	29	72557192 	72557265 	Ile	AAT	0	0	84.9	
Chr16   	30	81183727 	81183800 	Met	CAT	0	0	57.4	
Chr16   	31	84179841 	84179913 	Arg	CCT	0	0	25.4	pseudo
Chr16   	32	84184954 	84185025 	Asp	GTC	0	0	69.8	
Chr16   	33	89085106 	89085179 	Val	AAC	0	0	72.9	
Chr16   	34	90540563 	90540635 	Arg	CCT	0	0	25.3	pseudo
Chr16   	35	91059801 	91059873 	Lys	TTT	0	0	89.7	
Chr16   	36	91294817 	91294888 	iMet	CAT	0	0	58.3	
Chr16   	37	92919083 	92919162 	Leu	TAG	0	0	56.2	
Chr16   	38	94995260 	94995332 	Arg	TCT	0	0	21.5	pseudo
Chr16   	39	95738329 	95738402 	Arg	TCG	0	0	81.9	
Chr16   	40	95996620 	95996699 	Leu	TAG	0	0	50.6	
Chr16   	41	102473529	102473601	Lys	CTT	0	0	51.6	pseudo
Chr16   	42	104190393	104190463	Gly	GCC	0	0	66.5	
Chr16   	43	107141108	107141180	Thr	TGT	0	0	21.1	
Chr16   	44	112157229	112157303	Met	CAT	0	0	35.3	
Chr16   	45	114656419	114656490	Val	GAC	0	0	53.3	
Chr16   	46	114756954	114757027	His	GTG	0	0	49.4	
Chr16   	47	123682484	123682555	Asp	GTC	0	0	69.8	
Chr16   	48	123698931	123699002	Asp	GTC	0	0	69.8	
Chr16   	49	124050508	124050575	Pro	AGG	0	0	46.9	
Chr16   	50	125040711	125040781	Thr	AGT	0	0	22.8	
Chr16   	51	132393771	132393844	Met	CAT	0	0	55.1	
Chr16   	52	134156898	134156971	Undet	NNN	0	0	22.1	pseudo
Chr16   	53	139250290	139250377	Asn	GTT	0	0	34.3	pseudo
Chr16   	54	142072719	142072791	Met	CAT	0	0	53.5	
Chr16   	55	143475464	143475391	Asp	GTC	0	0	41.2	
Chr16   	56	132395998	132395923	His	GTG	0	0	26.5	pseudo
Chr16   	57	123607029	123606958	Asp	GTC	0	0	69.8	
Chr16   	58	123067738	123067666	Arg	ACG	0	0	63.1	
Chr16   	59	121393826	121393757	Asp	GTC	0	0	48.8	
Chr16   	60	118511009	118510928	Ser	AGA	0	0	79.6	
Chr16   	61	118348283	118348202	Ser	AGA	0	0	80.3	
Chr16   	62	116791075	116790988	Ser	GCT	0	0	21.4	pseudo
Chr16   	63	116016280	116016207	Asn	GTT	0	0	51.9	
Chr16   	64	114658114	114658028	Ser	GGA	0	0	64.8	
Chr16   	65	113980843	113980771	His	GTG	0	0	38.3	
Chr16   	66	112310398	112310326	Arg	TCG	0	0	39.6	
Chr16   	67	111393503	111393430	Thr	AGT	0	0	74.7	
Chr16   	68	106149214	106149142	Arg	CCT	0	0	39.8	pseudo
Chr16   	69	105848128	105848045	Leu	CAA	0	0	55.7	
Chr16   	70	97562917 	97562842 	Glu	TTC	0	0	32.3	pseudo
Chr16   	71	90875729 	90875656 	Arg	TCG	0	0	81.9	
Chr16   	72	88150696 	88150624 	Lys	CTT	0	0	87.7	
Chr16   	73	84346279 	84346209 	Gly	GCC	0	0	66.5	
Chr16   	74	84179130 	84179059 	Pro	AGG	0	0	67.4	
Chr16   	75	82412962 	82412884 	Tyr	ATA	0	0	26.6	pseudo
Chr16   	76	79742842 	79742771 	Leu	TAG	0	0	20.0	
Chr16   	77	76154729 	76154657 	Arg	CCT	0	0	32.2	pseudo
Chr16   	78	75570405 	75570334 	Lys	TTT	0	0	34.7	pseudo
Chr16   	79	69113691 	69113617 	Pro	TGG	0	0	62.8	
Chr16   	80	67199395 	67199326 	Gly	TCC	0	0	26.3	
Chr16   	81	62195634 	62195562 	Trp	CCA	0	0	26.2	pseudo
Chr16   	82	57383023 	57382952 	Thr	CGT	0	0	80.5	
Chr16   	83	56366531 	56366459 	Thr	AGT	0	0	34.1	
Chr16   	84	51228995 	51228926 	Gly	TCC	0	0	25.9	
Chr16   	85	49509460 	49509388 	Thr	AGT	0	0	21.7	pseudo
Chr16   	86	48259946 	48259875 	Asp	GTC	0	0	69.8	
Chr16   	87	47839494 	47839421 	Met	CAT	0	0	44.2	
Chr16   	88	47400287 	47400209 	Arg	ACG	0	0	56.5	
Chr16   	89	45733269 	45733198 	Thr	CGT	0	0	80.5	
Chr16   	90	45234858 	45234785 	Asn	GTT	0	0	46.2	
Chr16   	91	44440588 	44440517 	Gln	TTG	0	0	69.1	
Chr16   	92	44206809 	44206737 	Ala	TGC	0	0	25.3	pseudo
Chr16   	93	44004588 	44004516 	Ala	TGC	0	0	70.0	
Chr16   	94	42878639 	42878556 	Leu	CAA	0	0	26.4	pseudo
Chr16   	95	41427798 	41427718 	Asn	GTT	0	0	25.0	pseudo
Chr16   	96	40320981 	40320908 	Met	CAT	0	0	62.5	
Chr16   	97	40258499 	40258418 	Ser	GCT	0	0	60.8	
Chr16   	98	38563328 	38563256 	Arg	CCT	0	0	41.2	pseudo
Chr16   	99	37616674 	37616601 	Trp	CCA	0	0	61.0	
Chr16   	100	37436975 	37436892 	Ser	AGA	0	0	53.3	
Chr16   	101	35570950 	35570863 	Ser	AGA	0	0	49.3	
Chr16   	102	35232968 	35232896 	Lys	CTT	0	0	87.7	
Chr16   	103	33196550 	33196478 	Undet	NNN	0	0	37.3	pseudo
Chr16   	104	30715585 	30715515 	Gly	GCC	0	0	37.3	pseudo
Chr16   	105	29873921 	29873850 	Asp	GTC	0	0	32.9	pseudo
Chr16   	106	29865619 	29865548 	Asp	GTC	0	0	65.8	
Chr16   	107	27704188 	27704117 	Glu	TTC	0	0	65.9	
Chr16   	108	26774905 	26774833 	Arg	CCT	0	0	66.4	
Chr16   	109	25641116 	25641043 	Phe	GAA	0	0	55.3	
Chr16   	110	24144195 	24144123 	Arg	CCT	0	0	69.1	
Chr16   	111	22441614 	22441547 	Undet	NNN	0	0	20.9	pseudo
Chr16   	112	22311128 	22311056 	Lys	CTT	0	0	78.9	
Chr16   	113	21770162 	21770084 	Arg	ACG	0	0	54.0	
Chr16   	114	21546397 	21546325 	Ser	ACT	0	0	30.1	pseudo
Chr16   	115	15369308 	15369236 	Arg	CCT	0	0	37.2	pseudo
Chr16   	116	14642284 	14642212 	Thr	AGT	0	0	45.5	
Chr16   	117	12001295 	12001214 	Ser	AGA	0	0	62.9	
Chr16   	118	10986986 	10986906 	Leu	CAA	0	0	57.9	
Chr16   	119	8032563  	8032492  	Asp	GTC	0	0	52.4	
Chr16   	120	4280619  	4280548  	His	GTG	0	0	63.0	
Chr16   	121	3514975  	3514904  	Val	GAC	0	0	53.3	
Chr16   	122	3189086  	3189014  	Glu	CTC	0	0	65.5	
Chr16   	123	2889033  	2888962  	Pro	TGG	0	0	41.8	
Chr17   	1	2417205  	2417278  	Met	CAT	0	0	57.9	
Chr17   	2	3200677  	3200748  	Asp	GTC	0	0	67.8	
Chr17   	3	6637341  	6637414  	Thr	AGT	0	0	75.3	
Chr17   	4	9111019  	9111103  	Met	CAT	9111057	9111067	64.3	
Chr17   	5	9255942  	9256013  	Tyr	ATA	0	0	35.5	
Chr17   	6	11073468 	11073555 	Ser	GCT	0	0	43.5	
Chr17   	7	11073928 	11074001 	Phe	GAA	0	0	47.3	pseudo
Chr17   	8	11074259 	11074333 	Pro	TGG	0	0	40.7	
Chr17   	9	12728243 	12728316 	His	GTG	0	0	43.9	
Chr17   	10	14332614 	14332687 	Pro	TGG	0	0	43.2	
Chr17   	11	14332845 	14332918 	Trp	CCA	0	0	54.5	
Chr17   	12	14402235 	14402308 	Met	CAT	0	0	53.0	
Chr17   	13	18243215 	18243301 	Ser	GGA	0	0	47.7	
Chr17   	14	18799462 	18799533 	Asp	GTC	0	0	69.8	
Chr17   	15	18973746 	18973817 	Glu	TTC	0	0	38.9	
Chr17   	16	18978389 	18978460 	Asn	GTT	0	0	63.8	
Chr17   	17	19033025 	19033097 	Met	CAT	0	0	50.7	
Chr17   	18	19107176 	19107249 	Met	CAT	0	0	51.8	
Chr17   	19	19717600 	19717690 	Asp	ATC	0	0	24.8	pseudo
Chr17   	20	19796413 	19796484 	Val	TAC	0	0	48.8	
Chr17   	21	19799977 	19800050 	Phe	GAA	0	0	39.3	pseudo
Chr17   	22	19800310 	19800384 	Pro	TGG	0	0	44.7	
Chr17   	23	26865993 	26866067 	Arg	TCG	0	0	75.9	
Chr17   	24	26908476 	26908555 	Leu	CAA	0	0	22.2	pseudo
Chr17   	25	28088710 	28088781 	Asn	GTT	0	0	83.4	
Chr17   	26	30105426 	30105498 	Phe	GAA	0	0	63.5	
Chr17   	27	30115652 	30115724 	Phe	GAA	0	0	58.1	
Chr17   	28	30938991 	30939064 	Asn	GTT	0	0	82.3	
Chr17   	29	33614385 	33614457 	Ala	TGC	0	0	52.0	
Chr17   	30	37384855 	37384927 	Arg	CCT	0	0	31.1	pseudo
Chr17   	31	39556297 	39556371 	Pro	TGG	0	0	51.7	
Chr17   	32	39559595 	39559724 	Undet	NNN	0	0	23.2	pseudo
Chr17   	33	49550468 	49550541 	Met	CAT	0	0	28.4	
Chr17   	34	52911875 	52911945 	Sup	TCA	0	0	28.1	pseudo
Chr17   	35	56480571 	56480642 	Gln	TTG	0	0	52.3	
Chr17   	36	57996997 	57997084 	Ser	GCT	0	0	34.1	
Chr17   	37	59475885 	59475957 	Arg	CCT	0	0	25.1	pseudo
Chr17   	38	63277062 	63277132 	Gln	CTG	0	0	54.8	
Chr17   	39	63483171 	63483243 	Gln	TTG	0	0	40.4	pseudo
Chr17   	40	64024949 	64025016 	Gln	TTG	0	0	32.2	pseudo
Chr17   	41	64314067 	64314139 	Phe	GAA	0	0	76.1	
Chr17   	42	64314766 	64314836 	Gly	GCC	0	0	66.5	
Chr17   	43	68109089 	68109161 	His	ATG	0	0	30.9	
Chr17   	44	68477656 	68477729 	Asn	GTT	0	0	73.1	
Chr17   	45	71929924 	71929996 	Thr	CGT	0	0	21.2	pseudo
Chr17   	46	74818385 	74818465 	Leu	CAA	0	0	42.5	
Chr17   	47	78145737 	78145823 	Leu	TAA	0	0	28.5	
Chr17   	48	78291686 	78291765 	Leu	TAG	0	0	53.3	
Chr17   	49	78746677 	78746748 	Sup	CTA	0	0	46.8	
Chr17   	50	83515801 	83515875 	Phe	GAA	0	0	40.9	
Chr17   	51	84049276 	84049345 	Gly	CCC	0	0	47.0	
Chr17   	52	90524997 	90525080 	Leu	CAA	0	0	71.2	
Chr17   	53	99177051 	99177122 	Thr	GGT	0	0	58.2	
Chr17   	54	104299399	104299469	Thr	GGT	0	0	23.3	
Chr17   	55	107217840	107217913	Thr	AGT	0	0	59.8	
Chr17   	56	107533535	107533606	Ala	TGC	0	0	44.5	pseudo
Chr17   	57	109895373	109895444	Trp	CCA	0	0	48.8	
Chr17   	58	111023433	111023505	Arg	TCT	0	0	70.4	
Chr17   	59	120720261	120720336	Gly	TCC	0	0	26.6	pseudo
Chr17   	60	123707250	123707323	Thr	AGT	0	0	76.0	
Chr17   	61	123846384	123846456	Phe	GAA	0	0	57.3	
Chr17   	62	123850693	123850764	Met	CAT	0	0	42.4	
Chr17   	63	126100353	126100425	Phe	GAA	0	0	73.3	
Chr17   	64	130692483	130692568	Met	CAT	130692521	130692532	64.2	
Chr17   	65	134565611	134565681	Gly	GCC	0	0	35.9	
Chr17   	66	135593697	135593768	Thr	TGT	0	0	84.5	
Chr17   	67	142782521	142782600	Cys	ACA	0	0	20.9	pseudo
Chr17   	68	143092627	143092698	Cys	GCA	0	0	58.3	
Chr17   	69	143177095	143177165	Thr	GGT	0	0	20.8	pseudo
Chr17   	70	144854323	144854394	Asp	GTC	0	0	69.8	
Chr17   	71	145620018	145620090	Arg	CCT	0	0	25.7	pseudo
Chr17   	72	147615943	147616022	Ala	TGC	0	0	34.5	pseudo
Chr17   	73	147826361	147826432	Cys	GCA	0	0	82.1	
Chr17   	74	148350467	148350538	Lys	TTT	0	0	73.4	
Chr17   	75	149155497	149155579	Leu	TAA	0	0	70.6	
Chr17   	76	149281418	149281499	Ser	GCT	0	0	66.0	
Chr17   	77	149567255	149567174	Ser	CGA	0	0	47.8	
Chr17   	78	149131055	149130975	Leu	AAG	0	0	74.0	
Chr17   	79	146694609	146694530	Leu	TAG	0	0	31.0	
Chr17   	80	141374850	141374778	Arg	CCG	0	0	47.7	
Chr17   	81	138547218	138547147	Ile	GAT	0	0	23.0	
Chr17   	82	136763850	136763780	Gly	GCC	0	0	62.0	
Chr17   	83	136145273	136145201	Phe	AAA	0	0	27.7	pseudo
Chr17   	84	135452348	135452264	Thr	CGT	0	0	20.5	pseudo
Chr17   	85	129218859	129218787	Lys	TTT	0	0	89.7	
Chr17   	86	124548714	124548640	Lys	TTT	0	0	31.2	pseudo
Chr17   	87	113181025	113180952	Asn	GTT	0	0	84.5	
Chr17   	88	112506451	112506379	Arg	CCT	0	0	35.7	pseudo
Chr17   	89	112461325	112461252	Thr	AGT	0	0	76.0	
Chr17   	90	109555586	109555513	Ile	AAT	0	0	80.3	
Chr17   	91	108112524	108112453	Val	GAC	0	0	53.3	
Chr17   	92	107545666	107545593	Asn	GTT	0	0	84.5	
Chr17   	93	107017886	107017815	Gln	TTG	0	0	73.5	
Chr17   	94	105139887	105139805	Asp	GTC	0	0	50.6	
Chr17   	95	103947994	103947923	Thr	TGT	0	0	79.1	
Chr17   	96	91547515 	91547434 	Tyr	GTA	0	0	32.9	
Chr17   	97	86579497 	86579425 	Glu	CTC	0	0	78.9	
Chr17   	98	78166224 	78166153 	Glu	TTC	0	0	71.7	
Chr17   	99	76837761 	76837689 	Ser	AGA	0	0	43.6	
Chr17   	100	76300509 	76300439 	Cys	GCA	0	0	32.1	
Chr17   	101	76118141 	76118070 	Gln	TTG	0	0	41.4	pseudo
Chr17   	102	76117927 	76117856 	Gln	TTG	0	0	75.1	
Chr17   	103	76117714 	76117643 	Gln	TTG	0	0	52.9	
Chr17   	104	76117353 	76117282 	Gln	TTG	0	0	28.5	pseudo
Chr17   	105	76116468 	76116397 	Gln	TTG	0	0	32.9	pseudo
Chr17   	106	76115592 	76115521 	Gln	TTG	0	0	52.6	
Chr17   	107	76115378 	76115307 	Gln	TTG	0	0	54.9	
Chr17   	108	76115143 	76115072 	Gln	TTG	0	0	66.7	
Chr17   	109	76114928 	76114857 	Gln	TTG	0	0	79.3	
Chr17   	110	76114752 	76114685 	Gln	TTG	0	0	47.0	
Chr17   	111	76114542 	76114471 	Gln	TTG	0	0	64.6	
Chr17   	112	76114202 	76114135 	Gln	TTG	0	0	52.6	
Chr17   	113	76113992 	76113921 	Gln	TTG	0	0	63.6	
Chr17   	114	76113779 	76113708 	Gln	TTG	0	0	55.2	
Chr17   	115	76111822 	76111722 	Gln	TTG	0	0	30.9	pseudo
Chr17   	116	76110932 	76110861 	Gln	TTG	0	0	47.3	pseudo
Chr17   	117	76110717 	76110646 	Gln	TTG	0	0	63.6	
Chr17   	118	76110496 	76110425 	Gln	TTG	0	0	65.6	
Chr17   	119	76110278 	76110211 	Gln	TTG	0	0	62.5	
Chr17   	120	76110069 	76109998 	Gln	TTG	0	0	79.3	
Chr17   	121	76109803 	76109730 	Gln	TTG	0	0	48.4	
Chr17   	122	76109589 	76109518 	Gln	TTG	0	0	79.3	
Chr17   	123	76109375 	76109302 	Gln	TTG	0	0	67.8	
Chr17   	124	76109161 	76109090 	Gln	TTG	0	0	75.7	
Chr17   	125	76108945 	76108874 	Gln	TTG	0	0	79.3	
Chr17   	126	76108726 	76108655 	Gln	TTG	0	0	69.3	
Chr17   	127	76108513 	76108442 	Gln	TTG	0	0	76.6	
Chr17   	128	73931354 	73931281 	Ile	AAT	0	0	84.9	
Chr17   	129	73393537 	73393465 	Arg	ACG	0	0	64.7	
Chr17   	130	72445587 	72445515 	Lys	CTT	0	0	87.7	
Chr17   	131	70540250 	70540179 	Glu	TTC	0	0	71.7	
Chr17   	132	62329303 	62329230 	Met	CAT	0	0	58.1	
Chr17   	133	54976016 	54975944 	Glu	TTC	0	0	22.3	
Chr17   	134	51786883 	51786810 	Ile	TAT	0	0	38.5	
Chr17   	135	47714981 	47714908 	Met	CAT	0	0	39.0	
Chr17   	136	45803476 	45803405 	Gln	TTG	0	0	30.4	pseudo
Chr17   	137	45786503 	45786430 	Met	CAT	0	0	39.0	
Chr17   	138	38039809 	38039739 	Gly	CCC	0	0	21.3	
Chr17   	139	37004761 	37004690 	Gly	TCC	0	0	50.3	
Chr17   	140	36748597 	36748526 	Gly	TCC	0	0	71.0	
Chr17   	141	36151650 	36151578 	Ala	CGC	0	0	68.3	
Chr17   	142	34603811 	34603745 	Thr	AGT	0	0	21.8	
Chr17   	143	28089448 	28089370 	Arg	ACG	0	0	56.5	
Chr17   	144	27147778 	27147693 	Leu	CAA	0	0	24.4	pseudo
Chr17   	145	26548891 	26548818 	Phe	GAA	0	0	33.7	pseudo
Chr17   	146	26548562 	26548484 	Pro	TGG	0	0	33.9	
Chr17   	147	26518149 	26518063 	Ser	GGA	0	0	49.2	
Chr17   	148	19793922 	19793849 	His	GTG	0	0	33.4	
Chr17   	149	19787187 	19787114 	Pro	TGG	0	0	46.6	
Chr17   	150	19786956 	19786883 	Trp	CCA	0	0	48.3	
Chr17   	151	19708274 	19708200 	Met	CAT	0	0	36.1	
Chr17   	152	19701427 	19701356 	Glu	TTC	0	0	49.7	
Chr17   	153	19696788 	19696717 	Asn	GTT	0	0	74.0	
Chr17   	154	19129681 	19129610 	Glu	TTC	0	0	56.7	
Chr17   	155	19125055 	19124984 	Asn	GTT	0	0	74.0	
Chr17   	156	14453104 	14453031 	Met	CAT	0	0	46.7	
Chr17   	157	14439527 	14439456 	Asn	ATT	0	0	67.9	
Chr17   	158	14421145 	14421074 	Asn	ATT	0	0	67.9	
Chr17   	159	12725759 	12725688 	Glu	TTC	0	0	32.4	
Chr17   	160	12722559 	12722487 	Asn	GTT	0	0	40.9	
Chr17   	161	12722112 	12722039 	Phe	GAA	0	0	58.4	
Chr17   	162	12721779 	12721705 	Pro	TGG	0	0	58.8	
Chr17   	163	12447740 	12447669 	Thr	CGT	0	0	73.4	
Chr17   	164	10905828 	10905757 	Thr	GGT	0	0	58.2	
Chr17   	165	10181285 	10181209 	Gln	TTG	0	0	26.2	
Chr17   	166	8418591  	8418499  	Tyr	GTA	8418554	8418535	70.9	
Chr17   	167	6487743  	6487671  	Leu	TAA	0	0	27.1	pseudo
Chr17   	168	4060549  	4060480  	Thr	AGT	0	0	26.5	
Chr17   	169	3148658  	3148587  	Asp	GTC	0	0	63.6	
Chr17   	170	2736533  	2736461  	Cys	ACA	0	0	22.2	pseudo
Chr17   	171	2419447  	2419374  	His	GTG	0	0	50.5	
Chr18   	1	1061726  	1061798  	Met	CAT	0	0	53.6	
Chr18   	2	9333726  	9333799  	His	GTG	0	0	20.3	pseudo
Chr18   	3	9929847  	9929919  	Glu	CTC	0	0	74.4	
Chr18   	4	10871035 	10871105 	Gly	CCC	0	0	65.4	
Chr18   	5	11134305 	11134377 	Arg	TCT	0	0	31.7	pseudo
Chr18   	6	12832958 	12833026 	Gly	TCC	0	0	30.6	
Chr18   	7	13272894 	13272974 	Leu	AAG	0	0	74.0	
Chr18   	8	13821114 	13821185 	Thr	GGT	0	0	58.2	
Chr18   	9	20005208 	20005280 	Ile	GAT	0	0	30.0	
Chr18   	10	22313600 	22313672 	Arg	CCT	0	0	69.1	
Chr18   	11	22414815 	22414886 	Gly	TCC	0	0	63.5	
Chr18   	12	23294656 	23294737 	Ser	GCT	0	0	80.5	
Chr18   	13	24924226 	24924297 	Asp	GTC	0	0	69.8	
Chr18   	14	26380217 	26380288 	Asn	GTT	0	0	71.6	
Chr18   	15	30531498 	30531568 	Gly	GCC	0	0	21.2	pseudo
Chr18   	16	31937000 	31937072 	Thr	CGT	31937037	31937039	24.9	pseudo
Chr18   	17	33996150 	33996222 	Thr	TGT	0	0	73.5	
Chr18   	18	37877091 	37877163 	Arg	CCT	0	0	29.3	pseudo
Chr18   	19	46945325 	46945393 	Asp	GTC	0	0	33.4	
Chr18   	20	50534796 	50534868 	Ala	AGC	0	0	56.2	
Chr18   	21	51401923 	51401995 	Arg	CCT	0	0	54.1	
Chr18   	22	52822119 	52822191 	Glu	CTC	0	0	78.9	
Chr18   	23	53438109 	53438175 	Asn	GTT	0	0	20.8	pseudo
Chr18   	24	71118629 	71118700 	iMet	CAT	0	0	58.3	
Chr18   	25	73806172 	73806244 	Arg	TCT	0	0	31.8	pseudo
Chr18   	26	73843776 	73843848 	Val	TAC	0	0	77.8	
Chr18   	27	75109927 	75109998 	Gln	TTG	0	0	64.4	
Chr18   	28	79489582 	79489653 	Thr	GGT	0	0	58.2	
Chr18   	29	83413167 	83413253 	Ser	TGA	0	0	40.2	
Chr18   	30	85528247 	85528319 	Lys	TTT	0	0	67.9	
Chr18   	31	88480488 	88480561 	Thr	AGT	0	0	49.0	
Chr18   	32	100482631	100482702	Val	GAC	0	0	49.5	
Chr18   	33	109797236	109797309	Met	CAT	0	0	62.5	
Chr18   	34	110013566	110013637	Gly	GCC	0	0	62.2	
Chr18   	35	110016893	110016964	Gln	TTG	0	0	50.5	
Chr18   	36	110066051	110066122	Gly	GCC	0	0	62.2	
Chr18   	37	110069376	110069447	Gln	TTG	0	0	50.5	
Chr18   	38	115998285	115998358	Met	CAT	0	0	61.9	
Chr18   	39	121173073	121173144	Gly	TCC	0	0	71.0	
Chr18   	40	122980808	122980881	His	ATG	0	0	56.2	
Chr18   	41	133852534	133852607	Met	CAT	0	0	54.5	
Chr18   	42	137646018	137646104	Ser	GGA	0	0	45.6	
Chr18   	43	139015555	139015626	Cys	GCA	0	0	70.9	
Chr18   	44	144283126	144283197	Cys	GCA	0	0	58.5	
Chr18   	45	144287539	144287610	Thr	GGT	0	0	58.2	
Chr18   	46	144292403	144292473	Gly	GCC	0	0	56.6	
Chr18   	47	144301447	144301533	Ser	GGA	0	0	64.5	
Chr18   	48	144304478	144304550	Phe	GAA	0	0	73.3	
Chr18   	49	144308833	144308905	Met	CAT	0	0	53.6	
Chr18   	50	144323302	144323229	Pro	TGG	0	0	63.9	
Chr18   	51	144323064	144322991	Trp	CCA	0	0	70.1	
Chr18   	52	144302849	144302777	Thr	TGT	0	0	69.1	
Chr18   	53	144292774	144292701	Met	CAT	0	0	62.0	
Chr18   	54	144291579	144291488	Ser	TGA	0	0	52.5	
Chr18   	55	144286678	144286606	Glu	TTC	0	0	47.3	
Chr18   	56	144286546	144286463	Tyr	GTA	0	0	55.6	
Chr18   	57	144286354	144286281	Asp	GTC	0	0	62.4	
Chr18   	58	142412074	142411993	Ser	AGA	0	0	77.2	
Chr18   	59	138903208	138903135	Met	CAT	0	0	52.3	
Chr18   	60	138760582	138760495	Ser	GCT	138760544	138760534	28.7	
Chr18   	61	133310925	133310839	Ser	TGA	0	0	61.2	
Chr18   	62	130928137	130928065	Glu	CTC	0	0	58.0	
Chr18   	63	122978264	122978178	Ser	GGA	0	0	64.5	
Chr18   	64	122834931	122834858	Ile	AAT	0	0	60.9	
Chr18   	65	122834824	122834751	Ile	AAT	0	0	46.7	
Chr18   	66	115996875	115996788	Ser	GCT	0	0	43.4	
Chr18   	67	115995645	115995574	Gln	TTG	0	0	40.9	
Chr18   	68	110157965	110157890	Met	CAT	0	0	44.1	
Chr18   	69	109957861	109957790	Gly	GCC	0	0	62.2	
Chr18   	70	109954533	109954462	Gln	TTG	0	0	50.5	
Chr18   	71	109939223	109939151	Met	CAT	0	0	50.7	
Chr18   	72	109888845	109888774	Gly	GCC	0	0	55.9	
Chr18   	73	109885520	109885449	Gln	TTG	0	0	50.5	
Chr18   	74	96946793 	96946721 	Undet	NNN	0	0	21.5	
Chr18   	75	95407372 	95407295 	Glu	TTC	0	0	25.3	
Chr18   	76	95403140 	95403068 	Asn	GTT	0	0	54.7	
Chr18   	77	95369017 	95368946 	Asp	GTC	0	0	39.5	
Chr18   	78	94434259 	94434187 	Thr	AGT	0	0	32.4	
Chr18   	79	81531154 	81531075 	Leu	TAG	0	0	70.9	
Chr18   	80	80891551 	80891480 	Lys	TTT	0	0	71.3	
Chr18   	81	80890406 	80890328 	Lys	TTT	0	0	45.7	pseudo
Chr18   	82	79375890 	79375820 	Met	CAT	0	0	49.5	
Chr18   	83	76286495 	76286424 	Cys	GCA	0	0	65.2	
Chr18   	84	75254828 	75254758 	Undet	NNN	0	0	25.5	pseudo
Chr18   	85	74802587 	74802514 	Val	AAC	0	0	72.9	
Chr18   	86	72241620 	72241548 	Ala	AGC	0	0	63.4	
Chr18   	87	69571658 	69571576 	Leu	TAA	0	0	69.6	
Chr18   	88	60933997 	60933923 	Met	CAT	0	0	23.9	
Chr18   	89	57297644 	57297573 	Pro	CGG	0	0	68.4	
Chr18   	90	57280766 	57280695 	Pro	TGG	0	0	68.5	
Chr18   	91	57278920 	57278862 	Ser	CGA	0	0	30.1	pseudo
Chr18   	92	57277307 	57277236 	Pro	TGG	0	0	68.5	
Chr18   	93	57275899 	57275828 	Pro	TGG	0	0	68.5	
Chr18   	94	57273958 	57273887 	Pro	AGG	0	0	60.6	
Chr18   	95	57272790 	57272719 	Pro	TGG	0	0	68.5	
Chr18   	96	57270899 	57270828 	Pro	AGG	0	0	67.4	
Chr18   	97	57269731 	57269660 	Pro	TGG	0	0	68.5	
Chr18   	98	57268064 	57267993 	Pro	TGG	0	0	54.1	
Chr18   	99	57202899 	57202521 	Undet	NNN	0	0	24.9	
Chr18   	100	56103416 	56103345 	His	GTG	0	0	63.0	
Chr18   	101	55717069 	55716996 	Trp	CCA	0	0	47.8	
Chr18   	102	52698794 	52698724 	Glu	CTC	0	0	47.1	
Chr18   	103	51772242 	51772171 	Asp	ATC	0	0	35.9	
Chr18   	104	50454022 	50453951 	Gly	GCC	0	0	58.4	
Chr18   	105	50357004 	50356917 	Arg	TCT	0	0	28.1	
Chr18   	106	44618757 	44618685 	Arg	TCT	0	0	70.4	
Chr18   	107	41843905 	41843832 	Arg	CCT	0	0	23.3	pseudo
Chr18   	108	32057478 	32057408 	Gly	GCC	0	0	32.6	
Chr18   	109	32032201 	32032131 	Gly	GCC	0	0	32.6	
Chr18   	110	26882815 	26882742 	Asp	GTC	0	0	61.5	
Chr18   	111	26380955 	26380877 	Arg	ACG	0	0	56.5	
Chr18   	112	26367803 	26367731 	Phe	GAA	0	0	73.3	
Chr18   	113	24105585 	24105513 	iMet	CAT	0	0	26.0	
Chr18   	114	23902534 	23902463 	Gly	TCC	0	0	58.4	
Chr18   	115	21892556 	21892483 	Met	CAT	0	0	26.6	pseudo
Chr18   	116	21449956 	21449886 	Gln	CTG	0	0	22.3	pseudo
Chr18   	117	20031166 	20031095 	Ile	TAT	0	0	23.7	pseudo
Chr18   	118	13820253 	13820181 	Glu	TTC	0	0	47.3	
Chr18   	119	13820121 	13820038 	Tyr	GTA	0	0	55.6	
Chr18   	120	13819929 	13819856 	Asp	GTC	0	0	62.4	
Chr18   	121	12833905 	12833823 	Leu	TAA	0	0	74.9	
Chr18   	122	11737970 	11737900 	Gly	GCC	0	0	21.3	pseudo
Chr18   	123	11714661 	11714590 	Val	GAC	0	0	53.3	
Chr18   	124	11417694 	11417623 	Gly	TCC	0	0	59.6	
Chr18   	125	10461842 	10461770 	Glu	CTC	0	0	74.4	
Chr18   	126	6144036  	6143968  	Ser	AGA	0	0	36.6	
Chr19   	1	29940395 	29940475 	Leu	CAG	0	0	56.4	
Chr19   	2	35887992 	35888072 	Ser	TGA	0	0	65.4	
Chr19   	3	36945592 	36945664 	Lys	CTT	0	0	22.9	pseudo
Chr19   	4	37140191 	37140263 	Asn	GTT	0	0	25.7	pseudo
Chr19   	5	39555005 	39555077 	Arg	CCT	0	0	22.0	pseudo
Chr19   	6	43933030 	43933100 	Asn	GTT	0	0	48.1	pseudo
Chr19   	7	44090879 	44090950 	Asn	GTT	0	0	79.1	
Chr19   	8	44278110 	44278181 	Asn	GTT	0	0	75.0	
Chr19   	9	44574860 	44574931 	Asn	GTT	0	0	75.4	
Chr19   	10	44878054 	44878125 	Asn	GTT	0	0	71.9	
Chr19   	11	45098562 	45098633 	Asn	GTT	0	0	63.4	
Chr19   	12	45251952 	45252023 	Asn	GTT	0	0	74.5	
Chr19   	13	45402684 	45402755 	Asn	GTT	0	0	74.5	
Chr19   	14	45611059 	45611131 	Glu	TTC	0	0	47.3	
Chr19   	15	45626652 	45626732 	Leu	CAA	0	0	55.1	
Chr19   	16	45634325 	45634398 	Met	CAT	0	0	51.8	
Chr19   	17	48083625 	48083699 	Pro	TGG	0	0	43.2	
Chr19   	18	64912900 	64912971 	Arg	CCT	0	0	27.1	pseudo
Chr19   	19	70467773 	70467845 	Glu	CTC	0	0	48.3	
Chr19   	20	70816066 	70816147 	Ser	TGA	0	0	80.7	
Chr19   	21	80596772 	80596842 	Asp	GTC	0	0	20.0	pseudo
Chr19   	22	82246567 	82246640 	Pro	TGG	0	0	46.8	
Chr19   	23	82285554 	82285626 	Ala	AGC	0	0	63.4	
Chr19   	24	84550316 	84550387 	Thr	TGT	0	0	83.5	
Chr19   	25	85603473 	85603546 	Met	CAT	0	0	42.7	
Chr19   	26	85856564 	85856655 	Cys	GCA	85856601	85856619	43.5	
Chr19   	27	86473853 	86473925 	Arg	CCT	0	0	43.9	pseudo
Chr19   	28	87791972 	87792043 	Sup	TCA	0	0	42.4	pseudo
Chr19   	29	96530717 	96530792 	Asn	GTT	0	0	52.9	pseudo
Chr19   	30	100406011	100406083	Arg	CCT	0	0	22.7	pseudo
Chr19   	31	104227544	104227616	Ala	AGC	0	0	56.2	
Chr19   	32	110874634	110874706	Ile	AAT	0	0	26.1	pseudo
Chr19   	33	111601758	111601829	Pro	AGG	0	0	67.4	
Chr19   	34	111927171	111927241	Arg	ACG	0	0	54.3	
Chr19   	35	112187265	112187352	Ser	GCT	0	0	35.4	
Chr19   	36	113565972	113566044	Val	TAC	0	0	77.8	
Chr19   	37	113703176	113703248	Val	TAC	0	0	72.7	
Chr19   	38	115147210	115147278	Ile	AAT	0	0	23.1	pseudo
Chr19   	39	116415182	116415259	Met	CAT	0	0	52.0	
Chr19   	40	116416378	116416469	Ser	TGA	0	0	37.8	
Chr19   	41	116427153	116427226	Met	CAT	0	0	57.2	
Chr19   	42	118116143	118116214	Asp	GTC	0	0	20.2	pseudo
Chr19   	43	120795012	120795083	Sup	TTA	0	0	73.3	
Chr19   	44	123830843	123830918	His	GTG	0	0	41.6	
Chr19   	45	135955634	135955707	Thr	AGT	0	0	74.3	
Chr19   	46	138164744	138164816	Arg	CCT	0	0	21.1	pseudo
Chr19   	47	138940881	138940954	Arg	CCT	0	0	26.3	pseudo
Chr19   	48	143910474	143910547	His	GTG	0	0	50.5	
Chr19   	49	146617815	146617887	Arg	CCT	0	0	29.3	pseudo
Chr19   	50	132655125	132655054	Arg	TCT	0	0	24.6	
Chr19   	51	126482491	126482411	Tyr	ATA	0	0	46.6	
Chr19   	52	122197324	122197253	Cys	GCA	0	0	66.4	
Chr19   	53	122048087	122048015	Phe	GAA	0	0	76.1	
Chr19   	54	119734157	119734077	Arg	CCG	0	0	45.0	
Chr19   	55	117766469	117766398	Arg	TCT	0	0	47.0	
Chr19   	56	117639930	117639854	Ser	TGA	0	0	32.5	
Chr19   	57	116420591	116420520	Thr	GGT	0	0	35.6	
Chr19   	58	116415555	116415485	Gly	GCC	0	0	42.3	
Chr19   	59	115826827	115826755	Ser	ACT	0	0	28.2	
Chr19   	60	112920394	112920321	Trp	CCA	0	0	36.9	
Chr19   	61	112855528	112855455	Pro	TGG	0	0	57.0	
Chr19   	62	112753324	112753252	Ile	AAT	0	0	45.7	pseudo
Chr19   	63	110542440	110542373	Leu	CAA	0	0	25.3	
Chr19   	64	108388586	108388500	Ser	TGA	0	0	36.7	
Chr19   	65	105442448	105442374	Ile	AAT	0	0	79.3	
Chr19   	66	103823646	103823574	Arg	CCT	0	0	35.2	pseudo
Chr19   	67	96511673 	96511602 	Gly	TCC	0	0	71.0	
Chr19   	68	95222424 	95222354 	Ile	TAT	0	0	55.4	
Chr19   	69	91799984 	91799897 	Ser	GCT	0	0	24.3	pseudo
Chr19   	70	87794228 	87794155 	Tyr	GTA	0	0	32.8	pseudo
Chr19   	71	79513959 	79513886 	Ile	AAT	0	0	84.9	
Chr19   	72	69290946 	69290874 	Ala	TGC	0	0	70.0	
Chr19   	73	69128311 	69128240 	Lys	TTT	0	0	82.9	
Chr19   	74	69128085 	69128009 	Thr	TGT	0	0	32.2	pseudo
Chr19   	75	68735416 	68735343 	Val	CAC	0	0	72.2	
Chr19   	76	68257975 	68257905 	Cys	GCA	0	0	35.1	
Chr19   	77	62760191 	62760119 	Lys	TTT	0	0	64.5	
Chr19   	78	60651846 	60651773 	Met	CAT	0	0	35.8	
Chr19   	79	60631473 	60631401 	Met	CAT	0	0	37.7	
Chr19   	80	60611774 	60611701 	Asp	GTC	0	0	58.8	
Chr19   	81	57613730 	57613658 	Pro	TGG	0	0	21.6	pseudo
Chr19   	82	52186311 	52186238 	Trp	CCA	0	0	70.1	
Chr19   	83	49341429 	49341357 	Thr	CGT	0	0	38.0	pseudo
Chr19   	84	45788606 	45788541 	Trp	CCA	0	0	47.7	
Chr19   	85	45620705 	45620634 	Val	GAC	0	0	53.3	
Chr19   	86	45403421 	45403342 	Arg	ACG	0	0	36.0	pseudo
Chr19   	87	45252689 	45252610 	Arg	ACG	0	0	38.5	pseudo
Chr19   	88	45099294 	45099220 	Arg	ACG	0	0	35.3	pseudo
Chr19   	89	44878792 	44878714 	Arg	ACG	0	0	44.1	pseudo
Chr19   	90	44575598 	44575520 	Arg	ACG	0	0	46.6	
Chr19   	91	44091617 	44091539 	Arg	ACG	0	0	44.7	pseudo
Chr19   	92	43933764 	43933686 	Arg	ACG	0	0	51.5	
Chr19   	93	42731146 	42731074 	Arg	TCT	0	0	24.0	pseudo
Chr19   	94	40713998 	40713925 	Asn	GTT	0	0	84.5	
Chr19   	95	38128300 	38128229 	Thr	GGT	0	0	52.2	
Chr19   	96	28240289 	28240221 	Gly	GCC	0	0	43.2	
Chr19   	97	26175562 	26175493 	Arg	CCT	0	0	23.8	pseudo
Chr19   	98	20396542 	20396469 	Ile	TAT	0	0	85.9	
Chr19   	99	19485068 	19484996 	Ala	TGC	0	0	70.0	
Chr19   	100	17463614 	17463533 	Ser	GCT	0	0	53.2	
